gender,SeniorCitizen,Partner,Dependents,tenure,PhoneService,MultipleLines,InternetService,OnlineSecurity,OnlineBackup,DeviceProtection,TechSupport,StreamingTV,StreamingMovies,Contract,PaperlessBilling,PaymentMethod,MonthlyCharges,TotalCharges,Churn,gender_binned
0.0,0.0,1.0,0.0,0.013888888888888888,0.0,0.5,0.0,0.0,1.0,0.0,0.0,0.0,0.0,0.0,1.0,0.6666666666666666,0.11542288557213931,0.3836140888208269,No,0
1.0,0.0,0.0,0.0,0.4722222222222222,1.0,0.0,0.0,1.0,0.0,1.0,0.0,0.0,0.0,0.5,0.0,1.0,0.3850746268656716,0.22450229709035222,No,3
1.0,0.0,0.0,0.0,0.027777777777777776,1.0,0.0,0.0,1.0,1.0,0.0,0.0,0.0,0.0,0.0,1.0,1.0,0.35422885572139307,0.024042879019908116,Yes,3
1.0,0.0,0.0,0.0,0.625,0.0,0.5,0.0,1.0,0.0,1.0,1.0,0.0,0.0,0.5,0.0,0.0,0.23930348258706463,0.21439509954058192,No,3
0.0,0.0,0.0,0.0,0.027777777777777776,1.0,0.0,0.5,0.0,0.0,0.0,0.0,0.0,0.0,0.0,1.0,0.6666666666666666,0.5218905472636816,0.14165390505359876,Yes,0
0.0,0.0,0.0,0.0,0.1111111111111111,1.0,1.0,0.5,0.0,0.0,1.0,0.0,1.0,1.0,0.0,1.0,0.6666666666666666,0.8099502487562189,0.9347626339969372,Yes,0
1.0,0.0,0.0,1.0,0.3055555555555555,1.0,1.0,0.5,0.0,1.0,0.0,0.0,1.0,0.0,0.0,1.0,0.3333333333333333,0.7049751243781094,0.23736600306278713,No,3
0.0,0.0,0.0,0.0,0.1388888888888889,0.0,0.5,0.0,1.0,0.0,0.0,0.0,0.0,0.0,0.0,0.0,1.0,0.11442786069651739,0.3995405819295559,No,0
0.0,0.0,1.0,0.0,0.38888888888888884,1.0,1.0,0.5,0.0,0.0,1.0,1.0,1.0,1.0,0.0,1.0,0.6666666666666666,0.8611940298507462,0.40520673813169983,Yes,0
1.0,0.0,0.0,1.0,0.861111111111111,1.0,0.0,0.0,1.0,1.0,0.0,0.0,0.0,0.0,0.5,0.0,0.0,0.3771144278606965,0.46278713629402757,No,3
1.0,0.0,1.0,1.0,0.18055555555555555,1.0,0.0,0.0,1.0,0.0,0.0,0.0,0.0,0.0,0.0,1.0,1.0,0.3154228855721393,0.7385911179173047,No,3
1.0,0.0,0.0,0.0,0.2222222222222222,1.0,0.0,1.0,0.5,0.5,0.5,0.5,0.5,0.5,1.0,0.0,0.3333333333333333,0.006965174129353213,0.43430321592649307,No,3
1.0,0.0,1.0,0.0,0.8055555555555555,1.0,1.0,0.5,0.0,0.0,1.0,0.0,1.0,1.0,0.5,0.0,0.3333333333333333,0.8169154228855721,0.7186830015313935,No,3
1.0,0.0,0.0,0.0,0.6805555555555555,1.0,1.0,0.5,0.0,1.0,1.0,0.0,1.0,1.0,0.0,1.0,0.0,0.8502487562189055,0.6531393568147014,Yes,3
1.0,0.0,0.0,0.0,0.3472222222222222,1.0,0.0,0.5,1.0,0.0,1.0,1.0,1.0,1.0,0.0,1.0,0.6666666666666666,0.8681592039800995,0.3578866768759571,No,3
0.0,0.0,1.0,1.0,0.9583333333333333,1.0,1.0,0.5,1.0,1.0,1.0,1.0,1.0,1.0,1.0,0.0,0.3333333333333333,0.945273631840796,0.9125574272588055,No,0
0.0,0.0,0.0,0.0,0.7222222222222222,1.0,0.0,1.0,0.5,0.5,0.5,0.5,0.5,0.5,0.5,0.0,1.0,0.023880597014925342,0.007044410413476263,No,0
1.0,0.0,0.0,1.0,0.986111111111111,1.0,1.0,0.5,1.0,0.0,1.0,0.0,1.0,1.0,1.0,0.0,0.0,0.8800995024875623,0.8735068912710566,No,3
0.0,0.0,1.0,1.0,0.1388888888888889,1.0,0.0,0.0,0.0,0.0,1.0,1.0,0.0,0.0,0.0,0.0,0.3333333333333333,0.36766169154228856,0.6762633996937213,Yes,0
0.0,0.0,0.0,0.0,0.29166666666666663,1.0,0.0,0.5,0.0,1.0,1.0,0.0,0.0,1.0,0.0,1.0,0.6666666666666666,0.7144278606965173,0.21944869831546707,No,0
1.0,1.0,0.0,0.0,0.013888888888888888,0.0,0.5,0.0,0.0,0.0,1.0,0.0,0.0,1.0,0.0,1.0,0.6666666666666666,0.21293532338308457,0.5114854517611026,Yes,3
1.0,0.0,1.0,0.0,0.16666666666666666,1.0,0.0,1.0,0.5,0.5,0.5,0.5,0.5,0.5,0.5,0.0,0.0,0.015422885572139305,0.252833078101072,No,3
1.0,0.0,0.0,0.0,0.013888888888888888,1.0,0.0,1.0,0.5,0.5,0.5,0.5,0.5,0.5,0.0,0.0,1.0,0.018905472636815884,0.24640122511485452,Yes,3
0.0,0.0,1.0,0.0,0.8055555555555555,1.0,1.0,0.0,0.0,1.0,0.0,1.0,0.0,0.0,1.0,1.0,0.3333333333333333,0.4144278606965174,0.4656967840735069,No,0
1.0,0.0,1.0,1.0,0.6805555555555555,1.0,0.0,0.0,1.0,1.0,0.0,1.0,0.0,0.0,0.0,0.0,0.3333333333333333,0.4114427860696518,0.3931087289433384,No,3
0.0,0.0,0.0,0.0,0.41666666666666663,1.0,0.0,0.0,1.0,1.0,0.0,0.0,0.0,0.0,0.0,1.0,0.0,0.3686567164179104,0.14686064318529862,No,0
1.0,0.0,1.0,1.0,0.6527777777777778,1.0,1.0,0.5,0.0,1.0,0.0,0.0,1.0,1.0,0.0,1.0,0.6666666666666666,0.8069651741293532,0.6154670750382848,Yes,3
1.0,0.0,1.0,1.0,0.013888888888888888,0.0,0.5,0.0,0.0,1.0,0.0,0.0,0.0,0.0,0.0,0.0,0.6666666666666666,0.11890547263681589,0.396937212863706,Yes,3
1.0,0.0,1.0,0.0,1.0,1.0,1.0,0.0,1.0,1.0,1.0,1.0,1.0,1.0,1.0,1.0,0.3333333333333333,0.7164179104477612,0.7863705972434916,No,3
0.0,0.0,0.0,1.0,0.2361111111111111,1.0,0.0,0.0,0.0,0.0,0.0,0.0,1.0,1.0,0.0,1.0,1.0,0.4621890547263682,0.02817764165390505,Yes,0
0.0,1.0,1.0,0.0,0.986111111111111,1.0,1.0,0.5,1.0,1.0,1.0,1.0,0.0,0.0,1.0,1.0,0.3333333333333333,0.7771144278606964,0.8199081163859111,No,0
1.0,1.0,1.0,0.0,0.027777777777777776,1.0,0.0,0.5,0.0,0.0,1.0,0.0,1.0,1.0,0.0,1.0,0.3333333333333333,0.7686567164179104,0.20826952526799386,No,3
0.0,0.0,1.0,1.0,0.375,1.0,0.0,0.0,1.0,1.0,1.0,1.0,0.0,0.0,0.5,0.0,1.0,0.47661691542288565,0.22189892802450228,No,0
1.0,0.0,0.0,0.0,0.013888888888888888,1.0,0.0,1.0,0.5,0.5,0.5,0.5,0.5,0.5,0.0,0.0,0.0,0.019402985074626844,0.2465543644716692,No,3
1.0,1.0,0.0,0.0,0.013888888888888888,1.0,0.0,0.0,0.0,0.0,0.0,0.0,0.0,0.0,0.0,0.0,0.0,0.26865671641791045,0.5842266462480857,No,3
0.0,0.0,1.0,1.0,1.0,1.0,1.0,0.5,1.0,1.0,0.0,1.0,1.0,0.0,1.0,0.0,0.0,0.8124378109452737,0.8643185298621745,No,0
1.0,0.0,0.0,0.0,0.06944444444444445,1.0,0.0,0.5,0.0,0.0,0.0,0.0,0.0,0.0,0.0,1.0,0.6666666666666666,0.5119402985074627,0.4199081163859112,Yes,3
0.0,0.0,0.0,0.0,0.6388888888888888,1.0,0.0,0.5,0.0,0.0,1.0,0.0,0.0,0.0,0.0,1.0,0.3333333333333333,0.5626865671641791,0.47059724349157733,No,0
1.0,0.0,0.0,0.0,0.4722222222222222,1.0,1.0,0.5,0.0,1.0,1.0,0.0,1.0,1.0,0.0,1.0,0.6666666666666666,0.8766169154228854,0.47075038284839205,Yes,3
0.0,0.0,0.0,0.0,0.15277777777777776,1.0,1.0,0.5,0.0,0.0,1.0,0.0,1.0,1.0,0.0,1.0,0.0,0.7920398009950248,0.030934150076569678,Yes,0
1.0,0.0,1.0,1.0,0.1388888888888889,1.0,0.0,0.0,0.0,1.0,0.0,0.0,0.0,0.0,0.5,0.0,1.0,0.3114427860696517,0.6162327718223584,No,3
0.0,0.0,1.0,1.0,0.9722222222222222,1.0,1.0,0.0,1.0,1.0,0.0,0.0,1.0,0.0,1.0,1.0,0.3333333333333333,0.5069651741293533,0.6306278713629403,No,0
0.0,0.0,1.0,1.0,0.2361111111111111,1.0,0.0,1.0,0.5,0.5,0.5,0.5,0.5,0.5,0.5,0.0,1.0,0.02487562189054726,0.5470137825421133,No,0
0.0,0.0,0.0,0.0,0.875,1.0,1.0,0.0,1.0,1.0,1.0,1.0,1.0,0.0,1.0,1.0,0.3333333333333333,0.6129353233830845,0.6286370597243491,No,0
0.0,0.0,1.0,0.0,0.18055555555555555,1.0,1.0,0.0,1.0,1.0,0.0,1.0,1.0,0.0,0.0,1.0,0.6666666666666666,0.5766169154228856,0.9958652373660031,No,0
0.0,0.0,0.0,0.0,0.6805555555555555,1.0,1.0,0.5,0.0,0.0,0.0,0.0,0.0,1.0,0.0,1.0,0.6666666666666666,0.6592039800995024,0.5127105666156202,No,0
1.0,0.0,0.0,0.0,0.027777777777777776,1.0,0.0,0.0,0.0,1.0,0.0,0.0,0.0,0.0,0.0,0.0,1.0,0.30845771144278605,0.9924961715160796,No,3
0.0,0.0,0.0,0.0,0.027777777777777776,1.0,0.0,0.5,0.0,0.0,0.0,0.0,1.0,0.0,0.0,1.0,0.6666666666666666,0.6208955223880598,0.12388973966309341,Yes,0
1.0,0.0,0.0,0.0,0.7222222222222222,1.0,1.0,0.0,1.0,0.0,0.0,1.0,1.0,1.0,1.0,1.0,0.3333333333333333,0.6119402985074627,0.5511485451761102,No,3
0.0,0.0,1.0,1.0,0.9583333333333333,1.0,1.0,0.0,1.0,0.0,1.0,1.0,0.0,0.0,1.0,1.0,0.3333333333333333,0.4567164179104478,0.5551301684532924,No,0
0.0,1.0,0.0,0.0,0.5972222222222222,1.0,1.0,0.5,0.0,1.0,0.0,0.0,1.0,0.0,0.0,1.0,0.6666666666666666,0.7164179104477612,0.503062787136294,No,0
0.0,0.0,0.0,0.0,0.20833333333333331,1.0,0.0,0.5,1.0,1.0,0.0,0.0,1.0,1.0,0.0,1.0,0.3333333333333333,0.8044776119402984,0.12082695252679938,Yes,0
0.0,1.0,1.0,0.0,0.3472222222222222,1.0,1.0,0.0,1.0,0.0,0.0,1.0,1.0,0.0,0.0,1.0,0.3333333333333333,0.5099502487562189,0.19525267993874426,No,0
0.0,1.0,1.0,0.0,0.1111111111111111,1.0,1.0,0.5,0.0,1.0,0.0,0.0,0.0,0.0,0.0,1.0,0.3333333333333333,0.6208955223880598,0.7830015313935681,Yes,0
0.0,1.0,1.0,1.0,0.8333333333333333,1.0,0.0,0.0,1.0,1.0,1.0,1.0,0.0,1.0,0.5,1.0,0.3333333333333333,0.56318407960199,0.5791730474732006,No,0
1.0,1.0,0.0,0.0,0.25,1.0,1.0,0.5,0.0,0.0,0.0,0.0,1.0,1.0,0.0,1.0,0.6666666666666666,0.7681592039800995,0.19509954058192955,Yes,3
0.0,0.0,1.0,1.0,0.875,1.0,1.0,0.5,1.0,0.0,0.0,0.0,1.0,1.0,0.5,1.0,0.3333333333333333,0.8099502487562189,0.7816232771822358,No,0
1.0,1.0,1.0,1.0,0.9166666666666666,1.0,1.0,0.5,0.0,1.0,1.0,1.0,1.0,1.0,0.5,1.0,0.6666666666666666,0.8975124378109453,0.8506891271056661,No,3
0.0,0.0,1.0,1.0,0.4722222222222222,1.0,1.0,1.0,0.5,0.5,0.5,0.5,0.5,0.5,1.0,0.0,0.3333333333333333,0.06666666666666665,0.9669218989280245,No,0
0.0,0.0,0.0,0.0,1.0,1.0,1.0,0.5,0.0,0.0,1.0,1.0,1.0,1.0,1.0,1.0,0.3333333333333333,0.8880597014925372,0.909188361408882,No,0
0.0,0.0,1.0,0.0,0.6527777777777778,1.0,1.0,0.5,0.0,0.0,1.0,0.0,1.0,1.0,0.0,1.0,0.6666666666666666,0.818407960199005,0.610260336906585,No,0
1.0,0.0,0.0,0.0,0.8333333333333333,1.0,1.0,0.5,0.0,1.0,0.0,0.0,1.0,0.0,0.0,1.0,0.0,0.7129353233830846,0.6937212863705973,No,3
1.0,0.0,1.0,0.0,1.0,0.0,0.5,0.0,1.0,1.0,1.0,0.0,0.0,0.0,1.0,0.0,0.0,0.2373134328358209,0.3917304747320061,No,3
0.0,0.0,1.0,1.0,0.25,1.0,0.0,0.0,0.0,0.0,1.0,1.0,0.0,0.0,0.5,1.0,0.3333333333333333,0.3597014925373134,0.9891271056661561,No,0
0.0,0.0,0.0,0.0,0.125,1.0,1.0,0.5,0.0,0.0,0.0,0.0,1.0,1.0,0.0,0.0,0.6666666666666666,0.7577114427860697,0.9546707503828483,Yes,0
0.0,0.0,0.0,0.0,0.041666666666666664,1.0,0.0,0.0,0.0,1.0,0.0,1.0,1.0,1.0,0.0,1.0,0.6666666666666666,0.5676616915422885,0.3194486983154671,No,0
1.0,0.0,1.0,0.0,0.6527777777777778,1.0,1.0,0.5,0.0,1.0,0.0,0.0,0.0,0.0,0.5,1.0,0.6666666666666666,0.6034825870646766,0.48346094946401225,No,3
0.0,0.0,0.0,0.0,0.4305555555555555,1.0,0.0,0.0,0.0,1.0,1.0,1.0,1.0,1.0,1.0,0.0,1.0,0.6064676616915423,0.32817764165390506,No,0
0.0,0.0,1.0,1.0,0.6944444444444444,1.0,0.0,1.0,0.5,0.5,0.5,0.5,0.5,0.5,1.0,0.0,0.0,0.018905472636815884,0.9799387442572741,No,0
1.0,0.0,0.0,0.0,0.1388888888888889,1.0,0.0,0.5,1.0,0.0,1.0,0.0,0.0,0.0,0.0,1.0,1.0,0.6129353233830845,0.9632465543644716,No,3
1.0,0.0,0.0,0.0,0.013888888888888888,1.0,0.0,0.0,0.0,0.0,0.0,1.0,0.0,0.0,0.0,0.0,1.0,0.30646766169154227,0.6335375191424196,No,3
0.0,0.0,1.0,1.0,0.7222222222222222,1.0,0.0,1.0,0.5,0.5,0.5,0.5,0.5,0.5,0.5,1.0,0.6666666666666666,0.021393034825870627,0.02771822358346095,No,0
1.0,1.0,1.0,1.0,0.8888888888888888,1.0,1.0,0.5,1.0,0.0,1.0,1.0,1.0,1.0,1.0,1.0,0.0,0.9288557213930347,0.8519142419601837,No,3
1.0,0.0,1.0,1.0,0.861111111111111,1.0,1.0,1.0,0.5,0.5,0.5,0.5,0.5,0.5,1.0,1.0,0.0,0.05970149253731341,0.12021439509954057,No,3
0.0,0.0,0.0,1.0,0.041666666666666664,1.0,0.0,0.0,1.0,0.0,0.0,1.0,0.0,1.0,0.0,1.0,0.0,0.46019900497512434,0.19831546707503828,No,0
0.0,1.0,0.0,0.0,0.7777777777777777,1.0,1.0,0.5,1.0,1.0,1.0,0.0,1.0,1.0,0.5,0.0,0.6666666666666666,0.917910447761194,0.7670750382848391,No,0
0.0,0.0,0.0,0.0,0.6388888888888888,1.0,0.0,0.0,0.0,0.0,0.0,0.0,0.0,1.0,0.5,0.0,0.3333333333333333,0.37213930348258706,0.3581929555895865,No,0
0.0,0.0,1.0,1.0,0.1111111111111111,1.0,0.0,0.0,1.0,1.0,0.0,0.0,0.0,0.0,0.0,0.0,1.0,0.3621890547263681,0.6234303215926493,No,0
1.0,1.0,0.0,0.0,0.41666666666666663,1.0,0.0,0.0,1.0,1.0,0.0,0.0,1.0,1.0,0.0,1.0,0.6666666666666666,0.5621890547263682,0.26676875957120977,No,3
0.0,0.0,1.0,1.0,0.625,1.0,1.0,1.0,0.5,0.5,0.5,0.5,0.5,0.5,0.5,1.0,0.3333333333333333,0.07611940298507458,0.06079632465543645,No,0
0.0,0.0,0.0,1.0,0.013888888888888888,1.0,0.0,0.5,0.0,0.0,0.0,0.0,1.0,0.0,0.0,1.0,0.6666666666666666,0.607960199004975,0.9136294027565084,Yes,0
0.0,0.0,1.0,1.0,0.15277777777777776,0.0,0.5,0.0,1.0,0.0,0.0,0.0,1.0,1.0,0.0,0.0,0.6666666666666666,0.32139303482587056,0.7160796324655436,No,0
0.0,0.0,1.0,0.0,0.09722222222222221,1.0,0.0,0.5,0.0,0.0,1.0,0.0,0.0,0.0,0.0,1.0,0.0,0.5661691542288557,0.6430321592649311,Yes,0
0.0,0.0,0.0,0.0,0.5833333333333333,1.0,0.0,0.5,0.0,1.0,1.0,1.0,1.0,1.0,0.0,1.0,0.0,0.8512437810945274,0.5638591117917304,No,0
0.0,0.0,1.0,0.0,0.6805555555555555,1.0,0.0,1.0,0.5,0.5,0.5,0.5,0.5,0.5,1.0,1.0,0.0,0.018905472636815884,0.9940275650842266,No,0
1.0,0.0,0.0,0.0,0.125,1.0,1.0,0.5,0.0,1.0,0.0,0.0,1.0,1.0,0.0,1.0,0.3333333333333333,0.8064676616915423,0.9745788667687595,No,3
0.0,0.0,1.0,0.0,0.4861111111111111,1.0,0.0,0.0,1.0,0.0,0.0,0.0,1.0,0.0,0.5,1.0,0.0,0.43681592039800987,0.28361408882082695,No,0
0.0,0.0,1.0,1.0,0.6666666666666666,1.0,0.0,1.0,0.5,0.5,0.5,0.5,0.5,0.5,1.0,0.0,0.0,0.023880597014925342,0.016539050535987747,No,0
0.0,0.0,1.0,1.0,0.6388888888888888,1.0,0.0,1.0,0.5,0.5,0.5,0.5,0.5,0.5,1.0,1.0,1.0,0.01691542288557213,0.9773353751914242,No,0
1.0,0.0,1.0,0.0,0.40277777777777773,0.0,0.5,0.0,0.0,0.0,0.0,0.0,1.0,0.0,0.0,0.0,1.0,0.154228855721393,0.002909647779479326,No,3
1.0,0.0,1.0,1.0,0.41666666666666663,1.0,0.0,0.5,0.0,1.0,1.0,0.0,0.0,0.0,0.0,0.0,0.0,0.6348258706467661,0.34134762633996935,No,3
1.0,1.0,0.0,0.0,0.013888888888888888,1.0,0.0,0.5,0.0,0.0,0.0,1.0,0.0,0.0,0.0,0.0,0.6666666666666666,0.5616915422885572,0.876416539050536,No,3
1.0,0.0,1.0,1.0,0.9166666666666666,1.0,1.0,0.0,1.0,0.0,1.0,1.0,1.0,1.0,1.0,1.0,1.0,0.654228855721393,0.7223583460949464,No,3
0.0,0.0,0.0,0.0,0.9027777777777777,1.0,1.0,0.5,1.0,1.0,1.0,0.0,1.0,1.0,0.0,1.0,0.3333333333333333,0.9233830845771144,0.8537519142419602,No,0
1.0,0.0,0.0,0.0,1.0,1.0,1.0,0.5,0.0,1.0,1.0,0.0,1.0,1.0,1.0,1.0,0.0,0.8223880597014926,0.8807044410413476,No,3
0.0,0.0,0.0,0.0,0.16666666666666666,1.0,1.0,0.5,1.0,0.0,0.0,0.0,0.0,0.0,0.0,1.0,0.6666666666666666,0.6039800995024875,0.9776416539050535,Yes,0
1.0,0.0,1.0,1.0,0.986111111111111,1.0,1.0,0.0,1.0,1.0,0.0,1.0,0.0,0.0,0.5,1.0,0.3333333333333333,0.4835820895522387,0.6153139356814701,No,3
1.0,0.0,0.0,0.0,0.06944444444444445,1.0,0.0,1.0,0.5,0.5,0.5,0.5,0.5,0.5,0.0,0.0,1.0,0.027860696517412936,0.03859111791730475,Yes,3
1.0,0.0,0.0,0.0,0.7222222222222222,1.0,0.0,1.0,0.5,0.5,0.5,0.5,0.5,0.5,1.0,0.0,0.0,0.027363184079601977,0.031087289433384378,No,3
0.0,1.0,1.0,0.0,0.3472222222222222,1.0,0.0,0.5,0.0,1.0,1.0,0.0,1.0,1.0,0.0,1.0,0.6666666666666666,0.7985074626865671,0.3330781010719755,Yes,0
1.0,0.0,0.0,0.0,0.013888888888888888,1.0,0.0,1.0,0.5,0.5,0.5,0.5,0.5,0.5,0.0,0.0,1.0,0.019402985074626844,0.2465543644716692,No,3
0.0,0.0,1.0,1.0,0.013888888888888888,1.0,0.0,1.0,0.5,0.5,0.5,0.5,0.5,0.5,0.0,0.0,0.6666666666666666,0.011940298507462671,0.22710566615620215,No,0
1.0,0.0,0.0,0.0,0.5277777777777778,1.0,1.0,0.5,0.0,0.0,1.0,1.0,1.0,0.0,0.5,0.0,0.0,0.763681592039801,0.47810107197549767,No,3
0.0,1.0,1.0,0.0,0.9166666666666666,0.0,0.5,0.0,0.0,1.0,1.0,0.0,1.0,0.0,0.5,0.0,0.0,0.2716417910447761,0.40275650842266464,No,0
1.0,0.0,1.0,0.0,0.9444444444444444,1.0,1.0,0.5,0.0,1.0,1.0,1.0,1.0,1.0,1.0,1.0,0.0,0.9129353233830845,0.8932618683001531,Yes,3
1.0,0.0,0.0,0.0,0.06944444444444445,0.0,0.5,0.0,0.0,0.0,0.0,0.0,0.0,0.0,0.0,0.0,1.0,0.06019900497512437,0.00015313935681470137,No,3
0.0,0.0,1.0,1.0,1.0,1.0,1.0,0.5,1.0,1.0,0.0,0.0,1.0,1.0,0.5,1.0,0.6666666666666666,0.854726368159204,0.8686064318529861,No,0
0.0,0.0,0.0,0.0,0.4444444444444444,0.0,0.5,0.0,1.0,0.0,0.0,0.0,0.0,0.0,0.5,0.0,1.0,0.11840796019900496,0.9777947932618682,No,0
1.0,0.0,0.0,0.0,0.5972222222222222,1.0,1.0,0.5,0.0,0.0,0.0,0.0,1.0,1.0,0.5,0.0,1.0,0.7572139303482587,0.5142419601837672,No,3
1.0,0.0,1.0,1.0,1.0,1.0,0.0,1.0,0.5,0.5,0.5,0.5,0.5,0.5,1.0,0.0,0.3333333333333333,0.011442786069651711,0.1007656967840735,No,3
1.0,0.0,1.0,0.0,0.7638888888888888,1.0,1.0,0.5,1.0,1.0,0.0,0.0,1.0,0.0,0.0,1.0,0.6666666666666666,0.7810945273631841,0.6724349157733537,Yes,3
0.0,0.0,0.0,0.0,0.7222222222222222,1.0,0.0,0.0,1.0,0.0,1.0,1.0,0.0,0.0,0.5,0.0,0.3333333333333333,0.3950248756218906,0.40459418070444103,No,0
0.0,0.0,0.0,0.0,0.5972222222222222,1.0,0.0,0.5,0.0,1.0,1.0,0.0,1.0,0.0,0.0,1.0,0.6666666666666666,0.7303482587064677,0.5176110260336907,No,0
0.0,1.0,1.0,0.0,0.5138888888888888,1.0,1.0,0.5,0.0,0.0,0.0,0.0,0.0,0.0,0.0,1.0,0.6666666666666666,0.5796019900497512,0.3790199081163859,Yes,0
0.0,0.0,1.0,1.0,0.8888888888888888,0.0,0.5,0.0,0.0,1.0,0.0,1.0,1.0,1.0,1.0,1.0,0.6666666666666666,0.36169154228855727,0.45436447166921895,No,0
1.0,0.0,1.0,1.0,0.041666666666666664,1.0,0.0,0.5,1.0,1.0,0.0,0.0,1.0,0.0,0.0,0.0,0.6666666666666666,0.7124378109452736,0.32588055130168453,No,3
0.0,0.0,0.0,0.0,0.5,0.0,0.5,0.0,1.0,0.0,0.0,0.0,0.0,0.0,1.0,0.0,0.0,0.127363184079602,0.03675344563552833,No,0
0.0,0.0,1.0,1.0,0.1388888888888889,1.0,1.0,0.5,1.0,0.0,0.0,0.0,1.0,1.0,0.0,1.0,0.6666666666666666,0.8159203980099502,0.01898928024502297,Yes,0
0.0,0.0,0.0,0.0,0.5694444444444444,1.0,0.0,1.0,0.5,0.5,0.5,0.5,0.5,0.5,1.0,0.0,1.0,0.023880597014925342,0.9433384379785604,No,0
1.0,0.0,1.0,1.0,0.375,1.0,1.0,0.5,0.0,1.0,0.0,1.0,0.0,0.0,0.0,1.0,0.3333333333333333,0.6661691542288557,0.27090352220520675,No,3
0.0,0.0,1.0,1.0,0.7777777777777777,1.0,1.0,0.5,0.0,0.0,1.0,0.0,1.0,1.0,0.5,1.0,0.3333333333333333,0.8114427860696517,0.701531393568147,No,0
0.0,0.0,0.0,0.0,0.08333333333333333,1.0,0.0,1.0,0.5,0.5,0.5,0.5,0.5,0.5,0.0,0.0,1.0,0.024378109452736302,0.03522205206738131,No,0
1.0,0.0,0.0,0.0,0.041666666666666664,1.0,1.0,0.5,0.0,0.0,0.0,0.0,0.0,0.0,0.0,1.0,0.6666666666666666,0.5587064676616916,0.29571209800918835,Yes,3
0.0,0.0,1.0,1.0,0.09722222222222221,1.0,0.0,0.0,1.0,0.0,0.0,0.0,0.0,0.0,0.0,0.0,1.0,0.32288557213930347,0.46539050535987747,No,0
0.0,0.0,1.0,1.0,0.05555555555555555,1.0,0.0,1.0,0.5,0.5,0.5,0.5,0.5,0.5,0.0,0.0,1.0,0.025870646766169153,0.7722817764165391,No,0
1.0,0.0,0.0,0.0,0.4583333333333333,1.0,0.0,0.5,1.0,0.0,0.0,1.0,1.0,0.0,1.0,1.0,0.6666666666666666,0.7034825870646766,0.403062787136294,No,3
0.0,1.0,0.0,0.0,0.375,1.0,1.0,0.5,0.0,0.0,1.0,0.0,0.0,0.0,0.0,1.0,0.6666666666666666,0.5950248756218905,0.26875957120980093,Yes,0
1.0,0.0,1.0,0.0,1.0,1.0,1.0,1.0,0.5,0.5,0.5,0.5,0.5,0.5,1.0,1.0,0.0,0.0527363184079602,0.1880551301684533,No,3
1.0,0.0,0.0,0.0,0.013888888888888888,1.0,0.0,1.0,0.5,0.5,0.5,0.5,0.5,0.5,0.0,0.0,1.0,0.014925373134328346,0.22802450229709034,No,3
1.0,1.0,0.0,0.0,0.986111111111111,0.0,0.5,0.0,1.0,1.0,0.0,0.0,1.0,1.0,0.5,1.0,0.6666666666666666,0.3800995024875622,0.5211332312404288,No,3
0.0,0.0,0.0,0.0,0.18055555555555555,1.0,1.0,0.5,0.0,0.0,0.0,0.0,0.0,1.0,0.0,1.0,0.6666666666666666,0.6736318407960199,0.06033690658499234,No,0
0.0,0.0,1.0,1.0,0.3472222222222222,0.0,0.5,0.0,1.0,1.0,1.0,0.0,1.0,1.0,0.0,1.0,0.3333333333333333,0.4014925373134328,0.13966309341500766,Yes,0
1.0,0.0,0.0,0.0,0.9305555555555555,1.0,0.0,0.0,0.0,0.0,0.0,1.0,0.0,0.0,1.0,0.0,0.0,0.32139303482587056,0.4344563552833078,No,3
1.0,0.0,0.0,0.0,0.013888888888888888,0.0,0.5,0.0,0.0,0.0,0.0,0.0,0.0,1.0,0.0,1.0,0.6666666666666666,0.17114427860696518,0.4643185298621746,Yes,3
1.0,0.0,0.0,0.0,0.027777777777777776,1.0,0.0,0.0,0.0,0.0,0.0,0.0,0.0,0.0,0.0,0.0,0.6666666666666666,0.25970149253731345,0.9277182235834609,Yes,3
0.0,0.0,0.0,0.0,0.5972222222222222,1.0,1.0,1.0,0.5,0.5,0.5,0.5,0.5,0.5,1.0,1.0,0.3333333333333333,0.07412935323383085,0.05329249617151608,No,0
0.0,0.0,0.0,0.0,0.3194444444444444,1.0,0.0,0.5,1.0,0.0,0.0,0.0,0.0,0.0,0.0,1.0,0.0,0.5646766169154228,0.19969372128637058,No,0
0.0,0.0,1.0,1.0,0.8888888888888888,1.0,0.0,1.0,0.5,0.5,0.5,0.5,0.5,0.5,1.0,0.0,1.0,0.019402985074626844,0.0781010719754977,No,0
1.0,0.0,0.0,1.0,0.7916666666666666,1.0,0.0,1.0,0.5,0.5,0.5,0.5,0.5,0.5,1.0,1.0,1.0,0.013432835820895522,0.04885145482388974,No,3
0.0,1.0,1.0,0.0,0.013888888888888888,1.0,0.0,0.5,0.0,0.0,0.0,0.0,0.0,0.0,0.0,1.0,1.0,0.5194029850746269,0.8437978560490046,Yes,0
0.0,1.0,1.0,1.0,1.0,1.0,1.0,0.0,1.0,1.0,1.0,1.0,1.0,1.0,1.0,1.0,0.3333333333333333,0.6945273631840796,0.7921898928024502,No,0
0.0,0.0,0.0,0.0,0.1111111111111111,1.0,1.0,0.0,1.0,0.0,0.0,1.0,0.0,1.0,0.0,0.0,0.6666666666666666,0.5263681592039802,0.7142419601837672,Yes,0
0.0,0.0,1.0,0.0,0.8472222222222222,1.0,1.0,0.5,0.0,1.0,0.0,0.0,1.0,1.0,1.0,1.0,0.0,0.8238805970149253,0.7494640122511486,No,0
1.0,0.0,0.0,0.0,0.8888888888888888,1.0,1.0,0.5,1.0,1.0,0.0,0.0,0.0,0.0,0.5,1.0,0.3333333333333333,0.6572139303482587,0.6767228177641653,No,3
1.0,1.0,1.0,0.0,0.986111111111111,1.0,1.0,1.0,0.5,0.5,0.5,0.5,0.5,0.5,1.0,0.0,0.0,0.056716417910447736,0.19571209800918835,No,3
0.0,0.0,1.0,1.0,0.9027777777777777,1.0,1.0,0.5,1.0,1.0,0.0,1.0,1.0,0.0,1.0,1.0,0.3333333333333333,0.8039800995024875,0.7914241960183767,No,0
1.0,0.0,0.0,0.0,0.041666666666666664,1.0,0.0,1.0,0.5,0.5,0.5,0.5,0.5,0.5,0.5,0.0,1.0,0.013432835820895522,0.7630934150076569,No,3
1.0,0.0,0.0,0.0,0.013888888888888888,1.0,0.0,0.0,0.0,0.0,0.0,0.0,0.0,0.0,0.0,1.0,0.6666666666666666,0.27263681592039796,0.5851454823889739,Yes,3
1.0,0.0,0.0,1.0,0.41666666666666663,1.0,0.0,0.0,0.0,1.0,1.0,0.0,1.0,0.0,0.5,0.0,0.3333333333333333,0.46019900497512434,0.2339969372128637,No,3
1.0,0.0,1.0,1.0,0.20833333333333331,1.0,0.0,0.0,0.0,1.0,1.0,1.0,0.0,1.0,0.0,1.0,1.0,0.5099502487562189,0.021592649310872895,No,3
0.0,0.0,1.0,1.0,0.1111111111111111,1.0,0.0,0.0,0.0,0.0,0.0,1.0,1.0,1.0,0.0,1.0,0.6666666666666666,0.5004975124378109,0.7150076569678407,No,0
1.0,0.0,0.0,0.0,0.09722222222222221,1.0,1.0,0.5,0.0,0.0,0.0,0.0,1.0,1.0,0.0,0.0,1.0,0.763681592039801,0.8018376722817764,Yes,3
0.0,0.0,1.0,1.0,0.9722222222222222,1.0,1.0,0.5,1.0,1.0,1.0,0.0,1.0,1.0,0.5,1.0,0.3333333333333333,0.8945273631840797,0.9169984686064319,No,0
1.0,0.0,1.0,1.0,0.861111111111111,1.0,0.0,0.0,1.0,1.0,1.0,1.0,1.0,1.0,1.0,0.0,0.6666666666666666,0.6751243781094527,0.669218989280245,No,3
0.0,0.0,1.0,1.0,0.08333333333333333,1.0,0.0,1.0,0.5,0.5,0.5,0.5,0.5,0.5,0.0,0.0,1.0,0.014427860696517386,0.03828483920367534,No,0
0.0,0.0,1.0,1.0,0.19444444444444442,1.0,0.0,0.5,0.0,0.0,0.0,0.0,0.0,1.0,0.0,1.0,0.0,0.6233830845771144,0.0444104134762634,No,0
0.0,0.0,0.0,0.0,0.3055555555555555,1.0,1.0,0.5,0.0,0.0,0.0,0.0,1.0,0.0,0.0,1.0,0.0,0.6557213930348259,0.2110260336906585,No,0
1.0,0.0,1.0,1.0,0.3055555555555555,1.0,0.0,1.0,0.5,0.5,0.5,0.5,0.5,0.5,0.5,0.0,1.0,0.018905472636815884,0.548698315467075,No,3
1.0,0.0,1.0,1.0,0.2222222222222222,1.0,0.0,0.0,1.0,0.0,1.0,0.0,1.0,0.0,1.0,0.0,1.0,0.4577114427860697,0.00781010719754977,No,3
1.0,0.0,0.0,0.0,0.1388888888888889,1.0,1.0,1.0,0.5,0.5,0.5,0.5,0.5,0.5,1.0,0.0,0.0,0.07412935323383085,0.3316998468606432,No,3
0.0,0.0,0.0,1.0,0.18055555555555555,1.0,0.0,0.0,1.0,1.0,0.0,0.0,0.0,0.0,0.0,1.0,0.6666666666666666,0.3756218905472637,0.8950995405819295,No,0
0.0,0.0,1.0,0.0,0.2777777777777778,1.0,1.0,0.5,1.0,0.0,0.0,0.0,0.0,0.0,0.0,0.0,0.6666666666666666,0.6383084577114428,0.16033690658499233,Yes,0
0.0,0.0,0.0,0.0,0.027777777777777776,1.0,0.0,0.5,0.0,0.0,0.0,0.0,0.0,0.0,0.0,1.0,0.6666666666666666,0.5119402985074627,0.09785604900459417,No,0
1.0,0.0,0.0,0.0,0.736111111111111,1.0,1.0,0.0,0.0,1.0,1.0,1.0,0.0,1.0,1.0,1.0,0.0,0.5537313432835821,0.5180704441041347,No,3
0.0,0.0,1.0,1.0,0.15277777777777776,1.0,0.0,1.0,0.5,0.5,0.5,0.5,0.5,0.5,0.5,0.0,1.0,0.023383084577114438,0.3010719754977029,No,0
1.0,0.0,1.0,0.0,0.9583333333333333,1.0,0.0,1.0,0.5,0.5,0.5,0.5,0.5,0.5,1.0,0.0,1.0,0.01641791044776117,0.1009188361408882,No,3
0.0,0.0,0.0,0.0,0.05555555555555555,1.0,0.0,0.5,0.0,0.0,0.0,0.0,0.0,0.0,0.0,1.0,0.0,0.5238805970149254,0.36339969372128633,Yes,0
1.0,0.0,1.0,0.0,1.0,1.0,1.0,0.0,1.0,1.0,1.0,1.0,1.0,1.0,1.0,1.0,0.0,0.7044776119402985,0.7765696784073507,No,3
1.0,1.0,1.0,0.0,0.8055555555555555,0.0,0.5,0.0,0.0,1.0,1.0,0.0,0.0,1.0,0.0,1.0,0.6666666666666666,0.2691542288557213,0.35222052067381315,Yes,3
0.0,0.0,1.0,1.0,0.2222222222222222,1.0,0.0,1.0,0.5,0.5,0.5,0.5,0.5,0.5,0.0,0.0,0.6666666666666666,0.021393034825870627,0.4272588055130168,No,0
1.0,0.0,1.0,0.0,0.5972222222222222,1.0,0.0,0.5,1.0,0.0,1.0,1.0,0.0,0.0,0.5,1.0,0.0,0.6567164179104478,0.469218989280245,No,3
0.0,0.0,1.0,0.0,0.027777777777777776,1.0,1.0,0.5,0.0,0.0,1.0,1.0,1.0,1.0,0.0,1.0,0.6666666666666666,0.8572139303482588,0.31638591117917303,Yes,0
1.0,0.0,1.0,0.0,0.19444444444444442,1.0,0.0,0.0,0.0,1.0,1.0,1.0,1.0,1.0,1.0,0.0,1.0,0.6338308457711442,0.051914241960183766,No,3
0.0,0.0,1.0,0.0,0.736111111111111,1.0,0.0,0.5,0.0,0.0,1.0,0.0,1.0,1.0,0.5,1.0,0.0,0.7621890547263681,0.6491577335375192,Yes,0
0.0,0.0,0.0,0.0,0.4444444444444444,1.0,0.0,1.0,0.5,0.5,0.5,0.5,0.5,0.5,0.5,0.0,0.0,0.02288557213930348,0.8009188361408882,No,0
0.0,0.0,1.0,0.0,0.4722222222222222,1.0,1.0,1.0,0.5,0.5,0.5,0.5,0.5,0.5,0.0,0.0,0.6666666666666666,0.06417910447761191,0.906125574272588,No,0
0.0,1.0,0.0,0.0,0.20833333333333331,1.0,1.0,0.5,0.0,0.0,0.0,0.0,0.0,0.0,0.0,1.0,1.0,0.5592039800995025,0.04241960183767228,Yes,0
0.0,1.0,0.0,0.0,0.09722222222222221,1.0,0.0,0.5,1.0,0.0,0.0,0.0,0.0,0.0,0.0,0.0,0.0,0.5791044776119403,0.6523736600306278,Yes,0
0.0,0.0,1.0,1.0,0.20833333333333331,1.0,1.0,0.5,0.0,1.0,1.0,0.0,1.0,1.0,0.0,1.0,0.0,0.8666666666666666,0.15329249617151608,No,0
1.0,0.0,1.0,0.0,0.8472222222222222,1.0,0.0,1.0,0.5,0.5,0.5,0.5,0.5,0.5,0.5,1.0,0.3333333333333333,0.02288557213930348,0.07029096477794793,No,3
0.0,0.0,0.0,0.0,0.013888888888888888,0.0,0.5,0.0,0.0,1.0,0.0,0.0,0.0,0.0,0.0,0.0,0.0,0.11641791044776117,0.38392036753445635,Yes,0
0.0,0.0,0.0,0.0,0.013888888888888888,1.0,0.0,0.0,0.0,0.0,0.0,0.0,0.0,0.0,0.0,0.0,1.0,0.2691542288557213,0.5843797856049004,No,0
1.0,0.0,0.0,0.0,0.1111111111111111,1.0,1.0,0.5,0.0,0.0,0.0,0.0,0.0,1.0,0.0,0.0,0.0,0.6592039800995024,0.8082695252679939,Yes,3
1.0,0.0,1.0,1.0,0.4583333333333333,1.0,0.0,0.0,1.0,0.0,1.0,0.0,1.0,1.0,0.5,0.0,0.3333333333333333,0.5621890547263682,0.3222052067381317,No,3
0.0,0.0,0.0,0.0,0.18055555555555555,1.0,0.0,0.5,0.0,1.0,1.0,0.0,0.0,0.0,0.0,1.0,0.6666666666666666,0.6069651741293532,0.033078101071975494,Yes,0
0.0,0.0,1.0,0.0,0.013888888888888888,0.0,0.5,0.0,0.0,0.0,0.0,0.0,0.0,0.0,0.0,1.0,0.6666666666666666,0.06517412935323383,0.3130168453292496,Yes,0
1.0,0.0,0.0,0.0,0.2777777777777778,1.0,0.0,0.0,0.0,1.0,0.0,0.0,0.0,0.0,0.0,1.0,1.0,0.3338308457711442,0.007350689127105666,No,3
1.0,0.0,0.0,0.0,0.041666666666666664,0.0,0.5,0.0,0.0,0.0,0.0,1.0,0.0,0.0,0.0,0.0,0.6666666666666666,0.12089552238805967,0.9339969372128637,No,3
0.0,0.0,0.0,0.0,0.18055555555555555,1.0,0.0,1.0,0.5,0.5,0.5,0.5,0.5,0.5,0.5,0.0,0.6666666666666666,0.013930348258706454,0.32006125574272587,No,0
0.0,0.0,1.0,0.0,0.5555555555555556,1.0,1.0,0.0,0.0,1.0,0.0,0.0,0.0,0.0,0.0,0.0,0.3333333333333333,0.381592039800995,0.30857580398162326,No,0
1.0,0.0,1.0,1.0,0.5972222222222222,1.0,1.0,0.0,1.0,0.0,0.0,1.0,0.0,1.0,0.5,1.0,0.3333333333333333,0.5338308457711444,0.42220520673813167,No,3
1.0,0.0,1.0,0.0,0.08333333333333333,1.0,0.0,0.5,0.0,1.0,1.0,0.0,0.0,1.0,0.0,1.0,0.6666666666666666,0.7238805970149254,0.6799387442572741,Yes,3
0.0,0.0,1.0,1.0,0.9583333333333333,1.0,0.0,1.0,0.5,0.5,0.5,0.5,0.5,0.5,1.0,0.0,0.0,0.014925373134328346,0.10382848392036753,No,0
0.0,0.0,1.0,1.0,1.0,1.0,1.0,0.5,1.0,1.0,1.0,0.0,1.0,1.0,1.0,0.0,0.3333333333333333,0.9099502487562189,0.9304747320061255,No,0
1.0,0.0,1.0,1.0,0.8194444444444444,1.0,0.0,1.0,0.5,0.5,0.5,0.5,0.5,0.5,1.0,0.0,0.3333333333333333,0.010447761194029848,0.054977029096477795,No,3
0.0,0.0,1.0,0.0,0.2777777777777778,1.0,0.0,0.5,1.0,1.0,0.0,1.0,1.0,0.0,0.0,1.0,0.6666666666666666,0.7791044776119402,0.23001531393568148,No,0
1.0,0.0,1.0,1.0,0.3333333333333333,1.0,1.0,1.0,0.5,0.5,0.5,0.5,0.5,0.5,1.0,1.0,0.0,0.05820895522388059,0.73843797856049,No,3
1.0,0.0,0.0,0.0,0.8194444444444444,1.0,1.0,0.5,0.0,1.0,1.0,1.0,1.0,1.0,0.0,1.0,0.6666666666666666,0.92636815920398,0.7990811638591118,No,3
1.0,0.0,1.0,1.0,1.0,1.0,1.0,0.5,0.0,1.0,1.0,1.0,1.0,1.0,1.0,1.0,0.0,0.9353233830845772,0.9246554364471669,No,3
1.0,0.0,0.0,1.0,0.013888888888888888,1.0,0.0,1.0,0.5,0.5,0.5,0.5,0.5,0.5,0.0,0.0,1.0,0.02487562189054726,0.24823889739663094,No,3
0.0,0.0,1.0,0.0,0.375,1.0,0.0,0.5,1.0,0.0,0.0,1.0,1.0,1.0,0.5,1.0,0.3333333333333333,0.8323383084577115,0.3572741194486983,No,0
0.0,0.0,0.0,0.0,0.19444444444444442,1.0,0.0,0.5,0.0,1.0,0.0,1.0,0.0,0.0,0.0,1.0,0.3333333333333333,0.6149253731343283,0.0333843797856049,No,0
1.0,0.0,1.0,1.0,0.986111111111111,1.0,1.0,0.5,1.0,0.0,1.0,0.0,1.0,1.0,1.0,0.0,0.6666666666666666,0.8686567164179103,0.8774885145482388,No,3
1.0,0.0,0.0,1.0,0.18055555555555555,1.0,0.0,0.5,0.0,0.0,0.0,0.0,1.0,0.0,0.0,1.0,0.3333333333333333,0.5975124378109452,0.011026033690658498,No,3
1.0,0.0,0.0,0.0,0.611111111111111,1.0,0.0,0.5,0.0,0.0,0.0,0.0,0.0,0.0,0.0,0.0,0.3333333333333333,0.5034825870646765,0.3908116385911179,No,3
0.0,0.0,0.0,0.0,0.4583333333333333,1.0,0.0,0.5,0.0,1.0,0.0,1.0,0.0,0.0,0.5,1.0,0.0,0.6139303482587065,0.3577335375191424,No,0
1.0,0.0,1.0,1.0,1.0,0.0,0.5,0.0,1.0,1.0,1.0,1.0,0.0,1.0,1.0,1.0,0.3333333333333333,0.37014925373134333,0.5468606431852986,No,3
1.0,0.0,0.0,0.0,0.013888888888888888,1.0,0.0,0.5,0.0,0.0,0.0,0.0,0.0,1.0,0.0,0.0,0.6666666666666666,0.6134328358208956,0.914854517611026,Yes,3
0.0,0.0,0.0,0.0,0.2638888888888889,1.0,0.0,0.5,1.0,0.0,1.0,1.0,1.0,1.0,0.0,1.0,0.6666666666666666,0.8791044776119402,0.2352220520673813,Yes,0
1.0,0.0,1.0,0.0,0.8888888888888888,1.0,0.0,0.5,0.0,1.0,1.0,1.0,1.0,1.0,0.5,1.0,0.3333333333333333,0.8378109452736319,0.8102603369065849,No,3
1.0,0.0,0.0,0.0,0.027777777777777776,1.0,0.0,0.0,0.0,0.0,0.0,0.0,0.0,0.0,0.0,1.0,0.3333333333333333,0.2761194029850746,0.9454823889739663,Yes,3
0.0,0.0,0.0,0.0,0.013888888888888888,0.0,0.5,0.0,0.0,0.0,0.0,0.0,0.0,0.0,0.0,0.0,0.6666666666666666,0.06965174129353235,0.32955589586523737,No,0
1.0,0.0,0.0,1.0,0.8472222222222222,1.0,0.0,1.0,0.5,0.5,0.5,0.5,0.5,0.5,1.0,0.0,1.0,0.014925373134328346,0.03629402756508423,No,3
0.0,0.0,1.0,1.0,0.40277777777777773,1.0,0.0,1.0,0.5,0.5,0.5,0.5,0.5,0.5,0.5,0.0,0.6666666666666666,0.01741293532338306,0.6880551301684533,No,0
1.0,1.0,1.0,0.0,0.3194444444444444,1.0,1.0,0.5,0.0,0.0,0.0,0.0,0.0,1.0,0.0,0.0,0.6666666666666666,0.682089552238806,0.24196018376722817,No,3
0.0,0.0,1.0,0.0,0.7916666666666666,0.0,0.5,0.0,1.0,1.0,1.0,0.0,1.0,1.0,0.0,1.0,0.0,0.4029850746268656,0.4557427258805513,No,0
1.0,0.0,1.0,1.0,1.0,0.0,0.5,0.0,1.0,1.0,1.0,1.0,0.0,0.0,1.0,0.0,0.3333333333333333,0.26865671641791045,0.41761102603369066,No,3
1.0,0.0,1.0,0.0,0.9166666666666666,0.0,0.5,0.0,1.0,1.0,1.0,1.0,1.0,0.0,1.0,1.0,0.0,0.381592039800995,0.49770290964777947,No,3
1.0,0.0,1.0,1.0,0.9027777777777777,1.0,1.0,0.0,0.0,1.0,1.0,1.0,1.0,1.0,1.0,1.0,0.0,0.6562189054726368,0.6814701378254211,No,3
0.0,0.0,0.0,0.0,0.1111111111111111,1.0,0.0,0.5,0.0,0.0,0.0,0.0,1.0,0.0,0.0,1.0,0.0,0.6144278606965173,0.7753445635528331,No,0
0.0,0.0,0.0,0.0,0.05555555555555555,1.0,0.0,0.5,0.0,0.0,0.0,0.0,0.0,0.0,0.0,1.0,0.6666666666666666,0.5164179104477612,0.3566615620214395,Yes,0
0.0,0.0,1.0,0.0,0.986111111111111,1.0,1.0,1.0,0.5,0.5,0.5,0.5,0.5,0.5,1.0,0.0,0.0,0.06467661691542287,0.2128637059724349,No,0
1.0,0.0,1.0,1.0,0.013888888888888888,1.0,0.0,1.0,0.5,0.5,0.5,0.5,0.5,0.5,0.5,1.0,0.6666666666666666,0.019402985074626844,0.2465543644716692,No,3
1.0,0.0,1.0,0.0,0.05555555555555555,1.0,0.0,0.0,0.0,0.0,0.0,1.0,0.0,0.0,0.0,0.0,1.0,0.31641791044776113,0.20306278713629403,Yes,3
0.0,0.0,0.0,0.0,0.16666666666666666,1.0,0.0,1.0,0.5,0.5,0.5,0.5,0.5,0.5,0.5,1.0,0.0,0.010945273631840807,0.2767228177641654,No,0
1.0,0.0,0.0,0.0,0.3333333333333333,0.0,0.5,0.0,1.0,0.0,0.0,0.0,1.0,1.0,0.5,1.0,1.0,0.3218905472636816,0.08039816232771822,No,3
0.0,0.0,1.0,1.0,0.4305555555555555,1.0,0.0,0.0,1.0,0.0,1.0,1.0,1.0,1.0,0.5,1.0,1.0,0.6258706467661692,0.3366003062787136,No,0
0.0,0.0,1.0,0.0,0.013888888888888888,1.0,0.0,0.0,0.0,0.0,0.0,0.0,1.0,0.0,0.0,0.0,1.0,0.36766169154228856,0.6983154670750382,Yes,0
1.0,0.0,0.0,0.0,0.41666666666666663,1.0,1.0,0.5,0.0,0.0,0.0,1.0,0.0,1.0,0.0,1.0,0.3333333333333333,0.7129353233830846,0.36217457886676874,No,3
0.0,0.0,1.0,1.0,0.6527777777777778,1.0,1.0,0.0,1.0,1.0,0.0,1.0,1.0,1.0,1.0,1.0,0.3333333333333333,0.6671641791044776,0.5352220520673813,No,0
1.0,0.0,0.0,0.0,0.75,1.0,1.0,0.5,1.0,1.0,0.0,1.0,1.0,1.0,1.0,1.0,0.3333333333333333,0.8930348258706468,0.7283307810107197,No,3
1.0,0.0,0.0,0.0,0.6944444444444444,1.0,0.0,0.5,1.0,1.0,0.0,1.0,0.0,1.0,0.0,1.0,0.3333333333333333,0.7487562189054726,0.614854517611026,No,3
1.0,0.0,0.0,0.0,0.013888888888888888,1.0,0.0,0.5,1.0,0.0,0.0,0.0,0.0,1.0,0.0,1.0,1.0,0.6601990049751243,0.945635528330781,Yes,3
0.0,0.0,0.0,0.0,1.0,1.0,0.0,1.0,0.5,0.5,0.5,0.5,0.5,0.5,1.0,0.0,0.3333333333333333,0.019900497512437804,0.15558958652373658,No,0
0.0,0.0,0.0,0.0,0.40277777777777773,1.0,1.0,1.0,0.5,0.5,0.5,0.5,0.5,0.5,0.0,0.0,0.6666666666666666,0.06865671641791044,0.8467075038284839,No,0
1.0,0.0,0.0,0.0,0.027777777777777776,1.0,1.0,0.0,0.0,1.0,0.0,0.0,0.0,0.0,0.0,1.0,1.0,0.3597014925373134,0.04119448698315467,Yes,3
0.0,0.0,0.0,0.0,0.1388888888888889,0.0,0.5,0.0,0.0,0.0,0.0,1.0,0.0,0.0,1.0,1.0,1.0,0.1129353233830846,0.39555895865237367,No,0
1.0,0.0,1.0,0.0,0.25,1.0,1.0,0.5,0.0,0.0,0.0,0.0,0.0,0.0,0.0,1.0,0.6666666666666666,0.546268656716418,0.08591117917304747,No,3
0.0,1.0,0.0,0.0,0.15277777777777776,1.0,0.0,0.5,0.0,1.0,0.0,0.0,1.0,1.0,0.0,1.0,0.6666666666666666,0.763681592039801,0.03537519142419602,Yes,0
1.0,0.0,0.0,0.0,0.2222222222222222,1.0,0.0,1.0,0.5,0.5,0.5,0.5,0.5,0.5,1.0,0.0,1.0,0.014925373134328346,0.3761102603369066,No,3
0.0,0.0,0.0,0.0,1.0,1.0,1.0,0.0,0.0,1.0,1.0,1.0,1.0,1.0,1.0,0.0,0.0,0.6800995024875621,0.7852986217457887,No,0
1.0,0.0,0.0,0.0,1.0,1.0,1.0,0.5,0.0,1.0,1.0,1.0,1.0,1.0,1.0,0.0,0.0,0.9049751243781096,0.9105666156202143,No,3
0.0,0.0,1.0,1.0,0.5694444444444444,1.0,0.0,0.0,1.0,0.0,0.0,1.0,1.0,1.0,0.5,1.0,0.3333333333333333,0.5616915422885572,0.4243491577335375,No,0
0.0,1.0,1.0,0.0,0.9027777777777777,1.0,0.0,0.5,1.0,1.0,1.0,0.0,0.0,1.0,0.0,0.0,0.6666666666666666,0.7577114427860697,0.7655436447166921,No,0
0.0,1.0,0.0,0.0,0.18055555555555555,1.0,0.0,0.0,0.0,1.0,1.0,0.0,0.0,0.0,0.0,1.0,0.6666666666666666,0.363681592039801,0.8689127105666156,No,0
1.0,1.0,0.0,0.0,0.05555555555555555,1.0,0.0,0.5,1.0,0.0,0.0,0.0,0.0,0.0,0.0,0.0,0.6666666666666666,0.5681592039800994,0.36385911179173047,No,3
1.0,0.0,0.0,0.0,0.5694444444444444,1.0,1.0,0.0,0.0,0.0,1.0,0.0,0.0,1.0,0.5,0.0,1.0,0.46517412935323377,0.3349157733537519,No,3
1.0,1.0,0.0,0.0,0.20833333333333331,1.0,0.0,0.5,0.0,1.0,0.0,0.0,0.0,0.0,0.0,1.0,0.6666666666666666,0.5587064676616916,0.0223583460949464,Yes,3
1.0,0.0,0.0,0.0,0.013888888888888888,1.0,0.0,0.0,1.0,0.0,0.0,0.0,0.0,0.0,0.0,1.0,1.0,0.3014925373134328,0.6203675344563553,Yes,3
1.0,0.0,0.0,0.0,0.5833333333333333,1.0,1.0,0.5,1.0,1.0,1.0,0.0,0.0,1.0,0.5,1.0,0.6666666666666666,0.8034825870646766,0.5594180704441041,No,3
0.0,0.0,1.0,0.0,0.7083333333333333,1.0,0.0,0.5,1.0,1.0,1.0,0.0,1.0,0.0,0.5,1.0,0.6666666666666666,0.7487562189054726,0.6004594180704441,No,0
0.0,0.0,1.0,1.0,0.027777777777777776,1.0,0.0,0.5,0.0,0.0,0.0,0.0,0.0,0.0,0.0,0.0,0.6666666666666666,0.518905472636816,0.13231240428790197,Yes,0
1.0,1.0,1.0,0.0,0.013888888888888888,0.0,0.5,0.0,0.0,1.0,0.0,0.0,1.0,0.0,0.0,0.0,0.6666666666666666,0.218407960199005,0.5228177641653905,Yes,3
1.0,0.0,0.0,1.0,0.4444444444444444,1.0,1.0,0.0,0.0,1.0,1.0,1.0,1.0,1.0,0.5,0.0,0.3333333333333333,0.6512437810945274,0.3491577335375191,No,3
1.0,0.0,0.0,0.0,0.1388888888888889,1.0,0.0,1.0,0.5,0.5,0.5,0.5,0.5,0.5,0.0,1.0,1.0,0.015920398009950265,0.2341500765696784,No,3
0.0,0.0,1.0,1.0,0.9305555555555555,0.0,0.5,0.0,0.0,1.0,1.0,1.0,1.0,1.0,1.0,1.0,0.6666666666666666,0.41094527363184075,0.5350689127105666,No,0
0.0,0.0,1.0,1.0,0.8472222222222222,1.0,1.0,0.5,1.0,1.0,1.0,1.0,1.0,1.0,1.0,0.0,0.3333333333333333,0.9636815920398009,0.8459418070444104,No,0
1.0,0.0,0.0,0.0,0.6944444444444444,1.0,1.0,0.5,1.0,1.0,1.0,1.0,1.0,1.0,0.5,0.0,0.3333333333333333,0.9562189054726368,0.731240428790199,No,3
0.0,0.0,1.0,0.0,0.027777777777777776,1.0,0.0,0.0,0.0,0.0,0.0,0.0,0.0,0.0,0.0,1.0,0.3333333333333333,0.26218905472636816,0.922052067381317,Yes,0
0.0,1.0,1.0,0.0,0.40277777777777773,0.0,0.5,0.0,1.0,0.0,1.0,0.0,0.0,1.0,0.0,1.0,0.6666666666666666,0.26616915422885573,0.06370597243491577,No,0
1.0,1.0,0.0,0.0,0.041666666666666664,0.0,0.5,0.0,0.0,0.0,1.0,0.0,0.0,1.0,0.0,1.0,0.6666666666666666,0.22786069651741292,0.0892802450229709,Yes,3
1.0,1.0,0.0,0.0,0.18055555555555555,1.0,1.0,0.5,0.0,1.0,1.0,0.0,1.0,1.0,0.0,1.0,0.6666666666666666,0.882089552238806,0.1010719754977029,Yes,3
1.0,1.0,1.0,0.0,0.7916666666666666,1.0,1.0,0.5,0.0,1.0,0.0,0.0,0.0,1.0,0.0,1.0,0.6666666666666666,0.7124378109452736,0.6398162327718223,No,3
0.0,0.0,0.0,0.0,0.4305555555555555,0.0,0.5,0.0,1.0,1.0,0.0,1.0,0.0,1.0,1.0,1.0,0.0,0.3144278606965174,0.1442572741194487,No,0
0.0,0.0,1.0,0.0,0.625,1.0,1.0,0.5,1.0,1.0,1.0,1.0,1.0,1.0,0.5,0.0,1.0,0.9457711442786069,0.6528330781010719,No,0
0.0,0.0,1.0,1.0,0.8472222222222222,1.0,1.0,0.0,1.0,1.0,1.0,1.0,1.0,1.0,1.0,0.0,1.0,0.6950248756218904,0.7027565084226646,No,0
1.0,0.0,0.0,0.0,0.6944444444444444,1.0,1.0,1.0,0.5,0.5,0.5,0.5,0.5,0.5,1.0,0.0,0.0,0.06616915422885569,0.0555895865237366,No,3
0.0,1.0,0.0,0.0,0.2638888888888889,1.0,0.0,0.5,1.0,1.0,0.0,1.0,1.0,1.0,0.0,1.0,1.0,0.86318407960199,0.25007656967840736,No,0
1.0,0.0,0.0,0.0,0.8194444444444444,1.0,0.0,1.0,0.5,0.5,0.5,0.5,0.5,0.5,1.0,0.0,1.0,0.010945273631840807,0.030015313935681468,Yes,3
0.0,0.0,1.0,0.0,0.986111111111111,1.0,1.0,1.0,0.5,0.5,0.5,0.5,0.5,0.5,1.0,1.0,0.3333333333333333,0.05970149253731341,0.1900459418070444,No,0
0.0,1.0,0.0,0.0,0.2222222222222222,1.0,0.0,0.5,0.0,0.0,0.0,1.0,1.0,1.0,0.0,1.0,0.6666666666666666,0.7582089552238807,0.14241960183767227,Yes,0
1.0,0.0,1.0,0.0,0.7916666666666666,1.0,0.0,0.0,1.0,1.0,0.0,1.0,0.0,0.0,1.0,1.0,0.6666666666666666,0.4129353233830846,0.457427258805513,No,3
1.0,0.0,0.0,0.0,0.013888888888888888,0.0,0.5,0.0,0.0,0.0,0.0,0.0,0.0,0.0,0.0,0.0,0.0,0.06517412935323383,0.3130168453292496,Yes,3
1.0,1.0,1.0,0.0,0.2777777777777778,1.0,1.0,0.5,0.0,1.0,0.0,1.0,1.0,1.0,0.0,0.0,0.6666666666666666,0.8835820895522387,0.27411944869831545,No,3
1.0,0.0,0.0,0.0,0.013888888888888888,1.0,0.0,0.5,0.0,0.0,0.0,0.0,0.0,0.0,0.0,0.0,1.0,0.5208955223880596,0.8442572741194486,Yes,3
1.0,0.0,1.0,0.0,0.06944444444444445,1.0,1.0,0.5,0.0,1.0,0.0,1.0,0.0,0.0,0.0,1.0,0.6666666666666666,0.6681592039800995,0.5240428790199081,Yes,3
0.0,0.0,1.0,0.0,0.7222222222222222,1.0,1.0,0.5,0.0,1.0,1.0,0.0,1.0,1.0,0.0,1.0,0.6666666666666666,0.863681592039801,0.713323124042879,Yes,0
1.0,1.0,1.0,0.0,0.29166666666666663,1.0,0.0,0.0,1.0,1.0,0.0,0.0,0.0,1.0,0.0,1.0,0.0,0.46467661691542295,0.09418070444104135,No,3
1.0,0.0,0.0,0.0,0.19444444444444442,0.0,0.5,0.0,0.0,0.0,1.0,1.0,1.0,1.0,0.0,1.0,0.6666666666666666,0.3656716417910447,0.8993874425727412,No,3
0.0,0.0,0.0,0.0,0.06944444444444445,1.0,0.0,0.0,0.0,1.0,0.0,0.0,0.0,0.0,0.0,0.0,0.0,0.32139303482587056,0.31990811638591116,No,0
0.0,0.0,0.0,0.0,0.08333333333333333,1.0,0.0,0.0,1.0,1.0,0.0,0.0,0.0,0.0,0.0,0.0,1.0,0.36716417910447763,0.429249617151608,No,0
0.0,0.0,0.0,0.0,0.1388888888888889,1.0,0.0,0.0,0.0,1.0,0.0,0.0,0.0,0.0,0.0,0.0,0.6666666666666666,0.3278606965174129,0.6450229709035222,No,0
0.0,0.0,0.0,1.0,0.013888888888888888,1.0,1.0,1.0,0.5,0.5,0.5,0.5,0.5,0.5,0.0,0.0,1.0,0.07114427860696515,0.33001531393568145,No,0
0.0,0.0,0.0,0.0,0.9444444444444444,1.0,1.0,0.0,1.0,0.0,0.0,0.0,0.0,0.0,0.0,0.0,1.0,0.36019900497512436,0.4863705972434916,No,0
1.0,0.0,1.0,1.0,0.25,1.0,0.0,0.5,0.0,0.0,1.0,0.0,1.0,1.0,0.0,0.0,1.0,0.7651741293532338,0.19999999999999998,Yes,3
0.0,0.0,0.0,0.0,0.3055555555555555,1.0,1.0,0.5,0.0,0.0,0.0,0.0,0.0,0.0,0.5,1.0,0.3333333333333333,0.5746268656716418,0.201531393568147,No,0
0.0,0.0,0.0,0.0,0.2777777777777778,1.0,0.0,0.0,0.0,0.0,0.0,0.0,0.0,0.0,0.0,1.0,0.6666666666666666,0.25970149253731345,0.9774885145482388,No,0
1.0,0.0,1.0,0.0,0.013888888888888888,1.0,0.0,0.5,0.0,0.0,0.0,0.0,0.0,0.0,0.0,0.0,0.6666666666666666,0.5149253731343283,0.8424196018376723,Yes,3
1.0,1.0,0.0,0.0,0.1111111111111111,1.0,0.0,0.5,0.0,1.0,0.0,0.0,0.0,0.0,0.0,1.0,0.6666666666666666,0.5597014925373134,0.7588055130168453,Yes,3
1.0,0.0,0.0,0.0,0.1388888888888889,1.0,0.0,0.0,0.0,0.0,0.0,0.0,0.0,0.0,0.0,1.0,0.3333333333333333,0.2646766169154229,0.5663093415007657,Yes,3
1.0,1.0,0.0,0.0,0.3333333333333333,1.0,1.0,0.5,0.0,0.0,0.0,0.0,0.0,0.0,0.0,1.0,0.6666666666666666,0.5756218905472636,0.18575803981623276,Yes,3
1.0,0.0,0.0,0.0,0.4861111111111111,1.0,0.0,0.0,1.0,1.0,1.0,0.0,0.0,0.0,0.5,0.0,1.0,0.42736318407960205,0.25344563552833077,No,3
1.0,0.0,1.0,1.0,0.3194444444444444,1.0,0.0,0.5,0.0,1.0,1.0,1.0,0.0,0.0,0.5,0.0,1.0,0.682089552238806,0.23644716692189893,No,3
0.0,1.0,0.0,0.0,0.08333333333333333,1.0,0.0,0.5,0.0,0.0,0.0,0.0,1.0,1.0,0.0,1.0,0.6666666666666666,0.707462686567164,0.7176110260336906,No,0
0.0,0.0,0.0,0.0,0.16666666666666666,1.0,0.0,1.0,0.5,0.5,0.5,0.5,0.5,0.5,0.0,0.0,1.0,0.014427860696517386,0.2791730474732006,No,0
1.0,0.0,0.0,0.0,0.013888888888888888,1.0,0.0,1.0,0.5,0.5,0.5,0.5,0.5,0.5,0.0,0.0,1.0,0.019900497512437804,0.24670750382848392,No,3
0.0,0.0,1.0,1.0,0.986111111111111,1.0,0.0,0.5,0.0,0.0,1.0,0.0,0.0,0.0,1.0,0.0,0.6666666666666666,0.5751243781094527,0.6917304747320061,No,0
1.0,1.0,1.0,0.0,0.4861111111111111,1.0,1.0,0.5,0.0,0.0,1.0,0.0,1.0,1.0,0.0,1.0,0.6666666666666666,0.8213930348258706,0.45589586523736597,No,3
1.0,0.0,1.0,1.0,0.5555555555555556,1.0,1.0,0.0,0.0,0.0,1.0,0.0,1.0,1.0,0.0,1.0,0.6666666666666666,0.5601990049751243,0.4001531393568147,No,3
0.0,0.0,0.0,1.0,0.013888888888888888,1.0,0.0,0.5,1.0,0.0,0.0,0.0,0.0,0.0,0.0,1.0,1.0,0.5507462686567164,0.8679938744257274,Yes,0
1.0,0.0,0.0,0.0,0.3194444444444444,1.0,0.0,0.0,0.0,0.0,0.0,0.0,1.0,1.0,0.5,1.0,0.0,0.464179104477612,0.14119448698315468,No,3
0.0,1.0,0.0,0.0,0.05555555555555555,1.0,1.0,0.5,0.0,0.0,0.0,0.0,1.0,1.0,0.0,1.0,0.6666666666666666,0.7681592039800995,0.5186830015313936,Yes,0
1.0,0.0,0.0,0.0,0.05555555555555555,1.0,0.0,0.5,0.0,0.0,1.0,1.0,0.0,1.0,0.0,1.0,0.6666666666666666,0.7179104477611941,0.47212863705972435,No,3
0.0,0.0,1.0,1.0,0.9444444444444444,0.0,0.5,0.0,0.0,1.0,1.0,1.0,1.0,1.0,1.0,0.0,0.3333333333333333,0.41840796019900495,0.5356814701378254,No,0
1.0,0.0,0.0,1.0,0.5277777777777778,1.0,1.0,0.5,0.0,1.0,0.0,0.0,0.0,0.0,0.0,1.0,1.0,0.6328358208955223,0.41837672281776417,No,3
1.0,0.0,1.0,1.0,0.7222222222222222,1.0,1.0,1.0,0.5,0.5,0.5,0.5,0.5,0.5,1.0,0.0,1.0,0.06517412935323383,0.06385911179173047,No,3
1.0,1.0,1.0,0.0,0.4444444444444444,1.0,1.0,0.5,0.0,0.0,0.0,0.0,0.0,0.0,0.0,1.0,0.6666666666666666,0.5636815920398011,0.29754977029096474,Yes,3
1.0,0.0,1.0,1.0,0.40277777777777773,1.0,0.0,0.0,0.0,0.0,1.0,1.0,1.0,1.0,1.0,0.0,1.0,0.5701492537313433,0.2577335375191424,No,3
1.0,1.0,1.0,1.0,0.5277777777777778,1.0,1.0,0.5,0.0,1.0,0.0,0.0,1.0,1.0,0.0,0.0,0.6666666666666666,0.8248756218905472,0.4931087289433384,No,3
1.0,0.0,0.0,1.0,0.6666666666666666,1.0,1.0,0.0,1.0,0.0,1.0,0.0,1.0,1.0,0.5,1.0,0.3333333333333333,0.6019900497512437,0.48591117917304744,No,3
0.0,0.0,0.0,0.0,0.013888888888888888,1.0,0.0,1.0,0.5,0.5,0.5,0.5,0.5,0.5,0.0,1.0,0.0,0.009950248756218888,0.22664624808575803,No,0
0.0,0.0,0.0,0.0,0.3055555555555555,1.0,0.0,0.5,1.0,0.0,0.0,1.0,0.0,1.0,0.0,1.0,0.6666666666666666,0.7044776119402985,0.22358346094946402,No,0
0.0,0.0,0.0,0.0,0.5972222222222222,1.0,1.0,0.5,1.0,1.0,1.0,1.0,1.0,1.0,1.0,0.0,0.3333333333333333,0.96318407960199,0.6330781010719755,No,0
0.0,1.0,1.0,0.0,0.06944444444444445,1.0,0.0,0.5,0.0,0.0,0.0,0.0,0.0,0.0,0.0,1.0,0.6666666666666666,0.508457711442786,0.45237366003062784,No,0
1.0,0.0,0.0,0.0,0.06944444444444445,1.0,0.0,0.5,0.0,0.0,0.0,0.0,1.0,0.0,0.0,1.0,0.6666666666666666,0.6203980099502486,0.5431852986217458,Yes,3
1.0,0.0,1.0,1.0,0.7083333333333333,1.0,1.0,0.5,1.0,1.0,0.0,1.0,1.0,1.0,0.5,0.0,0.3333333333333333,0.9134328358208955,0.7192955589586524,No,3
1.0,0.0,0.0,0.0,0.986111111111111,1.0,0.0,1.0,0.5,0.5,0.5,0.5,0.5,0.5,1.0,1.0,0.3333333333333333,0.01641791044776117,0.09846860643185298,No,3
0.0,0.0,1.0,1.0,0.5277777777777778,1.0,0.0,0.0,1.0,1.0,0.0,1.0,1.0,1.0,0.5,0.0,0.3333333333333333,0.617412935323383,0.4070444104134763,Yes,0
1.0,1.0,1.0,0.0,0.3333333333333333,1.0,0.0,0.5,0.0,0.0,1.0,0.0,1.0,1.0,0.0,1.0,0.6666666666666666,0.7452736318407961,0.2859111791730475,Yes,3
1.0,0.0,1.0,0.0,0.4861111111111111,1.0,1.0,0.5,0.0,0.0,0.0,1.0,1.0,0.0,0.0,1.0,0.3333333333333333,0.7288557213930348,0.43078101071975494,No,3
0.0,1.0,0.0,0.0,0.75,1.0,1.0,0.0,1.0,1.0,0.0,1.0,1.0,1.0,0.5,0.0,0.0,0.6388059701492538,0.566615620214395,Yes,0
0.0,0.0,1.0,1.0,1.0,0.0,0.5,0.0,0.0,1.0,1.0,1.0,1.0,1.0,1.0,1.0,0.6666666666666666,0.41542288557213924,0.5563552833078101,No,0
1.0,0.0,0.0,0.0,0.013888888888888888,1.0,0.0,0.0,0.0,0.0,0.0,0.0,0.0,0.0,0.0,1.0,0.6666666666666666,0.2641791044776119,0.5739663093415007,No,3
0.0,0.0,1.0,1.0,0.125,1.0,0.0,0.0,1.0,0.0,0.0,0.0,0.0,0.0,0.5,0.0,1.0,0.30199004975124377,0.5513016845329249,No,0
1.0,0.0,0.0,0.0,0.9583333333333333,0.0,0.5,0.0,1.0,1.0,0.0,1.0,1.0,1.0,1.0,1.0,0.0,0.4159203980099502,0.5464012251148544,No,3
0.0,0.0,1.0,0.0,0.7222222222222222,1.0,1.0,0.5,0.0,1.0,0.0,1.0,1.0,1.0,0.0,1.0,0.3333333333333333,0.8402985074626866,0.6618683001531394,No,0
0.0,1.0,1.0,0.0,0.15277777777777776,1.0,0.0,0.5,0.0,0.0,0.0,1.0,1.0,0.0,0.0,1.0,0.6666666666666666,0.6432835820895523,0.9623277182235834,No,0
0.0,1.0,0.0,0.0,0.027777777777777776,1.0,0.0,0.5,0.0,0.0,0.0,0.0,0.0,0.0,0.0,1.0,0.6666666666666666,0.5184079601990049,0.10842266462480857,Yes,0
0.0,1.0,1.0,1.0,0.38888888888888884,0.0,0.5,0.0,0.0,0.0,0.0,0.0,1.0,0.0,0.0,1.0,0.6666666666666666,0.17562189054726368,0.9944869831546708,No,0
0.0,1.0,0.0,0.0,0.2361111111111111,1.0,1.0,0.5,0.0,0.0,1.0,0.0,0.0,0.0,0.0,1.0,0.3333333333333333,0.6407960199004975,0.13307810107197549,No,0
0.0,0.0,1.0,1.0,0.4861111111111111,1.0,0.0,1.0,0.5,0.5,0.5,0.5,0.5,0.5,1.0,1.0,1.0,0.015920398009950265,0.8742725880551302,No,0
0.0,0.0,0.0,0.0,0.1111111111111111,1.0,0.0,1.0,0.5,0.5,0.5,0.5,0.5,0.5,0.5,1.0,1.0,0.009452736318407956,0.16385911179173046,No,0
1.0,0.0,0.0,0.0,0.6388888888888888,1.0,1.0,0.5,0.0,1.0,1.0,0.0,1.0,0.0,0.5,1.0,0.3333333333333333,0.7626865671641792,0.5759571209800919,No,3
0.0,0.0,0.0,0.0,0.09722222222222221,1.0,1.0,0.5,0.0,0.0,0.0,0.0,0.0,0.0,0.0,1.0,0.6666666666666666,0.553233830845771,0.6594180704441042,Yes,0
0.0,0.0,0.0,0.0,0.027777777777777776,1.0,1.0,0.5,0.0,0.0,1.0,0.0,0.0,0.0,0.0,0.0,1.0,0.6203980099502486,0.15130168453292495,Yes,0
1.0,0.0,1.0,1.0,0.9444444444444444,1.0,1.0,0.0,0.0,1.0,1.0,1.0,0.0,1.0,0.5,1.0,0.0,0.572636815920398,0.6777947932618683,Yes,3
0.0,0.0,0.0,0.0,0.5972222222222222,1.0,1.0,0.5,0.0,1.0,1.0,0.0,1.0,1.0,1.0,1.0,0.6666666666666666,0.8592039800995025,0.6173047473200612,Yes,0
0.0,0.0,0.0,0.0,0.9444444444444444,1.0,1.0,0.0,1.0,1.0,1.0,1.0,1.0,1.0,1.0,1.0,0.6666666666666666,0.6955223880597016,0.7683001531393568,No,0
0.0,0.0,0.0,0.0,0.5,1.0,0.0,0.5,0.0,1.0,0.0,0.0,1.0,1.0,0.0,1.0,0.3333333333333333,0.7616915422885572,0.47274119448698315,No,0
1.0,0.0,1.0,0.0,0.875,1.0,1.0,0.5,0.0,1.0,1.0,0.0,1.0,1.0,0.0,1.0,0.6666666666666666,0.8472636815920399,0.8070444104134762,Yes,3
0.0,1.0,0.0,0.0,0.4444444444444444,1.0,0.0,0.0,0.0,1.0,0.0,1.0,0.0,0.0,0.0,0.0,0.0,0.3621890547263681,0.2119448698315467,No,0
0.0,0.0,1.0,0.0,0.986111111111111,1.0,1.0,0.0,1.0,1.0,1.0,1.0,1.0,1.0,1.0,0.0,0.3333333333333333,0.6716417910447761,0.7739663093415008,No,0
0.0,0.0,1.0,1.0,0.9166666666666666,1.0,1.0,0.0,1.0,1.0,1.0,0.0,0.0,0.0,0.0,1.0,0.0,0.4895522388059702,0.5871362940275651,No,0
1.0,0.0,0.0,0.0,0.875,1.0,0.0,1.0,0.5,0.5,0.5,0.5,0.5,0.5,0.5,0.0,1.0,0.02238805970149252,0.09127105666156202,No,3
0.0,0.0,0.0,1.0,0.5694444444444444,1.0,0.0,1.0,0.5,0.5,0.5,0.5,0.5,0.5,0.5,1.0,0.3333333333333333,0.019900497512437804,0.9571209800918836,No,0
0.0,1.0,0.0,0.0,0.013888888888888888,1.0,1.0,0.5,0.0,0.0,0.0,0.0,0.0,0.0,0.0,1.0,0.6666666666666666,0.535820895522388,0.8609494640122511,No,0
0.0,0.0,0.0,0.0,0.027777777777777776,1.0,0.0,0.5,0.0,0.0,0.0,0.0,1.0,1.0,0.0,1.0,0.6666666666666666,0.7179104477611941,0.1790199081163859,Yes,0
0.0,0.0,1.0,0.0,0.9722222222222222,1.0,0.0,1.0,0.5,0.5,0.5,0.5,0.5,0.5,1.0,0.0,0.0,0.011940298507462671,0.08545176110260337,No,0
0.0,0.0,0.0,0.0,0.3194444444444444,0.0,0.5,0.0,0.0,0.0,0.0,0.0,1.0,1.0,0.0,1.0,0.6666666666666666,0.2656716417910448,0.998928024502297,No,0
0.0,1.0,1.0,0.0,0.8888888888888888,1.0,0.0,0.5,1.0,1.0,1.0,0.0,0.0,1.0,0.5,0.0,0.0,0.7835820895522387,0.7924961715160797,No,0
1.0,0.0,1.0,1.0,0.5138888888888888,1.0,1.0,0.0,1.0,0.0,1.0,1.0,0.0,0.0,1.0,1.0,0.3333333333333333,0.4432835820895522,0.2934150076569678,No,3
1.0,0.0,0.0,1.0,0.2361111111111111,1.0,0.0,0.0,0.0,0.0,0.0,0.0,0.0,0.0,0.5,0.0,1.0,0.26218905472636816,0.8246554364471669,No,3
0.0,1.0,0.0,0.0,0.09722222222222221,1.0,0.0,0.5,0.0,0.0,0.0,0.0,1.0,1.0,0.0,1.0,0.6666666666666666,0.7054726368159204,0.7257274119448698,No,0
1.0,0.0,1.0,1.0,0.05555555555555555,1.0,1.0,0.5,0.0,1.0,1.0,0.0,0.0,0.0,0.0,1.0,0.0,0.6621890547263681,0.4901990811638591,Yes,3
0.0,1.0,0.0,0.0,0.29166666666666663,0.0,0.5,0.0,1.0,0.0,0.0,0.0,1.0,0.0,0.0,1.0,0.6666666666666666,0.23532338308457706,0.9464012251148545,Yes,0
0.0,0.0,0.0,0.0,0.1388888888888889,1.0,0.0,0.5,0.0,0.0,0.0,0.0,0.0,1.0,0.0,1.0,0.0,0.6169154228855721,0.9485451761102603,Yes,0
0.0,1.0,0.0,0.0,0.2222222222222222,1.0,1.0,0.0,1.0,0.0,0.0,0.0,0.0,0.0,0.0,1.0,0.6666666666666666,0.3567164179104477,0.9637059724349157,No,0
1.0,0.0,1.0,0.0,0.8888888888888888,1.0,1.0,0.5,0.0,1.0,0.0,1.0,1.0,1.0,1.0,1.0,0.6666666666666666,0.8656716417910447,0.8257274119448698,No,3
1.0,1.0,1.0,0.0,0.375,0.0,0.5,0.0,1.0,0.0,0.0,0.0,0.0,0.0,0.0,0.0,0.3333333333333333,0.12437810945273631,0.9249617151607963,Yes,3
1.0,0.0,1.0,1.0,0.5833333333333333,1.0,1.0,0.5,1.0,0.0,0.0,0.0,1.0,1.0,0.5,0.0,0.6666666666666666,0.7845771144278606,0.5257274119448698,No,3
1.0,0.0,0.0,1.0,0.06944444444444445,1.0,0.0,1.0,0.5,0.5,0.5,0.5,0.5,0.5,0.0,0.0,1.0,0.019402985074626844,0.9392036753445635,No,3
0.0,0.0,0.0,0.0,0.5694444444444444,1.0,0.0,0.5,0.0,1.0,0.0,1.0,1.0,1.0,1.0,1.0,0.0,0.8014925373134327,0.5183767228177641,No,0
1.0,0.0,1.0,0.0,0.8055555555555555,1.0,0.0,0.0,0.0,0.0,1.0,0.0,0.0,0.0,0.5,0.0,0.3333333333333333,0.3189054726368159,0.3803981623277182,No,3
0.0,0.0,0.0,0.0,0.6527777777777778,1.0,0.0,1.0,0.5,0.5,0.5,0.5,0.5,0.5,1.0,1.0,1.0,0.02288557213930348,0.9849923430321592,No,0
1.0,0.0,0.0,0.0,0.25,1.0,0.0,0.5,0.0,0.0,0.0,1.0,0.0,0.0,0.0,1.0,0.0,0.5736318407960199,0.10306278713629402,No,3
1.0,0.0,0.0,0.0,0.06944444444444445,1.0,0.0,0.5,0.0,0.0,1.0,0.0,1.0,1.0,0.0,0.0,0.0,0.7786069651741293,0.6390505359877489,Yes,3
1.0,0.0,1.0,0.0,0.3194444444444444,1.0,0.0,0.0,1.0,0.0,0.0,0.0,0.0,1.0,0.0,1.0,0.0,0.4149253731343284,0.11362940275650842,No,3
0.0,0.0,0.0,0.0,0.013888888888888888,1.0,0.0,1.0,0.5,0.5,0.5,0.5,0.5,0.5,0.0,0.0,1.0,0.008955223880596996,0.22633996937212864,No,0
1.0,0.0,1.0,0.0,0.986111111111111,1.0,1.0,0.5,0.0,0.0,1.0,0.0,1.0,1.0,0.5,1.0,0.3333333333333333,0.8,0.839509954058193,No,3
1.0,0.0,1.0,1.0,1.0,1.0,1.0,0.5,1.0,1.0,1.0,1.0,1.0,1.0,1.0,1.0,0.3333333333333333,0.9388059701492536,0.9301684532924961,No,3
1.0,0.0,1.0,1.0,0.4583333333333333,1.0,0.0,1.0,0.5,0.5,0.5,0.5,0.5,0.5,0.5,0.0,1.0,0.023383084577114438,0.8355283307810107,No,3
1.0,0.0,0.0,0.0,0.027777777777777776,1.0,1.0,0.5,0.0,0.0,0.0,0.0,1.0,0.0,0.0,1.0,0.6666666666666666,0.6706467661691543,0.20796324655436446,Yes,3
1.0,0.0,0.0,1.0,0.3333333333333333,0.0,0.5,0.0,1.0,0.0,0.0,1.0,0.0,0.0,1.0,0.0,1.0,0.17412935323383083,0.9396630934150076,No,3
0.0,0.0,1.0,1.0,0.7777777777777777,1.0,1.0,0.5,0.0,1.0,1.0,1.0,0.0,1.0,0.5,1.0,0.3333333333333333,0.8109452736318408,0.7110260336906585,No,0
1.0,0.0,0.0,0.0,0.5138888888888888,1.0,0.0,0.5,0.0,1.0,0.0,0.0,1.0,1.0,0.0,1.0,0.3333333333333333,0.7746268656716417,0.4823889739663093,No,3
0.0,0.0,0.0,0.0,0.5972222222222222,1.0,1.0,0.0,0.0,1.0,1.0,1.0,1.0,1.0,0.5,0.0,0.3333333333333333,0.6651741293532337,0.48422664624808576,No,0
1.0,0.0,0.0,0.0,0.013888888888888888,0.0,0.5,0.0,0.0,0.0,0.0,0.0,0.0,0.0,0.0,0.0,1.0,0.07064676616915422,0.32986217457886674,No,3
0.0,0.0,1.0,0.0,0.3472222222222222,1.0,1.0,0.5,0.0,0.0,1.0,1.0,1.0,1.0,0.0,1.0,0.0,0.8626865671641791,0.34027565084226646,Yes,0
0.0,0.0,0.0,0.0,0.8472222222222222,1.0,1.0,0.0,1.0,1.0,1.0,1.0,1.0,1.0,1.0,0.0,0.6666666666666666,0.7104477611940299,0.6796324655436446,No,0
1.0,0.0,0.0,0.0,0.2361111111111111,1.0,1.0,0.5,0.0,0.0,1.0,1.0,0.0,0.0,0.5,0.0,0.6666666666666666,0.681592039800995,0.11500765696784074,No,3
0.0,0.0,1.0,0.0,0.5694444444444444,1.0,0.0,0.5,0.0,1.0,1.0,1.0,0.0,0.0,0.5,1.0,0.0,0.6761194029850747,0.4433384379785605,No,0
1.0,0.0,0.0,0.0,0.013888888888888888,1.0,0.0,0.0,0.0,1.0,0.0,0.0,0.0,0.0,0.0,0.0,1.0,0.32238805970149254,0.6480857580398162,Yes,3
1.0,1.0,1.0,1.0,1.0,0.0,0.5,0.0,1.0,1.0,1.0,1.0,1.0,1.0,1.0,1.0,0.0,0.46318407960199004,0.6128637059724349,No,3
1.0,0.0,0.0,0.0,0.013888888888888888,1.0,1.0,0.5,0.0,1.0,0.0,0.0,0.0,1.0,0.0,1.0,0.3333333333333333,0.7223880597014924,0.9689127105666155,Yes,3
1.0,0.0,0.0,0.0,0.6666666666666666,1.0,1.0,0.5,0.0,1.0,1.0,0.0,1.0,1.0,1.0,1.0,0.0,0.8940298507462686,0.6562021439509954,No,3
1.0,1.0,1.0,0.0,0.15277777777777776,1.0,0.0,1.0,0.5,0.5,0.5,0.5,0.5,0.5,0.0,0.0,1.0,0.01691542288557213,0.2696784073506891,Yes,3
0.0,1.0,1.0,0.0,0.7638888888888888,1.0,1.0,0.5,0.0,1.0,1.0,0.0,0.0,0.0,0.0,1.0,0.6666666666666666,0.6686567164179105,0.6309341500765696,Yes,0
0.0,0.0,0.0,0.0,0.5833333333333333,0.0,0.5,0.0,1.0,1.0,1.0,1.0,0.0,1.0,0.5,1.0,0.6666666666666666,0.36318407960199006,0.30382848392036754,No,0
1.0,0.0,0.0,0.0,0.611111111111111,1.0,1.0,0.5,0.0,0.0,1.0,0.0,0.0,1.0,0.0,1.0,1.0,0.7179104477611941,0.5321592649310872,No,3
1.0,0.0,0.0,1.0,0.013888888888888888,1.0,0.0,0.0,0.0,0.0,0.0,0.0,0.0,0.0,0.0,0.0,0.6666666666666666,0.2562189054726368,0.571822358346095,No,3
0.0,0.0,0.0,0.0,0.375,1.0,1.0,0.5,0.0,0.0,0.0,0.0,1.0,1.0,0.0,1.0,0.0,0.7696517412935323,0.34349157733537516,No,0
1.0,1.0,1.0,0.0,0.375,1.0,1.0,0.0,0.0,1.0,1.0,1.0,1.0,1.0,0.0,1.0,0.0,0.6621890547263681,0.29785604900459417,No,3
0.0,1.0,0.0,0.0,0.027777777777777776,1.0,0.0,0.0,0.0,0.0,0.0,0.0,0.0,0.0,0.0,1.0,0.6666666666666666,0.25920398009950246,0.9646248085758039,No,0
0.0,0.0,0.0,0.0,0.2638888888888889,1.0,0.0,1.0,0.5,0.5,0.5,0.5,0.5,0.5,0.0,0.0,1.0,0.01641791044776117,0.48453292496171513,No,0
0.0,1.0,1.0,0.0,0.5833333333333333,1.0,1.0,0.5,0.0,0.0,0.0,0.0,1.0,1.0,0.0,1.0,0.6666666666666666,0.7641791044776118,0.5160796324655437,No,0
0.0,0.0,0.0,0.0,0.9166666666666666,1.0,1.0,0.0,1.0,1.0,1.0,1.0,1.0,1.0,1.0,1.0,0.3333333333333333,0.7144278606965173,0.7483920367534456,No,0
1.0,1.0,1.0,0.0,0.4583333333333333,1.0,1.0,0.5,1.0,0.0,1.0,1.0,1.0,1.0,0.0,1.0,0.0,0.9119402985074626,0.48820826952526797,No,3
0.0,0.0,0.0,0.0,0.4722222222222222,1.0,0.0,0.5,0.0,1.0,0.0,0.0,0.0,0.0,0.0,1.0,0.3333333333333333,0.554228855721393,0.3339969372128637,Yes,0
1.0,1.0,0.0,0.0,0.4583333333333333,0.0,0.5,0.0,0.0,0.0,1.0,1.0,1.0,1.0,0.0,1.0,0.6666666666666666,0.36169154228855727,0.20719754977029095,No,3
0.0,0.0,1.0,1.0,0.3194444444444444,1.0,0.0,1.0,0.5,0.5,0.5,0.5,0.5,0.5,0.5,0.0,1.0,0.01791044776119402,0.5428790199081164,No,0
0.0,0.0,0.0,0.0,0.4444444444444444,1.0,0.0,1.0,0.5,0.5,0.5,0.5,0.5,0.5,0.5,0.0,0.0,0.014925373134328346,0.7751914241960184,No,0
0.0,0.0,0.0,0.0,0.15277777777777776,1.0,0.0,1.0,0.5,0.5,0.5,0.5,0.5,0.5,0.5,0.0,0.3333333333333333,0.01791044776119402,0.30781010719754975,No,0
1.0,0.0,1.0,1.0,0.9583333333333333,1.0,1.0,0.5,0.0,0.0,1.0,0.0,1.0,1.0,0.0,1.0,0.3333333333333333,0.8079601990049752,0.8457886676875956,Yes,3
0.0,0.0,1.0,0.0,0.9444444444444444,1.0,0.0,0.0,1.0,0.0,0.0,1.0,0.0,0.0,0.5,0.0,0.0,0.3746268656716417,0.5044410413476264,No,0
1.0,0.0,0.0,0.0,0.2777777777777778,1.0,0.0,1.0,0.5,0.5,0.5,0.5,0.5,0.5,1.0,1.0,1.0,0.014427860696517386,0.5483920367534456,No,3
1.0,0.0,0.0,0.0,1.0,1.0,0.0,1.0,0.5,0.5,0.5,0.5,0.5,0.5,1.0,1.0,0.3333333333333333,0.015422885572139305,0.13200612557427258,No,3
1.0,0.0,1.0,1.0,0.8333333333333333,1.0,1.0,0.5,1.0,0.0,1.0,0.0,1.0,0.0,0.5,1.0,0.0,0.7676616915422886,0.733843797856049,No,3
1.0,1.0,1.0,1.0,0.4444444444444444,1.0,0.0,0.5,0.0,1.0,0.0,0.0,1.0,1.0,0.0,1.0,1.0,0.7532338308457711,0.3781010719754977,No,3
0.0,0.0,0.0,0.0,0.013888888888888888,1.0,0.0,1.0,0.5,0.5,0.5,0.5,0.5,0.5,0.0,1.0,1.0,0.01641791044776117,0.22848392036753445,Yes,0
1.0,0.0,0.0,0.0,0.013888888888888888,1.0,0.0,1.0,0.5,0.5,0.5,0.5,0.5,0.5,0.0,1.0,1.0,0.013432835820895522,0.22756508422664623,Yes,3
1.0,1.0,0.0,0.0,0.041666666666666664,1.0,1.0,0.5,0.0,1.0,0.0,0.0,0.0,0.0,0.0,1.0,0.6666666666666666,0.6278606965174128,0.3009188361408882,Yes,3
0.0,0.0,1.0,0.0,0.6388888888888888,1.0,1.0,1.0,0.5,0.5,0.5,0.5,0.5,0.5,0.5,1.0,0.0,0.061691542288557194,0.019295558958652374,No,0
0.0,0.0,1.0,0.0,0.40277777777777773,1.0,1.0,0.5,0.0,0.0,0.0,0.0,0.0,0.0,0.0,1.0,0.6666666666666666,0.564179104477612,0.27029096477794795,No,0
1.0,0.0,0.0,0.0,0.7083333333333333,1.0,1.0,0.5,0.0,1.0,1.0,1.0,0.0,0.0,0.0,1.0,0.6666666666666666,0.6875621890547263,0.5811638591117917,No,3
0.0,1.0,1.0,0.0,0.6666666666666666,1.0,0.0,0.5,0.0,0.0,0.0,0.0,0.0,0.0,0.0,1.0,0.0,0.5213930348258707,0.4701378254211332,No,0
0.0,0.0,1.0,1.0,0.2222222222222222,1.0,0.0,0.5,0.0,1.0,0.0,0.0,0.0,0.0,0.0,0.0,0.0,0.5472636815920398,0.0557427258805513,No,0
1.0,0.0,1.0,0.0,0.9722222222222222,1.0,1.0,0.5,0.0,1.0,1.0,1.0,0.0,1.0,1.0,1.0,0.0,0.800497512437811,0.8290964777947932,No,3
0.0,0.0,1.0,1.0,0.5555555555555556,1.0,1.0,1.0,0.5,0.5,0.5,0.5,0.5,0.5,1.0,1.0,1.0,0.06517412935323383,0.008116385911179172,No,0
0.0,0.0,1.0,1.0,0.3055555555555555,1.0,0.0,0.5,0.0,1.0,0.0,0.0,0.0,1.0,0.0,0.0,0.6666666666666666,0.6472636815920397,0.21531393568147014,Yes,0
0.0,1.0,0.0,0.0,0.013888888888888888,1.0,0.0,0.5,0.0,0.0,1.0,0.0,0.0,0.0,0.0,1.0,0.0,0.5676616915422885,0.8834609494640122,Yes,0
0.0,0.0,1.0,1.0,0.06944444444444445,1.0,1.0,1.0,0.5,0.5,0.5,0.5,0.5,0.5,0.0,1.0,1.0,0.06019900497512437,0.0894333843797856,No,0
0.0,0.0,0.0,0.0,0.09722222222222221,1.0,0.0,0.5,0.0,0.0,0.0,0.0,0.0,0.0,0.0,1.0,0.0,0.5134328358208955,0.6627871362940275,No,0
1.0,0.0,0.0,1.0,0.40277777777777773,1.0,1.0,0.5,0.0,1.0,1.0,1.0,0.0,1.0,0.5,0.0,0.3333333333333333,0.8189054726368158,0.37457886676875957,No,3
1.0,0.0,1.0,1.0,0.611111111111111,1.0,1.0,1.0,0.5,0.5,0.5,0.5,0.5,0.5,0.5,0.0,1.0,0.07412935323383085,0.032771822358346095,No,3
0.0,0.0,0.0,0.0,0.1388888888888889,0.0,0.5,0.0,1.0,1.0,1.0,0.0,0.0,0.0,0.0,0.0,0.0,0.22338308457711442,0.5826952526799387,No,0
0.0,1.0,1.0,0.0,0.7638888888888888,1.0,1.0,0.0,0.0,0.0,0.0,0.0,0.0,0.0,0.0,0.0,0.0,0.3323383084577114,0.37519142419601836,No,0
1.0,1.0,1.0,0.0,0.7222222222222222,1.0,1.0,0.5,0.0,1.0,1.0,0.0,1.0,1.0,0.5,1.0,0.0,0.8641791044776118,0.685604900459418,No,3
0.0,0.0,1.0,1.0,0.1388888888888889,1.0,1.0,0.5,0.0,0.0,0.0,0.0,0.0,1.0,0.0,0.0,0.6666666666666666,0.6736318407960199,0.9551301684532925,No,0
1.0,0.0,0.0,0.0,0.25,1.0,1.0,0.5,0.0,0.0,0.0,0.0,0.0,0.0,0.0,1.0,0.0,0.5706467661691541,0.11026033690658499,No,3
0.0,0.0,1.0,0.0,0.9444444444444444,1.0,1.0,0.0,1.0,0.0,0.0,1.0,0.0,0.0,0.5,0.0,0.0,0.3980099502487562,0.52052067381317,No,0
0.0,0.0,1.0,1.0,0.8472222222222222,1.0,0.0,1.0,0.5,0.5,0.5,0.5,0.5,0.5,0.0,1.0,1.0,0.011442786069651711,0.052067381316998465,Yes,0
0.0,0.0,1.0,1.0,1.0,0.0,0.5,0.0,1.0,1.0,1.0,1.0,1.0,1.0,1.0,1.0,0.3333333333333333,0.4671641791044776,0.6192955589586524,No,0
1.0,0.0,0.0,0.0,0.027777777777777776,1.0,0.0,0.0,1.0,0.0,1.0,0.0,0.0,0.0,0.0,0.0,0.6666666666666666,0.3502487562189055,0.054058192955589585,No,3
1.0,0.0,0.0,0.0,0.16666666666666666,1.0,0.0,0.0,0.0,0.0,0.0,0.0,0.0,0.0,0.0,1.0,0.0,0.27014925373134324,0.6653905053598774,Yes,3
1.0,0.0,1.0,0.0,0.5694444444444444,1.0,0.0,1.0,0.5,0.5,0.5,0.5,0.5,0.5,1.0,1.0,0.6666666666666666,0.014925373134328346,0.967687595712098,No,3
0.0,0.0,0.0,0.0,0.3611111111111111,0.0,0.5,0.0,0.0,0.0,1.0,1.0,1.0,0.0,0.0,1.0,0.3333333333333333,0.2606965174129353,0.05252679938744257,No,0
1.0,0.0,1.0,0.0,0.5,1.0,0.0,1.0,0.5,0.5,0.5,0.5,0.5,0.5,0.5,0.0,0.0,0.025870646766169153,0.8612557427258806,No,3
1.0,0.0,1.0,1.0,1.0,1.0,1.0,0.5,1.0,1.0,1.0,1.0,1.0,1.0,1.0,1.0,0.3333333333333333,0.9532338308457712,0.9488514548238897,No,3
1.0,0.0,1.0,0.0,0.4861111111111111,1.0,1.0,0.5,0.0,0.0,0.0,1.0,0.0,1.0,0.0,1.0,0.0,0.7124378109452736,0.42021439509954056,No,3
1.0,0.0,0.0,0.0,0.013888888888888888,1.0,0.0,0.0,0.0,0.0,1.0,1.0,0.0,0.0,0.0,0.0,1.0,0.36616915422885565,0.6981623277182235,No,3
0.0,0.0,1.0,1.0,0.2222222222222222,1.0,1.0,0.5,1.0,0.0,1.0,1.0,1.0,1.0,0.0,1.0,0.6666666666666666,0.9422885572139305,0.2229709035222052,No,0
0.0,1.0,0.0,0.0,0.6805555555555555,1.0,1.0,0.5,1.0,0.0,0.0,0.0,1.0,1.0,0.0,0.0,0.3333333333333333,0.8288557213930349,0.6569678407350689,No,0
0.0,0.0,1.0,0.0,0.75,1.0,1.0,0.5,1.0,1.0,1.0,1.0,1.0,1.0,0.5,1.0,1.0,0.9592039800995026,0.7571209800918836,No,0
0.0,0.0,0.0,1.0,0.25,1.0,1.0,0.0,1.0,0.0,0.0,0.0,0.0,1.0,0.0,0.0,0.6666666666666666,0.46318407960199004,0.04762633996937213,No,0
0.0,0.0,1.0,0.0,0.5,1.0,0.0,0.5,0.0,0.0,0.0,0.0,0.0,1.0,0.0,0.0,0.6666666666666666,0.618407960199005,0.3888208269525268,No,0
0.0,0.0,0.0,0.0,0.8333333333333333,1.0,1.0,0.5,0.0,1.0,1.0,0.0,1.0,1.0,0.0,1.0,0.6666666666666666,0.8721393034825872,0.7895865237366003,Yes,0
0.0,0.0,0.0,0.0,0.013888888888888888,1.0,0.0,0.5,0.0,0.0,0.0,0.0,0.0,0.0,0.0,0.0,1.0,0.5104477611940298,0.8341500765696784,Yes,0
0.0,0.0,1.0,1.0,0.7222222222222222,1.0,1.0,1.0,0.5,0.5,0.5,0.5,0.5,0.5,1.0,1.0,0.0,0.06766169154228854,0.07626339969372128,No,0
1.0,0.0,1.0,1.0,0.1111111111111111,1.0,0.0,0.5,0.0,0.0,1.0,0.0,1.0,1.0,0.0,1.0,0.6666666666666666,0.7611940298507462,0.8911179173047473,No,3
1.0,0.0,1.0,1.0,1.0,1.0,0.0,0.5,1.0,1.0,0.0,1.0,1.0,1.0,1.0,0.0,0.0,0.8681592039800995,0.8931087289433384,No,3
0.0,0.0,0.0,0.0,0.8888888888888888,1.0,1.0,1.0,0.5,0.5,0.5,0.5,0.5,0.5,0.5,0.0,1.0,0.06417910447761191,0.17136294027565083,No,0
0.0,1.0,0.0,0.0,0.3055555555555555,1.0,0.0,0.0,1.0,0.0,1.0,1.0,0.0,1.0,0.0,1.0,1.0,0.5124378109452736,0.15022970903522204,No,0
1.0,0.0,1.0,0.0,0.8333333333333333,0.0,0.5,0.0,0.0,1.0,1.0,1.0,1.0,1.0,0.0,1.0,0.0,0.4174129353233831,0.47549770290964777,No,3
0.0,0.0,1.0,1.0,0.38888888888888884,1.0,0.0,0.5,0.0,0.0,0.0,0.0,0.0,1.0,0.0,1.0,0.6666666666666666,0.6248756218905472,0.28468606431852983,Yes,0
0.0,0.0,1.0,0.0,0.8472222222222222,1.0,1.0,1.0,0.5,0.5,0.5,0.5,0.5,0.5,1.0,0.0,1.0,0.061194029850746234,0.11776416539050535,No,0
0.0,0.0,0.0,0.0,0.3333333333333333,1.0,1.0,0.5,0.0,1.0,1.0,0.0,1.0,1.0,0.0,1.0,0.6666666666666666,0.854726368159204,0.32756508422664626,No,0
1.0,0.0,1.0,1.0,0.38888888888888884,1.0,0.0,0.5,0.0,1.0,1.0,1.0,1.0,0.0,0.5,0.0,0.0,0.7427860696517413,0.3679938744257274,No,3
0.0,0.0,1.0,1.0,0.41666666666666663,1.0,0.0,0.0,0.0,1.0,1.0,1.0,1.0,1.0,1.0,0.0,0.0,0.6223880597014925,0.30689127105666153,No,0
1.0,0.0,1.0,0.0,0.027777777777777776,1.0,0.0,1.0,0.5,0.5,0.5,0.5,0.5,0.5,0.0,0.0,1.0,0.01741293532338306,0.49831546707503827,No,3
1.0,0.0,0.0,0.0,0.013888888888888888,1.0,1.0,0.5,0.0,0.0,0.0,0.0,0.0,0.0,0.0,1.0,0.6666666666666666,0.5656716417910447,0.8833078101071975,No,3
1.0,0.0,0.0,1.0,0.08333333333333333,1.0,0.0,1.0,0.5,0.5,0.5,0.5,0.5,0.5,0.0,0.0,1.0,0.013930348258706454,0.0009188361408882082,No,3
0.0,0.0,1.0,0.0,0.3333333333333333,1.0,0.0,0.0,0.0,1.0,0.0,0.0,1.0,1.0,0.0,1.0,0.0,0.5094527363184079,0.16477794793261868,No,0
1.0,0.0,1.0,1.0,0.05555555555555555,1.0,1.0,0.5,0.0,0.0,1.0,0.0,1.0,1.0,0.0,0.0,0.6666666666666666,0.8248756218905472,0.5049004594180704,Yes,3
1.0,0.0,0.0,0.0,0.09722222222222221,1.0,1.0,0.5,0.0,1.0,0.0,0.0,1.0,1.0,0.0,1.0,0.6666666666666666,0.8114427860696517,0.8173047473200612,Yes,3
1.0,1.0,1.0,0.0,1.0,1.0,1.0,0.5,1.0,1.0,1.0,1.0,1.0,1.0,1.0,1.0,0.0,0.9731343283582089,0.9465543644716692,No,3
1.0,0.0,0.0,0.0,0.9722222222222222,0.0,0.5,0.0,0.0,0.0,0.0,1.0,0.0,1.0,1.0,1.0,1.0,0.21691542288557208,0.3713629402756508,No,3
1.0,1.0,1.0,0.0,0.8888888888888888,1.0,1.0,0.5,0.0,0.0,1.0,1.0,1.0,1.0,1.0,0.0,0.6666666666666666,0.8343283582089552,0.8006125574272588,No,3
1.0,0.0,1.0,1.0,1.0,1.0,1.0,0.5,0.0,1.0,0.0,0.0,1.0,0.0,0.5,1.0,0.6666666666666666,0.7109452736318408,0.8049004594180704,No,3
0.0,0.0,0.0,1.0,0.611111111111111,1.0,0.0,1.0,0.5,0.5,0.5,0.5,0.5,0.5,1.0,0.0,1.0,0.01641791044776117,0.9591117917304747,No,0
0.0,0.0,1.0,1.0,0.18055555555555555,1.0,0.0,0.0,0.0,0.0,0.0,0.0,0.0,1.0,0.0,0.0,0.6666666666666666,0.37512437810945276,0.8712098009188362,Yes,0
0.0,1.0,0.0,0.0,0.2361111111111111,1.0,0.0,1.0,0.5,0.5,0.5,0.5,0.5,0.5,0.5,0.0,1.0,0.023880597014925342,0.43905053598774885,No,0
1.0,0.0,0.0,0.0,0.013888888888888888,1.0,0.0,0.0,0.0,0.0,0.0,0.0,0.0,1.0,0.0,1.0,0.6666666666666666,0.3656716417910447,0.6980091883614089,Yes,3
1.0,0.0,1.0,0.0,0.125,1.0,0.0,0.0,0.0,0.0,1.0,0.0,1.0,1.0,0.0,1.0,1.0,0.5154228855721392,0.7151607963246555,No,3
1.0,0.0,1.0,0.0,0.3333333333333333,1.0,0.0,0.0,1.0,0.0,0.0,1.0,0.0,0.0,0.0,0.0,1.0,0.3517412935323383,0.0885145482388974,No,3
0.0,0.0,1.0,1.0,0.013888888888888888,1.0,0.0,0.5,0.0,1.0,0.0,0.0,0.0,0.0,0.0,1.0,0.6666666666666666,0.5616915422885572,0.876416539050536,Yes,0
1.0,0.0,0.0,0.0,0.3333333333333333,1.0,1.0,0.5,0.0,1.0,0.0,0.0,0.0,0.0,0.0,1.0,0.6666666666666666,0.6169154228855721,0.21929555895865235,Yes,3
1.0,1.0,1.0,1.0,0.4861111111111111,1.0,0.0,0.0,0.0,1.0,0.0,1.0,1.0,1.0,0.0,1.0,0.6666666666666666,0.5751243781094527,0.3653905053598775,No,3
0.0,0.0,1.0,1.0,0.09722222222222221,1.0,0.0,0.0,1.0,1.0,1.0,1.0,1.0,0.0,0.0,1.0,0.6666666666666666,0.5716417910447761,0.7039816232771822,No,0
1.0,0.0,0.0,0.0,0.06944444444444445,1.0,0.0,0.5,0.0,0.0,0.0,1.0,1.0,1.0,0.0,1.0,0.6666666666666666,0.7746268656716417,0.5905053598774885,Yes,3
0.0,0.0,0.0,1.0,0.20833333333333331,1.0,0.0,0.5,0.0,0.0,0.0,0.0,0.0,0.0,0.0,0.0,0.0,0.5049751243781094,0.998468606431853,Yes,0
1.0,0.0,1.0,1.0,0.15277777777777776,1.0,0.0,1.0,0.5,0.5,0.5,0.5,0.5,0.5,1.0,0.0,1.0,0.013930348258706454,0.28897396630934147,No,3
0.0,0.0,1.0,0.0,0.6666666666666666,0.0,0.5,0.0,1.0,0.0,1.0,0.0,0.0,1.0,0.0,1.0,0.0,0.2691542288557213,0.2699846860643185,Yes,0
0.0,1.0,0.0,0.0,0.2777777777777778,1.0,0.0,0.5,0.0,0.0,0.0,0.0,0.0,1.0,0.0,1.0,0.6666666666666666,0.6288557213930348,0.1770290964777948,No,0
0.0,0.0,1.0,0.0,1.0,1.0,1.0,0.5,0.0,1.0,1.0,1.0,1.0,1.0,0.5,1.0,0.0,0.8980099502487563,0.9228177641653905,No,0
0.0,0.0,1.0,1.0,0.1111111111111111,1.0,0.0,0.5,0.0,1.0,0.0,0.0,1.0,0.0,0.0,1.0,0.6666666666666666,0.6497512437810945,0.8245022970903522,Yes,0
1.0,0.0,1.0,1.0,1.0,1.0,1.0,0.5,0.0,0.0,0.0,0.0,0.0,1.0,1.0,1.0,0.3333333333333333,0.6592039800995024,0.7664624808575804,No,3
0.0,0.0,0.0,0.0,0.20833333333333331,1.0,1.0,0.5,0.0,1.0,0.0,0.0,1.0,1.0,0.0,1.0,0.6666666666666666,0.8149253731343283,0.11684532924961714,No,0
1.0,0.0,0.0,0.0,1.0,1.0,1.0,0.0,0.0,1.0,1.0,1.0,1.0,1.0,1.0,1.0,0.0,0.7,0.7728943338437978,No,3
0.0,0.0,1.0,1.0,0.0,0.0,0.5,0.0,1.0,0.0,1.0,1.0,1.0,0.0,1.0,1.0,0.0,0.3412935323383084,0.0,No,0
1.0,0.0,0.0,1.0,0.013888888888888888,1.0,1.0,0.5,0.0,0.0,0.0,0.0,0.0,0.0,0.0,1.0,0.6666666666666666,0.5582089552238805,0.8756508422664625,Yes,3
1.0,0.0,1.0,1.0,0.875,1.0,1.0,0.5,0.0,1.0,1.0,0.0,1.0,1.0,1.0,1.0,0.0,0.8611940298507462,0.8062787136294027,No,3
0.0,0.0,0.0,0.0,0.027777777777777776,1.0,0.0,0.0,0.0,1.0,0.0,0.0,1.0,0.0,0.0,1.0,0.6666666666666666,0.4054726368159204,0.04134762633996937,No,0
0.0,0.0,1.0,0.0,0.027777777777777776,1.0,0.0,0.5,1.0,0.0,0.0,0.0,0.0,0.0,0.0,1.0,0.6666666666666666,0.5587064676616916,0.10888208269525268,Yes,0
1.0,1.0,1.0,0.0,0.8472222222222222,1.0,1.0,0.0,0.0,1.0,0.0,0.0,0.0,1.0,0.5,0.0,0.0,0.45572139303482584,0.5125574272588055,No,3
1.0,0.0,0.0,0.0,0.013888888888888888,1.0,0.0,1.0,0.5,0.5,0.5,0.5,0.5,0.5,0.0,0.0,1.0,0.021393034825870627,0.24716692189892803,No,3
1.0,0.0,0.0,0.0,0.3055555555555555,0.0,0.5,0.0,0.0,1.0,1.0,0.0,0.0,1.0,0.5,1.0,0.0,0.2537313432835821,0.9698315467075038,Yes,3
1.0,0.0,1.0,0.0,0.38888888888888884,1.0,0.0,0.0,1.0,1.0,0.0,1.0,0.0,0.0,0.0,0.0,1.0,0.42437810945273624,0.2021439509954058,No,3
0.0,0.0,1.0,0.0,0.9722222222222222,1.0,0.0,1.0,0.5,0.5,0.5,0.5,0.5,0.5,1.0,0.0,0.0,0.015422885572139305,0.1110260336906585,No,0
0.0,1.0,0.0,0.0,0.06944444444444445,0.0,0.5,0.0,0.0,1.0,0.0,0.0,0.0,0.0,0.0,0.0,0.6666666666666666,0.10149253731343283,0.08698315467075038,Yes,0
0.0,0.0,0.0,0.0,0.16666666666666666,1.0,1.0,0.5,1.0,1.0,1.0,0.0,0.0,1.0,0.0,1.0,0.0,0.8104477611940298,0.0667687595712098,Yes,0
1.0,0.0,0.0,0.0,0.4722222222222222,1.0,1.0,0.5,1.0,1.0,1.0,1.0,1.0,1.0,0.5,0.0,0.3333333333333333,0.9751243781094526,0.5110260336906585,No,3
0.0,1.0,1.0,0.0,0.986111111111111,1.0,1.0,0.5,1.0,0.0,0.0,0.0,0.0,0.0,1.0,1.0,0.3333333333333333,0.6213930348258706,0.7179173047473201,No,0
0.0,0.0,1.0,1.0,0.9722222222222222,1.0,1.0,0.0,1.0,0.0,0.0,0.0,0.0,1.0,0.5,0.0,0.0,0.4671641791044776,0.5931087289433384,No,0
0.0,0.0,1.0,1.0,0.7222222222222222,1.0,0.0,0.5,1.0,0.0,1.0,1.0,0.0,0.0,0.0,1.0,0.0,0.6547263681592039,0.5637059724349157,No,0
1.0,0.0,0.0,1.0,0.9583333333333333,1.0,1.0,0.0,1.0,1.0,1.0,1.0,1.0,0.0,1.0,1.0,0.3333333333333333,0.608955223880597,0.7001531393568147,No,3
0.0,1.0,0.0,0.0,0.2777777777777778,1.0,1.0,0.5,0.0,1.0,1.0,0.0,0.0,1.0,0.0,1.0,0.6666666666666666,0.7547263681592039,0.20137825421133232,Yes,0
1.0,0.0,0.0,1.0,0.15277777777777776,1.0,1.0,0.5,0.0,0.0,1.0,0.0,0.0,0.0,0.0,1.0,1.0,0.5945273631840796,0.9520673813169984,No,3
1.0,0.0,1.0,0.0,0.027777777777777776,1.0,0.0,0.5,0.0,0.0,0.0,1.0,1.0,1.0,0.0,1.0,0.6666666666666666,0.7557213930348259,0.1768759571209801,Yes,3
0.0,0.0,1.0,1.0,0.08333333333333333,1.0,1.0,0.5,0.0,0.0,0.0,1.0,0.0,0.0,0.0,1.0,0.6666666666666666,0.6194029850746269,0.6511485451761102,Yes,0
0.0,0.0,0.0,0.0,0.013888888888888888,1.0,0.0,1.0,0.5,0.5,0.5,0.5,0.5,0.5,0.0,0.0,1.0,0.015920398009950265,0.22833078101071974,No,0
1.0,1.0,1.0,1.0,0.2777777777777778,1.0,0.0,0.5,1.0,0.0,1.0,1.0,0.0,1.0,0.5,0.0,0.3333333333333333,0.7567164179104477,0.21010719754977028,No,3
1.0,0.0,0.0,0.0,0.8472222222222222,1.0,1.0,0.5,1.0,0.0,1.0,0.0,1.0,1.0,0.0,1.0,0.6666666666666666,0.8776119402985075,0.7800918836140888,No,3
0.0,1.0,1.0,0.0,0.06944444444444445,1.0,1.0,0.5,0.0,0.0,0.0,0.0,0.0,0.0,0.0,1.0,0.6666666666666666,0.5582089552238805,0.44364471669218986,Yes,0
0.0,0.0,0.0,0.0,0.7777777777777777,1.0,1.0,0.5,0.0,1.0,0.0,1.0,1.0,1.0,0.0,1.0,0.0,0.8676616915422884,0.743032159264931,No,0
1.0,0.0,0.0,0.0,0.41666666666666663,1.0,1.0,0.5,1.0,1.0,1.0,1.0,0.0,0.0,0.0,1.0,0.3333333333333333,0.763681592039801,0.3773353751914242,No,3
1.0,0.0,0.0,0.0,0.5555555555555556,1.0,1.0,0.5,0.0,0.0,1.0,1.0,1.0,1.0,0.0,0.0,0.0,0.8611940298507462,0.5398162327718223,Yes,3
0.0,0.0,0.0,0.0,0.38888888888888884,1.0,0.0,0.0,1.0,0.0,0.0,1.0,0.0,0.0,0.5,0.0,1.0,0.35870646766169145,0.15038284839203675,No,0
0.0,1.0,1.0,0.0,0.06944444444444445,1.0,0.0,0.5,0.0,0.0,0.0,0.0,0.0,0.0,0.0,0.0,0.6666666666666666,0.5154228855721392,0.4013782542113323,No,0
0.0,1.0,1.0,0.0,0.375,1.0,0.0,0.5,1.0,0.0,0.0,0.0,0.0,0.0,0.0,1.0,0.0,0.5666666666666667,0.233843797856049,Yes,0
1.0,0.0,0.0,0.0,0.16666666666666666,1.0,0.0,1.0,0.5,0.5,0.5,0.5,0.5,0.5,0.0,0.0,0.3333333333333333,0.01791044776119402,0.35160796324655436,No,3
1.0,0.0,1.0,1.0,0.9305555555555555,1.0,1.0,0.5,0.0,1.0,1.0,0.0,1.0,1.0,0.5,1.0,0.6666666666666666,0.8671641791044776,0.84104134762634,No,3
1.0,1.0,1.0,0.0,0.40277777777777773,1.0,1.0,0.0,0.0,0.0,0.0,0.0,0.0,0.0,0.0,1.0,0.6666666666666666,0.33184079601990046,0.12542113323124043,No,3
1.0,0.0,1.0,1.0,0.7638888888888888,1.0,1.0,0.5,0.0,0.0,0.0,0.0,0.0,1.0,0.0,0.0,0.0,0.6691542288557214,0.6111791730474732,No,3
0.0,0.0,0.0,0.0,0.3194444444444444,1.0,1.0,0.5,0.0,0.0,0.0,0.0,0.0,0.0,0.0,0.0,0.0,0.5706467661691541,0.19601837672281774,Yes,0
1.0,0.0,1.0,0.0,0.4722222222222222,1.0,1.0,0.5,0.0,0.0,1.0,0.0,1.0,1.0,0.0,1.0,0.6666666666666666,0.8139303482587064,0.46202143950995406,Yes,3
1.0,0.0,0.0,0.0,0.7222222222222222,1.0,0.0,0.5,1.0,0.0,1.0,0.0,1.0,0.0,0.5,0.0,0.6666666666666666,0.7263681592039801,0.6134762633996937,No,3
1.0,1.0,1.0,1.0,1.0,1.0,1.0,0.5,1.0,1.0,1.0,1.0,1.0,1.0,1.0,1.0,0.3333333333333333,0.9701492537313433,0.9448698315467075,No,3
1.0,0.0,1.0,1.0,0.8055555555555555,1.0,1.0,0.5,0.0,1.0,0.0,1.0,1.0,0.0,0.5,1.0,0.3333333333333333,0.7606965174129353,0.6906584992343032,No,3
1.0,0.0,1.0,1.0,0.4861111111111111,1.0,0.0,1.0,0.5,0.5,0.5,0.5,0.5,0.5,1.0,0.0,1.0,0.013432835820895522,0.8295558958652374,No,3
0.0,1.0,0.0,0.0,0.7777777777777777,1.0,1.0,0.5,0.0,1.0,1.0,1.0,1.0,0.0,1.0,1.0,0.0,0.8124378109452737,0.7211332312404287,No,0
0.0,0.0,1.0,1.0,0.3333333333333333,1.0,0.0,1.0,0.5,0.5,0.5,0.5,0.5,0.5,1.0,1.0,0.3333333333333333,0.028358208955223896,0.6355283307810107,No,0
1.0,0.0,1.0,1.0,0.9722222222222222,1.0,0.0,1.0,0.5,0.5,0.5,0.5,0.5,0.5,1.0,0.0,0.3333333333333333,0.01791044776119402,0.1004594180704441,No,3
1.0,0.0,0.0,0.0,0.027777777777777776,1.0,0.0,0.5,0.0,0.0,0.0,0.0,1.0,0.0,0.0,1.0,0.6666666666666666,0.6139303482587065,0.19157733537519142,No,3
1.0,1.0,1.0,1.0,0.9444444444444444,1.0,1.0,0.5,0.0,0.0,1.0,1.0,1.0,1.0,0.5,1.0,0.3333333333333333,0.8845771144278608,0.8732006125574272,No,3
0.0,0.0,0.0,0.0,0.013888888888888888,1.0,1.0,0.5,0.0,0.0,0.0,0.0,0.0,1.0,0.0,1.0,0.6666666666666666,0.664179104477612,0.9503828483920367,Yes,0
1.0,0.0,0.0,0.0,0.16666666666666666,1.0,1.0,0.5,0.0,0.0,1.0,0.0,1.0,0.0,0.0,1.0,0.6666666666666666,0.7094527363184079,0.006431852986217458,No,3
0.0,0.0,1.0,0.0,0.875,1.0,1.0,0.5,0.0,1.0,0.0,0.0,0.0,0.0,0.0,1.0,0.0,0.6298507462686567,0.6519142419601838,No,0
0.0,0.0,1.0,1.0,0.4583333333333333,1.0,0.0,0.0,1.0,1.0,1.0,0.0,0.0,0.0,0.5,1.0,1.0,0.4,0.23843797856049004,No,0
0.0,0.0,1.0,0.0,0.9583333333333333,1.0,0.0,0.5,0.0,1.0,0.0,0.0,1.0,1.0,0.5,1.0,0.3333333333333333,0.7701492537313434,0.8183767228177642,No,0
0.0,0.0,1.0,1.0,0.8333333333333333,1.0,0.0,0.0,0.0,1.0,1.0,1.0,1.0,1.0,1.0,1.0,0.0,0.6203980099502486,0.6418070444104135,No,0
0.0,0.0,1.0,1.0,1.0,1.0,1.0,0.5,1.0,1.0,1.0,1.0,1.0,1.0,1.0,1.0,0.0,0.9437810945273631,0.9358346094946401,No,0
0.0,0.0,0.0,0.0,0.15277777777777776,1.0,1.0,0.0,0.0,0.0,0.0,0.0,0.0,1.0,0.0,1.0,1.0,0.40497512437810945,0.7537519142419602,No,0
0.0,0.0,0.0,0.0,0.013888888888888888,1.0,0.0,1.0,0.5,0.5,0.5,0.5,0.5,0.5,0.0,0.0,1.0,0.012935323383084563,0.22741194486983154,No,0
1.0,0.0,0.0,0.0,0.1388888888888889,1.0,1.0,0.5,0.0,0.0,0.0,0.0,1.0,0.0,0.0,1.0,0.0,0.6746268656716418,0.9424196018376723,Yes,3
1.0,0.0,0.0,0.0,0.18055555555555555,0.0,0.5,0.0,1.0,0.0,0.0,1.0,1.0,0.0,0.0,1.0,0.3333333333333333,0.2716417910447761,0.7491577335375191,Yes,3
1.0,0.0,1.0,1.0,0.4722222222222222,1.0,0.0,0.5,0.0,0.0,0.0,0.0,0.0,1.0,0.5,1.0,0.0,0.6039800995024875,0.35099540581929556,No,3
1.0,0.0,1.0,1.0,0.5416666666666666,1.0,0.0,0.5,0.0,1.0,0.0,0.0,1.0,0.0,0.0,1.0,1.0,0.6771144278606964,0.435375191424196,Yes,3
0.0,0.0,0.0,0.0,0.9027777777777777,1.0,1.0,0.5,0.0,1.0,0.0,1.0,1.0,1.0,0.5,1.0,0.0,0.863681592039801,0.8185298621745788,No,0
1.0,1.0,1.0,0.0,0.6944444444444444,1.0,1.0,0.5,1.0,1.0,1.0,0.0,1.0,0.0,0.5,1.0,0.0,0.8323383084577115,0.674885145482389,No,3
1.0,0.0,0.0,0.0,0.20833333333333331,1.0,0.0,1.0,0.5,0.5,0.5,0.5,0.5,0.5,0.0,0.0,1.0,0.014925373134328346,0.4142419601837672,No,3
1.0,0.0,1.0,1.0,1.0,1.0,1.0,0.5,1.0,1.0,1.0,0.0,1.0,1.0,1.0,1.0,0.0,0.9159203980099503,0.9186830015313936,No,3
0.0,0.0,1.0,1.0,1.0,1.0,1.0,0.5,1.0,1.0,1.0,1.0,1.0,1.0,1.0,1.0,0.0,0.9686567164179104,0.9350689127105666,No,0
1.0,0.0,1.0,1.0,0.7638888888888888,1.0,0.0,1.0,0.5,0.5,0.5,0.5,0.5,0.5,1.0,0.0,0.0,0.010945273631840807,0.0445635528330781,No,3
0.0,0.0,1.0,1.0,0.3194444444444444,1.0,1.0,1.0,0.5,0.5,0.5,0.5,0.5,0.5,1.0,1.0,0.3333333333333333,0.07313432835820893,0.6624808575803981,No,0
1.0,0.0,0.0,0.0,0.4444444444444444,1.0,1.0,0.5,0.0,1.0,0.0,0.0,0.0,0.0,0.0,1.0,0.0,0.617910447761194,0.3437978560490046,Yes,3
0.0,0.0,1.0,1.0,0.7777777777777777,1.0,1.0,0.0,1.0,0.0,1.0,0.0,0.0,1.0,0.5,1.0,0.0,0.5024875621890547,0.4998468606431853,No,0
0.0,0.0,0.0,0.0,0.013888888888888888,1.0,0.0,1.0,0.5,0.5,0.5,0.5,0.5,0.5,0.0,0.0,0.0,0.01641791044776117,0.22848392036753445,No,0
1.0,0.0,0.0,0.0,0.5277777777777778,1.0,0.0,0.0,1.0,1.0,0.0,1.0,1.0,0.0,0.5,0.0,1.0,0.5208955223880596,0.36033690658499234,No,3
1.0,0.0,0.0,0.0,0.15277777777777776,1.0,0.0,0.5,0.0,0.0,0.0,0.0,0.0,0.0,0.0,0.0,0.6666666666666666,0.5169154228855721,0.8923430321592649,No,3
1.0,0.0,0.0,0.0,0.013888888888888888,1.0,0.0,0.0,0.0,0.0,0.0,1.0,0.0,0.0,0.0,1.0,0.6666666666666666,0.308955223880597,0.6338437978560489,No,3
1.0,0.0,1.0,0.0,0.7777777777777777,1.0,1.0,0.5,0.0,1.0,0.0,1.0,1.0,1.0,0.5,1.0,0.6666666666666666,0.8855721393034827,0.755895865237366,No,3
1.0,0.0,1.0,0.0,0.041666666666666664,1.0,1.0,1.0,0.5,0.5,0.5,0.5,0.5,0.5,0.0,1.0,1.0,0.05323383084577116,0.9640122511485452,No,3
1.0,0.0,1.0,1.0,0.09722222222222221,1.0,0.0,0.0,1.0,0.0,0.0,0.0,1.0,1.0,0.0,0.0,0.3333333333333333,0.5119402985074627,0.6637059724349158,No,3
1.0,0.0,1.0,1.0,0.8194444444444444,1.0,1.0,0.5,0.0,0.0,1.0,0.0,1.0,1.0,1.0,1.0,0.3333333333333333,0.808457711442786,0.7378254211332312,No,3
1.0,0.0,0.0,0.0,0.09722222222222221,1.0,0.0,0.0,0.0,0.0,1.0,1.0,1.0,0.0,0.0,0.0,0.0,0.4582089552238805,0.5785604900459418,No,3
1.0,0.0,1.0,1.0,0.986111111111111,1.0,0.0,0.0,1.0,0.0,1.0,1.0,0.0,1.0,1.0,1.0,0.3333333333333333,0.5233830845771144,0.6444104134762634,No,3
1.0,0.0,1.0,1.0,0.20833333333333331,1.0,0.0,0.5,1.0,0.0,0.0,1.0,1.0,1.0,0.5,0.0,0.6666666666666666,0.8323383084577115,0.1762633996937213,No,3
1.0,0.0,1.0,0.0,0.986111111111111,1.0,1.0,0.0,1.0,1.0,0.0,1.0,1.0,0.0,1.0,0.0,0.3333333333333333,0.5497512437810945,0.6843797856049004,No,3
0.0,0.0,0.0,0.0,0.4861111111111111,1.0,1.0,0.5,0.0,0.0,1.0,0.0,1.0,1.0,0.0,1.0,0.6666666666666666,0.8159203980099502,0.4681470137825421,Yes,0
0.0,0.0,0.0,0.0,0.15277777777777776,0.0,0.5,0.0,0.0,1.0,1.0,1.0,0.0,0.0,0.5,1.0,0.3333333333333333,0.22039800995024872,0.5517611026033691,No,0
0.0,0.0,1.0,1.0,0.8333333333333333,1.0,0.0,1.0,0.5,0.5,0.5,0.5,0.5,0.5,1.0,1.0,0.3333333333333333,0.009950248756218888,0.030781010719754975,No,0
1.0,1.0,0.0,0.0,0.6527777777777778,1.0,1.0,0.0,0.0,1.0,0.0,1.0,0.0,0.0,1.0,0.0,0.0,0.4114427860696518,0.3664624808575804,No,3
0.0,0.0,0.0,0.0,0.15277777777777776,1.0,0.0,0.0,0.0,0.0,1.0,1.0,0.0,1.0,0.5,0.0,0.3333333333333333,0.464179104477612,0.8396630934150077,No,0
1.0,0.0,1.0,0.0,0.7777777777777777,1.0,1.0,0.5,0.0,1.0,0.0,0.0,1.0,1.0,0.5,0.0,0.3333333333333333,0.8164179104477611,0.7120980091883614,Yes,3
0.0,1.0,1.0,0.0,0.38888888888888884,1.0,1.0,0.5,0.0,1.0,1.0,1.0,1.0,1.0,0.0,1.0,0.6666666666666666,0.9213930348258706,0.42633996937212865,No,0
1.0,0.0,1.0,0.0,0.8472222222222222,1.0,0.0,0.0,1.0,1.0,0.0,1.0,1.0,1.0,1.0,1.0,1.0,0.6248756218905472,0.6150076569678408,No,3
1.0,0.0,1.0,1.0,0.4305555555555555,1.0,1.0,0.5,1.0,0.0,1.0,0.0,1.0,0.0,0.5,0.0,0.0,0.7940298507462686,0.4096477794793262,No,3
1.0,0.0,0.0,0.0,0.125,1.0,0.0,0.5,0.0,0.0,0.0,0.0,0.0,0.0,0.0,1.0,0.6666666666666666,0.5199004975124378,0.7493108728943338,No,3
1.0,1.0,1.0,0.0,0.4861111111111111,1.0,1.0,0.5,1.0,1.0,0.0,0.0,0.0,1.0,0.0,1.0,0.6666666666666666,0.7592039800995024,0.44716692189892804,No,3
1.0,0.0,0.0,0.0,0.027777777777777776,1.0,0.0,1.0,0.5,0.5,0.5,0.5,0.5,0.5,0.0,1.0,1.0,0.013930348258706454,0.4990811638591118,No,3
0.0,0.0,1.0,1.0,0.16666666666666666,1.0,0.0,1.0,0.5,0.5,0.5,0.5,0.5,0.5,0.0,0.0,1.0,0.007462686567164173,0.3006125574272588,Yes,0
0.0,0.0,0.0,0.0,0.013888888888888888,1.0,0.0,0.5,1.0,0.0,0.0,0.0,0.0,0.0,0.0,0.0,1.0,0.5676616915422885,0.8834609494640122,Yes,0
0.0,1.0,0.0,0.0,0.05555555555555555,1.0,1.0,0.5,0.0,0.0,1.0,0.0,1.0,0.0,0.0,1.0,0.6666666666666666,0.7059701492537314,0.4581929555895865,Yes,0
0.0,0.0,1.0,1.0,0.013888888888888888,1.0,0.0,1.0,0.5,0.5,0.5,0.5,0.5,0.5,0.0,1.0,1.0,0.007462686567164173,0.22588055130168452,No,0
0.0,0.0,0.0,0.0,0.041666666666666664,1.0,0.0,1.0,0.5,0.5,0.5,0.5,0.5,0.5,0.0,1.0,1.0,0.01741293532338306,0.7633996937212864,No,0
0.0,1.0,0.0,0.0,0.013888888888888888,1.0,1.0,0.5,0.0,0.0,0.0,0.0,1.0,0.0,0.0,1.0,0.6666666666666666,0.6711442786069651,0.9514548238897397,Yes,0
1.0,0.0,0.0,0.0,0.7222222222222222,1.0,0.0,0.0,1.0,1.0,0.0,0.0,1.0,0.0,1.0,1.0,0.3333333333333333,0.4477611940298507,0.444104134762634,No,3
1.0,0.0,1.0,1.0,0.06944444444444445,1.0,0.0,1.0,0.5,0.5,0.5,0.5,0.5,0.5,0.5,0.0,1.0,0.01840796019900498,0.9506891271056661,No,3
1.0,0.0,1.0,0.0,1.0,1.0,1.0,0.5,1.0,1.0,1.0,0.0,0.0,1.0,1.0,1.0,0.6666666666666666,0.8049751243781095,0.8788667687595711,No,3
1.0,0.0,1.0,1.0,0.986111111111111,1.0,1.0,0.0,1.0,1.0,1.0,1.0,1.0,1.0,1.0,0.0,0.6666666666666666,0.7179104477611941,0.8108728943338438,No,3
1.0,0.0,1.0,0.0,1.0,1.0,1.0,0.5,1.0,0.0,1.0,1.0,1.0,1.0,1.0,1.0,0.3333333333333333,0.9318407960199006,0.9260336906584992,No,3
1.0,0.0,1.0,1.0,0.6388888888888888,1.0,1.0,1.0,0.5,0.5,0.5,0.5,0.5,0.5,0.5,0.0,0.6666666666666666,0.06616915422885569,0.049923430321592646,No,3
1.0,0.0,1.0,1.0,0.875,1.0,1.0,0.0,1.0,1.0,1.0,0.0,1.0,1.0,1.0,0.0,0.3333333333333333,0.6492537313432836,0.6914241960183767,No,3
1.0,0.0,0.0,0.0,0.41666666666666663,1.0,0.0,0.5,1.0,1.0,1.0,0.0,0.0,0.0,0.0,1.0,0.3333333333333333,0.6572139303482587,0.31929555895865236,No,3
1.0,0.0,0.0,0.0,0.013888888888888888,1.0,0.0,0.0,0.0,0.0,0.0,0.0,0.0,0.0,0.0,0.0,1.0,0.2721393034825871,0.5849923430321593,No,3
0.0,0.0,0.0,0.0,0.16666666666666666,1.0,1.0,0.0,1.0,0.0,1.0,1.0,0.0,0.0,0.0,1.0,1.0,0.43184079601990044,0.8565084226646248,Yes,0
1.0,0.0,0.0,0.0,0.2222222222222222,0.0,0.5,0.0,1.0,1.0,1.0,1.0,1.0,0.0,1.0,0.0,1.0,0.3641791044776119,0.9735068912710566,No,3
1.0,0.0,0.0,0.0,0.05555555555555555,1.0,1.0,0.0,0.0,0.0,0.0,1.0,0.0,1.0,0.0,0.0,1.0,0.47064676616915413,0.30719754977029096,No,3
1.0,0.0,1.0,0.0,0.7083333333333333,1.0,1.0,0.5,0.0,1.0,0.0,0.0,0.0,1.0,0.5,1.0,0.3333333333333333,0.717412935323383,0.5996937212863706,No,3
1.0,0.0,1.0,0.0,0.9027777777777777,1.0,0.0,1.0,0.5,0.5,0.5,0.5,0.5,0.5,1.0,1.0,0.3333333333333333,0.021393034825870627,0.11638591117917305,No,3
1.0,0.0,0.0,0.0,0.2222222222222222,1.0,0.0,0.5,0.0,0.0,0.0,1.0,0.0,0.0,0.0,1.0,0.3333333333333333,0.5601990049751243,0.04869831546707504,No,3
1.0,0.0,0.0,0.0,0.027777777777777776,1.0,0.0,1.0,0.5,0.5,0.5,0.5,0.5,0.5,0.5,0.0,1.0,0.01691542288557213,0.6093415007656968,No,3
0.0,0.0,1.0,1.0,0.9166666666666666,1.0,1.0,0.5,0.0,0.0,0.0,0.0,0.0,0.0,0.5,1.0,0.0,0.5572139303482587,0.6275650842266463,No,0
1.0,0.0,0.0,0.0,0.6388888888888888,1.0,1.0,0.5,0.0,1.0,1.0,1.0,1.0,1.0,1.0,0.0,0.6666666666666666,0.899502487562189,0.6361408882082695,No,3
0.0,0.0,0.0,0.0,0.4444444444444444,1.0,1.0,0.5,1.0,0.0,1.0,1.0,1.0,1.0,0.5,1.0,0.0,0.908457711442786,0.4782542113323124,No,0
1.0,0.0,1.0,0.0,1.0,1.0,1.0,0.0,1.0,0.0,1.0,1.0,1.0,1.0,1.0,0.0,0.3333333333333333,0.6805970149253732,0.7623277182235835,No,3
1.0,0.0,1.0,1.0,0.5277777777777778,1.0,0.0,0.0,1.0,0.0,1.0,1.0,1.0,1.0,1.0,0.0,0.3333333333333333,0.6243781094527363,0.4098009188361409,No,3
1.0,0.0,0.0,1.0,0.7083333333333333,1.0,0.0,0.0,0.0,0.0,0.0,1.0,0.0,0.0,0.5,0.0,0.3333333333333333,0.2945273631840796,0.30566615620214393,No,3
1.0,0.0,1.0,1.0,1.0,1.0,1.0,0.5,1.0,1.0,1.0,1.0,1.0,1.0,1.0,0.0,0.0,0.9582089552238805,0.9399693721286371,No,3
0.0,1.0,1.0,0.0,0.9027777777777777,1.0,1.0,0.5,1.0,0.0,1.0,0.0,1.0,1.0,0.0,0.0,0.0,0.8656716417910447,0.822052067381317,Yes,0
1.0,0.0,1.0,1.0,0.125,0.0,0.5,0.0,0.0,1.0,0.0,0.0,0.0,0.0,0.0,1.0,0.6666666666666666,0.11641791044776117,0.32603369065849924,Yes,3
0.0,0.0,1.0,1.0,0.125,1.0,0.0,0.0,1.0,1.0,1.0,1.0,0.0,0.0,0.0,0.0,1.0,0.46517412935323377,0.8085758039816232,Yes,0
1.0,0.0,0.0,1.0,0.9166666666666666,1.0,0.0,1.0,0.5,0.5,0.5,0.5,0.5,0.5,1.0,0.0,1.0,0.02288557213930348,0.0990811638591118,No,3
0.0,1.0,0.0,0.0,0.611111111111111,1.0,1.0,0.5,1.0,1.0,1.0,0.0,1.0,1.0,0.5,1.0,0.3333333333333333,0.9109452736318407,0.6283307810107197,No,0
1.0,0.0,0.0,0.0,0.6944444444444444,1.0,1.0,0.0,0.0,0.0,1.0,1.0,0.0,1.0,1.0,0.0,0.0,0.5099502487562189,0.4534456355283308,No,3
0.0,0.0,0.0,0.0,0.20833333333333331,1.0,1.0,0.0,0.0,0.0,0.0,0.0,0.0,0.0,0.0,0.0,1.0,0.3044776119402985,0.7811638591117918,No,0
1.0,0.0,0.0,0.0,0.1111111111111111,0.0,0.5,0.0,0.0,0.0,0.0,0.0,0.0,0.0,0.0,1.0,0.3333333333333333,0.06965174129353235,0.21898928024502295,No,3
0.0,1.0,0.0,0.0,0.9166666666666666,1.0,1.0,0.5,0.0,0.0,1.0,1.0,1.0,1.0,0.5,1.0,0.3333333333333333,0.8417910447761193,0.8402756508422664,No,0
0.0,0.0,0.0,0.0,0.7916666666666666,1.0,1.0,0.5,1.0,1.0,0.0,1.0,0.0,0.0,0.0,1.0,0.0,0.68955223880597,0.6316998468606432,No,0
0.0,0.0,0.0,0.0,0.09722222222222221,1.0,1.0,0.5,0.0,1.0,0.0,0.0,0.0,0.0,0.0,1.0,0.0,0.6,0.6696784073506891,No,0
1.0,1.0,1.0,1.0,0.1388888888888889,0.0,0.5,0.0,0.0,0.0,0.0,0.0,0.0,1.0,0.0,1.0,0.0,0.16218905472636813,0.4791730474732006,No,3
0.0,0.0,0.0,0.0,0.861111111111111,1.0,1.0,0.5,1.0,1.0,1.0,0.0,0.0,0.0,0.5,1.0,0.6666666666666666,0.7343283582089551,0.7275650842266462,No,0
1.0,0.0,1.0,1.0,0.5555555555555556,1.0,0.0,0.5,0.0,0.0,1.0,0.0,1.0,0.0,0.5,1.0,0.6666666666666666,0.6646766169154228,0.4459418070444104,No,3
0.0,0.0,0.0,0.0,0.2777777777777778,1.0,0.0,1.0,0.5,0.5,0.5,0.5,0.5,0.5,1.0,0.0,1.0,0.014427860696517386,0.5315467075038285,No,0
0.0,0.0,0.0,0.0,0.09722222222222221,1.0,0.0,1.0,0.5,0.5,0.5,0.5,0.5,0.5,0.0,0.0,0.0,0.01741293532338306,0.10199081163859111,Yes,0
0.0,0.0,1.0,0.0,0.3472222222222222,1.0,0.0,0.5,0.0,0.0,0.0,1.0,1.0,1.0,0.0,1.0,0.6666666666666666,0.7651741293532338,0.3113323124042879,No,0
1.0,0.0,1.0,0.0,0.3194444444444444,1.0,1.0,0.5,0.0,1.0,1.0,0.0,0.0,0.0,0.0,0.0,0.6666666666666666,0.6567164179104478,0.24058192955589586,No,3
0.0,1.0,1.0,0.0,0.9166666666666666,1.0,1.0,0.5,0.0,1.0,1.0,0.0,1.0,1.0,0.5,0.0,0.3333333333333333,0.8592039800995025,0.825114854517611,No,0
0.0,1.0,0.0,0.0,1.0,1.0,1.0,0.5,0.0,1.0,1.0,1.0,1.0,1.0,1.0,0.0,0.6666666666666666,0.9293532338308458,0.9177641653905053,No,0
1.0,1.0,1.0,0.0,0.6805555555555555,1.0,1.0,0.5,0.0,1.0,0.0,0.0,0.0,1.0,0.0,0.0,0.3333333333333333,0.7144278606965173,0.5935681470137826,Yes,3
1.0,1.0,1.0,1.0,0.5972222222222222,1.0,1.0,0.5,0.0,1.0,1.0,1.0,1.0,1.0,0.0,1.0,0.0,0.9203980099502488,0.607197549770291,Yes,3
0.0,0.0,1.0,0.0,0.6388888888888888,1.0,1.0,0.0,1.0,0.0,0.0,0.0,0.0,0.0,0.0,0.0,0.0,0.3656716417910447,0.32526799387442573,No,0
1.0,0.0,1.0,1.0,1.0,1.0,1.0,0.0,1.0,1.0,1.0,1.0,1.0,1.0,1.0,0.0,0.3333333333333333,0.7124378109452736,0.8027565084226645,No,3
1.0,0.0,0.0,0.0,0.1388888888888889,1.0,0.0,1.0,0.5,0.5,0.5,0.5,0.5,0.5,0.5,0.0,1.0,0.020895522388059695,0.19678407350689125,No,3
0.0,0.0,0.0,0.0,0.5555555555555556,0.0,0.5,0.0,1.0,0.0,0.0,1.0,1.0,1.0,0.5,1.0,0.0,0.3611940298507462,0.28637059724349156,No,0
0.0,0.0,1.0,1.0,0.9027777777777777,1.0,1.0,0.5,0.0,1.0,1.0,0.0,1.0,1.0,0.0,1.0,0.6666666666666666,0.8681592039800995,0.8408882082695253,Yes,0
1.0,0.0,0.0,0.0,0.4305555555555555,1.0,0.0,0.5,0.0,0.0,1.0,1.0,1.0,1.0,1.0,0.0,0.0,0.8079601990049752,0.41408882082695253,No,3
0.0,0.0,1.0,0.0,0.9444444444444444,1.0,1.0,0.0,1.0,1.0,1.0,1.0,0.0,0.0,1.0,0.0,0.3333333333333333,0.5238805970149254,0.6372128637059724,No,0
1.0,1.0,1.0,1.0,0.7777777777777777,1.0,1.0,0.5,1.0,0.0,1.0,0.0,1.0,1.0,0.5,1.0,0.0,0.8587064676616915,0.7316998468606432,Yes,3
1.0,0.0,1.0,0.0,0.1388888888888889,1.0,1.0,0.5,0.0,0.0,0.0,0.0,0.0,1.0,0.0,1.0,0.6666666666666666,0.6666666666666666,0.9537519142419602,Yes,3
1.0,0.0,1.0,1.0,0.9444444444444444,1.0,1.0,1.0,0.5,0.5,0.5,0.5,0.5,0.5,1.0,0.0,0.0,0.07114427860696515,0.1666156202143951,No,3
0.0,0.0,1.0,1.0,0.5972222222222222,1.0,0.0,0.0,0.0,0.0,0.0,0.0,1.0,0.0,0.0,0.0,0.6666666666666666,0.3771144278606965,0.32863705972434915,Yes,0
1.0,0.0,0.0,0.0,0.013888888888888888,1.0,0.0,0.5,0.0,0.0,0.0,0.0,1.0,1.0,0.0,1.0,0.6666666666666666,0.7094527363184079,0.965084226646248,Yes,3
0.0,1.0,0.0,0.0,0.6805555555555555,1.0,0.0,0.5,0.0,1.0,1.0,0.0,0.0,1.0,0.5,1.0,0.0,0.7124378109452736,0.5586523736600306,No,0
0.0,0.0,1.0,1.0,0.20833333333333331,1.0,1.0,1.0,0.5,0.5,0.5,0.5,0.5,0.5,0.0,1.0,0.6666666666666666,0.06965174129353235,0.5156202143950995,No,0
1.0,1.0,1.0,0.0,0.2777777777777778,1.0,1.0,0.5,0.0,0.0,0.0,0.0,1.0,1.0,0.0,1.0,0.6666666666666666,0.7592039800995024,0.22572741194486984,Yes,3
1.0,0.0,0.0,0.0,0.013888888888888888,1.0,0.0,0.0,0.0,0.0,0.0,0.0,0.0,0.0,0.0,1.0,1.0,0.27313432835820894,0.5852986217457886,Yes,3
1.0,0.0,1.0,1.0,0.6944444444444444,1.0,1.0,0.0,0.0,0.0,1.0,1.0,1.0,0.0,0.5,1.0,0.6666666666666666,0.5114427860696518,0.4566615620214395,No,3
0.0,1.0,0.0,0.0,0.027777777777777776,1.0,1.0,0.5,0.0,1.0,0.0,0.0,0.0,1.0,0.0,0.0,0.6666666666666666,0.708955223880597,0.16355283307810106,Yes,0
1.0,1.0,0.0,0.0,0.3333333333333333,1.0,0.0,0.5,0.0,0.0,0.0,0.0,0.0,0.0,0.0,0.0,0.3333333333333333,0.5149253731343283,0.18989280245022971,No,3
0.0,0.0,0.0,0.0,0.041666666666666664,1.0,0.0,0.5,0.0,0.0,0.0,0.0,0.0,0.0,0.0,1.0,0.0,0.5104477611940298,0.2839203675344563,Yes,0
0.0,0.0,0.0,0.0,0.013888888888888888,1.0,0.0,0.5,0.0,0.0,1.0,0.0,0.0,0.0,0.0,1.0,1.0,0.5606965174129352,0.8762633996937212,Yes,0
1.0,0.0,1.0,1.0,0.4861111111111111,1.0,0.0,1.0,0.5,0.5,0.5,0.5,0.5,0.5,1.0,0.0,1.0,0.01840796019900498,0.8016845329249617,No,3
0.0,0.0,0.0,0.0,0.2361111111111111,1.0,1.0,1.0,0.5,0.5,0.5,0.5,0.5,0.5,0.0,0.0,1.0,0.06517412935323383,0.6160796324655436,No,0
0.0,1.0,0.0,0.0,0.1111111111111111,1.0,0.0,1.0,0.5,0.5,0.5,0.5,0.5,0.5,0.0,0.0,0.6666666666666666,0.013930348258706454,0.17029096477794792,Yes,0
1.0,0.0,0.0,0.0,0.1388888888888889,1.0,0.0,0.5,0.0,0.0,0.0,1.0,1.0,1.0,0.0,1.0,0.3333333333333333,0.7646766169154228,0.9574272588055129,No,3
1.0,0.0,1.0,1.0,0.9444444444444444,1.0,1.0,0.0,1.0,1.0,1.0,1.0,1.0,1.0,1.0,1.0,0.3333333333333333,0.7024875621890546,0.7667687595712098,No,3
1.0,0.0,1.0,0.0,0.625,1.0,0.0,0.0,1.0,1.0,1.0,0.0,1.0,1.0,0.5,0.0,0.0,0.6024875621890546,0.47656967840735065,No,3
1.0,0.0,1.0,1.0,0.027777777777777776,1.0,0.0,1.0,0.5,0.5,0.5,0.5,0.5,0.5,0.5,0.0,1.0,0.015920398009950265,0.4649310872894334,Yes,3
1.0,0.0,1.0,0.0,0.5138888888888888,1.0,0.0,1.0,0.5,0.5,0.5,0.5,0.5,0.5,0.0,0.0,0.0,0.020895522388059695,0.8398162327718224,No,3
0.0,0.0,0.0,0.0,0.05555555555555555,0.0,0.5,0.0,0.0,0.0,0.0,0.0,0.0,0.0,0.0,1.0,1.0,0.05970149253731341,0.9900459418070444,Yes,0
0.0,0.0,0.0,0.0,0.1388888888888889,1.0,0.0,0.0,0.0,0.0,0.0,0.0,0.0,0.0,0.0,0.0,1.0,0.26865671641791045,0.5577335375191425,No,0
1.0,0.0,0.0,0.0,0.013888888888888888,1.0,0.0,1.0,0.5,0.5,0.5,0.5,0.5,0.5,0.0,0.0,1.0,0.01791044776119402,0.24609494640122512,No,3
1.0,0.0,1.0,1.0,0.9027777777777777,1.0,1.0,0.0,1.0,1.0,0.0,0.0,0.0,1.0,1.0,1.0,1.0,0.5104477611940298,0.5796324655436447,No,3
0.0,0.0,1.0,1.0,0.7916666666666666,1.0,0.0,1.0,0.5,0.5,0.5,0.5,0.5,0.5,1.0,0.0,0.0,0.01243781094527363,0.04777947932618683,No,0
0.0,0.0,0.0,0.0,0.041666666666666664,1.0,0.0,0.5,0.0,0.0,1.0,0.0,0.0,0.0,0.0,1.0,1.0,0.5621890547263682,0.308728943338438,No,0
0.0,0.0,0.0,0.0,0.027777777777777776,1.0,0.0,0.5,0.0,0.0,0.0,0.0,0.0,0.0,0.0,0.0,0.6666666666666666,0.5114427860696518,0.12771822358346094,Yes,0
1.0,0.0,0.0,0.0,0.6805555555555555,0.0,0.5,0.0,0.0,0.0,1.0,0.0,0.0,0.0,0.0,1.0,0.0,0.11890547263681589,0.12848392036753445,No,3
0.0,0.0,0.0,0.0,0.05555555555555555,1.0,0.0,0.0,0.0,0.0,0.0,0.0,0.0,0.0,0.0,0.0,1.0,0.27263681592039796,0.23093415007656967,Yes,0
0.0,0.0,1.0,0.0,0.9722222222222222,0.0,0.5,0.0,0.0,1.0,1.0,1.0,1.0,1.0,1.0,0.0,0.0,0.3935323383084577,0.5286370597243492,No,0
0.0,0.0,1.0,1.0,0.736111111111111,1.0,0.0,1.0,0.5,0.5,0.5,0.5,0.5,0.5,0.5,1.0,0.0,0.015920398009950265,0.011944869831546707,No,0
1.0,0.0,1.0,1.0,0.736111111111111,1.0,1.0,1.0,0.5,0.5,0.5,0.5,0.5,0.5,1.0,0.0,0.3333333333333333,0.072636815920398,0.09280245022970904,No,3
0.0,0.0,0.0,0.0,0.013888888888888888,1.0,1.0,0.5,0.0,0.0,0.0,0.0,0.0,0.0,0.0,1.0,1.0,0.5651741293532337,0.8831546707503828,Yes,0
1.0,0.0,0.0,0.0,0.3055555555555555,1.0,1.0,1.0,0.5,0.5,0.5,0.5,0.5,0.5,0.0,1.0,0.3333333333333333,0.06567164179104479,0.6401225114854517,No,3
1.0,1.0,0.0,0.0,0.7222222222222222,0.0,0.5,0.0,0.0,1.0,0.0,0.0,1.0,1.0,0.0,1.0,0.6666666666666666,0.30746268656716413,0.33813169984686064,Yes,3
1.0,1.0,0.0,0.0,0.9027777777777777,1.0,1.0,0.5,1.0,0.0,1.0,1.0,1.0,1.0,1.0,1.0,0.6666666666666666,0.9164179104477611,0.8640122511485452,No,3
0.0,0.0,0.0,0.0,0.6666666666666666,1.0,1.0,1.0,0.5,0.5,0.5,0.5,0.5,0.5,0.5,0.0,0.0,0.06268656716417911,0.05727411944869831,No,0
0.0,0.0,0.0,0.0,0.027777777777777776,0.0,0.5,0.0,0.0,0.0,0.0,0.0,0.0,1.0,0.0,1.0,0.6666666666666666,0.16368159203980104,0.7719754977029096,Yes,0
1.0,0.0,0.0,0.0,0.041666666666666664,1.0,1.0,0.5,0.0,1.0,1.0,0.0,1.0,1.0,0.0,0.0,1.0,0.8925373134328359,0.41684532924961715,No,3
1.0,0.0,1.0,0.0,0.625,1.0,1.0,0.5,0.0,1.0,0.0,0.0,0.0,0.0,0.0,0.0,0.0,0.6283582089552239,0.49617151607963245,No,3
1.0,0.0,1.0,1.0,0.013888888888888888,1.0,0.0,0.5,0.0,0.0,0.0,0.0,0.0,1.0,0.0,0.0,0.6666666666666666,0.6144278606965173,0.9208269525267994,Yes,3
0.0,0.0,1.0,1.0,0.8472222222222222,1.0,0.0,0.0,0.0,0.0,1.0,1.0,1.0,1.0,1.0,1.0,0.0,0.5527363184079601,0.6001531393568147,No,0
1.0,0.0,0.0,0.0,0.041666666666666664,1.0,0.0,0.0,1.0,0.0,0.0,1.0,1.0,0.0,0.0,1.0,0.3333333333333333,0.4592039800995025,0.23782542113323124,No,3
0.0,1.0,0.0,0.0,0.5555555555555556,1.0,1.0,0.5,0.0,0.0,1.0,1.0,1.0,1.0,0.5,1.0,0.3333333333333333,0.8507462686567163,0.5479326186830015,No,0
0.0,0.0,0.0,0.0,0.013888888888888888,1.0,0.0,0.5,0.0,0.0,0.0,0.0,0.0,0.0,0.0,0.0,1.0,0.5258706467661691,0.8522205206738132,No,0
0.0,0.0,0.0,0.0,0.013888888888888888,1.0,0.0,0.0,0.0,0.0,0.0,1.0,0.0,0.0,0.0,1.0,0.6666666666666666,0.31492537313432833,0.6350689127105666,No,0
1.0,0.0,0.0,0.0,0.7083333333333333,1.0,1.0,1.0,0.5,0.5,0.5,0.5,0.5,0.5,0.5,1.0,0.0,0.06318407960199005,0.07457886676875956,No,3
1.0,1.0,0.0,0.0,0.027777777777777776,1.0,0.0,0.0,1.0,0.0,0.0,0.0,0.0,0.0,0.0,1.0,0.6666666666666666,0.30845771144278605,0.9713629402756508,Yes,3
1.0,0.0,0.0,0.0,0.7222222222222222,0.0,0.5,0.0,0.0,1.0,0.0,0.0,0.0,0.0,0.5,0.0,1.0,0.11791044776119403,0.16768759571209801,No,3
1.0,0.0,0.0,0.0,0.7083333333333333,1.0,1.0,0.5,0.0,0.0,0.0,0.0,0.0,1.0,0.0,0.0,0.0,0.6482587064676617,0.542572741194487,No,3
1.0,0.0,0.0,0.0,0.013888888888888888,1.0,0.0,1.0,0.5,0.5,0.5,0.5,0.5,0.5,0.0,1.0,1.0,0.021890547263681587,0.2473200612557427,No,3
1.0,0.0,1.0,1.0,0.4305555555555555,1.0,1.0,0.0,1.0,1.0,0.0,1.0,0.0,1.0,0.5,1.0,0.0,0.5671641791044776,0.30306278713629403,No,3
1.0,0.0,0.0,1.0,0.6527777777777778,1.0,0.0,1.0,0.5,0.5,0.5,0.5,0.5,0.5,0.5,0.0,0.3333333333333333,0.02288557213930348,0.00444104134762634,No,3
0.0,0.0,0.0,0.0,0.041666666666666664,1.0,1.0,0.5,0.0,0.0,0.0,0.0,0.0,0.0,0.0,1.0,0.3333333333333333,0.5656716417910447,0.3598774885145482,Yes,0
0.0,1.0,0.0,0.0,0.3055555555555555,1.0,0.0,1.0,0.5,0.5,0.5,0.5,0.5,0.5,0.5,1.0,1.0,0.01791044776119402,0.5454823889739663,No,0
0.0,0.0,1.0,0.0,0.013888888888888888,1.0,0.0,1.0,0.5,0.5,0.5,0.5,0.5,0.5,0.0,1.0,1.0,0.023880597014925342,0.2479326186830015,No,0
1.0,0.0,1.0,0.0,1.0,1.0,1.0,0.0,0.0,1.0,1.0,1.0,1.0,1.0,1.0,1.0,0.0,0.6656716417910448,0.7820826952526799,No,3
1.0,0.0,1.0,1.0,0.041666666666666664,1.0,0.0,0.0,0.0,0.0,1.0,0.0,0.0,0.0,0.0,1.0,0.6666666666666666,0.31741293532338305,0.1788667687595712,Yes,3
1.0,1.0,1.0,1.0,0.6527777777777778,1.0,0.0,0.5,0.0,1.0,0.0,0.0,1.0,0.0,0.5,1.0,0.0,0.663681592039801,0.526186830015314,No,3
1.0,0.0,1.0,1.0,1.0,1.0,1.0,0.0,1.0,0.0,1.0,1.0,0.0,0.0,1.0,1.0,0.3333333333333333,0.48009950248756217,0.6226646248085758,No,3
1.0,0.0,1.0,1.0,0.9166666666666666,1.0,1.0,0.0,0.0,0.0,1.0,0.0,1.0,0.0,1.0,1.0,0.0,0.44825870646766164,0.5480857580398162,No,3
1.0,0.0,0.0,0.0,0.4861111111111111,1.0,1.0,0.5,0.0,0.0,0.0,0.0,1.0,0.0,0.0,0.0,0.6666666666666666,0.645771144278607,0.37702909647779476,No,3
1.0,0.0,0.0,0.0,0.40277777777777773,1.0,1.0,0.5,0.0,0.0,0.0,0.0,0.0,1.0,0.0,1.0,0.6666666666666666,0.6631840796019901,0.33338437978560487,No,3
0.0,0.0,0.0,0.0,0.027777777777777776,1.0,0.0,1.0,0.5,0.5,0.5,0.5,0.5,0.5,0.0,1.0,1.0,0.02288557213930348,0.43828483920367534,No,0
1.0,0.0,0.0,0.0,0.05555555555555555,1.0,0.0,0.0,0.0,1.0,0.0,0.0,0.0,0.0,0.0,0.0,1.0,0.30845771144278605,0.26140888208269525,No,3
0.0,0.0,0.0,0.0,0.3472222222222222,1.0,0.0,0.5,1.0,1.0,0.0,0.0,0.0,0.0,0.0,1.0,0.0,0.6129353233830845,0.2516079632465544,Yes,0
0.0,0.0,0.0,0.0,0.9027777777777777,1.0,0.0,0.0,1.0,1.0,0.0,1.0,0.0,0.0,1.0,1.0,1.0,0.4114427860696518,0.4924961715160796,No,0
1.0,1.0,0.0,0.0,0.375,1.0,1.0,0.5,0.0,1.0,0.0,1.0,1.0,1.0,0.5,1.0,0.0,0.8597014925373135,0.39188361408882083,No,3
1.0,0.0,1.0,0.0,0.40277777777777773,1.0,0.0,0.5,0.0,0.0,1.0,0.0,0.0,0.0,0.0,1.0,0.3333333333333333,0.5676616915422885,0.2908116385911179,No,3
1.0,0.0,1.0,1.0,0.40277777777777773,1.0,1.0,0.0,0.0,1.0,1.0,0.0,1.0,1.0,0.0,0.0,0.3333333333333333,0.6154228855721392,0.28284839203675344,No,3
1.0,0.0,0.0,0.0,0.013888888888888888,1.0,0.0,1.0,0.5,0.5,0.5,0.5,0.5,0.5,0.0,0.0,1.0,0.012935323383084563,0.22741194486983154,Yes,3
0.0,0.0,1.0,0.0,0.2777777777777778,1.0,0.0,0.5,0.0,0.0,1.0,1.0,0.0,0.0,0.0,1.0,1.0,0.6243781094527363,0.18055130168453293,No,0
0.0,0.0,0.0,0.0,0.8055555555555555,1.0,1.0,1.0,0.5,0.5,0.5,0.5,0.5,0.5,1.0,1.0,0.3333333333333333,0.06417910447761191,0.1433384379785605,No,0
0.0,0.0,0.0,1.0,0.19444444444444442,1.0,1.0,0.5,1.0,0.0,0.0,1.0,0.0,0.0,0.0,1.0,1.0,0.6741293532338308,0.04686064318529862,No,0
1.0,0.0,1.0,0.0,1.0,1.0,1.0,1.0,0.5,0.5,0.5,0.5,0.5,0.5,1.0,0.0,1.0,0.07114427860696515,0.18560490045941808,No,3
1.0,0.0,0.0,0.0,0.6388888888888888,1.0,1.0,0.5,1.0,0.0,0.0,0.0,1.0,0.0,0.0,1.0,0.3333333333333333,0.7054726368159204,0.5545176110260337,No,3
0.0,0.0,1.0,0.0,0.986111111111111,0.0,0.5,0.0,0.0,1.0,1.0,1.0,1.0,1.0,1.0,0.0,0.0,0.3980099502487562,0.5422664624808575,No,0
1.0,0.0,0.0,0.0,0.4444444444444444,1.0,1.0,0.5,0.0,0.0,0.0,0.0,0.0,1.0,0.0,1.0,0.0,0.6706467661691543,0.35497702909647777,No,3
0.0,0.0,0.0,0.0,0.3611111111111111,0.0,0.5,0.0,0.0,0.0,1.0,0.0,1.0,1.0,0.0,1.0,0.3333333333333333,0.31940298507462683,0.077947932618683,No,0
1.0,1.0,1.0,0.0,0.9444444444444444,1.0,1.0,0.5,0.0,0.0,1.0,0.0,0.0,0.0,0.0,1.0,0.3333333333333333,0.617910447761194,0.7084226646248085,No,3
1.0,0.0,1.0,1.0,0.027777777777777776,1.0,0.0,1.0,0.5,0.5,0.5,0.5,0.5,0.5,0.5,0.0,1.0,0.019402985074626844,0.45068912710566617,No,3
1.0,0.0,1.0,1.0,0.8472222222222222,1.0,0.0,1.0,0.5,0.5,0.5,0.5,0.5,0.5,1.0,0.0,0.3333333333333333,0.02288557213930348,0.08591117917304747,No,3
0.0,0.0,1.0,1.0,0.05555555555555555,1.0,1.0,0.5,0.0,0.0,0.0,0.0,0.0,1.0,0.0,1.0,0.6666666666666666,0.6736318407960199,0.5003062787136294,Yes,0
1.0,0.0,0.0,0.0,0.041666666666666664,1.0,0.0,0.0,0.0,0.0,0.0,0.0,0.0,0.0,0.0,1.0,0.6666666666666666,0.26965174129353237,0.11439509954058193,Yes,3
1.0,1.0,1.0,0.0,0.4583333333333333,1.0,1.0,0.5,0.0,0.0,0.0,0.0,1.0,1.0,0.0,1.0,0.6666666666666666,0.7587064676616915,0.4137825421133231,Yes,3
1.0,1.0,1.0,0.0,0.125,1.0,0.0,1.0,0.5,0.5,0.5,0.5,0.5,0.5,0.0,1.0,1.0,0.02985074626865672,0.2560490045941807,No,3
0.0,0.0,0.0,0.0,0.3055555555555555,1.0,1.0,1.0,0.5,0.5,0.5,0.5,0.5,0.5,1.0,0.0,1.0,0.07960199004975121,0.7577335375191424,No,0
0.0,0.0,1.0,1.0,0.06944444444444445,1.0,0.0,0.5,0.0,0.0,0.0,0.0,1.0,0.0,0.0,1.0,0.6666666666666666,0.6228855721393034,0.4718223583460949,No,0
0.0,1.0,0.0,0.0,0.41666666666666663,1.0,1.0,0.5,1.0,1.0,1.0,0.0,0.0,0.0,0.0,0.0,0.3333333333333333,0.7308457711442786,0.3670750382848392,Yes,0
1.0,0.0,0.0,0.0,0.9027777777777777,1.0,1.0,0.0,0.0,1.0,1.0,1.0,0.0,1.0,1.0,1.0,0.3333333333333333,0.5567164179104478,0.6218989280245023,No,3
0.0,0.0,0.0,0.0,0.625,1.0,1.0,0.5,0.0,0.0,1.0,1.0,0.0,0.0,0.0,1.0,0.6666666666666666,0.6865671641791045,0.5157733537519142,Yes,0
1.0,0.0,0.0,0.0,0.06944444444444445,1.0,0.0,1.0,0.5,0.5,0.5,0.5,0.5,0.5,0.0,0.0,1.0,0.020895522388059695,0.9756508422664625,No,3
1.0,0.0,1.0,1.0,0.3472222222222222,1.0,0.0,0.5,0.0,1.0,0.0,0.0,0.0,0.0,0.0,1.0,0.6666666666666666,0.5696517412935324,0.22970903522205205,No,3
0.0,0.0,1.0,1.0,1.0,1.0,1.0,0.5,1.0,0.0,0.0,0.0,0.0,0.0,1.0,0.0,0.0,0.6049751243781094,0.7248085758039816,No,0
0.0,0.0,1.0,0.0,0.375,1.0,1.0,0.5,0.0,0.0,1.0,0.0,0.0,1.0,0.0,0.0,0.0,0.7154228855721393,0.3169984686064318,No,0
1.0,0.0,1.0,1.0,0.4444444444444444,0.0,0.5,0.0,0.0,0.0,1.0,0.0,1.0,1.0,0.0,0.0,0.3333333333333333,0.3218905472636816,0.17381316998468607,No,3
0.0,0.0,0.0,0.0,0.41666666666666663,1.0,1.0,0.5,0.0,1.0,1.0,1.0,1.0,1.0,0.5,0.0,0.3333333333333333,0.9174129353233832,0.44226646248085755,No,0
1.0,0.0,1.0,0.0,0.9722222222222222,1.0,0.0,0.5,1.0,1.0,1.0,1.0,0.0,1.0,1.0,0.0,0.3333333333333333,0.8233830845771145,0.8516079632465543,No,3
1.0,1.0,0.0,0.0,0.5833333333333333,1.0,1.0,0.5,0.0,1.0,0.0,0.0,0.0,0.0,0.0,1.0,0.0,0.607960199004975,0.44441041347626337,No,3
0.0,1.0,1.0,0.0,1.0,1.0,1.0,0.0,1.0,1.0,1.0,1.0,1.0,1.0,1.0,1.0,0.0,0.7124378109452736,0.8139356814701378,No,0
0.0,0.0,0.0,0.0,0.6527777777777778,1.0,1.0,0.0,1.0,0.0,1.0,1.0,0.0,0.0,1.0,1.0,1.0,0.46517412935323377,0.3808575803981623,No,0
0.0,0.0,0.0,0.0,0.027777777777777776,1.0,0.0,0.5,1.0,0.0,1.0,0.0,0.0,0.0,0.0,1.0,0.6666666666666666,0.618905472636816,0.10168453292496171,No,0
1.0,0.0,0.0,0.0,0.1388888888888889,1.0,1.0,0.5,1.0,0.0,0.0,0.0,1.0,1.0,0.0,0.0,0.6666666666666666,0.7990049751243781,0.0026033690658499235,Yes,3
0.0,0.0,1.0,1.0,0.8472222222222222,1.0,1.0,1.0,0.5,0.5,0.5,0.5,0.5,0.5,1.0,1.0,1.0,0.05820895522388059,0.15160796324655437,No,0
0.0,0.0,0.0,0.0,0.06944444444444445,1.0,0.0,0.0,0.0,0.0,0.0,0.0,0.0,0.0,0.0,1.0,0.3333333333333333,0.2567164179104477,0.25267993874425726,No,0
0.0,1.0,1.0,0.0,1.0,1.0,1.0,0.5,0.0,1.0,1.0,1.0,1.0,1.0,1.0,1.0,0.3333333333333333,0.9208955223880596,0.9117917304747319,No,0
1.0,1.0,1.0,1.0,1.0,1.0,1.0,0.5,1.0,1.0,1.0,1.0,1.0,1.0,1.0,1.0,0.0,0.9621890547263682,0.933843797856049,No,3
0.0,1.0,0.0,0.0,0.041666666666666664,1.0,0.0,0.5,0.0,0.0,1.0,0.0,0.0,0.0,0.0,0.0,1.0,0.5651741293532337,0.25313935681470134,No,0
1.0,0.0,1.0,0.0,0.6666666666666666,1.0,0.0,1.0,0.5,0.5,0.5,0.5,0.5,0.5,1.0,0.0,1.0,0.009950248756218888,0.9535987748851454,No,3
0.0,0.0,0.0,0.0,0.875,1.0,0.0,0.5,0.0,0.0,1.0,1.0,1.0,0.0,0.5,1.0,0.3333333333333333,0.7144278606965173,0.7343032159264931,No,0
0.0,0.0,0.0,0.0,0.375,1.0,0.0,0.0,1.0,1.0,0.0,0.0,0.0,0.0,0.0,1.0,1.0,0.38258706467661696,0.17366003062787136,No,0
1.0,0.0,1.0,1.0,0.9722222222222222,1.0,0.0,0.0,1.0,1.0,1.0,0.0,1.0,1.0,1.0,1.0,0.3333333333333333,0.6159203980099502,0.7104134762633997,No,3
1.0,0.0,1.0,1.0,0.09722222222222221,1.0,0.0,0.0,1.0,0.0,1.0,1.0,0.0,1.0,0.0,1.0,0.3333333333333333,0.5283582089552238,0.6629402756508422,No,3
1.0,0.0,0.0,1.0,0.0,1.0,0.0,1.0,0.5,0.5,0.5,0.5,0.5,0.5,1.0,0.0,1.0,0.019900497512437804,0.0,No,3
0.0,0.0,1.0,0.0,0.027777777777777776,1.0,0.0,0.5,1.0,1.0,0.0,0.0,1.0,0.0,0.0,0.0,0.6666666666666666,0.717412935323383,0.22924961715160797,No,0
1.0,1.0,0.0,0.0,0.2777777777777778,1.0,1.0,0.5,0.0,0.0,1.0,0.0,1.0,1.0,0.0,1.0,0.6666666666666666,0.7990049751243781,0.21500765696784072,Yes,3
1.0,0.0,0.0,0.0,0.9166666666666666,1.0,0.0,1.0,0.5,0.5,0.5,0.5,0.5,0.5,1.0,0.0,0.0,0.014427860696517386,0.07105666156202144,No,3
0.0,0.0,0.0,0.0,0.041666666666666664,1.0,0.0,1.0,0.5,0.5,0.5,0.5,0.5,0.5,0.0,0.0,1.0,0.015920398009950265,0.7200612557427258,No,0
0.0,0.0,0.0,1.0,0.20833333333333331,1.0,0.0,0.5,0.0,1.0,0.0,0.0,0.0,1.0,0.0,1.0,0.0,0.673134328358209,0.07565084226646247,Yes,0
0.0,0.0,1.0,1.0,1.0,1.0,1.0,0.5,1.0,1.0,0.0,1.0,0.0,0.0,1.0,1.0,0.0,0.717412935323383,0.8029096477794793,No,0
1.0,0.0,0.0,0.0,0.013888888888888888,1.0,0.0,1.0,0.5,0.5,0.5,0.5,0.5,0.5,0.0,0.0,1.0,0.025373134328358193,0.24839203675344562,No,3
0.0,0.0,0.0,0.0,0.3055555555555555,1.0,0.0,0.5,0.0,0.0,0.0,0.0,1.0,1.0,0.0,0.0,0.6666666666666666,0.7064676616915423,0.23062787136294027,Yes,0
1.0,0.0,1.0,0.0,0.041666666666666664,1.0,0.0,0.5,0.0,0.0,0.0,0.0,0.0,0.0,0.0,1.0,0.6666666666666666,0.517910447761194,0.2617151607963247,Yes,3
0.0,0.0,1.0,1.0,1.0,1.0,1.0,0.0,1.0,0.0,1.0,1.0,0.0,0.0,1.0,0.0,0.0,0.4835820895522387,0.6168453292496171,No,0
1.0,0.0,1.0,1.0,0.9027777777777777,1.0,0.0,1.0,0.5,0.5,0.5,0.5,0.5,0.5,1.0,0.0,1.0,0.01641791044776117,0.08177641653905053,No,3
0.0,0.0,0.0,0.0,0.15277777777777776,0.0,0.5,0.0,0.0,0.0,0.0,0.0,1.0,0.0,0.0,1.0,1.0,0.17462686567164176,0.4805513016845329,No,0
1.0,0.0,0.0,0.0,0.3055555555555555,1.0,1.0,0.5,0.0,1.0,0.0,0.0,0.0,0.0,0.0,1.0,1.0,0.6029850746268656,0.16217457886676875,No,3
1.0,0.0,0.0,0.0,0.19444444444444442,1.0,0.0,1.0,0.5,0.5,0.5,0.5,0.5,0.5,0.5,0.0,0.0,0.021393034825870627,0.3658499234303216,No,3
1.0,0.0,0.0,0.0,0.5694444444444444,1.0,0.0,0.5,0.0,0.0,0.0,1.0,0.0,0.0,0.0,1.0,0.6666666666666666,0.5572139303482587,0.4104134762633997,No,3
1.0,0.0,1.0,0.0,0.2361111111111111,1.0,0.0,0.0,1.0,1.0,0.0,0.0,0.0,1.0,0.5,0.0,1.0,0.46318407960199004,0.05007656967840735,No,3
1.0,0.0,0.0,0.0,0.15277777777777776,1.0,0.0,1.0,0.5,0.5,0.5,0.5,0.5,0.5,0.0,1.0,0.3333333333333333,0.021890547263681587,0.3075038284839204,No,3
1.0,0.0,0.0,0.0,0.20833333333333331,1.0,1.0,0.5,0.0,0.0,0.0,0.0,1.0,1.0,0.0,1.0,0.6666666666666666,0.7472636815920397,0.12633996937212863,Yes,3
0.0,0.0,0.0,0.0,0.013888888888888888,1.0,0.0,1.0,0.5,0.5,0.5,0.5,0.5,0.5,0.0,0.0,1.0,0.01641791044776117,0.22848392036753445,Yes,0
0.0,0.0,1.0,0.0,0.06944444444444445,1.0,0.0,0.5,1.0,0.0,1.0,0.0,0.0,1.0,0.0,1.0,1.0,0.7029850746268657,0.5923430321592649,Yes,0
1.0,0.0,1.0,0.0,0.4583333333333333,1.0,0.0,0.5,0.0,0.0,1.0,0.0,1.0,1.0,0.5,1.0,0.6666666666666666,0.771641791044776,0.40413476263399695,Yes,3
0.0,0.0,1.0,0.0,1.0,1.0,1.0,0.5,1.0,1.0,1.0,0.0,1.0,1.0,1.0,1.0,0.3333333333333333,0.9194029850746269,0.9258805513016845,No,0
0.0,0.0,1.0,1.0,0.041666666666666664,0.0,0.5,0.0,0.0,1.0,0.0,0.0,0.0,1.0,0.0,0.0,1.0,0.2194029850746268,0.975344563552833,No,0
1.0,0.0,0.0,0.0,0.027777777777777776,1.0,1.0,0.5,0.0,1.0,0.0,0.0,0.0,0.0,0.0,1.0,0.6666666666666666,0.6343283582089552,0.21408882082695252,Yes,3
0.0,0.0,1.0,0.0,0.8194444444444444,1.0,1.0,0.5,1.0,1.0,1.0,1.0,0.0,1.0,0.5,1.0,0.3333333333333333,0.8830845771144279,0.7687595712098009,No,0
1.0,0.0,0.0,0.0,0.027777777777777776,1.0,0.0,0.0,0.0,0.0,0.0,0.0,0.0,0.0,0.0,0.0,0.6666666666666666,0.26965174129353237,0.9649310872894333,Yes,3
1.0,0.0,1.0,1.0,0.986111111111111,1.0,0.0,0.0,0.0,1.0,0.0,1.0,1.0,1.0,1.0,1.0,0.3333333333333333,0.5482587064676616,0.6633996937212864,No,3
0.0,0.0,1.0,1.0,0.06944444444444445,1.0,0.0,0.0,0.0,0.0,0.0,0.0,0.0,0.0,0.0,0.0,1.0,0.2641791044776119,0.27947932618683,No,0
1.0,0.0,1.0,1.0,0.375,1.0,0.0,0.0,1.0,1.0,0.0,0.0,0.0,0.0,0.0,1.0,0.3333333333333333,0.36318407960199006,0.14211332312404287,No,3
0.0,0.0,0.0,0.0,0.013888888888888888,1.0,0.0,0.0,0.0,0.0,0.0,1.0,0.0,0.0,0.0,1.0,0.6666666666666666,0.33781094527363187,0.6669218989280244,Yes,0
1.0,0.0,0.0,1.0,0.875,0.0,0.5,0.0,1.0,1.0,0.0,1.0,0.0,0.0,0.5,1.0,0.0,0.22238805970149256,0.34287901990811637,No,3
0.0,1.0,0.0,0.0,0.6388888888888888,1.0,1.0,0.5,1.0,1.0,1.0,0.0,1.0,1.0,0.5,1.0,0.6666666666666666,0.9129353233830845,0.6310872894333843,Yes,0
1.0,0.0,1.0,1.0,1.0,1.0,1.0,0.0,1.0,0.0,0.0,0.0,0.0,0.0,1.0,0.0,0.0,0.3686567164179104,0.520980091883614,No,3
0.0,0.0,1.0,0.0,0.4722222222222222,1.0,1.0,0.0,1.0,0.0,0.0,1.0,0.0,0.0,0.0,1.0,0.0,0.4238805970149254,0.24961715160796324,No,0
0.0,0.0,1.0,1.0,0.3333333333333333,1.0,1.0,0.0,1.0,1.0,0.0,0.0,1.0,1.0,0.5,0.0,0.6666666666666666,0.5985074626865672,0.2120980091883614,No,0
1.0,0.0,0.0,0.0,1.0,1.0,1.0,0.0,1.0,1.0,1.0,1.0,0.0,0.0,1.0,0.0,0.0,0.5114427860696518,0.636906584992343,No,3
0.0,0.0,1.0,1.0,0.8333333333333333,0.0,0.5,0.0,1.0,0.0,1.0,1.0,1.0,1.0,1.0,0.0,0.3333333333333333,0.41393034825870645,0.47611026033690657,No,0
1.0,0.0,0.0,0.0,0.9444444444444444,1.0,1.0,0.0,1.0,1.0,1.0,0.0,0.0,1.0,0.5,1.0,0.3333333333333333,0.5835820895522389,0.6513016845329249,No,3
0.0,0.0,1.0,1.0,0.1111111111111111,1.0,0.0,1.0,0.5,0.5,0.5,0.5,0.5,0.5,1.0,1.0,1.0,0.015920398009950265,0.12986217457886676,No,0
0.0,0.0,0.0,1.0,0.4722222222222222,1.0,0.0,0.0,1.0,0.0,1.0,1.0,1.0,0.0,1.0,0.0,0.3333333333333333,0.49154228855721394,0.3021439509954058,No,0
0.0,0.0,0.0,0.0,0.08333333333333333,0.0,0.5,0.0,0.0,0.0,0.0,0.0,1.0,1.0,0.0,0.0,0.3333333333333333,0.26616915422885573,0.39479326186830016,No,0
1.0,0.0,1.0,0.0,0.027777777777777776,1.0,0.0,0.0,0.0,1.0,0.0,1.0,0.0,1.0,0.0,1.0,1.0,0.45721393034825875,0.1217457886676876,No,3
1.0,0.0,0.0,0.0,0.4305555555555555,1.0,1.0,0.5,0.0,0.0,0.0,1.0,0.0,0.0,0.5,0.0,0.3333333333333333,0.6313432835820896,0.3370597243491577,No,3
0.0,0.0,1.0,1.0,0.2777777777777778,1.0,1.0,1.0,0.5,0.5,0.5,0.5,0.5,0.5,0.0,1.0,0.0,0.072636815920398,0.6566615620214394,No,0
0.0,0.0,1.0,1.0,0.013888888888888888,1.0,0.0,1.0,0.5,0.5,0.5,0.5,0.5,0.5,0.0,0.0,0.6666666666666666,0.01741293532338306,0.2459418070444104,No,0
1.0,0.0,0.0,0.0,0.861111111111111,1.0,1.0,0.5,0.0,0.0,1.0,0.0,1.0,1.0,0.5,1.0,0.6666666666666666,0.7810945273631841,0.7652373660030628,Yes,3
0.0,1.0,1.0,0.0,0.9722222222222222,1.0,1.0,0.5,0.0,0.0,0.0,0.0,0.0,0.0,1.0,1.0,0.3333333333333333,0.5711442786069653,0.6892802450229709,No,0
0.0,0.0,0.0,0.0,0.1388888888888889,1.0,1.0,0.5,0.0,0.0,0.0,1.0,1.0,1.0,0.0,1.0,0.6666666666666666,0.7985074626865671,0.017151607963246555,Yes,0
1.0,0.0,1.0,1.0,0.5416666666666666,1.0,1.0,1.0,0.5,0.5,0.5,0.5,0.5,0.5,1.0,1.0,1.0,0.05522388059701491,0.9701378254211332,No,3
0.0,0.0,1.0,0.0,0.6388888888888888,1.0,0.0,0.0,0.0,1.0,0.0,1.0,1.0,0.0,1.0,1.0,0.3333333333333333,0.45721393034825875,0.3990811638591118,No,0
1.0,0.0,0.0,0.0,0.08333333333333333,1.0,0.0,0.5,0.0,1.0,0.0,0.0,1.0,0.0,0.0,1.0,0.6666666666666666,0.6676616915422885,0.6326186830015313,Yes,3
0.0,0.0,1.0,1.0,1.0,1.0,1.0,0.0,0.0,0.0,1.0,0.0,1.0,1.0,1.0,1.0,0.0,0.5825870646766169,0.6952526799387443,No,0
1.0,0.0,0.0,0.0,0.25,1.0,0.0,0.0,0.0,0.0,1.0,1.0,0.0,0.0,0.0,0.0,0.3333333333333333,0.36766169154228856,0.016998468606431852,No,3
1.0,0.0,1.0,0.0,0.986111111111111,1.0,1.0,0.5,1.0,0.0,1.0,1.0,1.0,1.0,1.0,1.0,0.3333333333333333,0.8985074626865671,0.8934150076569678,No,3
1.0,0.0,1.0,0.0,0.5555555555555556,1.0,1.0,0.5,0.0,1.0,0.0,0.0,1.0,1.0,0.0,1.0,0.6666666666666666,0.8263681592039801,0.5367534456355283,Yes,3
1.0,0.0,0.0,0.0,0.013888888888888888,1.0,0.0,0.5,0.0,0.0,0.0,0.0,0.0,0.0,0.0,1.0,0.6666666666666666,0.5104477611940298,0.8341500765696784,Yes,3
1.0,0.0,0.0,0.0,0.8055555555555555,1.0,1.0,0.5,0.0,1.0,1.0,0.0,1.0,1.0,0.5,1.0,0.0,0.845771144278607,0.7542113323124042,Yes,3
1.0,0.0,0.0,0.0,0.9722222222222222,1.0,1.0,0.5,1.0,0.0,0.0,1.0,1.0,1.0,1.0,1.0,0.3333333333333333,0.8532338308457711,0.8641653905053599,Yes,3
0.0,0.0,1.0,0.0,0.5833333333333333,1.0,1.0,1.0,0.5,0.5,0.5,0.5,0.5,0.5,1.0,0.0,0.6666666666666666,0.06965174129353235,0.031546707503828486,No,0
1.0,0.0,1.0,1.0,0.4722222222222222,0.0,0.5,0.0,1.0,0.0,0.0,0.0,0.0,0.0,0.5,0.0,0.0,0.12089552238805967,0.9822358346094946,No,3
1.0,1.0,0.0,0.0,0.06944444444444445,1.0,0.0,1.0,0.5,0.5,0.5,0.5,0.5,0.5,0.0,0.0,0.0,0.01791044776119402,0.9830015313935682,No,3
0.0,0.0,0.0,0.0,0.3472222222222222,1.0,1.0,0.5,0.0,0.0,0.0,0.0,1.0,0.0,0.0,1.0,1.0,0.6601990049751243,0.26248085758039813,No,0
0.0,0.0,0.0,0.0,0.027777777777777776,1.0,0.0,0.5,0.0,0.0,1.0,0.0,0.0,1.0,0.0,1.0,1.0,0.6761194029850747,0.2004594180704441,Yes,0
0.0,0.0,1.0,1.0,0.7638888888888888,1.0,0.0,0.5,0.0,1.0,1.0,1.0,1.0,1.0,0.5,1.0,0.0,0.8502487562189055,0.7165390505359878,No,0
1.0,0.0,1.0,0.0,0.29166666666666663,1.0,1.0,0.5,0.0,1.0,1.0,1.0,1.0,1.0,0.0,1.0,0.6666666666666666,0.9248756218905473,0.2989280245022971,Yes,3
1.0,0.0,1.0,0.0,0.9722222222222222,1.0,1.0,0.5,1.0,1.0,0.0,1.0,0.0,0.0,1.0,1.0,0.3333333333333333,0.6940298507462687,0.7508422664624809,No,3
0.0,0.0,1.0,0.0,0.8472222222222222,1.0,1.0,0.5,0.0,0.0,1.0,1.0,1.0,1.0,0.0,1.0,0.6666666666666666,0.8766169154228854,0.8189892802450229,No,0
1.0,0.0,1.0,1.0,0.5972222222222222,1.0,0.0,0.0,1.0,0.0,1.0,1.0,1.0,1.0,1.0,1.0,0.3333333333333333,0.6059701492537314,0.47289433384379786,No,3
1.0,0.0,0.0,0.0,0.6527777777777778,1.0,1.0,0.5,0.0,1.0,1.0,0.0,1.0,1.0,0.5,1.0,0.6666666666666666,0.8442786069651741,0.6324655436447166,No,3
1.0,0.0,0.0,0.0,0.06944444444444445,1.0,0.0,0.0,0.0,0.0,1.0,1.0,1.0,0.0,0.0,1.0,0.3333333333333333,0.454726368159204,0.4226646248085758,No,3
0.0,0.0,0.0,0.0,0.861111111111111,1.0,1.0,1.0,0.5,0.5,0.5,0.5,0.5,0.5,1.0,1.0,0.3333333333333333,0.07512437810945272,0.1548238897396631,No,0
0.0,0.0,1.0,1.0,0.2222222222222222,1.0,0.0,0.5,0.0,1.0,1.0,0.0,1.0,0.0,0.0,1.0,0.3333333333333333,0.708457711442786,0.12220520673813169,Yes,0
1.0,1.0,1.0,0.0,0.09722222222222221,1.0,1.0,0.5,0.0,0.0,0.0,0.0,1.0,1.0,0.0,1.0,0.0,0.7696517412935323,0.7929555895865237,Yes,3
0.0,0.0,1.0,1.0,0.19444444444444442,1.0,1.0,1.0,0.5,0.5,0.5,0.5,0.5,0.5,0.0,0.0,1.0,0.072636815920398,0.4906584992343032,No,0
1.0,0.0,1.0,1.0,0.8333333333333333,1.0,0.0,0.5,0.0,1.0,1.0,0.0,1.0,0.0,0.5,0.0,0.6666666666666666,0.7233830845771144,0.6938744257274119,Yes,3
1.0,0.0,1.0,1.0,0.4722222222222222,0.0,0.5,0.0,0.0,0.0,1.0,1.0,1.0,0.0,0.0,1.0,0.6666666666666666,0.2646766169154229,0.12572741194486983,No,3
0.0,0.0,1.0,0.0,0.6944444444444444,1.0,1.0,0.5,1.0,1.0,0.0,1.0,1.0,1.0,0.5,0.0,0.6666666666666666,0.8985074626865671,0.7116385911179173,Yes,0
1.0,0.0,1.0,1.0,0.5277777777777778,1.0,1.0,1.0,0.5,0.5,0.5,0.5,0.5,0.5,1.0,0.0,0.3333333333333333,0.06766169154228854,0.991271056661562,No,3
0.0,0.0,1.0,1.0,0.9722222222222222,1.0,0.0,0.0,1.0,1.0,1.0,1.0,0.0,1.0,0.5,0.0,0.3333333333333333,0.5557213930348258,0.6698315467075038,No,0
0.0,0.0,1.0,1.0,0.5138888888888888,1.0,1.0,0.5,0.0,1.0,0.0,0.0,1.0,0.0,0.0,1.0,0.6666666666666666,0.7019900497512437,0.44379785604900457,No,0
0.0,1.0,0.0,0.0,0.05555555555555555,1.0,0.0,0.5,0.0,0.0,0.0,0.0,1.0,0.0,0.0,1.0,0.6666666666666666,0.6029850746268656,0.38652373660030626,Yes,0
1.0,1.0,1.0,1.0,0.8333333333333333,1.0,1.0,0.5,1.0,1.0,0.0,0.0,0.0,1.0,0.0,1.0,0.6666666666666666,0.7462686567164178,0.729709035222052,No,3
1.0,0.0,1.0,1.0,0.861111111111111,1.0,0.0,0.0,1.0,0.0,1.0,1.0,0.0,1.0,0.5,0.0,0.3333333333333333,0.5288557213930348,0.582542113323124,No,3
1.0,0.0,0.0,0.0,0.013888888888888888,1.0,0.0,0.0,0.0,0.0,0.0,0.0,0.0,0.0,0.0,0.0,1.0,0.2601990049751243,0.5728943338437978,Yes,3
1.0,0.0,0.0,0.0,0.5,1.0,0.0,0.0,1.0,0.0,1.0,1.0,1.0,1.0,0.0,1.0,0.3333333333333333,0.6064676616915423,0.3776416539050536,No,3
1.0,0.0,0.0,0.0,0.611111111111111,1.0,0.0,1.0,0.5,0.5,0.5,0.5,0.5,0.5,1.0,0.0,0.3333333333333333,0.021393034825870627,0.9702909647779479,No,3
0.0,1.0,0.0,0.0,0.7638888888888888,1.0,1.0,0.5,0.0,0.0,1.0,0.0,1.0,1.0,0.5,1.0,0.6666666666666666,0.8134328358208955,0.7004594180704441,Yes,0
0.0,0.0,1.0,0.0,1.0,1.0,1.0,0.5,1.0,0.0,1.0,0.0,1.0,1.0,1.0,1.0,0.3333333333333333,0.86318407960199,0.8908116385911179,No,0
0.0,0.0,1.0,1.0,0.16666666666666666,1.0,0.0,1.0,0.5,0.5,0.5,0.5,0.5,0.5,0.5,0.0,0.0,0.015422885572139305,0.29586523736600306,Yes,0
0.0,0.0,0.0,0.0,0.18055555555555555,0.0,0.5,0.0,1.0,0.0,0.0,0.0,0.0,0.0,0.0,1.0,0.0,0.12537313432835823,0.5154670750382848,No,0
1.0,0.0,0.0,0.0,0.013888888888888888,1.0,0.0,0.5,0.0,0.0,0.0,0.0,1.0,1.0,0.0,1.0,0.6666666666666666,0.7129353233830846,0.9653905053598775,Yes,3
0.0,0.0,1.0,1.0,0.20833333333333331,1.0,0.0,1.0,0.5,0.5,0.5,0.5,0.5,0.5,0.5,0.0,1.0,0.02288557213930348,0.3903522205206738,No,0
0.0,0.0,0.0,0.0,0.9027777777777777,1.0,0.0,0.0,1.0,1.0,1.0,1.0,1.0,1.0,1.0,1.0,0.0,0.6626865671641791,0.6941807044410413,No,0
0.0,0.0,1.0,1.0,0.16666666666666666,0.0,0.5,0.0,1.0,0.0,0.0,1.0,0.0,0.0,0.5,0.0,0.3333333333333333,0.14825870646766165,0.5770290964777948,No,0
1.0,0.0,1.0,0.0,1.0,1.0,1.0,0.0,1.0,1.0,1.0,1.0,1.0,1.0,1.0,1.0,0.3333333333333333,0.7338308457711442,0.8217457886676875,No,3
0.0,0.0,1.0,1.0,1.0,1.0,1.0,0.0,1.0,1.0,1.0,1.0,1.0,1.0,1.0,0.0,0.3333333333333333,0.7119402985074627,0.7984686064318529,No,0
0.0,0.0,1.0,1.0,1.0,1.0,1.0,0.5,1.0,1.0,1.0,1.0,1.0,1.0,1.0,1.0,0.0,0.9706467661691541,0.9494640122511485,No,0
1.0,0.0,0.0,1.0,0.7222222222222222,1.0,1.0,0.0,1.0,1.0,0.0,1.0,1.0,1.0,1.0,1.0,1.0,0.6656716417910448,0.5803981623277182,No,3
1.0,0.0,0.0,0.0,0.027777777777777776,1.0,1.0,1.0,0.5,0.5,0.5,0.5,0.5,0.5,0.0,0.0,1.0,0.06567164179104479,0.7716692189892802,No,3
0.0,0.0,0.0,0.0,0.06944444444444445,1.0,0.0,0.0,1.0,0.0,0.0,1.0,1.0,0.0,0.0,1.0,0.6666666666666666,0.45870646766169143,0.46722817764165386,No,0
0.0,0.0,0.0,0.0,0.9444444444444444,1.0,0.0,1.0,0.5,0.5,0.5,0.5,0.5,0.5,1.0,0.0,0.3333333333333333,0.02238805970149252,0.12036753445635529,No,0
0.0,0.0,0.0,1.0,0.861111111111111,1.0,1.0,0.5,0.0,0.0,1.0,0.0,1.0,1.0,0.5,1.0,0.6666666666666666,0.8149253731343283,0.791271056661562,Yes,0
1.0,0.0,0.0,0.0,1.0,1.0,1.0,0.0,1.0,1.0,0.0,1.0,1.0,1.0,1.0,0.0,0.3333333333333333,0.6746268656716418,0.781010719754977,No,3
1.0,0.0,0.0,0.0,0.013888888888888888,1.0,0.0,0.0,0.0,1.0,0.0,0.0,0.0,0.0,0.0,0.0,0.6666666666666666,0.32388059701492533,0.6485451761102603,Yes,3
0.0,0.0,1.0,0.0,0.9166666666666666,1.0,1.0,0.5,1.0,1.0,0.0,1.0,0.0,0.0,0.5,0.0,0.6666666666666666,0.7039800995024875,0.74104134762634,No,0
1.0,0.0,1.0,1.0,1.0,0.0,0.5,0.0,1.0,1.0,1.0,1.0,1.0,1.0,1.0,1.0,0.3333333333333333,0.46318407960199004,0.6114854517611026,No,3
1.0,0.0,0.0,0.0,0.3611111111111111,1.0,0.0,1.0,0.5,0.5,0.5,0.5,0.5,0.5,0.5,0.0,0.3333333333333333,0.015422885572139305,0.5957120980091883,No,3
1.0,0.0,1.0,1.0,0.8888888888888888,1.0,1.0,0.5,1.0,0.0,1.0,0.0,0.0,1.0,1.0,0.0,0.0,0.7477611940298508,0.7349157733537519,No,3
1.0,1.0,1.0,0.0,0.2777777777777778,1.0,0.0,0.5,0.0,1.0,0.0,0.0,0.0,0.0,0.0,1.0,0.6666666666666666,0.5512437810945274,0.13139356814701378,Yes,3
0.0,0.0,0.0,0.0,0.041666666666666664,1.0,0.0,0.5,0.0,1.0,0.0,0.0,1.0,1.0,0.0,1.0,0.6666666666666666,0.7646766169154228,0.4084226646248086,Yes,0
1.0,0.0,0.0,0.0,0.3055555555555555,1.0,1.0,0.5,0.0,0.0,0.0,0.0,1.0,1.0,0.0,1.0,0.3333333333333333,0.7601990049751244,0.2655436447166922,Yes,3
1.0,0.0,1.0,0.0,0.05555555555555555,1.0,0.0,0.5,0.0,0.0,1.0,1.0,0.0,0.0,0.0,1.0,1.0,0.6203980099502486,0.4245022970903522,Yes,3
1.0,0.0,1.0,0.0,0.861111111111111,0.0,0.5,0.0,0.0,0.0,0.0,1.0,1.0,0.0,1.0,1.0,0.0,0.2064676616915423,0.3018376722817764,No,3
0.0,0.0,0.0,0.0,0.06944444444444445,1.0,0.0,1.0,0.5,0.5,0.5,0.5,0.5,0.5,0.0,1.0,1.0,0.02238805970149252,0.012251148545176109,No,0
1.0,0.0,1.0,0.0,0.8194444444444444,1.0,1.0,0.5,0.0,0.0,0.0,0.0,0.0,1.0,0.5,0.0,0.6666666666666666,0.6696517412935323,0.6578866768759571,Yes,3
1.0,0.0,0.0,1.0,0.041666666666666664,1.0,1.0,1.0,0.5,0.5,0.5,0.5,0.5,0.5,1.0,1.0,1.0,0.08109452736318407,0.05865237366003063,No,3
0.0,0.0,1.0,0.0,1.0,1.0,1.0,0.5,1.0,0.0,1.0,1.0,1.0,0.0,1.0,1.0,0.0,0.7955223880597015,0.8465543644716692,No,0
1.0,0.0,1.0,1.0,0.7916666666666666,1.0,0.0,0.5,0.0,1.0,1.0,0.0,1.0,1.0,0.5,1.0,0.3333333333333333,0.7890547263681591,0.7093415007656968,No,3
1.0,0.0,0.0,1.0,0.9166666666666666,1.0,0.0,1.0,0.5,0.5,0.5,0.5,0.5,0.5,1.0,0.0,0.3333333333333333,0.01691542288557213,0.07549770290964777,No,3
0.0,0.0,0.0,0.0,0.8333333333333333,0.0,0.5,0.0,0.0,1.0,0.0,0.0,1.0,1.0,0.0,1.0,0.6666666666666666,0.32388059701492533,0.4029096477794793,Yes,0
1.0,0.0,0.0,1.0,0.625,1.0,1.0,0.5,0.0,0.0,1.0,0.0,1.0,1.0,1.0,0.0,0.0,0.8104477611940298,0.6019908116385911,No,3
0.0,0.0,0.0,0.0,0.041666666666666664,0.0,0.5,0.0,0.0,0.0,0.0,0.0,1.0,0.0,0.0,1.0,0.3333333333333333,0.16467661691542285,0.03874425727411945,No,0
0.0,0.0,0.0,0.0,0.20833333333333331,1.0,0.0,0.5,1.0,0.0,1.0,1.0,1.0,1.0,0.0,0.0,0.6666666666666666,0.8641791044776118,0.1584992343032159,Yes,0
0.0,0.0,0.0,1.0,0.7083333333333333,0.0,0.5,0.0,1.0,0.0,1.0,1.0,1.0,1.0,0.5,0.0,0.0,0.41691542288557215,0.40872894333843796,No,0
0.0,0.0,0.0,0.0,0.8333333333333333,1.0,1.0,0.0,1.0,0.0,1.0,1.0,0.0,0.0,0.5,0.0,0.6666666666666666,0.4626865671641791,0.5287901990811639,No,0
1.0,0.0,0.0,0.0,0.4583333333333333,1.0,1.0,0.0,0.0,1.0,0.0,0.0,0.0,0.0,0.0,1.0,0.0,0.3621890547263681,0.17611026033690658,No,3
1.0,0.0,0.0,0.0,0.1388888888888889,1.0,0.0,0.5,1.0,1.0,1.0,1.0,1.0,1.0,0.0,1.0,0.6666666666666666,0.9139303482587063,0.012710566615620214,Yes,3
1.0,1.0,0.0,0.0,0.3611111111111111,1.0,0.0,1.0,0.5,0.5,0.5,0.5,0.5,0.5,0.5,0.0,0.3333333333333333,0.010447761194029848,0.6540581929555895,No,3
0.0,0.0,0.0,0.0,0.08333333333333333,1.0,0.0,0.5,0.0,0.0,1.0,0.0,0.0,1.0,0.0,0.0,0.6666666666666666,0.6532338308457711,0.6439509954058192,Yes,0
0.0,0.0,1.0,0.0,0.9305555555555555,1.0,1.0,0.5,1.0,0.0,1.0,1.0,1.0,1.0,0.5,1.0,0.6666666666666666,0.9253731343283581,0.8856049004594181,No,0
0.0,0.0,1.0,1.0,0.6805555555555555,0.0,0.5,0.0,1.0,0.0,0.0,1.0,0.0,0.0,0.5,1.0,0.3333333333333333,0.17462686567164176,0.2010719754977029,No,0
1.0,0.0,0.0,0.0,0.013888888888888888,1.0,0.0,1.0,0.5,0.5,0.5,0.5,0.5,0.5,0.0,1.0,1.0,0.01791044776119402,0.24609494640122512,No,3
0.0,1.0,0.0,0.0,0.09722222222222221,1.0,0.0,0.5,0.0,0.0,1.0,0.0,1.0,0.0,0.0,1.0,0.6666666666666666,0.6577114427860695,0.7618683001531393,No,0
0.0,1.0,0.0,0.0,0.375,1.0,1.0,0.5,1.0,1.0,1.0,0.0,1.0,1.0,0.5,1.0,0.0,0.917910447761194,0.37779479326186827,No,0
1.0,0.0,1.0,1.0,0.5138888888888888,1.0,0.0,0.5,0.0,0.0,0.0,0.0,1.0,1.0,0.5,0.0,0.3333333333333333,0.7258706467661692,0.4327718223583461,No,3
0.0,0.0,1.0,1.0,0.875,1.0,1.0,0.5,1.0,1.0,1.0,0.0,1.0,0.0,0.0,1.0,0.6666666666666666,0.8189054726368158,0.7732006125574272,Yes,0
1.0,0.0,1.0,1.0,0.4305555555555555,1.0,1.0,0.5,1.0,0.0,1.0,1.0,0.0,0.0,0.0,0.0,0.6666666666666666,0.7069651741293532,0.3741194486983155,No,3
1.0,0.0,1.0,1.0,0.6944444444444444,1.0,1.0,0.5,0.0,1.0,1.0,0.0,1.0,1.0,0.0,1.0,0.0,0.8517412935323382,0.6508422664624809,Yes,3
1.0,1.0,0.0,0.0,0.4444444444444444,1.0,1.0,0.5,0.0,0.0,1.0,0.0,0.0,0.0,0.0,1.0,0.3333333333333333,0.6253731343283582,0.3470137825421133,No,3
0.0,0.0,0.0,0.0,0.013888888888888888,0.0,0.5,0.0,0.0,0.0,0.0,0.0,0.0,0.0,0.0,0.0,0.6666666666666666,0.06318407960199005,0.3125574272588055,Yes,0
0.0,0.0,1.0,0.0,0.875,1.0,1.0,0.5,0.0,0.0,0.0,1.0,0.0,0.0,0.5,1.0,0.3333333333333333,0.6263681592039801,0.6434915773353752,No,0
1.0,0.0,0.0,0.0,0.41666666666666663,1.0,1.0,0.5,1.0,1.0,0.0,0.0,0.0,1.0,0.0,1.0,0.3333333333333333,0.7567164179104477,0.3565084226646248,No,3
1.0,0.0,1.0,0.0,0.986111111111111,1.0,1.0,0.5,1.0,1.0,1.0,1.0,1.0,1.0,1.0,1.0,0.0,0.9736318407960197,0.9405819295558958,No,3
0.0,0.0,0.0,0.0,0.736111111111111,1.0,1.0,0.5,0.0,1.0,1.0,0.0,1.0,1.0,1.0,0.0,0.6666666666666666,0.8686567164179103,0.7188361408882082,No,0
0.0,0.0,0.0,0.0,0.16666666666666666,1.0,0.0,0.5,1.0,0.0,0.0,1.0,1.0,1.0,0.0,1.0,0.0,0.8024875621890547,0.03552833078101072,Yes,0
1.0,0.0,1.0,0.0,0.6944444444444444,1.0,1.0,0.5,1.0,1.0,0.0,0.0,0.0,1.0,0.0,1.0,0.3333333333333333,0.7577114427860697,0.6376722817764165,No,3
0.0,0.0,0.0,0.0,0.027777777777777776,1.0,0.0,1.0,0.5,0.5,0.5,0.5,0.5,0.5,0.0,0.0,1.0,0.01243781094527363,0.3592649310872894,No,0
0.0,0.0,0.0,0.0,0.125,1.0,1.0,0.5,0.0,0.0,1.0,0.0,1.0,1.0,0.0,0.0,0.3333333333333333,0.7965174129353233,0.9765696784073506,Yes,0
1.0,0.0,0.0,0.0,0.2361111111111111,1.0,0.0,0.5,1.0,0.0,0.0,0.0,1.0,1.0,0.0,0.0,0.6666666666666666,0.7522388059701491,0.1679938744257274,Yes,3
0.0,0.0,1.0,0.0,0.7777777777777777,1.0,0.0,0.5,1.0,1.0,1.0,0.0,1.0,1.0,0.5,1.0,0.3333333333333333,0.8691542288557214,0.7594180704441041,No,0
1.0,0.0,1.0,1.0,0.9305555555555555,1.0,0.0,0.0,1.0,1.0,1.0,0.0,1.0,1.0,1.0,0.0,0.3333333333333333,0.6278606965174128,0.6868300153139356,No,3
1.0,1.0,0.0,0.0,0.125,1.0,1.0,0.5,0.0,0.0,1.0,0.0,1.0,1.0,0.0,1.0,0.6666666666666666,0.818407960199005,0.9742725880551302,Yes,3
1.0,0.0,0.0,0.0,0.05555555555555555,1.0,0.0,0.0,0.0,0.0,0.0,0.0,1.0,0.0,0.0,1.0,0.6666666666666666,0.37960199004975126,0.3022970903522205,No,3
1.0,0.0,0.0,0.0,0.2638888888888889,1.0,0.0,0.0,0.0,1.0,0.0,1.0,0.0,1.0,0.5,1.0,0.0,0.4686567164179104,0.06477794793261868,No,3
0.0,0.0,0.0,1.0,0.1111111111111111,1.0,0.0,1.0,0.5,0.5,0.5,0.5,0.5,0.5,0.0,0.0,1.0,0.01691542288557213,0.18361408882082694,No,0
0.0,0.0,0.0,0.0,0.986111111111111,1.0,1.0,0.5,0.0,1.0,1.0,1.0,1.0,1.0,1.0,1.0,0.6666666666666666,0.9253731343283581,0.9196018376722818,No,0
1.0,1.0,0.0,0.0,0.1388888888888889,1.0,0.0,0.5,0.0,1.0,0.0,0.0,0.0,0.0,0.0,1.0,0.6666666666666666,0.5432835820895522,0.8312404287901991,Yes,3
0.0,1.0,0.0,0.0,0.20833333333333331,1.0,1.0,0.5,0.0,1.0,0.0,0.0,1.0,0.0,0.0,0.0,0.3333333333333333,0.7039800995024875,0.08024502297090352,No,0
1.0,0.0,1.0,1.0,1.0,1.0,1.0,0.5,1.0,0.0,1.0,0.0,1.0,1.0,0.5,1.0,0.0,0.8741293532338307,0.9085758039816233,No,3
1.0,0.0,0.0,0.0,0.16666666666666666,1.0,0.0,1.0,0.5,0.5,0.5,0.5,0.5,0.5,0.5,0.0,0.3333333333333333,0.01791044776119402,0.35558958652373657,No,3
1.0,0.0,1.0,1.0,1.0,1.0,1.0,1.0,0.5,0.5,0.5,0.5,0.5,0.5,1.0,1.0,0.0,0.06915422885572137,0.20520673813169985,No,3
1.0,1.0,1.0,0.0,0.013888888888888888,1.0,1.0,0.5,0.0,0.0,0.0,0.0,0.0,0.0,0.0,1.0,0.6666666666666666,0.5502487562189055,0.8678407350689127,Yes,3
0.0,1.0,0.0,0.0,0.3194444444444444,1.0,0.0,0.5,1.0,0.0,0.0,0.0,0.0,0.0,0.0,1.0,0.0,0.5686567164179105,0.17166921898928025,No,0
1.0,0.0,0.0,0.0,1.0,0.0,0.5,0.0,1.0,1.0,1.0,1.0,1.0,1.0,1.0,1.0,0.0,0.47064676616915413,0.6222052067381317,No,3
0.0,0.0,0.0,0.0,0.3611111111111111,1.0,1.0,0.5,0.0,0.0,1.0,0.0,0.0,0.0,0.0,1.0,0.6666666666666666,0.6213930348258706,0.2776416539050536,No,0
0.0,0.0,0.0,0.0,0.29166666666666663,1.0,0.0,0.5,0.0,1.0,1.0,1.0,1.0,1.0,0.5,1.0,1.0,0.8587064676616915,0.28683001531393565,No,0
1.0,0.0,1.0,0.0,0.8333333333333333,1.0,1.0,1.0,0.5,0.5,0.5,0.5,0.5,0.5,0.5,0.0,0.0,0.05870646766169152,0.14073506891271056,No,3
1.0,0.0,0.0,0.0,0.16666666666666666,1.0,0.0,1.0,0.5,0.5,0.5,0.5,0.5,0.5,0.0,0.0,1.0,0.021890547263681587,0.33751914241960185,No,3
1.0,0.0,1.0,0.0,0.2222222222222222,1.0,1.0,0.5,0.0,0.0,0.0,0.0,0.0,0.0,0.0,1.0,0.6666666666666666,0.5686567164179105,0.05359877488514548,No,3
0.0,0.0,1.0,0.0,0.875,1.0,1.0,0.0,1.0,1.0,0.0,0.0,1.0,1.0,0.5,1.0,0.3333333333333333,0.6114427860696517,0.6196018376722817,No,0
0.0,1.0,0.0,0.0,0.3055555555555555,1.0,0.0,0.5,1.0,1.0,0.0,0.0,0.0,0.0,0.0,0.0,0.6666666666666666,0.6313432835820896,0.2105666156202144,No,0
0.0,0.0,1.0,1.0,0.4444444444444444,1.0,0.0,0.0,1.0,1.0,1.0,1.0,0.0,1.0,0.0,0.0,0.0,0.5776119402985074,0.3137825421133231,No,0
0.0,1.0,0.0,0.0,0.041666666666666664,1.0,1.0,0.5,0.0,1.0,0.0,0.0,0.0,0.0,0.0,1.0,0.6666666666666666,0.6084577114427862,0.257427258805513,Yes,0
0.0,0.0,0.0,0.0,0.18055555555555555,1.0,0.0,0.5,0.0,1.0,1.0,0.0,0.0,0.0,0.0,1.0,0.6666666666666666,0.6258706467661692,0.9879019908116385,Yes,0
0.0,0.0,1.0,1.0,0.9444444444444444,1.0,1.0,0.5,0.0,1.0,0.0,1.0,1.0,1.0,1.0,1.0,0.3333333333333333,0.8507462686567163,0.8482388973966309,No,0
0.0,0.0,1.0,1.0,0.41666666666666663,1.0,0.0,0.5,0.0,0.0,1.0,0.0,0.0,1.0,0.5,0.0,0.6666666666666666,0.6786069651741293,0.3355283307810107,No,0
0.0,0.0,0.0,0.0,0.2222222222222222,1.0,0.0,0.5,0.0,1.0,0.0,0.0,0.0,0.0,0.0,0.0,0.0,0.5656716417910447,0.05957120980091883,No,0
1.0,0.0,0.0,0.0,0.4583333333333333,1.0,0.0,0.5,0.0,1.0,0.0,1.0,0.0,0.0,1.0,0.0,0.0,0.6203980099502486,0.35206738131699844,No,3
1.0,0.0,1.0,0.0,1.0,1.0,0.0,1.0,0.5,0.5,0.5,0.5,0.5,0.5,1.0,0.0,0.3333333333333333,0.010447761194029848,0.08560490045941807,No,3
0.0,1.0,0.0,0.0,0.05555555555555555,1.0,1.0,0.5,0.0,0.0,0.0,0.0,0.0,1.0,0.0,1.0,0.6666666666666666,0.6601990049751243,0.4771822358346095,Yes,0
0.0,0.0,0.0,0.0,0.16666666666666666,0.0,0.5,0.0,1.0,0.0,0.0,1.0,0.0,0.0,0.5,1.0,1.0,0.1527363184079602,0.5664624808575803,No,0
0.0,1.0,1.0,0.0,0.05555555555555555,1.0,1.0,0.5,0.0,0.0,0.0,0.0,1.0,0.0,0.0,1.0,0.6666666666666666,0.6467661691542288,0.4090352220520674,No,0
0.0,0.0,1.0,1.0,0.0,1.0,0.0,0.0,1.0,1.0,1.0,0.0,1.0,1.0,1.0,0.0,1.0,0.6228855721393034,0.0,No,0
0.0,0.0,0.0,0.0,0.08333333333333333,1.0,1.0,0.5,1.0,0.0,0.0,0.0,0.0,0.0,0.0,1.0,0.6666666666666666,0.6049751243781094,0.565084226646248,Yes,0
0.0,0.0,1.0,0.0,0.9027777777777777,1.0,1.0,0.5,0.0,1.0,1.0,1.0,1.0,1.0,0.5,1.0,0.3333333333333333,0.8935323383084576,0.8552833078101072,No,0
0.0,0.0,0.0,0.0,0.20833333333333331,1.0,0.0,1.0,0.5,0.5,0.5,0.5,0.5,0.5,0.0,0.0,1.0,0.01641791044776117,0.4260336906584992,No,0
0.0,0.0,0.0,1.0,0.3333333333333333,1.0,0.0,1.0,0.5,0.5,0.5,0.5,0.5,0.5,0.5,0.0,0.0,0.027860696517412936,0.6802450229709035,No,0
0.0,0.0,0.0,1.0,0.18055555555555555,0.0,0.5,0.0,0.0,1.0,0.0,0.0,0.0,0.0,0.0,0.0,0.6666666666666666,0.11840796019900496,0.5009188361408882,No,0
1.0,0.0,0.0,0.0,0.3333333333333333,1.0,0.0,0.5,0.0,0.0,0.0,0.0,0.0,1.0,0.0,1.0,0.3333333333333333,0.6129353233830845,0.24931087289433385,No,3
0.0,0.0,1.0,0.0,1.0,0.0,0.5,0.0,1.0,1.0,1.0,1.0,1.0,1.0,1.0,0.0,0.0,0.4701492537313433,0.6385911179173047,No,0
0.0,0.0,1.0,1.0,0.75,1.0,1.0,0.5,1.0,1.0,0.0,0.0,1.0,1.0,0.0,1.0,0.0,0.854228855721393,0.7156202143950995,No,0
0.0,0.0,0.0,0.0,0.041666666666666664,1.0,1.0,0.5,0.0,0.0,0.0,0.0,0.0,0.0,0.0,0.0,0.0,0.5587064676616916,0.27075038284839203,Yes,0
1.0,0.0,1.0,1.0,0.05555555555555555,1.0,0.0,1.0,0.5,0.5,0.5,0.5,0.5,0.5,0.0,1.0,1.0,0.02238805970149252,0.898468606431853,No,3
0.0,1.0,1.0,1.0,0.4444444444444444,1.0,1.0,0.5,0.0,0.0,1.0,0.0,1.0,0.0,0.0,1.0,1.0,0.7273631840796019,0.38269525267993876,No,0
1.0,1.0,0.0,0.0,0.4861111111111111,1.0,1.0,0.5,0.0,0.0,1.0,0.0,1.0,1.0,0.0,1.0,0.6666666666666666,0.8039800995024875,0.4500765696784073,Yes,3
1.0,0.0,1.0,1.0,0.4861111111111111,1.0,0.0,1.0,0.5,0.5,0.5,0.5,0.5,0.5,1.0,0.0,0.0,0.02238805970149252,0.8909647779479326,No,3
1.0,1.0,0.0,0.0,0.027777777777777776,1.0,0.0,0.0,0.0,0.0,0.0,0.0,0.0,0.0,0.0,0.0,1.0,0.2656716417910448,0.9508422664624808,Yes,3
0.0,0.0,0.0,0.0,0.1111111111111111,1.0,0.0,0.5,0.0,1.0,0.0,0.0,0.0,0.0,0.0,0.0,0.6666666666666666,0.5706467661691541,0.684073506891271,No,0
1.0,0.0,0.0,0.0,0.3055555555555555,1.0,0.0,0.0,1.0,0.0,0.0,1.0,0.0,0.0,0.0,0.0,1.0,0.3666666666666667,0.07059724349157734,No,3
0.0,0.0,0.0,0.0,0.20833333333333331,1.0,0.0,0.0,1.0,0.0,1.0,1.0,0.0,0.0,0.0,0.0,0.6666666666666666,0.40497512437810945,0.9885145482388974,No,0
1.0,0.0,0.0,0.0,0.3055555555555555,1.0,1.0,0.5,0.0,0.0,0.0,0.0,1.0,1.0,0.0,1.0,0.6666666666666666,0.7646766169154228,0.27228177641653906,No,3
1.0,0.0,1.0,0.0,0.013888888888888888,1.0,0.0,0.0,0.0,0.0,0.0,0.0,0.0,0.0,0.0,0.0,0.3333333333333333,0.2631840796019901,0.5736600306278713,Yes,3
0.0,0.0,1.0,1.0,0.986111111111111,1.0,1.0,1.0,0.5,0.5,0.5,0.5,0.5,0.5,1.0,0.0,0.0,0.07164179104477608,0.20918836140888208,No,0
1.0,0.0,0.0,0.0,0.05555555555555555,1.0,0.0,0.0,1.0,0.0,1.0,0.0,0.0,0.0,0.0,0.0,0.6666666666666666,0.3830845771144279,0.3217457886676876,No,3
1.0,0.0,0.0,0.0,0.3472222222222222,1.0,1.0,0.0,1.0,1.0,1.0,1.0,0.0,1.0,0.0,0.0,0.0,0.6318407960199005,0.2542113323124043,No,3
0.0,0.0,1.0,1.0,0.4444444444444444,1.0,0.0,0.5,0.0,1.0,0.0,0.0,1.0,0.0,0.0,1.0,0.6666666666666666,0.6751243781094527,0.36248085758039816,No,0
1.0,1.0,1.0,0.0,0.09722222222222221,0.0,0.5,0.0,1.0,0.0,0.0,0.0,0.0,0.0,0.0,0.0,0.0,0.11492537313432838,0.27947932618683,No,3
1.0,0.0,0.0,0.0,0.2361111111111111,1.0,0.0,1.0,0.5,0.5,0.5,0.5,0.5,0.5,0.5,1.0,1.0,0.02238805970149252,0.48330781010719753,No,3
1.0,1.0,1.0,0.0,0.1111111111111111,1.0,0.0,0.0,1.0,0.0,0.0,0.0,1.0,0.0,0.0,0.0,0.0,0.42437810945273624,0.7009188361408882,No,3
0.0,1.0,0.0,0.0,0.7777777777777777,1.0,1.0,0.0,1.0,0.0,1.0,1.0,0.0,1.0,1.0,0.0,0.0,0.5472636815920398,0.5306278713629402,No,0
1.0,0.0,0.0,0.0,0.013888888888888888,1.0,0.0,0.0,0.0,0.0,0.0,0.0,0.0,0.0,0.0,1.0,1.0,0.27313432835820894,0.5852986217457886,Yes,3
1.0,1.0,0.0,0.0,0.1111111111111111,1.0,0.0,0.5,1.0,0.0,0.0,1.0,1.0,1.0,0.0,0.0,0.3333333333333333,0.8164179104477611,0.9415007656967841,Yes,3
1.0,0.0,0.0,0.0,0.09722222222222221,1.0,0.0,1.0,0.5,0.5,0.5,0.5,0.5,0.5,0.0,0.0,0.6666666666666666,0.009950248756218888,0.03506891271056661,Yes,3
1.0,0.0,0.0,1.0,0.041666666666666664,1.0,0.0,1.0,0.5,0.5,0.5,0.5,0.5,0.5,0.0,0.0,1.0,0.025870646766169153,0.7523736600306279,No,3
0.0,0.0,0.0,0.0,0.986111111111111,1.0,0.0,0.0,1.0,1.0,1.0,1.0,1.0,0.0,1.0,0.0,0.3333333333333333,0.5880597014925373,0.7049004594180704,No,0
0.0,0.0,0.0,0.0,0.027777777777777776,1.0,1.0,0.5,0.0,0.0,0.0,0.0,1.0,1.0,0.0,1.0,0.6666666666666666,0.7736318407960199,0.19218989280245022,Yes,0
0.0,0.0,0.0,0.0,0.013888888888888888,1.0,0.0,0.5,0.0,0.0,0.0,0.0,1.0,1.0,0.0,0.0,0.6666666666666666,0.7194029850746269,0.9684532924961715,Yes,0
1.0,0.0,1.0,0.0,0.6805555555555555,1.0,1.0,0.5,1.0,1.0,0.0,0.0,1.0,0.0,0.0,1.0,0.0,0.7522388059701491,0.6130168453292496,No,3
1.0,0.0,0.0,0.0,0.8055555555555555,1.0,0.0,0.0,0.0,1.0,1.0,1.0,1.0,0.0,1.0,0.0,0.0,0.5159203980099502,0.5300153139356815,No,3
1.0,1.0,1.0,0.0,0.611111111111111,0.0,0.5,0.0,0.0,1.0,0.0,0.0,0.0,0.0,0.0,1.0,0.6666666666666666,0.12039800995024874,0.09999999999999999,Yes,3
0.0,0.0,1.0,1.0,0.8194444444444444,1.0,0.0,0.0,0.0,1.0,0.0,1.0,1.0,1.0,1.0,1.0,0.3333333333333333,0.5741293532338309,0.5929555895865237,No,0
1.0,0.0,0.0,0.0,0.986111111111111,1.0,1.0,0.5,1.0,0.0,1.0,1.0,1.0,1.0,1.0,1.0,0.6666666666666666,0.8935323383084576,0.8863705972434915,Yes,3
1.0,0.0,0.0,0.0,0.013888888888888888,1.0,0.0,0.5,0.0,0.0,0.0,0.0,0.0,0.0,0.0,1.0,0.6666666666666666,0.5139303482587065,0.8352220520673813,Yes,3
0.0,0.0,0.0,0.0,0.15277777777777776,1.0,1.0,0.5,0.0,0.0,0.0,0.0,0.0,0.0,0.0,0.0,0.6666666666666666,0.5671641791044776,0.9633996937212863,No,0
1.0,1.0,1.0,0.0,0.861111111111111,1.0,1.0,0.5,0.0,1.0,1.0,0.0,1.0,1.0,0.5,1.0,0.6666666666666666,0.8507462686567163,0.788208269525268,Yes,3
0.0,0.0,1.0,1.0,0.4861111111111111,1.0,0.0,0.0,1.0,0.0,0.0,1.0,0.0,0.0,0.5,1.0,0.0,0.3651741293532338,0.2324655436447167,No,0
0.0,0.0,0.0,0.0,0.2777777777777778,1.0,0.0,1.0,0.5,0.5,0.5,0.5,0.5,0.5,0.0,1.0,0.0,0.01243781094527363,0.5392036753445635,No,0
1.0,0.0,1.0,1.0,0.5555555555555556,1.0,0.0,1.0,0.5,0.5,0.5,0.5,0.5,0.5,1.0,0.0,1.0,0.013432835820895522,0.9264931087289433,No,3
0.0,0.0,0.0,0.0,0.5416666666666666,1.0,0.0,0.0,1.0,0.0,0.0,0.0,0.0,0.0,0.5,1.0,0.6666666666666666,0.2945273631840796,0.2237366003062787,No,0
1.0,0.0,0.0,0.0,0.013888888888888888,1.0,1.0,0.5,0.0,0.0,0.0,0.0,0.0,1.0,0.0,1.0,0.6666666666666666,0.6800995024875621,0.955895865237366,Yes,3
0.0,0.0,1.0,1.0,1.0,1.0,1.0,1.0,0.5,0.5,0.5,0.5,0.5,0.5,1.0,0.0,0.0,0.05472636815920398,0.1784073506891271,No,0
0.0,1.0,1.0,0.0,0.4583333333333333,1.0,1.0,0.5,0.0,1.0,0.0,0.0,0.0,0.0,0.0,1.0,0.0,0.6203980099502486,0.35298621745788666,Yes,0
0.0,0.0,0.0,0.0,0.16666666666666666,1.0,0.0,0.0,0.0,0.0,0.0,0.0,0.0,0.0,0.0,0.0,0.0,0.254228855721393,0.6882082695252679,No,0
1.0,0.0,0.0,0.0,0.013888888888888888,1.0,0.0,1.0,0.5,0.5,0.5,0.5,0.5,0.5,0.0,0.0,0.0,0.014925373134328346,0.22802450229709034,No,3
1.0,0.0,0.0,1.0,0.375,1.0,0.0,1.0,0.5,0.5,0.5,0.5,0.5,0.5,0.0,0.0,1.0,0.008955223880596996,0.685145482388974,No,3
1.0,0.0,1.0,1.0,0.4722222222222222,1.0,0.0,1.0,0.5,0.5,0.5,0.5,0.5,0.5,0.5,0.0,0.3333333333333333,0.013432835820895522,0.8214395099540581,No,3
0.0,0.0,1.0,0.0,0.7777777777777777,1.0,0.0,0.5,1.0,0.0,1.0,0.0,0.0,0.0,1.0,0.0,0.0,0.617412935323383,0.5880551301684532,No,0
0.0,0.0,0.0,0.0,0.8055555555555555,1.0,1.0,1.0,0.5,0.5,0.5,0.5,0.5,0.5,1.0,0.0,0.3333333333333333,0.06069651741293533,0.11960183767228177,No,0
0.0,0.0,1.0,1.0,0.3055555555555555,1.0,1.0,1.0,0.5,0.5,0.5,0.5,0.5,0.5,1.0,0.0,0.3333333333333333,0.06965174129353235,0.7047473200612557,No,0
0.0,0.0,1.0,1.0,0.1388888888888889,1.0,1.0,1.0,0.5,0.5,0.5,0.5,0.5,0.5,1.0,0.0,0.3333333333333333,0.07810945273631842,0.2885145482388974,No,0
1.0,0.0,0.0,0.0,0.18055555555555555,1.0,0.0,1.0,0.5,0.5,0.5,0.5,0.5,0.5,1.0,0.0,0.3333333333333333,0.01741293532338306,0.3569678407350689,No,3
0.0,0.0,0.0,0.0,0.4861111111111111,1.0,1.0,0.5,0.0,1.0,0.0,1.0,0.0,0.0,0.0,0.0,0.3333333333333333,0.6671641791044776,0.38591117917304746,Yes,0
0.0,0.0,0.0,0.0,0.4722222222222222,1.0,0.0,0.5,0.0,0.0,0.0,0.0,0.0,0.0,0.0,1.0,0.3333333333333333,0.5149253731343283,0.31531393568147015,Yes,0
0.0,1.0,0.0,0.0,0.05555555555555555,1.0,1.0,0.5,0.0,0.0,0.0,0.0,1.0,1.0,0.0,1.0,0.6666666666666666,0.7567164179104477,0.5539050535987748,Yes,0
1.0,0.0,1.0,0.0,1.0,1.0,0.0,1.0,0.5,0.5,0.5,0.5,0.5,0.5,1.0,0.0,0.0,0.024378109452736302,0.13568147013782542,No,3
1.0,0.0,0.0,0.0,0.027777777777777776,1.0,0.0,0.0,0.0,0.0,0.0,1.0,1.0,1.0,0.0,0.0,0.6666666666666666,0.517910447761194,0.08958652373660031,No,3
0.0,0.0,0.0,0.0,0.09722222222222221,1.0,0.0,0.5,0.0,0.0,1.0,0.0,1.0,1.0,0.0,1.0,0.6666666666666666,0.7671641791044775,0.8067381316998469,Yes,0
1.0,1.0,1.0,0.0,0.375,1.0,1.0,0.5,0.0,0.0,0.0,0.0,0.0,0.0,0.0,1.0,0.6666666666666666,0.5696517412935324,0.2254211332312404,Yes,3
1.0,0.0,1.0,1.0,0.05555555555555555,1.0,0.0,0.5,0.0,0.0,0.0,0.0,0.0,0.0,0.0,1.0,1.0,0.5104477611940298,0.3762633996937213,No,3
0.0,0.0,0.0,0.0,0.5138888888888888,1.0,0.0,1.0,0.5,0.5,0.5,0.5,0.5,0.5,1.0,0.0,1.0,0.015920398009950265,0.907656967840735,No,0
1.0,0.0,0.0,0.0,0.29166666666666663,1.0,0.0,1.0,0.5,0.5,0.5,0.5,0.5,0.5,0.0,0.0,1.0,0.01741293532338306,0.5459418070444104,No,3
0.0,1.0,1.0,0.0,0.736111111111111,1.0,1.0,0.5,0.0,0.0,0.0,0.0,1.0,1.0,0.5,1.0,0.3333333333333333,0.772139303482587,0.6503828483920367,No,0
0.0,0.0,0.0,0.0,0.25,1.0,1.0,0.5,0.0,0.0,0.0,1.0,0.0,1.0,0.0,1.0,0.6666666666666666,0.7149253731343282,0.16462480857580397,Yes,0
0.0,0.0,0.0,0.0,0.027777777777777776,1.0,0.0,0.5,0.0,0.0,0.0,0.0,0.0,0.0,0.0,0.0,0.6666666666666666,0.5044776119402985,0.054211332312404284,Yes,0
1.0,0.0,1.0,1.0,0.4444444444444444,1.0,1.0,0.5,1.0,0.0,0.0,0.0,1.0,1.0,0.0,1.0,0.3333333333333333,0.8089552238805969,0.4264931087289433,Yes,3
1.0,1.0,1.0,0.0,0.3194444444444444,1.0,0.0,1.0,0.5,0.5,0.5,0.5,0.5,0.5,0.5,1.0,0.6666666666666666,0.02487562189054726,0.6263399693721287,No,3
1.0,0.0,0.0,0.0,0.041666666666666664,1.0,0.0,0.0,1.0,0.0,0.0,0.0,0.0,0.0,0.0,1.0,1.0,0.31741293532338305,0.16202143950995404,No,3
0.0,0.0,1.0,1.0,0.986111111111111,0.0,0.5,0.0,1.0,1.0,0.0,1.0,1.0,1.0,1.0,0.0,1.0,0.40199004975124375,0.5421133231240428,No,0
1.0,0.0,0.0,0.0,0.125,1.0,0.0,0.5,0.0,0.0,0.0,1.0,1.0,1.0,0.0,1.0,0.0,0.772636815920398,0.9372128637059725,No,3
0.0,0.0,0.0,0.0,0.013888888888888888,1.0,0.0,0.0,0.0,1.0,0.0,0.0,0.0,0.0,0.0,0.0,0.6666666666666666,0.31094527363184077,0.6339969372128637,No,0
1.0,0.0,1.0,1.0,0.25,1.0,0.0,0.0,0.0,0.0,1.0,0.0,0.0,1.0,0.0,0.0,0.6666666666666666,0.39004975124378105,0.9977029096477794,Yes,3
1.0,0.0,1.0,1.0,0.16666666666666666,1.0,0.0,0.0,0.0,0.0,0.0,0.0,0.0,1.0,0.5,0.0,0.3333333333333333,0.3522388059701492,0.8392036753445635,Yes,3
1.0,0.0,1.0,0.0,0.986111111111111,1.0,1.0,0.0,1.0,1.0,1.0,1.0,0.0,1.0,1.0,1.0,1.0,0.6154228855721392,0.7079632465543645,No,3
0.0,0.0,0.0,0.0,0.8888888888888888,1.0,1.0,1.0,0.5,0.5,0.5,0.5,0.5,0.5,0.5,1.0,0.0,0.061194029850746234,0.16248085758039815,No,0
1.0,0.0,0.0,0.0,0.05555555555555555,0.0,0.5,0.0,0.0,0.0,0.0,1.0,0.0,1.0,0.0,1.0,0.6666666666666666,0.21691542288557208,0.16630934150076568,No,3
0.0,0.0,0.0,0.0,0.3194444444444444,1.0,0.0,1.0,0.5,0.5,0.5,0.5,0.5,0.5,0.0,1.0,1.0,0.01243781094527363,0.6098009188361408,No,0
0.0,0.0,1.0,1.0,0.5416666666666666,1.0,0.0,0.0,1.0,0.0,0.0,0.0,0.0,0.0,0.0,0.0,0.3333333333333333,0.3263681592039801,0.25880551301684535,No,0
1.0,0.0,1.0,0.0,0.38888888888888884,1.0,0.0,0.0,1.0,0.0,0.0,1.0,0.0,0.0,0.5,0.0,1.0,0.3592039800995025,0.12098009188361408,No,3
0.0,1.0,0.0,0.0,0.06944444444444445,1.0,0.0,0.5,0.0,1.0,0.0,0.0,1.0,0.0,0.0,1.0,0.6666666666666666,0.6611940298507463,0.5137825421133231,No,0
0.0,1.0,1.0,0.0,0.625,1.0,0.0,0.5,0.0,0.0,1.0,0.0,0.0,1.0,0.0,1.0,0.6666666666666666,0.6751243781094527,0.5058192955589587,No,0
1.0,0.0,0.0,0.0,0.5138888888888888,1.0,0.0,0.5,0.0,0.0,0.0,0.0,0.0,0.0,0.0,1.0,1.0,0.5184079601990049,0.33828483920367536,No,3
0.0,1.0,1.0,0.0,0.8333333333333333,1.0,0.0,0.5,1.0,1.0,1.0,1.0,1.0,1.0,1.0,1.0,0.0,0.9129353233830845,0.8110260336906585,No,0
1.0,1.0,0.0,0.0,0.1111111111111111,1.0,1.0,0.5,0.0,0.0,1.0,0.0,1.0,1.0,0.0,1.0,0.6666666666666666,0.8194029850746268,0.9332312404287901,Yes,3
0.0,0.0,0.0,0.0,0.6527777777777778,1.0,1.0,0.5,1.0,0.0,1.0,0.0,1.0,0.0,0.5,0.0,0.3333333333333333,0.7626865671641792,0.5998468606431853,No,0
1.0,0.0,1.0,1.0,0.3611111111111111,1.0,1.0,0.5,0.0,0.0,0.0,0.0,1.0,0.0,0.0,1.0,0.6666666666666666,0.6517412935323383,0.2597243491577335,Yes,3
0.0,1.0,1.0,1.0,0.041666666666666664,1.0,0.0,0.5,1.0,0.0,0.0,1.0,1.0,0.0,0.0,1.0,1.0,0.6970149253731343,0.3640122511485452,Yes,0
0.0,0.0,1.0,1.0,0.6944444444444444,1.0,0.0,0.5,0.0,0.0,0.0,0.0,0.0,0.0,0.0,1.0,0.0,0.5124378109452736,0.4716692189892802,No,0
1.0,0.0,1.0,1.0,0.375,1.0,1.0,0.0,0.0,0.0,0.0,1.0,1.0,1.0,0.0,0.0,0.0,0.5308457711442786,0.23874425727411944,No,3
0.0,1.0,0.0,0.0,0.1111111111111111,1.0,0.0,0.5,0.0,0.0,1.0,0.0,1.0,1.0,0.0,1.0,0.6666666666666666,0.7348258706467661,0.8664624808575804,Yes,0
0.0,0.0,1.0,0.0,0.861111111111111,1.0,1.0,1.0,0.5,0.5,0.5,0.5,0.5,0.5,1.0,0.0,0.0,0.05373134328358206,0.11761102603369065,No,0
0.0,0.0,1.0,0.0,0.986111111111111,1.0,0.0,0.0,1.0,0.0,1.0,1.0,1.0,1.0,1.0,0.0,0.0,0.6328358208955223,0.7441041347626339,No,0
1.0,0.0,0.0,0.0,0.9166666666666666,1.0,1.0,1.0,0.5,0.5,0.5,0.5,0.5,0.5,1.0,0.0,1.0,0.0681592039800995,0.18284839203675343,No,3
1.0,0.0,1.0,1.0,0.9444444444444444,1.0,1.0,0.5,1.0,1.0,1.0,1.0,1.0,1.0,1.0,1.0,0.0,0.9597014925373134,0.9087289433384379,No,3
0.0,0.0,0.0,0.0,0.18055555555555555,0.0,0.5,0.0,0.0,0.0,1.0,0.0,1.0,1.0,0.0,0.0,0.6666666666666666,0.30746268656716413,0.796937212863706,No,0
1.0,0.0,1.0,0.0,0.7777777777777777,1.0,0.0,0.5,0.0,0.0,0.0,0.0,0.0,1.0,0.5,1.0,0.6666666666666666,0.6233830845771144,0.5947932618683002,No,3
1.0,0.0,1.0,0.0,0.5277777777777778,1.0,0.0,0.5,1.0,1.0,0.0,0.0,0.0,0.0,0.0,1.0,0.6666666666666666,0.608955223880597,0.3998468606431853,Yes,3
1.0,1.0,0.0,0.0,0.19444444444444442,1.0,0.0,0.5,0.0,0.0,0.0,0.0,1.0,1.0,0.0,0.0,0.3333333333333333,0.718407960199005,0.07427258805513016,Yes,3
0.0,0.0,0.0,1.0,0.2222222222222222,1.0,0.0,1.0,0.5,0.5,0.5,0.5,0.5,0.5,0.5,1.0,0.0,0.010447761194029848,0.47733537519142416,No,0
0.0,0.0,1.0,1.0,0.19444444444444442,1.0,0.0,0.5,0.0,0.0,0.0,0.0,0.0,0.0,0.0,0.0,0.6666666666666666,0.5169154228855721,0.013782542113323124,No,0
1.0,0.0,1.0,1.0,0.4444444444444444,1.0,0.0,0.5,0.0,0.0,0.0,0.0,0.0,0.0,0.0,1.0,0.0,0.5124378109452736,0.30367534456355283,Yes,3
0.0,0.0,0.0,0.0,0.1111111111111111,1.0,0.0,0.0,1.0,0.0,0.0,1.0,0.0,0.0,0.5,0.0,0.0,0.35820895522388063,0.5808575803981623,No,0
0.0,0.0,1.0,1.0,0.5972222222222222,1.0,1.0,0.5,0.0,0.0,1.0,0.0,1.0,1.0,0.0,1.0,0.0,0.8064676616915423,0.5503828483920368,No,0
0.0,0.0,0.0,0.0,0.7222222222222222,1.0,1.0,0.0,1.0,0.0,1.0,1.0,1.0,0.0,0.5,0.0,0.3333333333333333,0.554726368159204,0.5079632465543644,No,0
1.0,0.0,0.0,0.0,0.041666666666666664,1.0,0.0,0.0,0.0,0.0,0.0,1.0,0.0,0.0,0.0,1.0,1.0,0.31840796019900497,0.14349157733537518,No,3
1.0,0.0,0.0,0.0,0.40277777777777773,1.0,0.0,1.0,0.5,0.5,0.5,0.5,0.5,0.5,0.5,1.0,1.0,0.015422885572139305,0.7228177641653905,No,3
0.0,0.0,0.0,0.0,0.013888888888888888,1.0,0.0,1.0,0.5,0.5,0.5,0.5,0.5,0.5,0.0,0.0,1.0,0.013930348258706454,0.22771822358346094,Yes,0
1.0,1.0,0.0,0.0,0.16666666666666666,0.0,0.5,0.0,0.0,0.0,1.0,1.0,0.0,1.0,0.0,1.0,0.6666666666666666,0.2527363184079602,0.6739663093415007,Yes,3
0.0,0.0,1.0,1.0,0.2222222222222222,0.0,0.5,0.0,0.0,0.0,0.0,0.0,0.0,1.0,0.0,1.0,0.3333333333333333,0.17164179104477612,0.7021439509954058,No,0
0.0,0.0,0.0,0.0,0.5555555555555556,1.0,1.0,0.0,0.0,0.0,1.0,1.0,1.0,1.0,0.5,1.0,1.0,0.6218905472636815,0.42695252679938744,No,0
0.0,0.0,0.0,0.0,0.06944444444444445,0.0,0.5,0.0,0.0,0.0,1.0,0.0,0.0,1.0,0.0,0.0,0.6666666666666666,0.21144278606965172,0.26539050535987746,Yes,0
1.0,0.0,1.0,0.0,0.5555555555555556,1.0,1.0,0.5,0.0,0.0,0.0,0.0,1.0,1.0,0.0,1.0,0.0,0.7845771144278606,0.4892802450229709,Yes,3
0.0,0.0,0.0,0.0,0.5,1.0,0.0,1.0,0.5,0.5,0.5,0.5,0.5,0.5,0.5,0.0,1.0,0.012935323383084563,0.7727411944869831,No,0
0.0,0.0,0.0,0.0,0.06944444444444445,1.0,0.0,0.5,0.0,0.0,0.0,0.0,0.0,1.0,0.0,1.0,0.6666666666666666,0.6144278606965173,0.5379785604900459,Yes,0
0.0,0.0,0.0,0.0,0.1388888888888889,1.0,0.0,0.5,1.0,0.0,0.0,0.0,1.0,0.0,0.0,1.0,1.0,0.6611940298507463,0.9411944869831547,Yes,0
1.0,0.0,1.0,1.0,0.027777777777777776,1.0,0.0,0.5,0.0,0.0,0.0,0.0,1.0,1.0,0.0,1.0,0.0,0.7094527363184079,0.21653905053598774,Yes,3
1.0,0.0,0.0,0.0,0.3194444444444444,1.0,1.0,0.5,0.0,0.0,0.0,1.0,1.0,0.0,0.0,1.0,0.6666666666666666,0.7199004975124377,0.23690658499234302,Yes,3
1.0,0.0,1.0,1.0,0.3611111111111111,1.0,0.0,1.0,0.5,0.5,0.5,0.5,0.5,0.5,0.5,1.0,0.0,0.01791044776119402,0.6549770290964778,No,3
0.0,1.0,1.0,0.0,1.0,1.0,1.0,0.5,1.0,1.0,1.0,0.0,1.0,1.0,1.0,1.0,0.6666666666666666,0.9368159203980099,0.9248085758039816,No,0
0.0,0.0,1.0,0.0,0.4722222222222222,1.0,0.0,0.0,0.0,0.0,0.0,1.0,0.0,0.0,0.0,0.0,0.0,0.31791044776119404,0.20949464012251148,No,0
1.0,0.0,0.0,0.0,0.1388888888888889,1.0,0.0,0.0,1.0,0.0,0.0,1.0,1.0,0.0,0.0,0.0,0.0,0.43781094527363185,0.7650842266462481,No,3
0.0,0.0,0.0,0.0,0.19444444444444442,1.0,0.0,0.0,1.0,0.0,0.0,1.0,0.0,0.0,0.5,0.0,1.0,0.372636815920398,0.91791730474732,No,0
0.0,0.0,0.0,0.0,0.3194444444444444,1.0,1.0,0.5,1.0,0.0,0.0,0.0,1.0,0.0,0.0,1.0,0.0,0.7144278606965173,0.2732006125574272,Yes,0
1.0,0.0,1.0,0.0,0.6527777777777778,1.0,0.0,1.0,0.5,0.5,0.5,0.5,0.5,0.5,1.0,0.0,1.0,0.013930348258706454,0.9937212863705972,No,3
1.0,0.0,1.0,0.0,0.3333333333333333,1.0,0.0,0.5,1.0,0.0,0.0,1.0,0.0,1.0,0.0,1.0,0.6666666666666666,0.7064676616915423,0.2826952526799387,No,3
1.0,0.0,1.0,0.0,0.6805555555555555,1.0,1.0,0.5,0.0,1.0,0.0,0.0,1.0,1.0,0.0,1.0,0.0,0.8039800995024875,0.6267993874425727,Yes,3
1.0,1.0,0.0,0.0,0.2777777777777778,1.0,0.0,0.0,1.0,0.0,0.0,1.0,0.0,0.0,0.5,0.0,1.0,0.35572139303482586,0.016232771822358345,No,3
0.0,0.0,0.0,0.0,0.027777777777777776,1.0,0.0,0.5,0.0,0.0,0.0,0.0,0.0,0.0,0.0,0.0,0.0,0.5124378109452736,0.12419601837672281,Yes,0
0.0,0.0,0.0,0.0,0.027777777777777776,1.0,0.0,0.0,0.0,1.0,0.0,0.0,0.0,0.0,0.0,1.0,0.3333333333333333,0.30646766169154227,0.9713629402756508,Yes,0
1.0,0.0,0.0,0.0,0.3055555555555555,0.0,0.5,0.0,0.0,0.0,1.0,1.0,1.0,1.0,1.0,0.0,0.0,0.3830845771144279,0.08575803981623277,No,3
1.0,0.0,0.0,0.0,0.09722222222222221,1.0,1.0,0.5,0.0,0.0,1.0,0.0,1.0,1.0,0.0,1.0,0.0,0.7940298507462686,0.8560490045941807,Yes,3
1.0,0.0,0.0,0.0,0.013888888888888888,1.0,0.0,1.0,0.5,0.5,0.5,0.5,0.5,0.5,0.0,0.0,1.0,0.028358208955223896,0.2649310872894334,No,3
0.0,0.0,1.0,1.0,0.8194444444444444,1.0,1.0,0.5,0.0,1.0,0.0,1.0,0.0,1.0,0.0,1.0,0.0,0.7800995024875622,0.7076569678407351,No,0
0.0,0.0,1.0,1.0,0.8055555555555555,1.0,1.0,1.0,0.5,0.5,0.5,0.5,0.5,0.5,0.5,1.0,0.3333333333333333,0.062189054726368154,0.13721286370597244,No,0
0.0,0.0,0.0,0.0,0.5694444444444444,1.0,1.0,0.5,1.0,1.0,1.0,1.0,1.0,1.0,0.0,1.0,0.0,0.9577114427860697,0.5901990811638591,Yes,0
0.0,1.0,0.0,0.0,0.8194444444444444,1.0,1.0,0.5,0.0,1.0,0.0,0.0,0.0,0.0,1.0,1.0,0.3333333333333333,0.6064676616915423,0.5972434915773354,No,0
0.0,0.0,1.0,1.0,0.041666666666666664,1.0,0.0,0.5,0.0,0.0,0.0,0.0,0.0,0.0,0.0,1.0,0.6666666666666666,0.5104477611940298,0.24900459418070445,No,0
1.0,0.0,0.0,0.0,0.4444444444444444,1.0,0.0,1.0,0.5,0.5,0.5,0.5,0.5,0.5,1.0,1.0,0.0,0.01791044776119402,0.7672281776416539,No,3
1.0,1.0,1.0,0.0,0.6388888888888888,1.0,1.0,0.5,0.0,0.0,1.0,0.0,1.0,1.0,0.0,1.0,0.6666666666666666,0.8019900497512437,0.5952526799387442,No,3
1.0,0.0,1.0,1.0,0.0,1.0,1.0,1.0,0.5,0.5,0.5,0.5,0.5,0.5,1.0,0.0,1.0,0.07462686567164178,0.0,No,3
1.0,0.0,0.0,0.0,0.027777777777777776,1.0,0.0,0.5,0.0,0.0,0.0,0.0,0.0,1.0,0.0,1.0,0.6666666666666666,0.6238805970149254,0.18499234303215925,Yes,3
0.0,0.0,1.0,1.0,0.7222222222222222,1.0,0.0,1.0,0.5,0.5,0.5,0.5,0.5,0.5,0.5,0.0,0.3333333333333333,0.013432835820895522,0.004287901990811639,No,0
0.0,1.0,0.0,0.0,0.18055555555555555,1.0,0.0,0.5,0.0,0.0,1.0,0.0,0.0,0.0,0.0,1.0,0.6666666666666666,0.5577114427860697,0.9839203675344563,Yes,0
0.0,1.0,0.0,0.0,0.15277777777777776,1.0,0.0,0.5,0.0,0.0,0.0,0.0,1.0,1.0,0.0,0.0,0.0,0.7109452736318408,0.013935681470137825,Yes,0
1.0,0.0,0.0,0.0,0.4444444444444444,1.0,1.0,0.5,1.0,0.0,0.0,1.0,0.0,0.0,0.0,0.0,0.0,0.690547263681592,0.3678407350689127,No,3
1.0,1.0,1.0,0.0,0.2361111111111111,1.0,1.0,0.5,0.0,0.0,1.0,0.0,1.0,1.0,0.0,1.0,0.3333333333333333,0.817910447761194,0.1673813169984686,Yes,3
0.0,0.0,0.0,0.0,0.2222222222222222,1.0,1.0,0.5,0.0,0.0,0.0,0.0,0.0,0.0,0.0,1.0,0.3333333333333333,0.5621890547263682,0.03767228177641654,No,0
0.0,0.0,0.0,0.0,0.7083333333333333,1.0,1.0,0.5,1.0,1.0,1.0,0.0,1.0,1.0,0.5,0.0,0.0,0.8875621890547264,0.7185298621745788,No,0
1.0,0.0,0.0,0.0,0.40277777777777773,1.0,0.0,0.0,0.0,0.0,1.0,1.0,1.0,1.0,0.5,1.0,0.0,0.5681592039800994,0.28759571209800916,No,3
1.0,0.0,1.0,0.0,0.9722222222222222,1.0,0.0,0.0,1.0,1.0,1.0,1.0,0.0,0.0,1.0,0.0,0.3333333333333333,0.46467661691542295,0.5895865237366003,No,3
0.0,0.0,1.0,1.0,0.986111111111111,1.0,1.0,0.5,1.0,0.0,1.0,1.0,0.0,1.0,1.0,0.0,0.6666666666666666,0.817910447761194,0.8583460949464012,No,0
1.0,0.0,1.0,1.0,0.5694444444444444,1.0,1.0,0.0,0.0,1.0,1.0,0.0,1.0,0.0,0.5,0.0,0.0,0.5,0.37580398162327716,No,3
1.0,0.0,0.0,0.0,0.013888888888888888,1.0,0.0,0.5,0.0,0.0,0.0,0.0,1.0,0.0,0.0,1.0,0.6666666666666666,0.6199004975124378,0.922052067381317,No,3
0.0,0.0,1.0,0.0,0.09722222222222221,1.0,0.0,0.0,1.0,0.0,1.0,1.0,1.0,1.0,0.0,0.0,0.0,0.6268656716417911,0.732771822358346,No,0
1.0,0.0,1.0,1.0,0.3472222222222222,1.0,0.0,0.5,0.0,0.0,0.0,0.0,1.0,1.0,0.5,1.0,0.6666666666666666,0.7179104477611941,0.2744257274119449,Yes,3
1.0,0.0,1.0,1.0,0.9305555555555555,1.0,1.0,0.5,1.0,1.0,0.0,1.0,0.0,0.0,0.5,0.0,0.6666666666666666,0.7094527363184079,0.7562021439509954,No,3
1.0,0.0,1.0,1.0,0.06944444444444445,1.0,1.0,0.0,0.0,0.0,0.0,1.0,0.0,0.0,0.0,1.0,1.0,0.372636815920398,0.3430321592649311,No,3
1.0,0.0,0.0,1.0,0.20833333333333331,1.0,1.0,1.0,0.5,0.5,0.5,0.5,0.5,0.5,0.0,1.0,0.6666666666666666,0.06517412935323383,0.4312404287901991,No,3
0.0,0.0,1.0,1.0,0.2777777777777778,1.0,0.0,1.0,0.5,0.5,0.5,0.5,0.5,0.5,0.0,0.0,0.6666666666666666,0.01741293532338306,0.5457886676875957,No,0
1.0,0.0,1.0,1.0,0.041666666666666664,1.0,0.0,0.0,0.0,1.0,1.0,0.0,0.0,0.0,0.0,1.0,1.0,0.3771144278606965,0.1788667687595712,Yes,3
1.0,0.0,1.0,1.0,0.75,1.0,1.0,0.5,0.0,1.0,0.0,1.0,1.0,1.0,0.5,1.0,0.6666666666666666,0.8651741293532339,0.7145482388973966,No,3
1.0,0.0,0.0,0.0,0.5833333333333333,1.0,0.0,1.0,0.5,0.5,0.5,0.5,0.5,0.5,0.5,1.0,1.0,0.012935323383084563,0.944563552833078,No,3
0.0,0.0,1.0,0.0,0.125,1.0,0.0,0.5,0.0,0.0,0.0,0.0,0.0,1.0,0.0,1.0,0.6666666666666666,0.6119402985074627,0.8978560490045941,No,0
0.0,0.0,0.0,0.0,0.875,1.0,1.0,0.5,0.0,1.0,0.0,0.0,1.0,1.0,1.0,0.0,0.0,0.7880597014925373,0.7762633996937213,No,0
0.0,0.0,1.0,0.0,0.9583333333333333,1.0,1.0,1.0,0.5,0.5,0.5,0.5,0.5,0.5,1.0,0.0,0.0,0.05970149253731341,0.17120980091883614,No,0
0.0,0.0,0.0,0.0,0.9583333333333333,1.0,1.0,1.0,0.5,0.5,0.5,0.5,0.5,0.5,1.0,0.0,0.3333333333333333,0.06318407960199005,0.1782542113323124,No,0
1.0,0.0,1.0,0.0,0.5555555555555556,1.0,0.0,0.0,0.0,1.0,0.0,0.0,0.0,0.0,0.0,1.0,1.0,0.31741293532338305,0.2578866768759571,No,3
1.0,0.0,0.0,0.0,0.8333333333333333,0.0,0.5,0.0,1.0,1.0,1.0,0.0,0.0,0.0,1.0,0.0,0.0,0.21243781094527364,0.31745788667687597,No,3
0.0,0.0,0.0,0.0,0.05555555555555555,1.0,0.0,0.5,1.0,0.0,1.0,1.0,0.0,1.0,0.0,1.0,0.0,0.7577114427860697,0.5064318529862174,Yes,0
0.0,1.0,0.0,0.0,0.986111111111111,1.0,1.0,0.0,1.0,1.0,1.0,1.0,1.0,1.0,1.0,0.0,1.0,0.7124378109452736,0.7787136294027565,No,0
0.0,0.0,1.0,0.0,0.5138888888888888,1.0,1.0,0.5,0.0,0.0,1.0,0.0,0.0,0.0,0.0,1.0,0.3333333333333333,0.6039800995024875,0.37565084226646245,Yes,0
1.0,0.0,1.0,0.0,0.4444444444444444,1.0,1.0,0.5,0.0,1.0,0.0,0.0,1.0,1.0,0.0,1.0,0.3333333333333333,0.8019900497512437,0.41883614088820825,No,3
1.0,0.0,0.0,0.0,0.5416666666666666,1.0,1.0,0.0,0.0,0.0,0.0,1.0,0.0,0.0,1.0,1.0,0.3333333333333333,0.35422885572139307,0.2805513016845329,No,3
0.0,0.0,0.0,0.0,0.5277777777777778,1.0,1.0,1.0,0.5,0.5,0.5,0.5,0.5,0.5,0.5,1.0,0.6666666666666666,0.05970149253731341,0.9730474732006126,No,0
1.0,0.0,0.0,0.0,0.7222222222222222,1.0,1.0,0.5,0.0,0.0,1.0,0.0,0.0,1.0,1.0,1.0,0.3333333333333333,0.708457711442786,0.5961715160796325,No,3
0.0,0.0,1.0,1.0,0.6666666666666666,1.0,1.0,0.5,1.0,1.0,0.0,0.0,1.0,1.0,0.0,1.0,0.3333333333333333,0.8656716417910447,0.6467075038284839,No,0
1.0,0.0,1.0,1.0,0.9722222222222222,0.0,0.5,0.0,1.0,0.0,1.0,1.0,1.0,1.0,1.0,0.0,0.0,0.4104477611940298,0.5418070444104135,No,3
1.0,0.0,0.0,0.0,0.2777777777777778,1.0,0.0,0.5,0.0,0.0,0.0,0.0,0.0,0.0,0.0,0.0,0.3333333333333333,0.5203980099502488,0.13614088820826953,No,3
0.0,0.0,0.0,0.0,0.6944444444444444,1.0,1.0,0.0,1.0,0.0,1.0,1.0,1.0,1.0,0.5,1.0,0.3333333333333333,0.6393034825870647,0.5467075038284839,No,0
0.0,0.0,0.0,0.0,0.2638888888888889,0.0,0.5,0.0,0.0,0.0,0.0,0.0,1.0,1.0,0.5,1.0,0.3333333333333333,0.2646766169154229,0.9667687595712098,Yes,0
1.0,0.0,1.0,1.0,0.3472222222222222,1.0,0.0,0.0,1.0,1.0,1.0,0.0,0.0,0.0,0.5,1.0,0.0,0.4313432835820895,0.16401225114854517,No,3
1.0,0.0,0.0,0.0,0.16666666666666666,1.0,0.0,0.0,0.0,1.0,0.0,0.0,0.0,0.0,0.0,1.0,0.0,0.30646766169154227,0.7444104134762634,No,3
1.0,1.0,1.0,0.0,0.5416666666666666,1.0,1.0,0.5,0.0,1.0,1.0,0.0,1.0,1.0,0.0,1.0,0.6666666666666666,0.8696517412935324,0.5583460949464012,Yes,3
1.0,0.0,0.0,0.0,0.09722222222222221,1.0,0.0,0.5,0.0,0.0,1.0,0.0,0.0,0.0,0.0,0.0,1.0,0.5611940298507463,0.6924961715160796,Yes,3
0.0,0.0,1.0,1.0,0.3194444444444444,1.0,0.0,0.0,1.0,1.0,1.0,1.0,0.0,0.0,0.5,1.0,1.0,0.4776119402985074,0.14732006125574273,No,0
1.0,0.0,0.0,0.0,0.375,1.0,0.0,1.0,0.5,0.5,0.5,0.5,0.5,0.5,0.0,1.0,0.6666666666666666,0.011442786069651711,0.6771822358346095,No,3
1.0,1.0,0.0,0.0,0.6527777777777778,1.0,1.0,0.5,0.0,0.0,0.0,0.0,1.0,0.0,0.0,1.0,0.3333333333333333,0.6746268656716418,0.5062787136294027,No,3
1.0,0.0,1.0,1.0,0.3611111111111111,1.0,0.0,1.0,0.5,0.5,0.5,0.5,0.5,0.5,1.0,1.0,0.3333333333333333,0.008955223880596996,0.6629402756508422,No,3
0.0,0.0,1.0,0.0,0.19444444444444442,1.0,1.0,0.0,1.0,0.0,0.0,0.0,1.0,0.0,0.0,1.0,0.0,0.4621890547263682,0.984073506891271,Yes,0
0.0,1.0,1.0,0.0,0.15277777777777776,1.0,1.0,0.5,0.0,0.0,1.0,1.0,1.0,1.0,0.0,1.0,0.0,0.8537313432835821,0.039969372128637055,Yes,0
1.0,0.0,0.0,1.0,0.027777777777777776,1.0,0.0,1.0,0.5,0.5,0.5,0.5,0.5,0.5,0.0,0.0,1.0,0.009950248756218888,0.6200612557427259,No,3
0.0,0.0,1.0,1.0,0.3611111111111111,1.0,0.0,0.5,1.0,1.0,0.0,0.0,0.0,0.0,0.0,0.0,0.6666666666666666,0.6338308457711442,0.2595712098009188,No,0
0.0,1.0,1.0,0.0,1.0,1.0,1.0,0.5,1.0,1.0,1.0,1.0,1.0,1.0,1.0,1.0,0.0,0.9592039800995026,0.9421133231240428,No,0
0.0,0.0,1.0,1.0,0.875,1.0,0.0,1.0,0.5,0.5,0.5,0.5,0.5,0.5,1.0,0.0,0.3333333333333333,0.01741293532338306,0.05849923430321592,No,0
1.0,0.0,1.0,1.0,0.986111111111111,1.0,0.0,1.0,0.5,0.5,0.5,0.5,0.5,0.5,1.0,0.0,1.0,0.015422885572139305,0.11056661562021439,No,3
1.0,0.0,1.0,1.0,0.15277777777777776,1.0,1.0,0.0,1.0,0.0,0.0,0.0,1.0,0.0,0.0,1.0,0.0,0.4666666666666667,0.8627871362940276,No,3
1.0,1.0,1.0,0.0,0.19444444444444442,1.0,0.0,1.0,0.5,0.5,0.5,0.5,0.5,0.5,0.5,0.0,1.0,0.013930348258706454,0.29387442572741196,No,3
0.0,0.0,0.0,1.0,0.18055555555555555,1.0,1.0,0.0,1.0,1.0,1.0,1.0,1.0,1.0,1.0,0.0,0.3333333333333333,0.7034825870646766,0.04655436447166922,No,0
1.0,0.0,0.0,1.0,0.08333333333333333,1.0,0.0,1.0,0.5,0.5,0.5,0.5,0.5,0.5,0.0,1.0,1.0,0.019402985074626844,0.9954058192955589,No,3
1.0,1.0,1.0,1.0,0.15277777777777776,1.0,1.0,0.5,0.0,0.0,0.0,0.0,0.0,0.0,0.0,1.0,0.3333333333333333,0.5666666666666667,0.9019908116385911,No,3
1.0,0.0,1.0,0.0,0.25,1.0,1.0,0.0,0.0,1.0,0.0,0.0,0.0,0.0,0.0,0.0,0.3333333333333333,0.3835820895522387,0.022511485451761102,No,3
1.0,0.0,0.0,0.0,0.013888888888888888,0.0,0.5,0.0,0.0,0.0,0.0,0.0,0.0,1.0,0.0,1.0,0.6666666666666666,0.17213930348258705,0.46447166921898925,Yes,3
0.0,0.0,1.0,0.0,0.4444444444444444,1.0,0.0,0.5,1.0,0.0,0.0,0.0,0.0,0.0,0.0,1.0,0.0,0.5696517412935324,0.3003062787136294,No,0
1.0,0.0,0.0,0.0,0.40277777777777773,0.0,0.5,0.0,1.0,0.0,0.0,1.0,0.0,0.0,0.5,0.0,1.0,0.17263681592039803,0.022052067381316997,No,3
0.0,0.0,0.0,0.0,0.041666666666666664,1.0,1.0,0.0,0.0,0.0,0.0,0.0,1.0,0.0,0.0,1.0,0.6666666666666666,0.417910447761194,0.18330781010719754,No,0
0.0,0.0,0.0,0.0,0.027777777777777776,1.0,1.0,0.5,0.0,0.0,0.0,0.0,1.0,1.0,0.0,1.0,0.6666666666666666,0.7651741293532338,0.23996937212863706,Yes,0
1.0,0.0,1.0,1.0,0.18055555555555555,1.0,0.0,0.5,0.0,0.0,1.0,0.0,1.0,1.0,0.0,1.0,1.0,0.7800995024875622,0.04670750382848392,Yes,3
0.0,0.0,0.0,0.0,0.5694444444444444,0.0,0.5,0.0,0.0,1.0,0.0,0.0,0.0,1.0,0.0,1.0,0.6666666666666666,0.2199004975124378,0.1781010719754977,No,0
0.0,0.0,0.0,0.0,0.013888888888888888,1.0,0.0,1.0,0.5,0.5,0.5,0.5,0.5,0.5,0.0,0.0,0.6666666666666666,0.005970149253731349,0.20566615620214396,No,0
1.0,0.0,0.0,0.0,0.09722222222222221,1.0,0.0,0.0,0.0,0.0,0.0,0.0,1.0,0.0,0.0,0.0,1.0,0.3641791044776119,0.4886676875957121,No,3
0.0,0.0,1.0,0.0,0.7222222222222222,1.0,0.0,0.0,1.0,0.0,1.0,0.0,1.0,0.0,0.5,1.0,1.0,0.4582089552238805,0.45267993874425727,No,0
0.0,0.0,1.0,1.0,0.625,1.0,1.0,1.0,0.5,0.5,0.5,0.5,0.5,0.5,1.0,1.0,0.0,0.06368159203980098,0.040888208269525265,No,0
1.0,0.0,1.0,0.0,0.9722222222222222,1.0,1.0,0.0,0.0,1.0,1.0,1.0,1.0,0.0,1.0,0.0,0.3333333333333333,0.5756218905472636,0.6741194486983154,No,3
0.0,0.0,0.0,0.0,0.736111111111111,1.0,0.0,1.0,0.5,0.5,0.5,0.5,0.5,0.5,1.0,0.0,1.0,0.004477611940298498,0.001990811638591118,No,0
0.0,1.0,1.0,0.0,0.861111111111111,1.0,1.0,0.5,0.0,1.0,1.0,0.0,1.0,0.0,0.5,1.0,0.3333333333333333,0.7930348258706468,0.7459418070444104,No,0
0.0,0.0,1.0,0.0,0.8333333333333333,1.0,1.0,0.5,1.0,1.0,0.0,0.0,0.0,1.0,0.0,1.0,0.3333333333333333,0.7547263681592039,0.6960183767228177,No,0
0.0,1.0,1.0,0.0,0.041666666666666664,1.0,0.0,0.5,0.0,0.0,0.0,0.0,1.0,0.0,0.0,1.0,0.6666666666666666,0.618407960199005,0.2871362940275651,Yes,0
0.0,1.0,1.0,0.0,0.3194444444444444,1.0,0.0,0.5,1.0,0.0,0.0,0.0,1.0,1.0,0.0,1.0,0.6666666666666666,0.7646766169154228,0.3004594180704441,No,0
1.0,0.0,0.0,1.0,0.013888888888888888,0.0,0.5,0.0,0.0,1.0,0.0,0.0,0.0,0.0,0.0,1.0,1.0,0.13034825870646766,0.4130168453292496,Yes,3
0.0,0.0,0.0,0.0,0.9305555555555555,1.0,0.0,0.0,1.0,0.0,1.0,1.0,0.0,1.0,0.5,1.0,0.0,0.5383084577114428,0.6462480857580398,No,0
0.0,0.0,0.0,0.0,0.16666666666666666,1.0,1.0,0.5,0.0,1.0,0.0,0.0,1.0,0.0,0.0,1.0,0.0,0.7114427860696517,0.01562021439509954,Yes,0
0.0,1.0,1.0,0.0,0.986111111111111,1.0,1.0,0.0,1.0,1.0,1.0,1.0,0.0,1.0,1.0,1.0,0.0,0.6412935323383084,0.7359877488514548,No,0
1.0,0.0,0.0,0.0,0.3472222222222222,1.0,0.0,1.0,0.5,0.5,0.5,0.5,0.5,0.5,0.5,0.0,0.3333333333333333,0.01641791044776117,0.6591117917304747,No,3
0.0,0.0,0.0,0.0,0.06944444444444445,1.0,1.0,0.0,1.0,0.0,0.0,0.0,0.0,0.0,0.0,1.0,0.6666666666666666,0.353731343283582,0.37442572741194485,No,0
1.0,0.0,0.0,0.0,0.3611111111111111,1.0,1.0,0.0,0.0,0.0,0.0,0.0,0.0,0.0,0.5,1.0,0.3333333333333333,0.33134328358208953,0.08238897396630934,No,3
1.0,0.0,1.0,1.0,0.013888888888888888,1.0,0.0,1.0,0.5,0.5,0.5,0.5,0.5,0.5,0.5,0.0,1.0,0.013930348258706454,0.22771822358346094,No,3
1.0,1.0,0.0,0.0,0.9722222222222222,0.0,0.5,0.0,0.0,1.0,1.0,0.0,1.0,0.0,0.5,1.0,0.3333333333333333,0.2567164179104477,0.3996937212863706,No,3
1.0,0.0,1.0,1.0,1.0,1.0,1.0,0.5,1.0,1.0,1.0,1.0,1.0,1.0,1.0,1.0,0.6666666666666666,0.9527363184079601,0.9271056661562022,No,3
1.0,0.0,1.0,0.0,0.8333333333333333,1.0,0.0,0.5,0.0,1.0,0.0,0.0,1.0,1.0,0.5,1.0,0.6666666666666666,0.7577114427860697,0.7114854517611026,Yes,3
0.0,1.0,1.0,1.0,0.4444444444444444,1.0,1.0,0.5,0.0,1.0,0.0,0.0,1.0,1.0,0.0,1.0,0.6666666666666666,0.8174129353233831,0.42879019908116384,No,0
1.0,0.0,0.0,0.0,0.013888888888888888,1.0,0.0,1.0,0.5,0.5,0.5,0.5,0.5,0.5,0.0,1.0,0.6666666666666666,0.015920398009950265,0.22833078101071974,Yes,3
0.0,0.0,0.0,0.0,0.19444444444444442,1.0,1.0,0.0,0.0,1.0,0.0,0.0,0.0,0.0,0.5,1.0,1.0,0.35820895522388063,0.9010719754977029,No,0
0.0,0.0,0.0,0.0,0.18055555555555555,1.0,1.0,0.5,1.0,0.0,0.0,0.0,0.0,0.0,0.0,1.0,0.3333333333333333,0.6144278606965173,0.009341500765696785,No,0
0.0,0.0,0.0,0.0,0.08333333333333333,1.0,1.0,0.5,0.0,1.0,1.0,1.0,1.0,1.0,0.0,1.0,0.3333333333333333,0.9119402985074626,0.8131699846860643,Yes,0
0.0,0.0,0.0,0.0,0.6388888888888888,1.0,1.0,0.0,1.0,0.0,1.0,0.0,1.0,1.0,1.0,0.0,1.0,0.6064676616915423,0.476416539050536,No,0
1.0,0.0,0.0,0.0,0.20833333333333331,1.0,0.0,0.5,0.0,0.0,1.0,1.0,1.0,1.0,0.0,1.0,0.6666666666666666,0.8268656716417909,0.15206738131699846,Yes,3
1.0,1.0,1.0,0.0,0.5972222222222222,1.0,1.0,0.5,0.0,1.0,0.0,1.0,1.0,0.0,0.0,1.0,0.6666666666666666,0.7567164179104477,0.5173047473200613,No,3
1.0,0.0,0.0,0.0,0.5416666666666666,1.0,0.0,0.0,0.0,0.0,0.0,1.0,0.0,0.0,1.0,1.0,0.0,0.3139303482587064,0.24119448698315465,No,3
1.0,1.0,0.0,0.0,0.29166666666666663,1.0,0.0,0.0,0.0,0.0,1.0,0.0,1.0,0.0,0.0,1.0,0.0,0.4159203980099502,0.06615620214395099,Yes,3
1.0,0.0,0.0,0.0,0.7916666666666666,0.0,0.5,0.0,1.0,0.0,1.0,0.0,1.0,1.0,0.0,1.0,0.6666666666666666,0.3532338308457711,0.4252679938744257,No,3
0.0,0.0,1.0,0.0,0.736111111111111,1.0,0.0,0.5,0.0,0.0,0.0,1.0,1.0,1.0,0.5,1.0,0.6666666666666666,0.7482587064676617,0.6304747320061256,No,0
1.0,0.0,1.0,1.0,0.25,1.0,0.0,0.5,1.0,0.0,1.0,0.0,1.0,0.0,0.0,1.0,1.0,0.6930348258706468,0.13905053598774886,No,3
0.0,0.0,0.0,0.0,0.013888888888888888,1.0,1.0,0.0,0.0,0.0,0.0,0.0,0.0,1.0,0.0,1.0,0.6666666666666666,0.41691542288557215,0.7522205206738132,Yes,0
0.0,0.0,1.0,0.0,0.8055555555555555,1.0,1.0,0.0,1.0,0.0,0.0,1.0,0.0,0.0,0.5,1.0,0.0,0.42587064676616915,0.46140888208269526,No,0
0.0,1.0,0.0,0.0,0.986111111111111,1.0,1.0,0.5,0.0,0.0,1.0,0.0,1.0,1.0,1.0,0.0,0.0,0.8537313432835821,0.8784073506891271,No,0
0.0,0.0,0.0,0.0,0.4861111111111111,1.0,0.0,0.5,0.0,0.0,1.0,1.0,1.0,1.0,0.5,1.0,0.6666666666666666,0.8059701492537313,0.4686064318529862,No,0
1.0,0.0,0.0,0.0,0.041666666666666664,1.0,0.0,0.5,0.0,0.0,1.0,0.0,0.0,1.0,0.0,0.0,0.3333333333333333,0.6711442786069651,0.33950995405819295,No,3
1.0,0.0,0.0,0.0,0.5277777777777778,1.0,1.0,0.5,1.0,1.0,0.0,0.0,1.0,1.0,0.5,1.0,0.6666666666666666,0.861691542288557,0.5093415007656967,No,3
1.0,0.0,1.0,1.0,0.4861111111111111,1.0,1.0,0.0,1.0,1.0,1.0,1.0,0.0,0.0,1.0,1.0,0.3333333333333333,0.5064676616915423,0.32725880551301684,No,3
1.0,0.0,0.0,0.0,0.09722222222222221,1.0,1.0,0.5,0.0,0.0,1.0,0.0,1.0,0.0,0.0,1.0,0.6666666666666666,0.718407960199005,0.7448698315467075,Yes,3
0.0,0.0,0.0,0.0,0.6527777777777778,1.0,0.0,0.0,0.0,0.0,1.0,1.0,1.0,1.0,1.0,0.0,1.0,0.5592039800995025,0.4663093415007657,No,0
0.0,0.0,0.0,0.0,0.19444444444444442,1.0,0.0,0.0,0.0,1.0,0.0,0.0,0.0,0.0,0.0,0.0,0.6666666666666666,0.3203980099502488,0.8955589586523737,No,0
0.0,1.0,1.0,0.0,0.2777777777777778,1.0,0.0,0.0,0.0,1.0,0.0,0.0,0.0,1.0,0.0,1.0,0.6666666666666666,0.41542288557213924,0.07243491577335374,No,0
1.0,0.0,1.0,0.0,0.9166666666666666,1.0,1.0,0.0,1.0,1.0,0.0,1.0,1.0,1.0,1.0,0.0,0.6666666666666666,0.6666666666666666,0.7036753445635529,No,3
1.0,0.0,1.0,0.0,0.20833333333333331,1.0,0.0,1.0,0.5,0.5,0.5,0.5,0.5,0.5,0.0,1.0,0.3333333333333333,0.011940298507462671,0.4514548238897397,No,3
0.0,0.0,0.0,0.0,0.5833333333333333,1.0,0.0,1.0,0.5,0.5,0.5,0.5,0.5,0.5,1.0,1.0,0.0,0.02487562189054726,0.9477794793261868,No,0
0.0,0.0,1.0,0.0,0.2361111111111111,1.0,1.0,0.5,1.0,0.0,0.0,0.0,0.0,0.0,0.0,0.0,0.6666666666666666,0.6034825870646766,0.09754977029096477,No,0
1.0,0.0,0.0,0.0,0.5138888888888888,1.0,1.0,0.5,0.0,1.0,0.0,1.0,1.0,1.0,0.5,1.0,0.3333333333333333,0.8582089552238806,0.4964777947932619,No,3
0.0,0.0,0.0,0.0,0.16666666666666666,1.0,0.0,0.0,0.0,1.0,0.0,0.0,0.0,0.0,0.0,1.0,0.6666666666666666,0.30995024875621885,0.7643185298621745,No,0
1.0,0.0,1.0,0.0,0.736111111111111,1.0,0.0,0.5,0.0,1.0,0.0,0.0,1.0,1.0,0.5,1.0,0.0,0.7562189054726368,0.6290964777947933,Yes,3
0.0,0.0,0.0,0.0,0.8333333333333333,1.0,1.0,1.0,0.5,0.5,0.5,0.5,0.5,0.5,1.0,0.0,1.0,0.06716417910447761,0.13996937212863705,No,0
1.0,0.0,1.0,1.0,0.25,0.0,0.5,0.0,0.0,0.0,0.0,0.0,0.0,0.0,0.0,0.0,0.3333333333333333,0.072636815920398,0.6053598774885145,No,3
1.0,0.0,0.0,0.0,0.013888888888888888,1.0,1.0,0.5,0.0,0.0,0.0,0.0,0.0,0.0,0.0,1.0,0.6666666666666666,0.5636815920398011,0.8765696784073507,Yes,3
0.0,0.0,0.0,0.0,0.041666666666666664,1.0,0.0,0.5,0.0,0.0,0.0,0.0,0.0,0.0,0.0,1.0,0.6666666666666666,0.5164179104477612,0.2361408882082695,No,0
0.0,0.0,0.0,1.0,0.125,1.0,0.0,0.0,0.0,0.0,0.0,1.0,1.0,1.0,0.0,1.0,0.3333333333333333,0.5089552238805971,0.7217457886676876,No,0
0.0,0.0,0.0,0.0,0.013888888888888888,1.0,0.0,0.5,0.0,0.0,0.0,0.0,1.0,0.0,0.0,1.0,0.6666666666666666,0.6169154228855721,0.9214395099540582,Yes,0
1.0,0.0,1.0,0.0,0.7777777777777777,1.0,1.0,0.5,1.0,1.0,1.0,0.0,0.0,0.0,0.5,1.0,0.6666666666666666,0.7452736318407961,0.6736600306278714,No,3
1.0,0.0,1.0,1.0,0.2361111111111111,1.0,0.0,0.5,0.0,0.0,0.0,0.0,0.0,0.0,0.0,1.0,0.6666666666666666,0.5049751243781094,0.04349157733537519,Yes,3
0.0,0.0,1.0,1.0,0.15277777777777776,1.0,1.0,0.0,0.0,0.0,0.0,1.0,0.0,1.0,0.0,1.0,0.6666666666666666,0.47860696517412926,0.8773353751914241,Yes,0
1.0,0.0,0.0,0.0,0.09722222222222221,1.0,0.0,0.5,0.0,0.0,0.0,0.0,0.0,0.0,0.0,1.0,0.6666666666666666,0.5104477611940298,0.6684532924961715,No,3
0.0,0.0,1.0,1.0,0.9583333333333333,1.0,0.0,1.0,0.5,0.5,0.5,0.5,0.5,0.5,1.0,0.0,0.0,0.019402985074626844,0.11592649310872893,No,0
1.0,0.0,0.0,0.0,0.2638888888888889,1.0,1.0,0.5,0.0,0.0,0.0,0.0,0.0,1.0,0.0,1.0,0.0,0.6741293532338308,0.14716692189892802,Yes,3
0.0,0.0,1.0,1.0,0.041666666666666664,1.0,0.0,0.5,0.0,0.0,0.0,0.0,0.0,1.0,0.0,1.0,0.6666666666666666,0.617412935323383,0.33078101071975496,Yes,0
1.0,0.0,1.0,1.0,0.75,1.0,0.0,1.0,0.5,0.5,0.5,0.5,0.5,0.5,1.0,0.0,0.3333333333333333,0.021393034825870627,0.027565084226646247,No,3
1.0,0.0,1.0,0.0,0.861111111111111,1.0,1.0,1.0,0.5,0.5,0.5,0.5,0.5,0.5,0.5,1.0,0.3333333333333333,0.05472636815920398,0.12695252679938743,No,3
1.0,0.0,0.0,0.0,0.3333333333333333,1.0,1.0,0.5,0.0,1.0,0.0,0.0,1.0,0.0,0.0,1.0,0.3333333333333333,0.7194029850746269,0.29433384379785604,Yes,3
0.0,0.0,1.0,1.0,0.861111111111111,1.0,1.0,0.0,0.0,0.0,0.0,0.0,1.0,1.0,0.0,1.0,0.3333333333333333,0.5194029850746269,0.5607963246554364,No,0
1.0,0.0,0.0,0.0,0.2361111111111111,1.0,1.0,0.0,1.0,0.0,0.0,0.0,0.0,1.0,0.0,0.0,0.0,0.47263681592039797,0.032924961715160794,No,3
1.0,0.0,0.0,0.0,0.125,0.0,0.5,0.0,0.0,0.0,0.0,0.0,0.0,0.0,0.0,1.0,1.0,0.06318407960199005,0.22894333843797857,No,3
1.0,0.0,1.0,1.0,0.8888888888888888,1.0,0.0,0.0,1.0,0.0,1.0,1.0,1.0,0.0,1.0,0.0,1.0,0.5074626865671642,0.5777947932618683,No,3
0.0,0.0,0.0,0.0,0.027777777777777776,1.0,1.0,0.5,0.0,0.0,0.0,0.0,0.0,0.0,0.0,1.0,0.6666666666666666,0.5736318407960199,0.1215926493108729,Yes,0
1.0,0.0,1.0,1.0,0.013888888888888888,1.0,0.0,0.0,0.0,0.0,0.0,0.0,0.0,0.0,0.0,1.0,1.0,0.2746268656716418,0.5857580398162328,Yes,3
0.0,0.0,1.0,0.0,0.2222222222222222,0.0,0.5,0.0,0.0,0.0,0.0,1.0,1.0,1.0,0.0,1.0,0.6666666666666666,0.3154228855721393,0.928177641653905,Yes,0
0.0,0.0,1.0,0.0,1.0,1.0,1.0,1.0,0.5,0.5,0.5,0.5,0.5,0.5,1.0,0.0,0.0,0.06368159203980098,0.211791730474732,No,0
1.0,0.0,0.0,0.0,0.41666666666666663,1.0,1.0,0.5,1.0,1.0,1.0,0.0,0.0,0.0,0.5,0.0,0.0,0.7179104477611941,0.37396630934150077,No,3
0.0,0.0,1.0,0.0,0.6805555555555555,1.0,1.0,0.5,1.0,0.0,0.0,0.0,1.0,1.0,0.0,1.0,1.0,0.8218905472636816,0.6260336906584992,No,0
1.0,0.0,1.0,0.0,0.8472222222222222,1.0,1.0,0.0,1.0,0.0,1.0,1.0,0.0,1.0,1.0,0.0,0.3333333333333333,0.5681592039800994,0.6120980091883614,No,3
1.0,0.0,1.0,1.0,0.6527777777777778,1.0,1.0,0.5,0.0,1.0,0.0,0.0,1.0,0.0,0.0,0.0,0.6666666666666666,0.6860696517412935,0.5260336906584993,No,3
1.0,0.0,0.0,0.0,0.2777777777777778,1.0,0.0,0.0,1.0,0.0,1.0,0.0,0.0,1.0,0.0,0.0,0.3333333333333333,0.4592039800995025,0.1113323124042879,No,3
1.0,0.0,1.0,1.0,0.4722222222222222,1.0,0.0,0.5,0.0,0.0,0.0,0.0,1.0,0.0,0.0,0.0,0.6666666666666666,0.5975124378109452,0.3398162327718223,Yes,3
0.0,0.0,1.0,1.0,0.9722222222222222,1.0,1.0,1.0,0.5,0.5,0.5,0.5,0.5,0.5,1.0,0.0,0.0,0.06417910447761191,0.1807044410413476,No,0
1.0,0.0,0.0,1.0,0.75,1.0,0.0,0.5,1.0,1.0,0.0,1.0,1.0,1.0,0.5,1.0,0.6666666666666666,0.8716417910447761,0.735375191424196,No,3
1.0,1.0,1.0,0.0,0.8472222222222222,1.0,1.0,0.5,0.0,1.0,1.0,1.0,1.0,0.0,0.5,1.0,1.0,0.7965174129353233,0.7591117917304747,No,3
1.0,0.0,0.0,0.0,0.041666666666666664,1.0,1.0,0.5,0.0,0.0,0.0,0.0,0.0,0.0,0.0,1.0,0.6666666666666666,0.5840796019900497,0.29372128637059725,Yes,3
1.0,0.0,0.0,0.0,0.18055555555555555,1.0,0.0,1.0,0.5,0.5,0.5,0.5,0.5,0.5,0.5,0.0,1.0,0.011940298507462671,0.35957120980091883,No,3
0.0,1.0,0.0,0.0,0.2222222222222222,1.0,1.0,0.5,0.0,0.0,0.0,0.0,1.0,1.0,0.0,1.0,0.6666666666666666,0.7751243781094528,0.1457886676875957,Yes,0
0.0,0.0,1.0,1.0,0.041666666666666664,1.0,0.0,0.0,0.0,1.0,0.0,0.0,1.0,0.0,0.0,1.0,0.3333333333333333,0.4024875621890548,0.1793261868300153,No,0
1.0,0.0,0.0,0.0,0.3472222222222222,1.0,0.0,1.0,0.5,0.5,0.5,0.5,0.5,0.5,0.0,1.0,1.0,0.018905472636815884,0.6845329249617151,No,3
1.0,0.0,0.0,0.0,0.41666666666666663,1.0,1.0,0.0,1.0,0.0,0.0,0.0,0.0,1.0,0.0,1.0,1.0,0.46019900497512434,0.22419601837672282,No,3
0.0,0.0,1.0,0.0,0.29166666666666663,0.0,0.5,0.0,1.0,0.0,0.0,0.0,0.0,0.0,0.0,0.0,0.6666666666666666,0.10199004975124376,0.7781010719754977,No,0
1.0,0.0,0.0,0.0,0.013888888888888888,1.0,0.0,0.0,0.0,0.0,0.0,0.0,0.0,0.0,0.0,0.0,0.6666666666666666,0.2691542288557213,0.5843797856049004,Yes,3
0.0,0.0,0.0,0.0,0.20833333333333331,1.0,0.0,1.0,0.5,0.5,0.5,0.5,0.5,0.5,0.0,0.0,0.0,0.011442786069651711,0.38192955589586525,Yes,0
1.0,1.0,1.0,0.0,0.3194444444444444,1.0,0.0,0.5,0.0,0.0,0.0,0.0,1.0,1.0,0.0,1.0,0.6666666666666666,0.718407960199005,0.2672281776416539,No,3
0.0,0.0,1.0,1.0,0.625,1.0,1.0,0.5,1.0,1.0,0.0,0.0,1.0,1.0,0.0,1.0,0.6666666666666666,0.8646766169154229,0.6127105666156202,No,0
0.0,0.0,1.0,1.0,0.3333333333333333,1.0,1.0,0.5,0.0,1.0,1.0,0.0,0.0,0.0,0.5,0.0,0.0,0.645771144278607,0.25528330781010716,No,0
0.0,0.0,0.0,0.0,0.15277777777777776,1.0,1.0,0.5,0.0,0.0,0.0,1.0,1.0,0.0,0.0,0.0,0.6666666666666666,0.7154228855721393,0.9963246554364471,Yes,0
1.0,0.0,0.0,0.0,0.013888888888888888,1.0,0.0,0.0,0.0,0.0,0.0,0.0,0.0,0.0,0.0,0.0,1.0,0.2666666666666666,0.5836140888208269,Yes,3
0.0,0.0,1.0,0.0,0.7777777777777777,1.0,1.0,0.5,0.0,0.0,1.0,1.0,1.0,1.0,1.0,0.0,0.0,0.845273631840796,0.7264931087289433,No,0
0.0,0.0,0.0,0.0,0.013888888888888888,1.0,0.0,0.5,0.0,1.0,0.0,0.0,0.0,0.0,0.0,0.0,0.6666666666666666,0.572636815920398,0.8846860643185298,Yes,0
1.0,0.0,0.0,0.0,0.013888888888888888,1.0,0.0,1.0,0.5,0.5,0.5,0.5,0.5,0.5,0.0,0.0,0.6666666666666666,0.011940298507462671,0.22710566615620215,No,3
0.0,0.0,0.0,0.0,0.09722222222222221,1.0,0.0,0.5,0.0,0.0,0.0,0.0,0.0,1.0,0.0,1.0,0.6666666666666666,0.6074626865671642,0.6710566615620214,Yes,0
0.0,1.0,1.0,0.0,0.7638888888888888,1.0,0.0,0.5,0.0,0.0,1.0,1.0,1.0,0.0,1.0,0.0,0.3333333333333333,0.7019900497512437,0.6217457886676876,No,0
0.0,0.0,0.0,0.0,0.027777777777777776,0.0,0.5,0.0,0.0,0.0,0.0,1.0,0.0,0.0,0.0,1.0,0.6666666666666666,0.1258706467661691,0.7413476263399693,Yes,0
0.0,0.0,1.0,1.0,1.0,1.0,1.0,0.0,1.0,0.0,1.0,1.0,1.0,1.0,1.0,1.0,0.3333333333333333,0.673134328358209,0.764624808575804,No,0
0.0,1.0,0.0,0.0,0.625,0.0,0.5,0.0,0.0,0.0,0.0,0.0,0.0,1.0,0.5,0.0,0.6666666666666666,0.15870646766169155,0.16094946401225113,No,0
0.0,0.0,0.0,0.0,0.6527777777777778,1.0,0.0,1.0,0.5,0.5,0.5,0.5,0.5,0.5,1.0,0.0,1.0,0.018905472636815884,0.013629402756508422,No,0
0.0,1.0,0.0,0.0,0.6388888888888888,1.0,0.0,0.5,0.0,1.0,0.0,0.0,1.0,1.0,0.5,0.0,0.3333333333333333,0.7661691542288557,0.5761102603369066,Yes,0
1.0,0.0,0.0,0.0,0.027777777777777776,1.0,0.0,0.0,0.0,1.0,0.0,0.0,0.0,0.0,0.0,1.0,1.0,0.3189054726368159,0.9756508422664625,No,3
0.0,0.0,1.0,0.0,0.027777777777777776,1.0,0.0,0.5,1.0,0.0,0.0,1.0,0.0,0.0,0.0,1.0,0.6666666666666666,0.6159203980099502,0.23629402756508422,No,0
0.0,0.0,1.0,0.0,0.16666666666666666,1.0,0.0,0.0,0.0,1.0,0.0,0.0,0.0,0.0,0.0,1.0,0.6666666666666666,0.32835820895522383,0.7649310872894334,No,0
0.0,1.0,1.0,0.0,0.9444444444444444,1.0,1.0,0.5,0.0,1.0,0.0,0.0,0.0,1.0,0.0,1.0,0.0,0.7099502487562188,0.7656967840735068,Yes,0
1.0,0.0,1.0,1.0,0.9583333333333333,1.0,0.0,0.5,0.0,0.0,0.0,1.0,1.0,1.0,1.0,1.0,0.3333333333333333,0.7656716417910447,0.8116385911179173,No,3
1.0,1.0,0.0,1.0,0.7777777777777777,1.0,0.0,0.5,1.0,0.0,0.0,0.0,1.0,1.0,0.5,0.0,0.3333333333333333,0.7616915422885572,0.6742725880551301,No,3
0.0,1.0,0.0,0.0,0.05555555555555555,1.0,1.0,0.5,1.0,0.0,0.0,0.0,0.0,0.0,0.0,1.0,0.6666666666666666,0.6169154228855721,0.4035222052067381,No,0
1.0,0.0,1.0,0.0,0.8888888888888888,1.0,1.0,0.0,0.0,1.0,1.0,1.0,1.0,0.0,1.0,1.0,0.0,0.5756218905472636,0.6231240428790199,No,3
1.0,0.0,1.0,0.0,0.8194444444444444,1.0,1.0,0.5,1.0,1.0,1.0,0.0,1.0,1.0,0.5,1.0,0.6666666666666666,0.9144278606965174,0.793874425727412,Yes,3
1.0,0.0,1.0,1.0,0.861111111111111,1.0,1.0,0.5,1.0,1.0,1.0,1.0,1.0,1.0,1.0,0.0,0.0,0.9681592039800994,0.8581929555895865,No,3
1.0,0.0,1.0,1.0,0.875,1.0,1.0,1.0,0.5,0.5,0.5,0.5,0.5,0.5,1.0,0.0,0.3333333333333333,0.06368159203980098,0.15727411944869832,No,3
0.0,0.0,0.0,0.0,0.736111111111111,0.0,0.5,0.0,1.0,1.0,1.0,1.0,1.0,0.0,0.5,1.0,0.6666666666666666,0.3517412935323383,0.3807044410413476,No,0
1.0,0.0,1.0,1.0,0.06944444444444445,1.0,0.0,1.0,0.5,0.5,0.5,0.5,0.5,0.5,0.0,0.0,1.0,0.011940298507462671,0.9555895865237366,No,3
1.0,1.0,1.0,0.0,0.6805555555555555,1.0,1.0,0.5,1.0,1.0,1.0,0.0,0.0,0.0,0.0,1.0,0.6666666666666666,0.6960199004975124,0.5444104134762634,No,3
0.0,0.0,1.0,1.0,0.861111111111111,1.0,1.0,0.5,1.0,0.0,0.0,0.0,1.0,1.0,1.0,1.0,0.0,0.8248756218905472,0.8093415007656968,No,0
0.0,0.0,1.0,0.0,0.7638888888888888,1.0,0.0,0.0,1.0,1.0,0.0,1.0,0.0,0.0,1.0,0.0,1.0,0.3835820895522387,0.4145482388973966,No,0
0.0,1.0,1.0,0.0,0.986111111111111,1.0,0.0,0.5,1.0,1.0,1.0,1.0,1.0,0.0,1.0,1.0,0.6666666666666666,0.8074626865671642,0.8588055130168453,No,0
0.0,0.0,1.0,1.0,1.0,1.0,0.0,1.0,0.5,0.5,0.5,0.5,0.5,0.5,1.0,1.0,0.3333333333333333,0.01840796019900498,0.0905053598774885,No,0
1.0,0.0,1.0,1.0,0.5,0.0,0.5,0.0,1.0,0.0,1.0,1.0,1.0,1.0,0.5,0.0,0.3333333333333333,0.4223880597014925,0.28606431852986214,No,3
1.0,0.0,1.0,0.0,0.3472222222222222,1.0,0.0,1.0,0.5,0.5,0.5,0.5,0.5,0.5,0.5,1.0,0.0,0.026865671641791017,0.6422664624808576,No,3
0.0,1.0,1.0,0.0,1.0,1.0,1.0,0.5,1.0,1.0,1.0,1.0,1.0,1.0,1.0,1.0,0.0,0.9611940298507461,0.94104134762634,No,0
0.0,0.0,0.0,0.0,0.5,1.0,0.0,1.0,0.5,0.5,0.5,0.5,0.5,0.5,0.5,1.0,0.0,0.009950248756218888,0.8226646248085758,No,0
1.0,0.0,0.0,0.0,0.013888888888888888,1.0,0.0,0.0,0.0,0.0,0.0,0.0,1.0,1.0,0.0,1.0,1.0,0.4432835820895522,0.7721286370597243,No,3
0.0,0.0,1.0,0.0,1.0,1.0,1.0,0.5,1.0,0.0,1.0,0.0,1.0,1.0,1.0,1.0,0.6666666666666666,0.8681592039800995,0.8874425727411944,No,0
1.0,0.0,1.0,1.0,0.8194444444444444,1.0,0.0,1.0,0.5,0.5,0.5,0.5,0.5,0.5,1.0,0.0,1.0,0.015920398009950265,0.05344563552833078,No,3
1.0,1.0,1.0,0.0,0.09722222222222221,1.0,0.0,0.5,0.0,0.0,0.0,0.0,1.0,1.0,0.0,1.0,0.6666666666666666,0.708955223880597,0.8197549770290965,Yes,3
0.0,0.0,0.0,0.0,0.013888888888888888,1.0,0.0,0.0,0.0,0.0,1.0,1.0,1.0,1.0,0.5,0.0,0.3333333333333333,0.5557213930348258,0.8750382848392037,No,0
0.0,0.0,1.0,1.0,0.41666666666666663,1.0,1.0,0.5,0.0,1.0,1.0,1.0,1.0,1.0,0.0,1.0,0.6666666666666666,0.8880597014925372,0.43215926493108725,No,0
1.0,0.0,0.0,0.0,0.8888888888888888,1.0,0.0,1.0,0.5,0.5,0.5,0.5,0.5,0.5,1.0,0.0,1.0,0.012935323383084563,0.06738131699846861,No,3
1.0,0.0,0.0,0.0,0.875,1.0,1.0,0.0,1.0,1.0,1.0,1.0,0.0,0.0,0.5,0.0,0.0,0.5029850746268656,0.5366003062787136,No,3
1.0,1.0,1.0,0.0,1.0,1.0,1.0,0.0,1.0,1.0,1.0,0.0,1.0,1.0,1.0,0.0,0.3333333333333333,0.6587064676616915,0.7411944869831546,No,3
1.0,0.0,1.0,0.0,0.1111111111111111,1.0,0.0,0.5,1.0,0.0,0.0,0.0,0.0,0.0,0.0,0.0,0.6666666666666666,0.5646766169154228,0.7823889739663094,Yes,3
0.0,0.0,0.0,0.0,0.861111111111111,1.0,1.0,0.0,0.0,1.0,1.0,1.0,1.0,1.0,1.0,0.0,0.0,0.6592039800995024,0.6660030627871363,No,0
1.0,0.0,1.0,1.0,0.9305555555555555,1.0,1.0,0.5,0.0,1.0,1.0,1.0,1.0,1.0,1.0,1.0,0.0,0.9248756218905473,0.8862174578866768,No,3
1.0,0.0,0.0,0.0,0.08333333333333333,1.0,0.0,0.0,0.0,0.0,0.0,0.0,0.0,0.0,0.0,0.0,0.6666666666666666,0.26368159203980096,0.36018376722817763,Yes,3
0.0,0.0,1.0,1.0,0.9722222222222222,1.0,1.0,0.0,1.0,0.0,0.0,1.0,1.0,1.0,1.0,1.0,0.0,0.6203980099502486,0.6947932618683001,No,0
0.0,1.0,0.0,0.0,0.2777777777777778,1.0,0.0,0.5,0.0,0.0,0.0,0.0,1.0,0.0,0.0,0.0,0.0,0.6213930348258706,0.16493108728943337,No,0
0.0,0.0,0.0,0.0,0.06944444444444445,1.0,1.0,0.5,0.0,0.0,0.0,0.0,0.0,0.0,0.0,0.0,0.6666666666666666,0.5706467661691541,0.526646248085758,No,0
0.0,0.0,1.0,1.0,0.3333333333333333,0.0,0.5,0.0,1.0,1.0,1.0,0.0,1.0,1.0,0.5,0.0,0.6666666666666666,0.39154228855721396,0.10137825421133231,No,0
0.0,0.0,1.0,0.0,0.15277777777777776,1.0,0.0,0.0,0.0,0.0,0.0,0.0,0.0,0.0,0.0,1.0,0.6666666666666666,0.2567164179104477,0.6248085758039816,Yes,0
1.0,0.0,1.0,0.0,1.0,1.0,1.0,0.5,0.0,1.0,1.0,1.0,1.0,1.0,1.0,1.0,0.3333333333333333,0.9189054726368159,0.9183767228177642,No,3
0.0,0.0,1.0,1.0,0.9166666666666666,1.0,0.0,0.0,1.0,1.0,0.0,1.0,0.0,0.0,1.0,1.0,0.3333333333333333,0.39751243781094525,0.5006125574272587,No,0
0.0,0.0,1.0,1.0,0.625,1.0,0.0,0.0,1.0,0.0,1.0,1.0,1.0,1.0,1.0,1.0,1.0,0.6243781094527363,0.4690658499234303,No,0
0.0,0.0,1.0,1.0,0.9583333333333333,1.0,0.0,1.0,0.5,0.5,0.5,0.5,0.5,0.5,1.0,0.0,0.0,0.014427860696517386,0.11071975497702909,No,0
1.0,1.0,1.0,0.0,0.20833333333333331,1.0,1.0,0.5,0.0,0.0,0.0,0.0,0.0,1.0,0.0,1.0,0.0,0.6701492537313432,0.09601837672281777,Yes,3
0.0,0.0,0.0,0.0,0.38888888888888884,1.0,0.0,0.0,0.0,0.0,1.0,0.0,1.0,0.0,0.0,1.0,0.0,0.41094527363184075,0.17182235834609494,No,0
0.0,0.0,0.0,0.0,0.9722222222222222,1.0,1.0,0.5,1.0,1.0,1.0,1.0,1.0,1.0,0.5,0.0,0.3333333333333333,0.9681592039800994,0.9303215926493108,Yes,0
0.0,0.0,0.0,0.0,0.5,1.0,0.0,0.0,1.0,1.0,1.0,1.0,0.0,1.0,0.5,1.0,1.0,0.5701492537313433,0.3571209800918836,No,0
1.0,1.0,0.0,0.0,0.2222222222222222,1.0,1.0,0.5,0.0,0.0,0.0,0.0,1.0,0.0,0.0,1.0,0.6666666666666666,0.6800995024875621,0.0787136294027565,Yes,3
0.0,0.0,0.0,0.0,0.25,1.0,1.0,0.5,0.0,0.0,0.0,0.0,1.0,0.0,0.0,1.0,0.6666666666666666,0.6661691542288557,0.15191424196018377,Yes,0
0.0,0.0,1.0,0.0,0.4722222222222222,1.0,1.0,0.5,0.0,0.0,0.0,0.0,1.0,1.0,0.0,1.0,0.6666666666666666,0.7900497512437811,0.42679938744257273,Yes,0
1.0,0.0,1.0,1.0,0.5833333333333333,0.0,0.5,0.0,0.0,1.0,1.0,0.0,0.0,1.0,0.5,1.0,0.3333333333333333,0.2671641791044776,0.2572741194486983,No,3
1.0,0.0,0.0,0.0,0.6666666666666666,1.0,1.0,0.0,1.0,0.0,0.0,1.0,0.0,1.0,0.5,1.0,0.0,0.5243781094527363,0.4803981623277182,No,3
1.0,0.0,1.0,0.0,0.6527777777777778,1.0,1.0,0.5,0.0,1.0,1.0,1.0,1.0,1.0,0.0,1.0,0.6666666666666666,0.908457711442786,0.660490045941807,Yes,3
0.0,0.0,1.0,1.0,0.5416666666666666,1.0,1.0,0.5,0.0,1.0,1.0,1.0,0.0,0.0,0.5,1.0,0.6666666666666666,0.7094527363184079,0.4609494640122511,Yes,0
0.0,0.0,1.0,1.0,0.15277777777777776,1.0,0.0,1.0,0.5,0.5,0.5,0.5,0.5,0.5,1.0,0.0,0.3333333333333333,0.026368159203980085,0.2529862174578867,No,0
1.0,0.0,0.0,0.0,0.09722222222222221,1.0,0.0,1.0,0.5,0.5,0.5,0.5,0.5,0.5,0.0,1.0,1.0,0.01691542288557213,0.1324655436447167,No,3
0.0,0.0,0.0,0.0,0.041666666666666664,1.0,1.0,1.0,0.5,0.5,0.5,0.5,0.5,0.5,0.0,0.0,1.0,0.06318407960199005,0.9557427258805513,No,0
1.0,0.0,0.0,0.0,0.1111111111111111,1.0,0.0,0.0,1.0,0.0,1.0,0.0,0.0,1.0,0.0,1.0,0.6666666666666666,0.482089552238806,0.7309341500765697,No,3
1.0,0.0,0.0,1.0,0.013888888888888888,1.0,0.0,1.0,0.5,0.5,0.5,0.5,0.5,0.5,0.0,1.0,1.0,0.011940298507462671,0.22710566615620215,Yes,3
1.0,0.0,1.0,1.0,0.4444444444444444,1.0,0.0,0.5,1.0,1.0,1.0,0.0,0.0,1.0,0.5,0.0,1.0,0.7616915422885572,0.41699846860643186,No,3
1.0,0.0,1.0,1.0,0.8333333333333333,1.0,0.0,0.0,1.0,1.0,1.0,1.0,0.0,0.0,0.5,1.0,0.0,0.47363184079601983,0.5145482388973966,No,3
0.0,0.0,1.0,0.0,0.1388888888888889,1.0,0.0,1.0,0.5,0.5,0.5,0.5,0.5,0.5,0.0,1.0,0.0,0.01691542288557213,0.2209800918836141,No,0
0.0,0.0,1.0,0.0,0.986111111111111,1.0,1.0,1.0,0.5,0.5,0.5,0.5,0.5,0.5,1.0,1.0,0.0,0.06368159203980098,0.18529862174578865,No,0
0.0,0.0,1.0,1.0,0.05555555555555555,1.0,0.0,1.0,0.5,0.5,0.5,0.5,0.5,0.5,0.0,0.0,1.0,0.020895522388059695,0.8915773353751913,Yes,0
0.0,1.0,0.0,0.0,0.013888888888888888,1.0,0.0,0.5,0.0,0.0,0.0,0.0,0.0,0.0,0.0,1.0,0.6666666666666666,0.5074626865671642,0.8335375191424196,Yes,0
0.0,0.0,1.0,1.0,0.5972222222222222,0.0,0.5,0.0,1.0,1.0,0.0,1.0,1.0,0.0,0.5,1.0,0.0,0.32835820895522383,0.27090352220520675,No,0
1.0,0.0,1.0,0.0,0.8194444444444444,1.0,1.0,0.5,0.0,0.0,1.0,0.0,1.0,1.0,0.5,1.0,0.0,0.808457711442786,0.7480857580398163,Yes,3
0.0,0.0,1.0,0.0,0.3194444444444444,1.0,0.0,0.0,0.0,0.0,1.0,1.0,0.0,0.0,0.0,0.0,0.6666666666666666,0.35820895522388063,0.06232771822358346,No,0
0.0,0.0,1.0,0.0,1.0,1.0,0.0,1.0,0.5,0.5,0.5,0.5,0.5,0.5,1.0,0.0,0.0,0.011442786069651711,0.13675344563552833,No,0
1.0,0.0,1.0,0.0,0.3055555555555555,1.0,0.0,0.0,1.0,0.0,0.0,1.0,0.0,0.0,0.5,1.0,0.3333333333333333,0.37810945273631835,0.08162327718223583,No,3
0.0,0.0,0.0,0.0,0.013888888888888888,0.0,0.5,0.0,0.0,0.0,0.0,0.0,0.0,0.0,0.0,1.0,1.0,0.06865671641791044,0.32924961715160794,No,0
1.0,0.0,0.0,0.0,0.9583333333333333,1.0,1.0,1.0,0.5,0.5,0.5,0.5,0.5,0.5,1.0,0.0,0.0,0.056716417910447736,0.18606431852986216,No,3
1.0,0.0,0.0,0.0,0.6944444444444444,0.0,0.5,0.0,1.0,0.0,0.0,1.0,0.0,0.0,0.5,1.0,1.0,0.1706467661691542,0.19448698315467075,No,3
0.0,1.0,0.0,0.0,0.013888888888888888,0.0,0.5,0.0,0.0,0.0,0.0,0.0,0.0,0.0,0.0,1.0,0.6666666666666666,0.06915422885572137,0.32940275650842266,Yes,0
1.0,0.0,0.0,0.0,0.027777777777777776,1.0,0.0,0.0,0.0,0.0,0.0,0.0,0.0,0.0,0.0,1.0,1.0,0.26616915422885573,0.9903522205206737,Yes,3
0.0,0.0,1.0,0.0,0.20833333333333331,1.0,0.0,0.5,0.0,1.0,0.0,0.0,0.0,0.0,0.0,0.0,0.0,0.5681592039800994,0.033690658499234305,No,0
1.0,0.0,0.0,0.0,0.4305555555555555,1.0,0.0,1.0,0.5,0.5,0.5,0.5,0.5,0.5,1.0,0.0,0.0,0.021393034825870627,0.7617151607963246,No,3
1.0,0.0,0.0,0.0,0.013888888888888888,1.0,0.0,1.0,0.5,0.5,0.5,0.5,0.5,0.5,0.0,0.0,1.0,0.018905472636815884,0.24640122511485452,Yes,3
1.0,0.0,1.0,0.0,0.9166666666666666,1.0,1.0,0.5,0.0,1.0,1.0,0.0,1.0,1.0,0.0,1.0,0.3333333333333333,0.86318407960199,0.8569678407350689,Yes,3
0.0,0.0,1.0,1.0,0.0,0.0,0.5,0.0,1.0,1.0,1.0,1.0,1.0,0.0,1.0,0.0,0.3333333333333333,0.3761194029850746,0.0,No,0
1.0,0.0,0.0,1.0,0.041666666666666664,1.0,0.0,0.0,0.0,0.0,0.0,0.0,1.0,0.0,0.0,1.0,0.3333333333333333,0.36268656716417913,0.18177641653905052,Yes,3
0.0,0.0,0.0,0.0,0.1111111111111111,1.0,0.0,1.0,0.5,0.5,0.5,0.5,0.5,0.5,1.0,0.0,1.0,0.01741293532338306,0.11454823889739663,No,0
1.0,0.0,1.0,1.0,0.8888888888888888,1.0,0.0,0.0,1.0,0.0,1.0,0.0,1.0,1.0,0.5,1.0,0.3333333333333333,0.545273631840796,0.6073506891271057,No,3
0.0,0.0,1.0,0.0,0.38888888888888884,1.0,0.0,1.0,0.5,0.5,0.5,0.5,0.5,0.5,0.0,0.0,1.0,0.02238805970149252,0.7139356814701378,No,0
0.0,0.0,1.0,0.0,0.7916666666666666,1.0,1.0,0.5,0.0,0.0,1.0,0.0,1.0,1.0,0.5,1.0,0.3333333333333333,0.8208955223880597,0.7505359877488514,No,0
0.0,0.0,1.0,1.0,0.19444444444444442,1.0,1.0,0.5,0.0,0.0,1.0,0.0,0.0,1.0,0.0,1.0,0.6666666666666666,0.6865671641791045,0.07212863705972435,Yes,0
1.0,0.0,0.0,0.0,0.2638888888888889,1.0,0.0,1.0,0.5,0.5,0.5,0.5,0.5,0.5,1.0,1.0,1.0,0.01691542288557213,0.4920367534456355,No,3
1.0,0.0,1.0,0.0,0.1388888888888889,1.0,0.0,0.5,0.0,0.0,0.0,0.0,1.0,0.0,0.0,1.0,0.6666666666666666,0.6139303482587065,0.9545176110260336,Yes,3
0.0,0.0,1.0,0.0,0.7083333333333333,0.0,0.5,0.0,0.0,1.0,0.0,0.0,1.0,1.0,0.0,1.0,0.6666666666666666,0.3124378109452736,0.33843797856049,No,0
0.0,0.0,1.0,0.0,0.9305555555555555,1.0,1.0,0.0,1.0,1.0,1.0,0.0,0.0,0.0,1.0,0.0,1.0,0.4716417910447761,0.563093415007657,No,0
1.0,0.0,1.0,1.0,0.15277777777777776,1.0,0.0,1.0,0.5,0.5,0.5,0.5,0.5,0.5,0.0,1.0,0.6666666666666666,0.021890547263681587,0.3310872894333844,No,3
1.0,0.0,1.0,1.0,1.0,0.0,0.5,0.0,1.0,0.0,1.0,1.0,1.0,1.0,1.0,0.0,0.0,0.4248756218905473,0.5937212863705972,No,3
1.0,0.0,1.0,1.0,0.9166666666666666,1.0,0.0,1.0,0.5,0.5,0.5,0.5,0.5,0.5,0.5,1.0,0.6666666666666666,0.020895522388059695,0.09984686064318529,No,3
0.0,0.0,0.0,0.0,0.25,1.0,1.0,0.5,0.0,0.0,0.0,1.0,1.0,0.0,0.0,1.0,0.6666666666666666,0.6975124378109452,0.17013782542113323,Yes,0
0.0,0.0,0.0,0.0,0.125,1.0,0.0,1.0,0.5,0.5,0.5,0.5,0.5,0.5,0.0,1.0,0.6666666666666666,0.01243781094527363,0.2007656967840735,No,0
0.0,0.0,0.0,0.0,0.125,1.0,1.0,0.5,0.0,0.0,0.0,0.0,0.0,0.0,0.0,1.0,0.3333333333333333,0.5666666666666667,0.7834609494640122,No,0
1.0,0.0,1.0,0.0,0.6666666666666666,1.0,1.0,0.5,1.0,1.0,1.0,0.0,1.0,1.0,0.0,1.0,0.0,0.927363184079602,0.6807044410413476,No,3
1.0,0.0,0.0,0.0,0.1388888888888889,1.0,0.0,0.5,0.0,0.0,0.0,0.0,0.0,0.0,0.0,0.0,1.0,0.5164179104477612,0.8721286370597243,No,3
0.0,0.0,0.0,0.0,0.125,1.0,1.0,0.5,0.0,0.0,0.0,0.0,1.0,1.0,0.0,1.0,0.6666666666666666,0.7611940298507462,0.9638591117917304,Yes,0
0.0,1.0,0.0,0.0,0.18055555555555555,1.0,1.0,0.5,0.0,0.0,0.0,0.0,1.0,1.0,0.0,1.0,0.6666666666666666,0.7641791044776118,0.08116385911179173,Yes,0
1.0,0.0,0.0,0.0,0.05555555555555555,1.0,1.0,0.5,0.0,1.0,0.0,0.0,0.0,0.0,0.0,0.0,0.6666666666666666,0.5990049751243781,0.4385911179173047,Yes,3
1.0,0.0,0.0,0.0,0.05555555555555555,1.0,0.0,0.5,0.0,0.0,0.0,0.0,0.0,0.0,0.0,1.0,0.6666666666666666,0.5169154228855721,0.3081163859111792,Yes,3
0.0,0.0,1.0,0.0,1.0,1.0,1.0,0.0,1.0,1.0,1.0,1.0,1.0,1.0,1.0,0.0,0.0,0.7338308457711442,0.7960183767228177,No,0
0.0,0.0,1.0,1.0,0.7083333333333333,1.0,0.0,0.0,1.0,1.0,1.0,1.0,1.0,1.0,1.0,0.0,0.3333333333333333,0.6691542288557214,0.5758039816232772,No,0
1.0,0.0,1.0,0.0,0.8194444444444444,0.0,0.5,0.0,0.0,1.0,0.0,0.0,0.0,1.0,0.0,1.0,0.0,0.226865671641791,0.322052067381317,Yes,3
1.0,0.0,1.0,0.0,0.1388888888888889,1.0,1.0,0.5,0.0,0.0,0.0,0.0,1.0,0.0,0.0,1.0,0.6666666666666666,0.6701492537313432,0.9309341500765697,Yes,3
1.0,1.0,1.0,0.0,0.8472222222222222,1.0,1.0,0.5,0.0,1.0,0.0,0.0,0.0,0.0,0.0,1.0,0.6666666666666666,0.6358208955223881,0.6366003062787136,No,3
1.0,0.0,0.0,0.0,0.75,1.0,0.0,0.5,1.0,0.0,1.0,1.0,0.0,0.0,0.5,0.0,0.6666666666666666,0.6582089552238807,0.5823889739663093,No,3
0.0,0.0,0.0,0.0,0.4583333333333333,1.0,1.0,0.0,1.0,1.0,0.0,0.0,0.0,0.0,0.0,1.0,1.0,0.42437810945273624,0.2554364471669219,No,0
0.0,0.0,0.0,0.0,0.375,1.0,0.0,1.0,0.5,0.5,0.5,0.5,0.5,0.5,1.0,1.0,0.0,0.019900497512437804,0.6859111791730474,No,0
0.0,1.0,0.0,0.0,0.013888888888888888,1.0,0.0,0.5,0.0,0.0,0.0,0.0,1.0,0.0,0.0,1.0,0.6666666666666666,0.6064676616915423,0.913323124042879,Yes,0
1.0,0.0,0.0,0.0,0.3194444444444444,1.0,0.0,0.5,0.0,1.0,0.0,0.0,1.0,1.0,0.0,0.0,1.0,0.7666666666666666,0.27748851454823886,No,3
1.0,0.0,0.0,1.0,0.013888888888888888,1.0,0.0,1.0,0.5,0.5,0.5,0.5,0.5,0.5,0.0,0.0,1.0,0.015920398009950265,0.22833078101071974,No,3
1.0,0.0,1.0,1.0,0.625,1.0,0.0,0.0,1.0,1.0,1.0,1.0,1.0,1.0,1.0,1.0,1.0,0.6577114427860695,0.5055130168453292,No,3
0.0,0.0,1.0,1.0,0.5416666666666666,1.0,0.0,1.0,0.5,0.5,0.5,0.5,0.5,0.5,1.0,1.0,0.0,0.015920398009950265,0.9529862174578867,No,0
1.0,0.0,0.0,0.0,0.06944444444444445,1.0,0.0,0.0,0.0,0.0,1.0,0.0,1.0,1.0,0.5,1.0,1.0,0.5149253731343283,0.4597243491577335,Yes,3
1.0,0.0,1.0,1.0,1.0,1.0,1.0,0.0,1.0,1.0,1.0,1.0,1.0,0.0,1.0,0.0,0.0,0.6373134328358209,0.7341500765696783,No,3
0.0,0.0,1.0,1.0,0.8055555555555555,1.0,1.0,0.0,0.0,1.0,0.0,0.0,1.0,0.0,0.0,1.0,0.0,0.48308457711442776,0.5197549770290965,No,0
0.0,0.0,0.0,0.0,0.9722222222222222,0.0,0.5,0.0,1.0,1.0,1.0,1.0,0.0,0.0,1.0,1.0,0.0,0.26218905472636816,0.40673813169984685,No,0
1.0,0.0,1.0,1.0,0.8472222222222222,1.0,0.0,0.5,0.0,1.0,0.0,1.0,1.0,1.0,0.5,1.0,0.0,0.7980099502487562,0.7679938744257274,No,3
1.0,0.0,0.0,0.0,0.027777777777777776,1.0,0.0,0.5,0.0,0.0,0.0,0.0,0.0,0.0,0.0,0.0,1.0,0.5218905472636816,0.08070444104134762,No,3
0.0,0.0,1.0,1.0,0.6388888888888888,1.0,1.0,1.0,0.5,0.5,0.5,0.5,0.5,0.5,0.5,0.0,1.0,0.06666666666666665,0.04747320061255743,No,0
0.0,0.0,0.0,0.0,0.013888888888888888,1.0,1.0,0.0,0.0,0.0,0.0,0.0,0.0,0.0,0.0,1.0,0.0,0.3154228855721393,0.6352220520673812,Yes,0
0.0,0.0,1.0,0.0,0.3055555555555555,1.0,0.0,0.5,0.0,0.0,0.0,0.0,0.0,0.0,0.0,1.0,0.6666666666666666,0.5074626865671642,0.15222052067381317,Yes,0
0.0,0.0,0.0,0.0,0.6666666666666666,1.0,0.0,0.5,1.0,0.0,1.0,1.0,1.0,1.0,1.0,1.0,0.3333333333333333,0.8383084577114427,0.636447166921899,No,0
1.0,0.0,0.0,0.0,0.8888888888888888,1.0,1.0,0.0,0.0,1.0,1.0,1.0,1.0,1.0,1.0,0.0,0.3333333333333333,0.6796019900497512,0.7143950995405819,No,3
1.0,0.0,1.0,1.0,1.0,1.0,1.0,1.0,0.5,0.5,0.5,0.5,0.5,0.5,1.0,0.0,0.0,0.06019900497512437,0.17151607963246554,No,3
0.0,0.0,1.0,1.0,0.16666666666666666,1.0,0.0,0.0,0.0,0.0,1.0,0.0,1.0,0.0,0.0,1.0,0.3333333333333333,0.39900497512437816,0.8771822358346094,No,0
0.0,1.0,1.0,0.0,0.4722222222222222,1.0,1.0,0.5,0.0,1.0,1.0,0.0,0.0,1.0,0.0,1.0,0.6666666666666666,0.7562189054726368,0.4286370597243491,Yes,0
0.0,0.0,1.0,1.0,1.0,1.0,0.0,0.0,1.0,1.0,1.0,0.0,0.0,1.0,1.0,0.0,0.3333333333333333,0.5024875621890547,0.6320061255742726,No,0
1.0,0.0,1.0,0.0,0.40277777777777773,1.0,1.0,0.5,0.0,1.0,1.0,0.0,0.0,0.0,0.0,1.0,0.6666666666666666,0.672139303482587,0.32052067381316995,No,3
1.0,0.0,1.0,1.0,0.4583333333333333,1.0,0.0,1.0,0.5,0.5,0.5,0.5,0.5,0.5,0.5,0.0,0.3333333333333333,0.01840796019900498,0.7725880551301685,No,3
0.0,0.0,0.0,0.0,0.013888888888888888,1.0,0.0,1.0,0.5,0.5,0.5,0.5,0.5,0.5,0.0,0.0,1.0,0.020895522388059695,0.2470137825421133,No,0
0.0,0.0,1.0,1.0,0.861111111111111,1.0,1.0,0.5,0.0,1.0,1.0,1.0,1.0,1.0,0.5,1.0,0.6666666666666666,0.9208955223880596,0.8271056661562021,No,0
1.0,0.0,1.0,0.0,0.5694444444444444,1.0,1.0,0.0,0.0,0.0,1.0,0.0,1.0,1.0,0.5,1.0,0.6666666666666666,0.5447761194029851,0.39800918836140886,Yes,3
0.0,0.0,0.0,0.0,0.8888888888888888,1.0,1.0,0.5,0.0,0.0,1.0,0.0,1.0,1.0,0.5,1.0,0.3333333333333333,0.8139303482587064,0.776416539050536,Yes,0
0.0,0.0,0.0,0.0,0.05555555555555555,1.0,0.0,0.5,0.0,0.0,1.0,0.0,0.0,1.0,0.0,1.0,0.3333333333333333,0.6427860696517412,0.4246554364471669,No,0
0.0,0.0,0.0,0.0,0.3333333333333333,1.0,1.0,0.5,1.0,0.0,0.0,1.0,0.0,0.0,0.0,1.0,0.6666666666666666,0.6577114427860695,0.23568147013782542,No,0
0.0,0.0,1.0,1.0,0.19444444444444442,1.0,0.0,1.0,0.5,0.5,0.5,0.5,0.5,0.5,0.5,0.0,1.0,0.012935323383084563,0.3894333843797856,No,0
1.0,0.0,0.0,1.0,0.041666666666666664,1.0,0.0,1.0,0.5,0.5,0.5,0.5,0.5,0.5,0.0,0.0,1.0,0.01691542288557213,0.732312404287902,No,3
0.0,1.0,0.0,0.0,0.05555555555555555,1.0,0.0,0.5,0.0,1.0,1.0,0.0,1.0,1.0,0.0,1.0,0.3333333333333333,0.8114427860696517,0.5756508422664625,Yes,0
0.0,0.0,0.0,1.0,0.25,0.0,0.5,0.0,0.0,0.0,0.0,0.0,0.0,1.0,0.0,1.0,0.6666666666666666,0.16666666666666663,0.703062787136294,Yes,0
1.0,0.0,0.0,0.0,0.1111111111111111,1.0,0.0,0.0,0.0,0.0,0.0,0.0,1.0,1.0,0.0,1.0,0.6666666666666666,0.4776119402985074,0.694333843797856,No,3
0.0,0.0,0.0,0.0,0.4861111111111111,1.0,1.0,1.0,0.5,0.5,0.5,0.5,0.5,0.5,1.0,0.0,0.0,0.05024875621890548,0.9189892802450229,No,0
0.0,0.0,0.0,0.0,0.013888888888888888,1.0,1.0,0.5,0.0,0.0,0.0,0.0,0.0,0.0,0.0,0.0,0.6666666666666666,0.5746268656716418,0.891271056661562,Yes,0
1.0,0.0,0.0,1.0,0.9166666666666666,1.0,1.0,1.0,0.5,0.5,0.5,0.5,0.5,0.5,1.0,1.0,0.3333333333333333,0.07014925373134329,0.17779479326186828,No,3
1.0,0.0,0.0,1.0,0.1111111111111111,0.0,0.5,0.0,1.0,0.0,0.0,1.0,0.0,1.0,1.0,1.0,1.0,0.2616915422885572,0.4546707503828484,No,3
0.0,0.0,1.0,0.0,0.986111111111111,1.0,1.0,0.5,1.0,0.0,1.0,0.0,1.0,1.0,0.5,1.0,0.3333333333333333,0.854228855721393,0.8782542113323124,No,0
0.0,0.0,1.0,1.0,0.5972222222222222,1.0,1.0,0.5,0.0,0.0,1.0,0.0,0.0,1.0,0.0,1.0,0.0,0.7393034825870646,0.5284839203675344,No,0
0.0,1.0,0.0,0.0,0.027777777777777776,1.0,1.0,0.5,0.0,0.0,0.0,0.0,1.0,1.0,0.0,1.0,0.6666666666666666,0.7522388059701491,0.18346094946401226,Yes,0
1.0,1.0,0.0,0.0,0.40277777777777773,1.0,0.0,0.5,0.0,1.0,1.0,0.0,1.0,1.0,0.0,1.0,0.0,0.827860696517413,0.38989280245022967,No,3
0.0,0.0,1.0,0.0,0.20833333333333331,1.0,0.0,0.5,0.0,0.0,1.0,0.0,1.0,0.0,0.0,1.0,0.6666666666666666,0.6572139303482587,0.08652373660030628,Yes,0
1.0,0.0,1.0,1.0,0.9027777777777777,1.0,1.0,0.5,1.0,1.0,1.0,1.0,0.0,0.0,1.0,0.0,0.3333333333333333,0.7592039800995024,0.7603369065849923,No,3
1.0,0.0,0.0,0.0,0.4861111111111111,1.0,1.0,0.5,0.0,0.0,1.0,1.0,1.0,0.0,0.0,0.0,0.6666666666666666,0.7686567164179104,0.4534456355283308,No,3
1.0,0.0,0.0,0.0,0.8888888888888888,1.0,0.0,0.5,1.0,1.0,0.0,0.0,1.0,1.0,0.5,1.0,0.3333333333333333,0.8164179104477611,0.8071975497702909,No,3
0.0,0.0,1.0,1.0,0.8055555555555555,0.0,0.5,0.0,0.0,0.0,1.0,1.0,1.0,1.0,1.0,1.0,0.3333333333333333,0.37064676616915426,0.42098009188361407,No,0
0.0,1.0,0.0,0.0,0.25,1.0,0.0,0.0,0.0,1.0,0.0,0.0,0.0,0.0,0.0,1.0,0.3333333333333333,0.3144278606965174,0.9577335375191424,No,0
1.0,0.0,1.0,1.0,0.9305555555555555,1.0,1.0,0.5,0.0,1.0,0.0,0.0,0.0,1.0,0.0,1.0,0.0,0.7094527363184079,0.7868300153139357,No,3
1.0,0.0,1.0,1.0,0.875,1.0,0.0,1.0,0.5,0.5,0.5,0.5,0.5,0.5,1.0,1.0,1.0,0.008955223880596996,0.05038284839203675,No,3
0.0,0.0,1.0,0.0,0.8333333333333333,1.0,1.0,0.5,0.0,1.0,0.0,0.0,1.0,1.0,0.0,1.0,0.6666666666666666,0.8114427860696517,0.7506891271056662,No,0
1.0,1.0,0.0,0.0,0.125,1.0,1.0,0.5,0.0,0.0,0.0,0.0,0.0,1.0,0.0,1.0,0.3333333333333333,0.6582089552238807,0.8693721286370597,Yes,3
0.0,0.0,1.0,1.0,0.9722222222222222,1.0,1.0,0.5,1.0,1.0,1.0,1.0,1.0,1.0,1.0,1.0,0.3333333333333333,0.9432835820895521,0.9102603369065849,No,0
1.0,0.0,1.0,0.0,0.20833333333333331,1.0,1.0,0.5,0.0,0.0,1.0,0.0,1.0,1.0,0.0,1.0,0.6666666666666666,0.8243781094527362,0.13981623277182234,Yes,3
0.0,0.0,0.0,1.0,0.6666666666666666,1.0,0.0,1.0,0.5,0.5,0.5,0.5,0.5,0.5,0.5,0.0,1.0,0.01691542288557213,0.9814701378254211,No,0
1.0,0.0,1.0,0.0,0.16666666666666666,1.0,0.0,0.0,0.0,0.0,1.0,1.0,1.0,1.0,0.0,1.0,0.6666666666666666,0.5562189054726369,0.8777947932618683,No,3
1.0,1.0,1.0,0.0,0.986111111111111,1.0,1.0,0.5,1.0,1.0,1.0,1.0,0.0,0.0,0.5,1.0,0.6666666666666666,0.7338308457711442,0.8044410413476263,No,3
1.0,1.0,0.0,0.0,0.611111111111111,1.0,0.0,0.5,0.0,0.0,1.0,0.0,0.0,0.0,0.0,0.0,0.6666666666666666,0.553233830845771,0.41562021439509955,No,3
1.0,0.0,0.0,0.0,0.013888888888888888,1.0,1.0,0.0,0.0,0.0,0.0,0.0,0.0,0.0,0.0,1.0,0.6666666666666666,0.3203980099502488,0.6474732006125574,Yes,3
1.0,0.0,1.0,1.0,0.625,1.0,1.0,1.0,0.5,0.5,0.5,0.5,0.5,0.5,1.0,0.0,1.0,0.061691542288557194,0.026339969372128635,No,3
0.0,0.0,0.0,0.0,0.3194444444444444,1.0,1.0,1.0,0.5,0.5,0.5,0.5,0.5,0.5,0.5,0.0,0.3333333333333333,0.06517412935323383,0.7684532924961714,No,0
0.0,0.0,1.0,0.0,0.5972222222222222,1.0,1.0,0.0,0.0,0.0,0.0,1.0,1.0,0.0,0.5,1.0,0.0,0.46368159203980097,0.38468606431852986,No,0
1.0,0.0,0.0,0.0,0.4861111111111111,1.0,0.0,1.0,0.5,0.5,0.5,0.5,0.5,0.5,0.0,0.0,0.0,0.02487562189054726,0.8744257274119448,No,3
1.0,0.0,1.0,0.0,0.125,1.0,0.0,0.0,1.0,1.0,0.0,1.0,1.0,0.0,0.0,1.0,1.0,0.5044776119402985,0.7451761102603369,No,3
1.0,0.0,0.0,0.0,0.16666666666666666,1.0,1.0,0.5,0.0,0.0,0.0,1.0,1.0,1.0,0.0,1.0,1.0,0.8129353233830846,0.039816232771822356,Yes,3
0.0,1.0,1.0,0.0,0.9027777777777777,1.0,1.0,0.5,1.0,1.0,1.0,0.0,1.0,1.0,0.0,1.0,0.3333333333333333,0.9069651741293533,0.8624808575803982,No,0
0.0,0.0,0.0,0.0,0.027777777777777776,1.0,1.0,0.5,0.0,0.0,1.0,0.0,1.0,0.0,0.0,1.0,0.6666666666666666,0.7278606965174129,0.2343032159264931,Yes,0
1.0,0.0,0.0,0.0,0.375,1.0,1.0,0.0,0.0,0.0,0.0,0.0,0.0,0.0,0.0,0.0,1.0,0.30597014925373134,0.08147013782542113,No,3
0.0,0.0,0.0,0.0,0.5555555555555556,1.0,0.0,0.0,0.0,0.0,1.0,0.0,0.0,0.0,0.5,1.0,1.0,0.31840796019900497,0.2537519142419602,No,0
0.0,1.0,0.0,0.0,0.06944444444444445,1.0,0.0,0.5,0.0,0.0,1.0,0.0,0.0,0.0,0.0,1.0,0.3333333333333333,0.5701492537313433,0.46309341500765694,Yes,0
1.0,0.0,1.0,1.0,0.1111111111111111,1.0,0.0,1.0,0.5,0.5,0.5,0.5,0.5,0.5,0.5,0.0,0.3333333333333333,0.01641791044776117,0.1467075038284839,No,3
0.0,1.0,1.0,0.0,0.8055555555555555,1.0,1.0,0.5,0.0,1.0,0.0,0.0,1.0,1.0,0.5,1.0,0.0,0.7915422885572139,0.6940275650842266,No,0
0.0,0.0,1.0,1.0,0.7222222222222222,1.0,0.0,0.5,1.0,0.0,1.0,0.0,1.0,1.0,0.5,0.0,0.6666666666666666,0.8164179104477611,0.6730474732006125,No,0
1.0,0.0,1.0,0.0,0.041666666666666664,1.0,0.0,0.0,0.0,0.0,1.0,1.0,0.0,0.0,0.0,1.0,1.0,0.37363184079601985,0.14900459418070444,No,3
1.0,0.0,0.0,1.0,0.5694444444444444,1.0,0.0,0.5,1.0,1.0,1.0,1.0,1.0,1.0,1.0,1.0,0.6666666666666666,0.9243781094527362,0.5869831546707504,No,3
1.0,0.0,0.0,0.0,0.2777777777777778,1.0,1.0,0.5,0.0,0.0,0.0,1.0,1.0,1.0,0.0,1.0,1.0,0.7990049751243781,0.2549770290964778,No,3
1.0,0.0,0.0,1.0,0.013888888888888888,1.0,1.0,0.0,0.0,0.0,0.0,0.0,0.0,0.0,0.0,1.0,0.6666666666666666,0.31641791044776113,0.6468606431852986,No,3
1.0,0.0,0.0,1.0,0.05555555555555555,1.0,1.0,0.5,0.0,0.0,0.0,1.0,0.0,0.0,0.0,0.0,0.3333333333333333,0.6223880597014925,0.44119448698315467,Yes,3
1.0,0.0,0.0,0.0,0.3194444444444444,1.0,0.0,1.0,0.5,0.5,0.5,0.5,0.5,0.5,0.0,0.0,0.6666666666666666,0.025870646766169153,0.6124042879019908,No,3
0.0,1.0,0.0,0.0,0.08333333333333333,1.0,0.0,1.0,0.5,0.5,0.5,0.5,0.5,0.5,0.0,0.0,0.0,0.01243781094527363,0.017917304747320062,No,0
1.0,0.0,1.0,1.0,0.1111111111111111,1.0,0.0,1.0,0.5,0.5,0.5,0.5,0.5,0.5,0.0,1.0,1.0,0.010945273631840807,0.14379785604900458,No,3
1.0,0.0,0.0,0.0,0.25,1.0,1.0,0.0,1.0,0.0,1.0,0.0,1.0,0.0,0.0,0.0,1.0,0.5099502487562189,0.0563552833078101,No,3
1.0,1.0,0.0,0.0,0.7222222222222222,0.0,0.5,0.0,1.0,0.0,0.0,0.0,1.0,1.0,0.0,1.0,0.3333333333333333,0.3039800995024875,0.33889739663093416,No,3
1.0,0.0,0.0,0.0,0.4305555555555555,1.0,0.0,0.5,0.0,1.0,0.0,0.0,1.0,1.0,0.0,1.0,0.6666666666666666,0.7587064676616915,0.39402756508422665,No,3
1.0,0.0,1.0,1.0,0.40277777777777773,1.0,0.0,1.0,0.5,0.5,0.5,0.5,0.5,0.5,0.0,1.0,1.0,0.023880597014925342,0.8010719754977029,No,3
0.0,0.0,1.0,0.0,0.5,1.0,1.0,0.5,1.0,1.0,1.0,1.0,0.0,1.0,1.0,1.0,0.3333333333333333,0.8736318407960199,0.5024502297090352,No,0
0.0,0.0,1.0,0.0,0.2222222222222222,1.0,1.0,0.5,0.0,1.0,0.0,0.0,1.0,1.0,0.0,1.0,0.6666666666666666,0.8134328358208955,0.14762633996937213,Yes,0
1.0,0.0,1.0,0.0,0.5833333333333333,1.0,1.0,0.5,0.0,0.0,1.0,1.0,1.0,1.0,0.5,1.0,0.6666666666666666,0.8960199004975123,0.5966309341500765,No,3
1.0,0.0,0.0,0.0,0.013888888888888888,1.0,0.0,1.0,0.5,0.5,0.5,0.5,0.5,0.5,0.0,0.0,0.6666666666666666,0.02288557213930348,0.2476263399693721,Yes,3
0.0,0.0,0.0,0.0,0.8333333333333333,1.0,0.0,0.5,0.0,1.0,1.0,0.0,1.0,1.0,1.0,1.0,0.6666666666666666,0.8099502487562189,0.7462480857580398,No,0
1.0,0.0,0.0,0.0,0.06944444444444445,1.0,1.0,0.5,0.0,1.0,1.0,0.0,0.0,0.0,0.0,1.0,0.6666666666666666,0.6671641791044776,0.5537519142419601,Yes,3
1.0,0.0,1.0,0.0,0.3055555555555555,1.0,1.0,0.5,1.0,0.0,0.0,1.0,1.0,0.0,0.0,0.0,0.3333333333333333,0.772636815920398,0.28621745788667685,No,3
1.0,0.0,1.0,0.0,0.5,1.0,0.0,1.0,0.5,0.5,0.5,0.5,0.5,0.5,0.5,0.0,1.0,0.01741293532338306,0.8105666156202144,No,3
0.0,0.0,0.0,0.0,0.05555555555555555,1.0,0.0,0.5,0.0,0.0,0.0,0.0,0.0,0.0,0.0,0.0,0.6666666666666666,0.518905472636816,0.37320061255742726,Yes,0
1.0,0.0,0.0,0.0,0.125,1.0,0.0,0.0,1.0,0.0,0.0,1.0,0.0,1.0,0.0,0.0,1.0,0.46467661691542295,0.6957120980091883,No,3
1.0,0.0,1.0,1.0,0.013888888888888888,1.0,0.0,0.5,0.0,1.0,0.0,0.0,0.0,0.0,0.0,0.0,0.3333333333333333,0.5606965174129352,0.8762633996937212,No,3
1.0,0.0,1.0,1.0,0.16666666666666666,1.0,0.0,0.0,1.0,0.0,0.0,0.0,0.0,0.0,0.0,1.0,0.6666666666666666,0.3079601990049751,0.7215926493108729,No,3
0.0,0.0,0.0,0.0,0.3194444444444444,1.0,1.0,0.0,0.0,0.0,0.0,1.0,1.0,1.0,0.5,1.0,1.0,0.5522388059701492,0.19586523736600306,No,0
1.0,0.0,0.0,0.0,0.861111111111111,1.0,1.0,0.5,1.0,1.0,0.0,0.0,0.0,1.0,0.5,1.0,0.0,0.7368159203980099,0.725114854517611,No,3
1.0,0.0,0.0,0.0,0.5138888888888888,1.0,1.0,0.5,0.0,0.0,0.0,1.0,1.0,1.0,0.0,0.0,0.0,0.8014925373134327,0.46110260336906583,Yes,3
0.0,0.0,0.0,0.0,0.1111111111111111,1.0,0.0,1.0,0.5,0.5,0.5,0.5,0.5,0.5,0.0,0.0,1.0,0.009452736318407956,0.154364471669219,No,0
1.0,0.0,1.0,0.0,0.4305555555555555,1.0,1.0,0.5,0.0,0.0,1.0,0.0,1.0,0.0,0.0,0.0,0.3333333333333333,0.700497512437811,0.357427258805513,No,3
1.0,0.0,1.0,1.0,0.18055555555555555,1.0,1.0,0.5,0.0,0.0,0.0,0.0,0.0,0.0,0.0,1.0,0.3333333333333333,0.5587064676616916,0.9670750382848392,Yes,3
0.0,0.0,0.0,0.0,0.3333333333333333,1.0,1.0,0.5,0.0,0.0,1.0,0.0,1.0,1.0,0.0,1.0,0.6666666666666666,0.8009950248756219,0.3143950995405819,Yes,0
1.0,0.0,1.0,1.0,0.625,1.0,1.0,0.5,0.0,1.0,1.0,0.0,0.0,1.0,0.0,1.0,0.0,0.7731343283582089,0.5793261868300152,No,3
0.0,1.0,1.0,0.0,0.9583333333333333,1.0,1.0,0.5,0.0,1.0,0.0,1.0,1.0,1.0,1.0,0.0,0.3333333333333333,0.8671641791044776,0.8422664624808576,No,0
1.0,0.0,0.0,0.0,0.027777777777777776,1.0,0.0,1.0,0.5,0.5,0.5,0.5,0.5,0.5,0.0,0.0,1.0,0.019900497512437804,0.4770290964777948,No,3
1.0,0.0,1.0,1.0,0.8472222222222222,1.0,1.0,0.5,1.0,1.0,0.0,0.0,1.0,1.0,0.5,1.0,0.6666666666666666,0.873134328358209,0.8012251148545176,Yes,3
1.0,0.0,0.0,0.0,0.5694444444444444,1.0,1.0,0.5,0.0,1.0,1.0,0.0,1.0,1.0,0.0,1.0,0.6666666666666666,0.8601990049751244,0.5655436447166922,Yes,3
0.0,0.0,0.0,0.0,0.611111111111111,0.0,0.5,0.0,0.0,0.0,1.0,0.0,1.0,1.0,0.5,1.0,0.6666666666666666,0.30646766169154227,0.2914241960183767,No,0
1.0,0.0,0.0,0.0,0.5416666666666666,0.0,0.5,0.0,0.0,0.0,1.0,1.0,0.0,0.0,0.5,0.0,1.0,0.17213930348258705,0.08683001531393568,No,3
1.0,0.0,1.0,1.0,1.0,0.0,0.5,0.0,1.0,1.0,1.0,1.0,1.0,1.0,1.0,1.0,0.3333333333333333,0.46616915422885563,0.6166921898928024,No,3
0.0,1.0,0.0,0.0,0.18055555555555555,1.0,0.0,0.5,0.0,0.0,1.0,0.0,1.0,1.0,0.0,1.0,0.6666666666666666,0.7820895522388059,0.06600306278713629,No,0
0.0,0.0,1.0,1.0,0.7083333333333333,1.0,0.0,0.0,1.0,1.0,0.0,1.0,0.0,1.0,0.5,1.0,0.3333333333333333,0.5124378109452736,0.4724349157733537,No,0
0.0,1.0,1.0,0.0,0.986111111111111,1.0,0.0,0.5,0.0,1.0,1.0,0.0,1.0,1.0,1.0,1.0,0.6666666666666666,0.8054726368159204,0.862021439509954,No,0
1.0,1.0,0.0,0.0,0.3055555555555555,1.0,1.0,0.5,0.0,0.0,0.0,0.0,1.0,1.0,0.0,1.0,0.6666666666666666,0.7805970149253731,0.26202143950995405,Yes,3
0.0,0.0,0.0,0.0,0.027777777777777776,1.0,0.0,0.0,0.0,1.0,0.0,1.0,0.0,0.0,0.0,1.0,0.3333333333333333,0.36616915422885565,0.005819295558958652,Yes,0
0.0,0.0,0.0,0.0,0.7777777777777777,1.0,1.0,0.5,0.0,1.0,1.0,0.0,1.0,1.0,0.5,1.0,0.6666666666666666,0.8810945273631839,0.7427258805513016,No,0
1.0,0.0,0.0,0.0,0.013888888888888888,1.0,0.0,0.0,1.0,0.0,0.0,0.0,0.0,0.0,0.0,0.0,1.0,0.32835820895522383,0.6588055130168453,No,3
0.0,0.0,1.0,1.0,0.3194444444444444,1.0,0.0,0.0,1.0,1.0,0.0,1.0,0.0,0.0,0.5,1.0,1.0,0.39303482587064675,0.07901990811638591,No,0
0.0,1.0,1.0,0.0,0.9166666666666666,1.0,1.0,0.0,0.0,1.0,1.0,0.0,1.0,0.0,0.5,1.0,0.0,0.5233830845771144,0.6136294027565085,No,0
0.0,0.0,0.0,0.0,0.013888888888888888,1.0,0.0,1.0,0.5,0.5,0.5,0.5,0.5,0.5,0.0,0.0,1.0,0.012935323383084563,0.22741194486983154,No,0
1.0,1.0,0.0,0.0,0.2638888888888889,1.0,1.0,0.5,0.0,1.0,0.0,0.0,1.0,0.0,0.0,1.0,0.6666666666666666,0.6960199004975124,0.19862174578866768,Yes,3
1.0,0.0,0.0,0.0,0.15277777777777776,1.0,0.0,0.5,1.0,0.0,1.0,0.0,0.0,0.0,0.0,1.0,0.0,0.6094527363184079,0.9180704441041347,No,3
0.0,0.0,1.0,1.0,0.1111111111111111,1.0,0.0,1.0,0.5,0.5,0.5,0.5,0.5,0.5,0.5,1.0,1.0,0.014925373134328346,0.12756508422664625,Yes,0
0.0,0.0,1.0,1.0,0.7222222222222222,1.0,1.0,0.5,1.0,1.0,1.0,0.0,0.0,1.0,0.0,0.0,0.0,0.7950248756218906,0.6464012251148545,No,0
1.0,0.0,0.0,0.0,0.041666666666666664,1.0,0.0,1.0,0.5,0.5,0.5,0.5,0.5,0.5,0.0,1.0,0.6666666666666666,0.019900497512437804,0.7632465543644716,No,3
0.0,0.0,1.0,1.0,0.7083333333333333,1.0,0.0,0.5,1.0,1.0,0.0,0.0,0.0,0.0,0.0,1.0,0.0,0.6059701492537314,0.5264931087289433,No,0
1.0,1.0,0.0,0.0,0.20833333333333331,1.0,1.0,0.5,0.0,0.0,0.0,0.0,0.0,0.0,0.0,0.0,0.6666666666666666,0.5711442786069653,0.042725880551301686,Yes,3
1.0,1.0,1.0,0.0,0.8888888888888888,1.0,1.0,0.5,0.0,1.0,1.0,0.0,0.0,1.0,0.0,1.0,0.6666666666666666,0.7562189054726368,0.7612557427258805,No,3
0.0,0.0,0.0,0.0,0.5138888888888888,0.0,0.5,0.0,0.0,0.0,1.0,0.0,0.0,1.0,0.0,1.0,0.3333333333333333,0.218407960199005,0.1343032159264931,No,0
1.0,0.0,0.0,0.0,0.18055555555555555,1.0,0.0,1.0,0.5,0.5,0.5,0.5,0.5,0.5,1.0,0.0,1.0,0.01691542288557213,0.3182235834609495,No,3
1.0,0.0,1.0,0.0,0.6805555555555555,1.0,1.0,0.0,1.0,0.0,0.0,0.0,0.0,0.0,0.5,1.0,0.6666666666666666,0.36915422885572136,0.34946401225114854,No,3
0.0,1.0,0.0,0.0,0.625,1.0,1.0,0.5,0.0,0.0,1.0,0.0,1.0,1.0,0.5,1.0,0.0,0.8348258706467663,0.613323124042879,No,0
0.0,0.0,0.0,0.0,0.25,1.0,0.0,0.5,0.0,0.0,0.0,0.0,0.0,0.0,0.0,1.0,0.6666666666666666,0.5258706467661691,0.06906584992343032,No,0
1.0,1.0,0.0,0.0,0.013888888888888888,1.0,1.0,0.5,0.0,0.0,0.0,0.0,0.0,0.0,0.0,1.0,0.6666666666666666,0.5616915422885572,0.876416539050536,Yes,3
1.0,0.0,1.0,0.0,0.9444444444444444,0.0,0.5,0.0,1.0,0.0,1.0,0.0,1.0,1.0,1.0,1.0,0.0,0.3567164179104477,0.4980091883614089,No,3
1.0,0.0,0.0,0.0,0.75,1.0,0.0,1.0,0.5,0.5,0.5,0.5,0.5,0.5,1.0,0.0,0.3333333333333333,0.013930348258706454,0.0027565084226646246,No,3
0.0,1.0,1.0,1.0,0.3194444444444444,1.0,0.0,0.5,0.0,1.0,1.0,0.0,0.0,1.0,0.0,1.0,0.0,0.6985074626865672,0.2684532924961715,No,0
1.0,0.0,0.0,0.0,0.2361111111111111,1.0,0.0,0.5,0.0,0.0,1.0,0.0,0.0,0.0,0.0,1.0,0.6666666666666666,0.5810945273631841,0.08820826952526799,Yes,3
1.0,0.0,1.0,0.0,0.986111111111111,1.0,1.0,0.0,1.0,1.0,1.0,1.0,0.0,1.0,1.0,0.0,0.3333333333333333,0.618407960199005,0.723583460949464,No,3
0.0,0.0,1.0,1.0,0.9305555555555555,1.0,0.0,1.0,0.5,0.5,0.5,0.5,0.5,0.5,1.0,1.0,0.0,0.009950248756218888,0.10275650842266462,No,0
0.0,0.0,1.0,1.0,0.19444444444444442,1.0,1.0,0.5,0.0,0.0,0.0,0.0,1.0,0.0,0.0,1.0,0.6666666666666666,0.6621890547263681,0.057120980091883614,No,0
0.0,1.0,0.0,0.0,0.013888888888888888,0.0,0.5,0.0,0.0,0.0,0.0,0.0,0.0,0.0,0.0,1.0,1.0,0.07512437810945272,0.33047473200612554,Yes,0
0.0,0.0,0.0,1.0,0.875,1.0,0.0,1.0,0.5,0.5,0.5,0.5,0.5,0.5,1.0,0.0,0.3333333333333333,0.01243781094527363,0.05987748851454824,No,0
0.0,0.0,0.0,0.0,0.5694444444444444,1.0,1.0,0.0,0.0,0.0,1.0,1.0,0.0,1.0,0.5,1.0,0.6666666666666666,0.5009950248756219,0.3800918836140888,No,0
0.0,0.0,1.0,0.0,0.2361111111111111,1.0,1.0,0.5,0.0,0.0,0.0,0.0,1.0,1.0,0.0,0.0,0.6666666666666666,0.7398009950248755,0.157427258805513,No,0
1.0,0.0,1.0,0.0,0.7777777777777777,1.0,1.0,0.5,1.0,0.0,0.0,0.0,1.0,1.0,0.5,1.0,0.6666666666666666,0.8189054726368158,0.7013782542113323,No,3
0.0,0.0,0.0,0.0,0.06944444444444445,1.0,0.0,1.0,0.5,0.5,0.5,0.5,0.5,0.5,0.0,0.0,0.3333333333333333,0.02288557213930348,0.9901990811638591,No,0
0.0,0.0,0.0,0.0,0.027777777777777776,0.0,0.5,0.0,1.0,1.0,0.0,0.0,0.0,1.0,0.0,1.0,0.6666666666666666,0.24228855721393033,0.8611026033690659,Yes,0
0.0,0.0,1.0,0.0,0.041666666666666664,1.0,0.0,1.0,0.5,0.5,0.5,0.5,0.5,0.5,0.0,1.0,1.0,0.013432835820895522,0.6984686064318529,No,0
1.0,0.0,0.0,0.0,0.5138888888888888,1.0,1.0,0.0,1.0,1.0,1.0,1.0,0.0,0.0,0.5,0.0,0.6666666666666666,0.4895522388059702,0.3208269525267994,No,3
0.0,0.0,0.0,0.0,0.40277777777777773,1.0,0.0,0.0,1.0,1.0,1.0,0.0,0.0,1.0,0.0,1.0,0.0,0.5034825870646765,0.24104134762633997,Yes,0
1.0,0.0,0.0,0.0,0.1111111111111111,1.0,0.0,0.0,0.0,0.0,0.0,0.0,0.0,0.0,0.0,0.0,1.0,0.25174129353233826,0.4450229709035222,No,3
0.0,0.0,0.0,0.0,0.875,1.0,1.0,0.5,0.0,1.0,1.0,1.0,1.0,1.0,0.0,1.0,0.3333333333333333,0.9114427860696516,0.845635528330781,No,0
0.0,0.0,1.0,1.0,0.09722222222222221,1.0,0.0,1.0,0.5,0.5,0.5,0.5,0.5,0.5,0.0,0.0,1.0,0.023880597014925342,0.15788667687595712,No,0
0.0,0.0,0.0,0.0,0.041666666666666664,1.0,0.0,0.5,0.0,1.0,0.0,0.0,1.0,1.0,0.0,0.0,0.6666666666666666,0.7676616915422886,0.3874425727411945,No,0
1.0,0.0,1.0,1.0,1.0,1.0,0.0,1.0,0.5,0.5,0.5,0.5,0.5,0.5,1.0,0.0,0.0,0.027363184079601977,0.1362940275650842,No,3
0.0,0.0,0.0,0.0,0.2638888888888889,1.0,0.0,0.0,0.0,0.0,0.0,0.0,0.0,1.0,0.0,1.0,0.6666666666666666,0.3776119402985074,0.028483920367534457,No,0
0.0,0.0,1.0,0.0,0.8194444444444444,1.0,0.0,1.0,0.5,0.5,0.5,0.5,0.5,0.5,1.0,0.0,0.0,0.0014925373134328235,0.016845329249617153,No,0
1.0,0.0,1.0,1.0,0.027777777777777776,1.0,0.0,0.5,0.0,0.0,1.0,1.0,0.0,1.0,0.0,0.0,0.3333333333333333,0.7139303482587065,0.22879019908116385,Yes,3
0.0,0.0,1.0,1.0,0.4861111111111111,1.0,1.0,1.0,0.5,0.5,0.5,0.5,0.5,0.5,0.0,1.0,0.6666666666666666,0.07462686567164178,0.9626339969372129,No,0
1.0,0.0,0.0,0.0,0.19444444444444442,1.0,0.0,1.0,0.5,0.5,0.5,0.5,0.5,0.5,0.0,0.0,0.3333333333333333,0.013432835820895522,0.39739663093415006,No,3
0.0,0.0,0.0,0.0,0.19444444444444442,1.0,0.0,0.5,0.0,0.0,1.0,0.0,0.0,0.0,0.0,0.0,0.6666666666666666,0.5681592039800994,0.008575803981623277,Yes,0
0.0,0.0,1.0,1.0,0.9583333333333333,1.0,0.0,1.0,0.5,0.5,0.5,0.5,0.5,0.5,1.0,0.0,0.3333333333333333,0.015422885572139305,0.1232771822358346,No,0
1.0,1.0,1.0,0.0,0.09722222222222221,1.0,1.0,0.0,1.0,1.0,0.0,1.0,0.0,0.0,0.0,0.0,0.6666666666666666,0.45721393034825875,0.6156202143950995,No,3
1.0,0.0,1.0,1.0,0.9583333333333333,1.0,0.0,0.0,1.0,1.0,1.0,1.0,1.0,0.0,1.0,1.0,0.0,0.572139303482587,0.6863705972434916,No,3
0.0,0.0,1.0,1.0,1.0,1.0,1.0,0.0,0.0,1.0,0.0,1.0,1.0,1.0,1.0,1.0,0.6666666666666666,0.6039800995024875,0.7246554364471669,No,0
1.0,0.0,0.0,0.0,0.1111111111111111,1.0,1.0,0.5,0.0,1.0,0.0,0.0,1.0,1.0,0.0,0.0,0.6666666666666666,0.8218905472636816,0.9333843797856048,Yes,3
0.0,0.0,1.0,1.0,0.05555555555555555,1.0,0.0,0.0,1.0,0.0,0.0,0.0,0.0,0.0,0.0,0.0,0.6666666666666666,0.3189054726368159,0.27335375191424194,No,0
1.0,0.0,1.0,1.0,0.875,1.0,0.0,0.5,0.0,1.0,1.0,0.0,0.0,0.0,0.0,1.0,0.3333333333333333,0.617412935323383,0.6332312404287902,No,3
1.0,0.0,0.0,0.0,1.0,1.0,0.0,1.0,0.5,0.5,0.5,0.5,0.5,0.5,1.0,0.0,0.0,0.015920398009950265,0.1229709035222052,No,3
0.0,0.0,0.0,0.0,0.6388888888888888,1.0,0.0,1.0,0.5,0.5,0.5,0.5,0.5,0.5,1.0,1.0,0.6666666666666666,0.028358208955223896,0.9817764165390505,No,0
0.0,0.0,1.0,0.0,0.06944444444444445,1.0,0.0,0.5,0.0,0.0,0.0,0.0,0.0,0.0,0.0,0.0,0.6666666666666666,0.5144278606965175,0.4387442572741194,Yes,0
1.0,0.0,1.0,0.0,0.41666666666666663,1.0,0.0,0.0,0.0,0.0,1.0,0.0,0.0,0.0,0.0,1.0,1.0,0.31592039800995025,0.133843797856049,No,3
1.0,0.0,0.0,0.0,0.875,1.0,1.0,0.5,0.0,1.0,1.0,0.0,1.0,1.0,1.0,1.0,0.0,0.8606965174129354,0.8004594180704441,No,3
0.0,0.0,0.0,0.0,0.8333333333333333,1.0,0.0,1.0,0.5,0.5,0.5,0.5,0.5,0.5,1.0,0.0,0.0,0.015920398009950265,0.03736600306278714,No,0
0.0,0.0,1.0,0.0,0.875,1.0,1.0,0.5,0.0,1.0,1.0,0.0,1.0,1.0,0.5,1.0,0.6666666666666666,0.8880597014925372,0.8303215926493108,Yes,0
1.0,0.0,1.0,1.0,0.3472222222222222,1.0,0.0,0.5,0.0,0.0,0.0,1.0,1.0,0.0,0.0,0.0,0.6666666666666666,0.673134328358209,0.2788667687595712,No,3
1.0,0.0,0.0,0.0,0.013888888888888888,1.0,0.0,0.0,0.0,0.0,0.0,0.0,0.0,0.0,0.0,1.0,1.0,0.2746268656716418,0.5857580398162328,Yes,3
1.0,1.0,1.0,0.0,0.08333333333333333,1.0,1.0,0.5,0.0,0.0,1.0,0.0,0.0,0.0,0.0,1.0,0.6666666666666666,0.6223880597014925,0.5955589586523736,No,3
1.0,0.0,0.0,0.0,0.3055555555555555,1.0,1.0,1.0,0.5,0.5,0.5,0.5,0.5,0.5,1.0,0.0,1.0,0.06965174129353235,0.7168453292496171,No,3
0.0,0.0,1.0,1.0,0.4305555555555555,1.0,1.0,0.0,0.0,1.0,0.0,1.0,1.0,1.0,1.0,0.0,0.0,0.6199004975124378,0.325114854517611,No,0
0.0,0.0,1.0,1.0,0.5416666666666666,1.0,0.0,0.5,0.0,0.0,1.0,1.0,0.0,0.0,0.0,1.0,0.0,0.6293532338308457,0.4139356814701378,No,0
1.0,0.0,0.0,0.0,0.3611111111111111,1.0,0.0,1.0,0.5,0.5,0.5,0.5,0.5,0.5,0.0,0.0,1.0,0.026368159203980085,0.6650842266462481,No,3
0.0,0.0,1.0,0.0,0.736111111111111,1.0,0.0,0.5,1.0,1.0,1.0,0.0,1.0,1.0,0.5,1.0,0.0,0.8741293532338307,0.729249617151608,Yes,0
0.0,0.0,0.0,0.0,0.013888888888888888,1.0,0.0,0.5,0.0,1.0,0.0,1.0,1.0,0.0,0.0,0.0,0.6666666666666666,0.7308457711442786,0.9719754977029096,Yes,0
1.0,0.0,0.0,0.0,0.16666666666666666,1.0,1.0,0.0,1.0,1.0,0.0,1.0,0.0,0.0,0.0,1.0,0.6666666666666666,0.48756218905472637,0.9413476263399694,No,3
0.0,0.0,0.0,0.0,0.2222222222222222,1.0,1.0,0.5,0.0,1.0,1.0,0.0,0.0,1.0,0.0,1.0,0.3333333333333333,0.7696517412935323,0.15252679938744257,Yes,0
0.0,0.0,0.0,0.0,0.027777777777777776,1.0,0.0,1.0,0.5,0.5,0.5,0.5,0.5,0.5,0.0,0.0,1.0,0.020895522388059695,0.5843797856049004,No,0
1.0,0.0,0.0,1.0,0.5416666666666666,0.0,0.5,0.0,1.0,0.0,0.0,1.0,1.0,0.0,0.5,0.0,0.0,0.2666666666666666,0.20367534456355282,No,3
1.0,0.0,0.0,0.0,0.013888888888888888,1.0,1.0,0.5,0.0,0.0,0.0,0.0,0.0,0.0,0.0,1.0,0.6666666666666666,0.564179104477612,0.8767228177641654,Yes,3
0.0,0.0,1.0,1.0,0.09722222222222221,0.0,0.5,0.0,1.0,0.0,0.0,1.0,0.0,0.0,0.0,0.0,1.0,0.16318407960199,0.3231240428790199,No,0
1.0,1.0,0.0,0.0,0.05555555555555555,1.0,0.0,0.5,0.0,0.0,0.0,0.0,0.0,0.0,0.0,0.0,0.6666666666666666,0.508457711442786,0.3460949464012251,No,3
1.0,1.0,0.0,0.0,0.1388888888888889,1.0,1.0,0.5,0.0,0.0,0.0,0.0,1.0,1.0,0.0,1.0,0.6666666666666666,0.7671641791044775,0.9675344563552832,Yes,3
0.0,0.0,0.0,0.0,0.7638888888888888,1.0,0.0,0.5,0.0,1.0,1.0,0.0,0.0,0.0,0.0,1.0,0.6666666666666666,0.6298507462686567,0.5872894333843798,No,0
1.0,0.0,1.0,1.0,1.0,1.0,0.0,0.0,0.0,1.0,1.0,0.0,1.0,1.0,1.0,1.0,0.0,0.5686567164179105,0.6964777947932619,No,3
0.0,0.0,1.0,0.0,0.1388888888888889,1.0,0.0,0.0,0.0,0.0,1.0,0.0,1.0,1.0,0.0,1.0,0.3333333333333333,0.49303482587064673,0.7998468606431852,No,0
1.0,1.0,0.0,0.0,0.15277777777777776,1.0,1.0,0.5,0.0,1.0,1.0,1.0,1.0,1.0,0.0,1.0,0.6666666666666666,0.926865671641791,0.05222052067381317,No,3
0.0,0.0,1.0,1.0,0.20833333333333331,1.0,0.0,0.0,0.0,0.0,0.0,0.0,0.0,0.0,0.0,0.0,0.6666666666666666,0.27910447761194024,0.7888208269525268,No,0
0.0,0.0,1.0,1.0,0.3194444444444444,1.0,0.0,1.0,0.5,0.5,0.5,0.5,0.5,0.5,1.0,0.0,0.0,0.021393034825870627,0.618989280245023,No,0
1.0,0.0,0.0,1.0,0.013888888888888888,1.0,0.0,1.0,0.5,0.5,0.5,0.5,0.5,0.5,0.0,0.0,1.0,0.01791044776119402,0.24609494640122512,No,3
0.0,1.0,0.0,0.0,0.041666666666666664,1.0,0.0,0.0,0.0,0.0,0.0,0.0,0.0,0.0,0.0,0.0,0.6666666666666666,0.26616915422885573,0.07595712098009189,Yes,0
1.0,0.0,1.0,1.0,0.6527777777777778,1.0,0.0,0.5,1.0,1.0,1.0,0.0,0.0,1.0,0.5,1.0,0.6666666666666666,0.7746268656716417,0.5712098009188361,No,3
0.0,0.0,0.0,1.0,0.20833333333333331,1.0,0.0,1.0,0.5,0.5,0.5,0.5,0.5,0.5,0.5,0.0,1.0,0.013930348258706454,0.35972434915773355,No,0
1.0,0.0,0.0,0.0,0.9166666666666666,1.0,0.0,0.5,0.0,1.0,1.0,0.0,1.0,1.0,0.0,0.0,0.6666666666666666,0.808457711442786,0.8153139356814701,Yes,3
0.0,1.0,1.0,0.0,0.9444444444444444,1.0,0.0,0.0,0.0,1.0,1.0,1.0,0.0,0.0,0.5,1.0,0.0,0.4218905472636816,0.5206738131699846,No,0
0.0,0.0,1.0,1.0,0.2361111111111111,1.0,0.0,0.5,0.0,0.0,1.0,1.0,1.0,1.0,0.5,0.0,0.0,0.799502487562189,0.18422664624808574,Yes,0
0.0,0.0,0.0,0.0,0.09722222222222221,1.0,0.0,0.0,0.0,0.0,0.0,1.0,1.0,0.0,0.0,1.0,1.0,0.4104477611940298,0.5434915773353751,Yes,0
1.0,1.0,1.0,0.0,0.16666666666666666,1.0,0.0,0.5,0.0,0.0,0.0,0.0,0.0,1.0,0.0,1.0,0.6666666666666666,0.618905472636816,0.9874425727411944,Yes,3
0.0,1.0,1.0,0.0,0.29166666666666663,1.0,1.0,0.0,0.0,1.0,1.0,0.0,0.0,1.0,0.5,0.0,0.0,0.5318407960199005,0.13705972434915772,No,0
1.0,0.0,0.0,0.0,0.29166666666666663,0.0,0.5,0.0,0.0,1.0,0.0,1.0,0.0,0.0,0.0,1.0,1.0,0.17661691542288555,0.9059724349157733,No,3
0.0,0.0,1.0,1.0,0.7777777777777777,1.0,1.0,0.0,1.0,0.0,0.0,0.0,1.0,0.0,0.5,0.0,0.0,0.4671641791044776,0.4664624808575804,No,0
0.0,0.0,1.0,1.0,0.08333333333333333,1.0,1.0,0.0,0.0,0.0,0.0,0.0,0.0,0.0,0.0,1.0,0.3333333333333333,0.3054726368159204,0.36370597243491576,No,0
0.0,1.0,0.0,0.0,0.9027777777777777,0.0,0.5,0.0,0.0,1.0,1.0,0.0,1.0,1.0,1.0,1.0,0.0,0.35074626865671643,0.4670750382848392,No,0
1.0,0.0,1.0,0.0,0.5833333333333333,1.0,1.0,0.0,1.0,0.0,0.0,1.0,1.0,1.0,0.5,0.0,0.3333333333333333,0.618905472636816,0.448698315467075,No,3
0.0,0.0,1.0,1.0,0.9444444444444444,1.0,1.0,0.5,1.0,0.0,1.0,1.0,1.0,1.0,1.0,1.0,0.0,0.9034825870646767,0.885145482388974,No,0
1.0,0.0,1.0,1.0,0.6666666666666666,1.0,1.0,1.0,0.5,0.5,0.5,0.5,0.5,0.5,1.0,0.0,0.0,0.0800995024875622,0.06860643185298622,No,3
0.0,1.0,0.0,0.0,0.6944444444444444,1.0,1.0,0.5,0.0,1.0,0.0,1.0,1.0,1.0,0.5,1.0,0.6666666666666666,0.8810945273631839,0.6834609494640123,No,0
0.0,1.0,0.0,0.0,0.09722222222222221,1.0,0.0,0.0,0.0,1.0,1.0,0.0,1.0,0.0,0.0,1.0,0.6666666666666666,0.46467661691542295,0.6402756508422665,No,0
0.0,0.0,1.0,1.0,0.875,1.0,0.0,1.0,0.5,0.5,0.5,0.5,0.5,0.5,1.0,0.0,0.6666666666666666,0.010945273631840807,0.07366003062787137,No,0
1.0,0.0,0.0,0.0,0.2361111111111111,1.0,0.0,1.0,0.5,0.5,0.5,0.5,0.5,0.5,0.0,0.0,0.3333333333333333,0.028358208955223896,0.5047473200612558,No,3
0.0,0.0,1.0,1.0,0.5833333333333333,1.0,0.0,0.5,0.0,0.0,0.0,0.0,1.0,0.0,0.0,1.0,0.3333333333333333,0.5940298507462687,0.44961715160796323,Yes,0
1.0,0.0,1.0,1.0,0.05555555555555555,1.0,0.0,1.0,0.5,0.5,0.5,0.5,0.5,0.5,0.0,0.0,1.0,0.005970149253731349,0.9450229709035222,No,3
0.0,0.0,0.0,1.0,0.861111111111111,1.0,1.0,1.0,0.5,0.5,0.5,0.5,0.5,0.5,1.0,0.0,0.0,0.0771144278606965,0.16998468606431852,No,0
1.0,1.0,0.0,0.0,0.027777777777777776,1.0,0.0,0.5,0.0,1.0,0.0,0.0,0.0,0.0,0.0,1.0,0.6666666666666666,0.5616915422885572,0.17274119448698316,Yes,3
0.0,0.0,1.0,0.0,0.027777777777777776,1.0,0.0,0.5,0.0,0.0,0.0,0.0,0.0,0.0,0.0,1.0,0.6666666666666666,0.5184079601990049,0.05650842266462481,No,0
1.0,0.0,1.0,0.0,0.6666666666666666,1.0,1.0,0.5,1.0,1.0,1.0,0.0,1.0,0.0,1.0,1.0,0.0,0.782587064676617,0.5813169984686064,No,3
1.0,0.0,1.0,0.0,0.375,1.0,0.0,1.0,0.5,0.5,0.5,0.5,0.5,0.5,1.0,0.0,0.0,0.012935323383084563,0.6673813169984686,No,3
0.0,0.0,1.0,1.0,0.9722222222222222,1.0,0.0,0.0,0.0,1.0,1.0,1.0,1.0,1.0,1.0,1.0,0.0,0.618407960199005,0.722511485451761,No,0
1.0,1.0,0.0,0.0,0.013888888888888888,1.0,1.0,0.5,0.0,0.0,1.0,0.0,1.0,0.0,0.0,1.0,0.6666666666666666,0.7019900497512437,0.9621745788667687,Yes,3
1.0,0.0,1.0,0.0,0.6388888888888888,1.0,1.0,0.5,0.0,1.0,1.0,0.0,1.0,0.0,0.5,1.0,0.6666666666666666,0.7601990049751244,0.5623277182235834,No,3
1.0,0.0,0.0,0.0,0.41666666666666663,1.0,0.0,0.5,0.0,0.0,0.0,0.0,1.0,1.0,0.0,1.0,0.6666666666666666,0.7164179104477612,0.3667687595712098,Yes,3
0.0,0.0,0.0,0.0,0.20833333333333331,1.0,1.0,0.0,1.0,0.0,0.0,0.0,0.0,1.0,0.0,1.0,0.0,0.46169154228855724,0.9983154670750383,Yes,0
1.0,0.0,1.0,1.0,0.9583333333333333,1.0,1.0,0.5,0.0,1.0,1.0,0.0,1.0,0.0,0.5,0.0,0.3333333333333333,0.7711442786069651,0.7986217457886676,No,3
1.0,0.0,0.0,0.0,0.9027777777777777,1.0,0.0,1.0,0.5,0.5,0.5,0.5,0.5,0.5,1.0,1.0,0.3333333333333333,0.012935323383084563,0.06156202143950995,No,3
1.0,1.0,1.0,1.0,1.0,1.0,0.0,0.5,1.0,0.0,1.0,1.0,1.0,1.0,1.0,1.0,0.3333333333333333,0.854228855721393,0.8800918836140887,No,3
1.0,1.0,1.0,0.0,0.18055555555555555,1.0,0.0,0.5,0.0,1.0,0.0,1.0,0.0,1.0,0.0,1.0,0.0,0.7044776119402985,0.04808575803981623,Yes,3
1.0,0.0,0.0,0.0,0.2361111111111111,1.0,0.0,1.0,0.5,0.5,0.5,0.5,0.5,0.5,0.5,1.0,1.0,0.01840796019900498,0.3701378254211332,No,3
1.0,0.0,1.0,0.0,0.7083333333333333,1.0,1.0,0.5,1.0,0.0,1.0,1.0,1.0,1.0,0.5,1.0,0.6666666666666666,0.9283582089552239,0.7232771822358346,No,3
1.0,0.0,1.0,1.0,0.7083333333333333,1.0,0.0,0.0,1.0,1.0,0.0,1.0,0.0,0.0,1.0,0.0,0.3333333333333333,0.4203980099502488,0.41546707503828484,No,3
0.0,0.0,1.0,0.0,1.0,1.0,1.0,0.0,1.0,1.0,1.0,1.0,1.0,1.0,1.0,1.0,0.0,0.7233830845771144,0.795405819295559,No,0
1.0,0.0,1.0,1.0,0.9305555555555555,1.0,1.0,0.5,0.0,1.0,1.0,0.0,0.0,0.0,0.5,0.0,0.6666666666666666,0.6880597014925374,0.7433384379785605,Yes,3
1.0,0.0,0.0,0.0,0.4722222222222222,1.0,0.0,1.0,0.5,0.5,0.5,0.5,0.5,0.5,0.0,0.0,1.0,0.014427860696517386,0.8188361408882082,No,3
1.0,0.0,1.0,0.0,0.9305555555555555,0.0,0.5,0.0,1.0,1.0,0.0,1.0,0.0,1.0,1.0,1.0,0.0,0.32537313432835824,0.4675344563552833,No,3
0.0,0.0,1.0,0.0,0.6805555555555555,1.0,0.0,1.0,0.5,0.5,0.5,0.5,0.5,0.5,0.5,1.0,0.0,0.01791044776119402,0.9764165390505359,No,0
1.0,0.0,1.0,1.0,0.736111111111111,1.0,0.0,1.0,0.5,0.5,0.5,0.5,0.5,0.5,1.0,1.0,1.0,0.011442786069651711,0.032618683001531396,No,3
1.0,0.0,0.0,0.0,0.375,1.0,1.0,0.0,0.0,0.0,1.0,1.0,0.0,0.0,0.0,0.0,0.6666666666666666,0.4099502487562189,0.16431852986217457,No,3
0.0,1.0,0.0,0.0,0.3194444444444444,1.0,0.0,0.5,0.0,1.0,0.0,0.0,1.0,1.0,0.0,1.0,0.6666666666666666,0.7611940298507462,0.29647779479326186,Yes,0
1.0,0.0,0.0,0.0,0.9583333333333333,1.0,1.0,0.0,1.0,1.0,1.0,1.0,0.0,1.0,1.0,1.0,0.3333333333333333,0.6293532338308457,0.7055130168453292,No,3
0.0,0.0,1.0,1.0,0.027777777777777776,0.0,0.5,0.0,0.0,0.0,0.0,1.0,0.0,0.0,0.0,0.0,0.0,0.10746268656716418,0.573813169984686,No,0
0.0,0.0,0.0,0.0,0.4861111111111111,1.0,1.0,0.5,0.0,0.0,0.0,0.0,1.0,0.0,0.0,1.0,0.6666666666666666,0.6786069651741293,0.4032159264931087,Yes,0
0.0,0.0,1.0,0.0,0.6388888888888888,1.0,0.0,0.0,1.0,1.0,0.0,1.0,0.0,1.0,0.5,0.0,1.0,0.5208955223880596,0.43032159264931086,No,0
0.0,0.0,0.0,0.0,0.75,1.0,1.0,0.5,0.0,1.0,0.0,0.0,1.0,1.0,1.0,1.0,0.0,0.7855721393034826,0.6614088820826952,No,0
0.0,0.0,1.0,0.0,0.7777777777777777,1.0,1.0,0.5,0.0,1.0,0.0,0.0,1.0,1.0,0.5,1.0,0.6666666666666666,0.7960199004975124,0.7003062787136294,Yes,0
0.0,0.0,1.0,0.0,0.125,1.0,0.0,0.5,0.0,0.0,1.0,0.0,0.0,0.0,0.0,1.0,0.0,0.572139303482587,0.8021439509954058,Yes,0
1.0,0.0,0.0,0.0,0.2777777777777778,1.0,1.0,0.0,1.0,0.0,0.0,1.0,0.0,0.0,0.0,0.0,0.0,0.4074626865671642,0.05451761102603369,No,3
1.0,0.0,0.0,0.0,0.15277777777777776,1.0,0.0,0.5,0.0,1.0,0.0,0.0,0.0,0.0,0.0,1.0,1.0,0.5736318407960199,0.9581929555895865,No,3
0.0,1.0,1.0,0.0,0.41666666666666663,1.0,1.0,0.5,0.0,1.0,0.0,0.0,1.0,0.0,0.0,1.0,0.6666666666666666,0.7144278606965173,0.3483920367534456,No,0
1.0,0.0,1.0,0.0,0.9444444444444444,1.0,0.0,0.0,1.0,1.0,1.0,0.0,0.0,1.0,1.0,0.0,0.0,0.5243781094527363,0.6142419601837672,No,3
1.0,1.0,1.0,0.0,0.5277777777777778,1.0,1.0,0.5,0.0,1.0,1.0,0.0,1.0,1.0,0.0,1.0,0.6666666666666666,0.8393034825870646,0.5238897396630934,No,3
0.0,1.0,1.0,0.0,0.2361111111111111,1.0,1.0,0.5,1.0,0.0,1.0,0.0,0.0,0.0,0.0,1.0,0.0,0.6676616915422885,0.13124042879019907,Yes,0
1.0,0.0,0.0,0.0,0.6666666666666666,1.0,1.0,0.5,0.0,1.0,1.0,0.0,1.0,1.0,0.5,1.0,0.3333333333333333,0.8741293532338307,0.6575803981623277,Yes,3
0.0,0.0,0.0,0.0,0.013888888888888888,1.0,0.0,0.0,0.0,0.0,0.0,0.0,0.0,0.0,0.0,0.0,0.6666666666666666,0.254228855721393,0.5603369065849924,No,0
1.0,0.0,1.0,1.0,0.875,0.0,0.5,0.0,1.0,1.0,1.0,0.0,1.0,1.0,1.0,0.0,0.6666666666666666,0.4054726368159204,0.48943338437978556,No,3
0.0,0.0,0.0,0.0,0.041666666666666664,1.0,0.0,0.0,0.0,0.0,1.0,0.0,1.0,1.0,0.5,1.0,0.6666666666666666,0.5144278606965175,0.27947932618683,No,0
0.0,0.0,0.0,0.0,0.6666666666666666,1.0,1.0,1.0,0.5,0.5,0.5,0.5,0.5,0.5,0.5,0.0,0.0,0.06069651741293533,0.04012251148545176,No,0
1.0,0.0,0.0,0.0,0.9166666666666666,0.0,0.5,0.0,0.0,0.0,0.0,1.0,0.0,0.0,0.5,0.0,0.3333333333333333,0.11144278606965174,0.24364471669218987,No,3
0.0,0.0,1.0,1.0,0.9444444444444444,1.0,1.0,0.5,0.0,1.0,1.0,0.0,0.0,0.0,1.0,1.0,0.3333333333333333,0.6582089552238807,0.7267993874425727,No,0
1.0,1.0,0.0,0.0,0.2361111111111111,1.0,0.0,0.0,0.0,0.0,0.0,0.0,0.0,0.0,0.0,1.0,0.6666666666666666,0.2666666666666666,0.8990811638591117,Yes,3
0.0,0.0,1.0,1.0,0.09722222222222221,1.0,0.0,1.0,0.5,0.5,0.5,0.5,0.5,0.5,0.5,0.0,1.0,0.023880597014925342,0.09433384379785605,No,0
1.0,0.0,1.0,0.0,1.0,1.0,1.0,0.0,1.0,1.0,1.0,1.0,1.0,1.0,1.0,1.0,0.0,0.6850746268656716,0.7745788667687595,No,3
0.0,0.0,1.0,0.0,0.40277777777777773,1.0,0.0,1.0,0.5,0.5,0.5,0.5,0.5,0.5,0.0,0.0,1.0,0.015920398009950265,0.724042879019908,No,0
1.0,0.0,1.0,0.0,0.5138888888888888,1.0,0.0,0.5,0.0,0.0,1.0,1.0,0.0,1.0,0.0,1.0,0.6666666666666666,0.717412935323383,0.4535987748851455,No,3
0.0,0.0,0.0,0.0,0.4722222222222222,1.0,1.0,0.5,1.0,1.0,1.0,0.0,1.0,1.0,0.0,1.0,1.0,0.9109452736318407,0.4756508422664625,Yes,0
0.0,1.0,0.0,0.0,0.5833333333333333,1.0,1.0,0.5,0.0,0.0,0.0,0.0,1.0,0.0,0.0,1.0,0.6666666666666666,0.6606965174129353,0.4698315467075038,Yes,0
0.0,0.0,1.0,1.0,0.8194444444444444,1.0,1.0,0.0,1.0,1.0,0.0,1.0,0.0,0.0,0.5,0.0,1.0,0.4701492537313433,0.4992343032159265,No,0
1.0,0.0,1.0,1.0,0.15277777777777776,1.0,0.0,0.5,0.0,0.0,0.0,0.0,1.0,0.0,0.0,1.0,0.0,0.6094527363184079,0.9592649310872894,Yes,3
1.0,1.0,1.0,1.0,0.8333333333333333,1.0,1.0,0.5,1.0,0.0,0.0,0.0,0.0,0.0,0.0,1.0,0.6666666666666666,0.6238805970149254,0.6274119448698315,No,3
0.0,0.0,0.0,0.0,0.375,1.0,0.0,0.0,0.0,1.0,0.0,1.0,0.0,0.0,0.0,1.0,1.0,0.3771144278606965,0.12358346094946401,No,0
0.0,0.0,0.0,0.0,0.013888888888888888,1.0,1.0,0.5,0.0,0.0,0.0,0.0,0.0,1.0,0.0,0.0,1.0,0.672139303482587,0.9516079632465544,Yes,0
1.0,1.0,0.0,0.0,0.013888888888888888,1.0,0.0,0.5,0.0,0.0,0.0,0.0,1.0,0.0,0.0,1.0,0.6666666666666666,0.6054726368159203,0.9130168453292495,Yes,3
1.0,0.0,1.0,0.0,0.2361111111111111,0.0,0.5,0.0,1.0,0.0,1.0,0.0,0.0,0.0,0.0,0.0,1.0,0.16069651741293528,0.7437978560490046,No,3
1.0,0.0,1.0,0.0,0.8055555555555555,1.0,0.0,1.0,0.5,0.5,0.5,0.5,0.5,0.5,1.0,0.0,1.0,0.02487562189054726,0.052986217457886675,No,3
1.0,0.0,1.0,1.0,0.013888888888888888,1.0,0.0,1.0,0.5,0.5,0.5,0.5,0.5,0.5,0.5,0.0,1.0,0.00547263681592039,0.20551301684532924,No,3
0.0,0.0,1.0,1.0,0.041666666666666664,1.0,0.0,0.0,0.0,0.0,0.0,0.0,0.0,0.0,0.0,0.0,1.0,0.25920398009950246,0.09464012251148544,Yes,0
0.0,0.0,0.0,0.0,0.736111111111111,1.0,1.0,0.5,1.0,1.0,1.0,0.0,0.0,0.0,0.0,0.0,0.6666666666666666,0.7218905472636815,0.6395099540581929,No,0
1.0,0.0,0.0,0.0,0.4861111111111111,1.0,1.0,1.0,0.5,0.5,0.5,0.5,0.5,0.5,0.0,1.0,0.6666666666666666,0.07313432835820893,0.9693721286370597,No,3
1.0,0.0,1.0,1.0,0.6944444444444444,1.0,1.0,0.5,1.0,0.0,1.0,0.0,1.0,1.0,0.0,0.0,0.3333333333333333,0.872636815920398,0.6833078101071975,Yes,3
1.0,0.0,1.0,1.0,0.9444444444444444,1.0,1.0,0.0,0.0,1.0,0.0,1.0,0.0,1.0,1.0,0.0,0.3333333333333333,0.5228855721393034,0.627718223583461,No,3
1.0,0.0,1.0,0.0,0.6527777777777778,1.0,1.0,1.0,0.5,0.5,0.5,0.5,0.5,0.5,0.0,0.0,0.6666666666666666,0.07114427860696515,0.041041347626339965,No,3
0.0,1.0,1.0,0.0,0.9027777777777777,1.0,1.0,0.5,0.0,1.0,1.0,0.0,1.0,1.0,0.0,1.0,0.0,0.9009950248756219,0.8511485451761103,No,0
1.0,0.0,0.0,0.0,0.06944444444444445,1.0,0.0,0.5,0.0,0.0,0.0,0.0,0.0,0.0,0.0,1.0,0.6666666666666666,0.5124378109452736,0.4318529862174579,Yes,3
1.0,0.0,1.0,0.0,0.7083333333333333,1.0,1.0,0.5,0.0,0.0,0.0,0.0,1.0,1.0,0.0,1.0,0.6666666666666666,0.7601990049751244,0.6228177641653905,Yes,3
0.0,0.0,0.0,0.0,0.6388888888888888,1.0,1.0,0.5,0.0,0.0,0.0,0.0,1.0,1.0,0.0,0.0,0.0,0.7741293532338308,0.5716692189892802,Yes,0
0.0,0.0,0.0,0.0,0.125,1.0,1.0,0.5,0.0,0.0,0.0,0.0,0.0,0.0,0.0,1.0,0.6666666666666666,0.5830845771144277,0.8087289433384379,No,0
0.0,0.0,0.0,0.0,0.1111111111111111,1.0,0.0,1.0,0.5,0.5,0.5,0.5,0.5,0.5,1.0,0.0,1.0,0.019900497512437804,0.1917304747320061,No,0
1.0,0.0,0.0,0.0,0.19444444444444442,1.0,1.0,1.0,0.5,0.5,0.5,0.5,0.5,0.5,0.5,1.0,0.3333333333333333,0.06517412935323383,0.42756508422664624,No,3
0.0,0.0,0.0,0.0,0.625,1.0,1.0,0.5,1.0,1.0,1.0,1.0,1.0,1.0,0.0,1.0,0.6666666666666666,0.9691542288557214,0.6607963246554365,No,0
0.0,0.0,0.0,0.0,0.1111111111111111,1.0,1.0,0.5,0.0,0.0,0.0,0.0,0.0,0.0,0.0,1.0,0.3333333333333333,0.5606965174129352,0.6963246554364472,No,0
1.0,1.0,0.0,1.0,0.013888888888888888,1.0,0.0,0.0,0.0,0.0,1.0,0.0,0.0,0.0,0.0,1.0,1.0,0.31741293532338305,0.647166921898928,Yes,3
1.0,0.0,1.0,1.0,0.9166666666666666,1.0,0.0,0.5,1.0,1.0,1.0,0.0,1.0,1.0,0.5,1.0,0.0,0.8447761194029851,0.8476263399693721,No,3
1.0,0.0,1.0,1.0,1.0,1.0,1.0,0.0,1.0,1.0,1.0,1.0,0.0,0.0,1.0,0.0,0.3333333333333333,0.535820895522388,0.6505359877488515,No,3
0.0,0.0,1.0,0.0,0.5694444444444444,1.0,1.0,0.5,1.0,1.0,1.0,1.0,1.0,1.0,0.0,1.0,0.0,0.9487562189054725,0.5975497702909648,Yes,0
0.0,0.0,1.0,1.0,0.3194444444444444,1.0,1.0,1.0,0.5,0.5,0.5,0.5,0.5,0.5,1.0,0.0,1.0,0.0681592039800995,0.7641653905053598,No,0
0.0,0.0,0.0,0.0,0.40277777777777773,1.0,0.0,0.5,0.0,0.0,0.0,0.0,1.0,0.0,0.0,1.0,0.6666666666666666,0.6034825870646766,0.3094946401225115,Yes,0
0.0,0.0,0.0,0.0,0.05555555555555555,1.0,1.0,0.5,1.0,0.0,0.0,0.0,0.0,0.0,0.0,1.0,0.6666666666666666,0.6159203980099502,0.4248085758039816,No,0
1.0,0.0,1.0,1.0,0.08333333333333333,1.0,1.0,1.0,0.5,0.5,0.5,0.5,0.5,0.5,1.0,0.0,1.0,0.07114427860696515,0.1464012251148545,No,3
0.0,1.0,1.0,0.0,0.9305555555555555,1.0,1.0,0.5,1.0,1.0,1.0,1.0,0.0,1.0,0.5,1.0,0.3333333333333333,0.8671641791044776,0.8479326186830015,No,0
1.0,1.0,0.0,1.0,0.09722222222222221,1.0,0.0,0.0,0.0,0.0,0.0,0.0,0.0,0.0,0.0,1.0,1.0,0.2736318407960199,0.4562021439509954,No,3
1.0,0.0,1.0,1.0,0.7777777777777777,1.0,1.0,1.0,0.5,0.5,0.5,0.5,0.5,0.5,0.5,1.0,1.0,0.061691542288557194,0.1225114854517611,No,3
0.0,0.0,1.0,0.0,1.0,1.0,1.0,1.0,0.5,0.5,0.5,0.5,0.5,0.5,1.0,0.0,0.3333333333333333,0.06716417910447761,0.21592649310872894,No,0
1.0,0.0,1.0,0.0,1.0,1.0,1.0,0.0,1.0,1.0,1.0,0.0,1.0,1.0,1.0,1.0,0.6666666666666666,0.6666666666666666,0.7614088820826952,No,3
1.0,0.0,1.0,1.0,0.3194444444444444,1.0,0.0,1.0,0.5,0.5,0.5,0.5,0.5,0.5,1.0,0.0,0.3333333333333333,0.013432835820895522,0.5557427258805513,No,3
0.0,0.0,0.0,1.0,0.4861111111111111,1.0,1.0,0.0,0.0,0.0,0.0,0.0,0.0,0.0,0.0,0.0,1.0,0.31741293532338305,0.17488514548238898,No,0
1.0,1.0,1.0,0.0,0.375,1.0,0.0,0.5,0.0,0.0,0.0,0.0,0.0,0.0,0.0,1.0,0.6666666666666666,0.5203980099502488,0.23705972434915773,No,3
0.0,0.0,1.0,1.0,0.3611111111111111,1.0,1.0,0.0,0.0,1.0,0.0,1.0,0.0,0.0,0.0,1.0,0.6666666666666666,0.4159203980099502,0.1655436447166922,Yes,0
1.0,0.0,1.0,1.0,0.16666666666666666,1.0,1.0,1.0,0.5,0.5,0.5,0.5,0.5,0.5,0.5,0.0,1.0,0.08109452736318407,0.41822358346094946,No,3
0.0,0.0,0.0,0.0,0.5555555555555556,1.0,0.0,1.0,0.5,0.5,0.5,0.5,0.5,0.5,1.0,0.0,1.0,0.018905472636815884,0.9245022970903521,No,0
1.0,0.0,1.0,1.0,0.09722222222222221,0.0,0.5,0.0,1.0,1.0,1.0,0.0,1.0,1.0,0.0,0.0,1.0,0.4039800995024876,0.6027565084226646,No,3
1.0,0.0,1.0,1.0,0.9722222222222222,1.0,1.0,0.5,1.0,1.0,0.0,0.0,1.0,0.0,0.0,1.0,0.3333333333333333,0.7890547263681591,0.8111791730474732,No,3
1.0,0.0,1.0,1.0,0.8333333333333333,1.0,0.0,1.0,0.5,0.5,0.5,0.5,0.5,0.5,1.0,0.0,0.3333333333333333,0.013930348258706454,0.04655436447166922,No,3
1.0,0.0,1.0,1.0,0.5416666666666666,0.0,0.5,0.0,0.0,0.0,0.0,0.0,0.0,0.0,0.5,1.0,0.3333333333333333,0.06965174129353235,0.9856049004594181,No,3
1.0,0.0,1.0,0.0,1.0,1.0,1.0,0.5,1.0,1.0,1.0,1.0,1.0,1.0,1.0,0.0,0.3333333333333333,0.9572139303482586,0.944104134762634,No,3
0.0,0.0,0.0,0.0,0.013888888888888888,0.0,0.5,0.0,0.0,0.0,0.0,0.0,1.0,0.0,0.0,1.0,0.6666666666666666,0.16368159203980104,0.45053598774885145,Yes,0
1.0,0.0,1.0,1.0,0.75,1.0,1.0,0.0,0.0,1.0,0.0,1.0,1.0,0.0,0.5,1.0,0.6666666666666666,0.5218905472636816,0.49555895865237365,No,3
1.0,0.0,0.0,0.0,0.041666666666666664,1.0,1.0,0.5,0.0,0.0,0.0,0.0,0.0,1.0,0.0,1.0,0.6666666666666666,0.6671641791044776,0.35022970903522205,Yes,3
0.0,0.0,1.0,1.0,0.875,1.0,0.0,0.0,1.0,1.0,1.0,1.0,1.0,0.0,1.0,0.0,0.3333333333333333,0.5701492537313433,0.6104134762633997,No,0
1.0,0.0,1.0,1.0,0.986111111111111,1.0,1.0,0.5,0.0,1.0,0.0,1.0,0.0,0.0,1.0,1.0,0.6666666666666666,0.6621890547263681,0.7689127105666156,No,3
0.0,0.0,0.0,0.0,0.5833333333333333,1.0,0.0,1.0,0.5,0.5,0.5,0.5,0.5,0.5,0.5,1.0,1.0,0.023880597014925342,0.9892802450229708,No,0
1.0,0.0,0.0,0.0,0.6527777777777778,1.0,0.0,1.0,0.5,0.5,0.5,0.5,0.5,0.5,1.0,0.0,0.0,0.021890547263681587,0.9843797856049005,No,3
0.0,0.0,1.0,1.0,0.9166666666666666,1.0,1.0,0.5,0.0,1.0,1.0,0.0,1.0,1.0,0.5,1.0,0.3333333333333333,0.8378109452736319,0.8081163859111792,Yes,0
0.0,0.0,1.0,0.0,0.29166666666666663,1.0,1.0,0.5,1.0,0.0,1.0,0.0,1.0,1.0,0.0,1.0,0.0,0.8572139303482588,0.2803981623277182,Yes,0
1.0,0.0,0.0,0.0,0.15277777777777776,0.0,0.5,0.0,0.0,1.0,0.0,1.0,0.0,0.0,0.0,1.0,0.6666666666666666,0.1731343283582089,0.5546707503828484,No,3
1.0,0.0,0.0,1.0,0.013888888888888888,1.0,1.0,0.5,0.0,0.0,1.0,0.0,1.0,1.0,0.0,1.0,0.6666666666666666,0.8109452736318408,0.9970903522205207,Yes,3
0.0,1.0,1.0,0.0,0.7638888888888888,1.0,1.0,0.5,0.0,1.0,1.0,1.0,0.0,0.0,0.0,0.0,0.6666666666666666,0.718407960199005,0.6546707503828484,No,0
1.0,0.0,0.0,0.0,0.9583333333333333,1.0,1.0,0.5,0.0,1.0,1.0,1.0,1.0,0.0,1.0,1.0,0.3333333333333333,0.7900497512437811,0.8182235834609495,No,3
0.0,1.0,0.0,0.0,0.041666666666666664,1.0,0.0,0.5,0.0,0.0,1.0,0.0,0.0,0.0,0.0,0.0,0.6666666666666666,0.553233830845771,0.23966309341500766,No,0
1.0,0.0,0.0,0.0,0.05555555555555555,1.0,0.0,0.0,0.0,0.0,1.0,1.0,1.0,1.0,0.0,1.0,0.6666666666666666,0.5587064676616916,0.39617151607963247,Yes,3
1.0,1.0,0.0,0.0,0.41666666666666663,1.0,1.0,0.0,0.0,0.0,1.0,1.0,1.0,0.0,1.0,1.0,0.3333333333333333,0.5059701492537313,0.2638591117917305,No,3
0.0,0.0,0.0,0.0,0.06944444444444445,1.0,1.0,0.5,0.0,0.0,1.0,1.0,0.0,0.0,0.0,1.0,0.6666666666666666,0.6417910447761194,0.5460949464012251,No,0
0.0,0.0,1.0,0.0,0.986111111111111,1.0,1.0,1.0,0.5,0.5,0.5,0.5,0.5,0.5,1.0,1.0,0.3333333333333333,0.061194029850746234,0.18851454823889738,No,0
0.0,0.0,0.0,0.0,0.40277777777777773,1.0,1.0,0.0,0.0,1.0,0.0,0.0,0.0,0.0,0.5,1.0,0.6666666666666666,0.3681592039800995,0.1666156202143951,No,0
1.0,0.0,1.0,0.0,0.7222222222222222,1.0,1.0,0.0,0.0,1.0,0.0,1.0,0.0,0.0,0.0,0.0,0.0,0.42885572139303485,0.42143950995405816,No,3
1.0,0.0,0.0,0.0,0.9444444444444444,1.0,1.0,0.0,1.0,1.0,1.0,0.0,0.0,1.0,0.5,0.0,0.3333333333333333,0.582089552238806,0.6718223583460949,No,3
0.0,0.0,1.0,1.0,0.6388888888888888,1.0,0.0,1.0,0.5,0.5,0.5,0.5,0.5,0.5,1.0,0.0,1.0,0.011442786069651711,0.9920367534456355,No,0
1.0,0.0,0.0,0.0,0.1111111111111111,1.0,0.0,0.0,0.0,0.0,0.0,0.0,0.0,1.0,0.0,1.0,0.3333333333333333,0.36318407960199006,0.5695252679938744,No,3
1.0,0.0,1.0,0.0,1.0,1.0,0.0,1.0,0.5,0.5,0.5,0.5,0.5,0.5,1.0,0.0,0.3333333333333333,0.014427860696517386,0.11837672281776417,No,3
0.0,0.0,0.0,0.0,0.2361111111111111,1.0,0.0,1.0,0.5,0.5,0.5,0.5,0.5,0.5,0.5,0.0,0.0,0.01641791044776117,0.4298621745788668,No,0
1.0,0.0,0.0,0.0,0.041666666666666664,1.0,0.0,0.5,0.0,1.0,1.0,1.0,1.0,1.0,0.0,1.0,0.6666666666666666,0.8925373134328359,0.4229709035222052,No,3
0.0,1.0,0.0,0.0,0.027777777777777776,1.0,0.0,0.5,0.0,1.0,0.0,0.0,1.0,0.0,0.0,1.0,0.0,0.6522388059701492,0.16906584992343032,No,0
0.0,0.0,0.0,0.0,0.125,1.0,0.0,0.5,1.0,0.0,0.0,0.0,0.0,0.0,0.0,1.0,0.3333333333333333,0.5572139303482587,0.7889739663093415,Yes,0
0.0,0.0,0.0,0.0,0.7083333333333333,0.0,0.5,0.0,0.0,1.0,1.0,0.0,1.0,1.0,0.5,1.0,0.3333333333333333,0.37960199004975126,0.38713629402756505,No,0
0.0,0.0,1.0,1.0,0.08333333333333333,1.0,0.0,1.0,0.5,0.5,0.5,0.5,0.5,0.5,1.0,0.0,1.0,0.01840796019900498,0.0004594180704441041,No,0
0.0,0.0,1.0,0.0,0.041666666666666664,1.0,1.0,0.5,0.0,0.0,0.0,0.0,1.0,1.0,0.0,0.0,0.6666666666666666,0.7626865671641792,0.36355283307810105,No,0
0.0,1.0,0.0,0.0,0.2361111111111111,1.0,1.0,0.5,0.0,0.0,0.0,0.0,1.0,1.0,0.0,1.0,0.6666666666666666,0.7557213930348259,0.16309341500765695,No,0
1.0,0.0,1.0,0.0,0.41666666666666663,1.0,1.0,0.0,0.0,0.0,0.0,0.0,0.0,0.0,0.0,0.0,0.6666666666666666,0.31492537313432833,0.12526799387442572,No,3
1.0,0.0,0.0,0.0,0.4305555555555555,1.0,1.0,0.0,0.0,1.0,0.0,1.0,1.0,0.0,0.0,1.0,0.6666666666666666,0.5253731343283582,0.2725880551301684,No,3
0.0,0.0,0.0,0.0,0.625,1.0,0.0,0.0,1.0,0.0,1.0,1.0,1.0,1.0,1.0,0.0,0.0,0.6308457711442786,0.4788667687595712,No,0
1.0,0.0,1.0,0.0,0.8888888888888888,1.0,1.0,0.5,1.0,1.0,1.0,0.0,0.0,0.0,0.5,0.0,0.0,0.708457711442786,0.7197549770290964,No,3
1.0,0.0,0.0,0.0,0.013888888888888888,1.0,1.0,0.0,0.0,0.0,0.0,0.0,1.0,0.0,0.0,1.0,0.6666666666666666,0.41393034825870645,0.7421133231240429,Yes,3
0.0,1.0,0.0,0.0,0.013888888888888888,1.0,0.0,0.5,0.0,0.0,0.0,0.0,0.0,0.0,0.0,1.0,0.6666666666666666,0.5109452736318407,0.834303215926493,Yes,0
1.0,1.0,1.0,1.0,0.8472222222222222,1.0,1.0,0.5,0.0,1.0,0.0,0.0,1.0,1.0,0.5,0.0,0.6666666666666666,0.8034825870646766,0.748698315467075,No,3
1.0,0.0,0.0,0.0,0.013888888888888888,1.0,0.0,1.0,0.5,0.5,0.5,0.5,0.5,0.5,0.0,0.0,1.0,0.007960199004975133,0.22603369065849924,No,3
1.0,0.0,0.0,0.0,0.125,0.0,0.5,0.0,0.0,0.0,0.0,0.0,1.0,1.0,0.0,1.0,0.6666666666666666,0.27014925373134324,0.5474732006125574,Yes,3
1.0,0.0,1.0,1.0,1.0,1.0,1.0,0.5,1.0,1.0,1.0,1.0,1.0,1.0,1.0,0.0,0.0,0.9572139303482586,0.9290964777947932,No,3
0.0,0.0,0.0,0.0,0.013888888888888888,1.0,0.0,1.0,0.5,0.5,0.5,0.5,0.5,0.5,0.0,0.0,1.0,0.01243781094527363,0.22725880551301683,Yes,0
0.0,0.0,1.0,0.0,0.09722222222222221,1.0,0.0,0.0,0.0,0.0,0.0,0.0,0.0,0.0,0.0,1.0,1.0,0.25870646766169153,0.41669218989280243,No,0
0.0,0.0,1.0,0.0,0.9166666666666666,1.0,1.0,0.5,0.0,1.0,1.0,1.0,0.0,0.0,0.5,1.0,0.0,0.7194029850746269,0.7666156202143951,No,0
1.0,0.0,0.0,0.0,0.013888888888888888,1.0,0.0,0.5,0.0,0.0,0.0,0.0,0.0,0.0,0.0,1.0,0.6666666666666666,0.5139303482587065,0.8352220520673813,Yes,3
1.0,0.0,1.0,1.0,0.5555555555555556,1.0,0.0,1.0,0.5,0.5,0.5,0.5,0.5,0.5,0.0,1.0,0.0,0.021393034825870627,0.8802450229709035,No,3
1.0,0.0,0.0,0.0,0.2222222222222222,1.0,1.0,0.0,0.0,1.0,1.0,0.0,0.0,1.0,0.0,1.0,0.0,0.5288557213930348,0.05926493108728943,No,3
0.0,0.0,0.0,0.0,0.027777777777777776,1.0,0.0,0.5,0.0,1.0,0.0,0.0,1.0,0.0,0.0,1.0,0.0,0.6855721393034826,0.2116385911179173,Yes,0
1.0,0.0,1.0,0.0,0.9305555555555555,1.0,1.0,1.0,0.5,0.5,0.5,0.5,0.5,0.5,1.0,0.0,0.3333333333333333,0.06567164179104479,0.15865237366003063,No,3
0.0,0.0,1.0,0.0,0.5694444444444444,1.0,0.0,0.5,1.0,1.0,1.0,0.0,1.0,1.0,0.5,1.0,0.0,0.8577114427860696,0.5450229709035221,No,0
0.0,0.0,1.0,1.0,0.7777777777777777,1.0,0.0,1.0,0.5,0.5,0.5,0.5,0.5,0.5,1.0,1.0,0.3333333333333333,0.015422885572139305,0.034915773353751914,No,0
0.0,0.0,0.0,0.0,1.0,1.0,1.0,0.5,1.0,1.0,1.0,1.0,1.0,1.0,1.0,1.0,0.0,0.9771144278606966,0.9232771822358345,No,0
0.0,0.0,1.0,1.0,0.041666666666666664,1.0,1.0,0.5,0.0,0.0,0.0,0.0,0.0,1.0,0.0,1.0,0.0,0.6616915422885572,0.35038284839203676,Yes,0
0.0,0.0,1.0,0.0,0.75,1.0,0.0,1.0,0.5,0.5,0.5,0.5,0.5,0.5,1.0,0.0,0.3333333333333333,0.01791044776119402,0.030627871362940276,No,0
1.0,1.0,0.0,0.0,0.7222222222222222,1.0,1.0,0.5,0.0,1.0,1.0,1.0,1.0,1.0,0.0,1.0,0.6666666666666666,0.9203980099502488,0.7361408882082695,No,3
0.0,0.0,0.0,0.0,0.6944444444444444,1.0,0.0,0.5,0.0,0.0,1.0,1.0,0.0,1.0,1.0,1.0,0.0,0.7109452736318408,0.5614088820826952,No,0
1.0,0.0,0.0,0.0,0.19444444444444442,1.0,1.0,0.5,0.0,0.0,0.0,1.0,1.0,0.0,0.0,1.0,0.6666666666666666,0.7134328358208956,0.050842266462480856,Yes,3
1.0,0.0,1.0,0.0,0.375,1.0,0.0,0.0,1.0,0.0,0.0,0.0,0.0,0.0,0.5,0.0,0.3333333333333333,0.3029850746268657,0.11822358346094947,No,3
0.0,1.0,1.0,0.0,1.0,1.0,1.0,0.5,1.0,1.0,1.0,1.0,0.0,0.0,1.0,1.0,0.0,0.7796019900497512,0.8260336906584992,No,0
1.0,0.0,0.0,0.0,0.861111111111111,1.0,0.0,0.0,1.0,1.0,0.0,0.0,1.0,1.0,0.5,1.0,0.3333333333333333,0.5577114427860697,0.6090352220520674,No,3
0.0,0.0,0.0,0.0,0.16666666666666666,1.0,0.0,0.0,0.0,1.0,0.0,1.0,0.0,0.0,0.0,1.0,0.6666666666666666,0.35870646766169145,0.8007656967840735,No,0
0.0,1.0,0.0,0.0,0.611111111111111,1.0,0.0,0.0,0.0,0.0,1.0,1.0,1.0,1.0,0.5,0.0,0.0,0.56318407960199,0.4355283307810107,No,0
1.0,0.0,1.0,1.0,0.75,1.0,0.0,0.5,0.0,1.0,0.0,1.0,0.0,0.0,1.0,1.0,0.0,0.6139303482587065,0.5675344563552833,No,3
0.0,0.0,0.0,0.0,0.9444444444444444,1.0,0.0,1.0,0.5,0.5,0.5,0.5,0.5,0.5,1.0,0.0,0.0,0.01791044776119402,0.10673813169984686,No,0
1.0,0.0,0.0,0.0,0.2777777777777778,1.0,0.0,1.0,0.5,0.5,0.5,0.5,0.5,0.5,0.0,0.0,1.0,0.011442786069651711,0.5430321592649311,No,3
1.0,0.0,1.0,1.0,0.6944444444444444,1.0,1.0,0.0,0.0,0.0,1.0,0.0,0.0,0.0,0.5,0.0,0.0,0.36467661691542286,0.3465543644716692,No,3
1.0,0.0,0.0,0.0,0.8055555555555555,1.0,1.0,1.0,0.5,0.5,0.5,0.5,0.5,0.5,1.0,1.0,0.3333333333333333,0.061691542288557194,0.14257274119448698,No,3
1.0,0.0,1.0,1.0,0.4861111111111111,1.0,1.0,0.5,0.0,1.0,0.0,0.0,1.0,0.0,0.0,1.0,0.0,0.7104477611940299,0.42052067381317,No,3
0.0,0.0,0.0,0.0,0.027777777777777776,1.0,0.0,0.0,0.0,0.0,0.0,0.0,0.0,0.0,0.0,1.0,0.6666666666666666,0.27014925373134324,0.9225114854517611,No,0
1.0,0.0,1.0,1.0,0.875,1.0,1.0,0.0,1.0,0.0,1.0,1.0,0.0,1.0,1.0,0.0,1.0,0.5716417910447761,0.6061255742725881,No,3
0.0,0.0,1.0,0.0,0.8055555555555555,1.0,1.0,0.5,1.0,1.0,1.0,0.0,1.0,1.0,0.5,1.0,0.3333333333333333,0.9194029850746269,0.7995405819295559,No,0
0.0,0.0,1.0,1.0,0.375,1.0,0.0,1.0,0.5,0.5,0.5,0.5,0.5,0.5,0.5,1.0,1.0,0.02288557213930348,0.7356814701378254,No,0
0.0,0.0,1.0,0.0,0.986111111111111,1.0,1.0,0.5,1.0,1.0,1.0,1.0,1.0,1.0,1.0,1.0,0.3333333333333333,0.9641791044776119,0.9263399693721286,No,0
0.0,0.0,0.0,0.0,0.875,1.0,0.0,0.0,0.0,0.0,1.0,0.0,0.0,1.0,0.5,0.0,0.3333333333333333,0.4009950248756219,0.4655436447166922,No,0
1.0,0.0,1.0,0.0,0.986111111111111,1.0,1.0,0.5,0.0,1.0,1.0,0.0,0.0,1.0,0.0,1.0,0.0,0.7462686567164178,0.8113323124042878,No,3
0.0,1.0,0.0,0.0,0.5694444444444444,1.0,1.0,0.5,1.0,1.0,1.0,0.0,1.0,1.0,0.0,1.0,0.6666666666666666,0.944776119402985,0.6076569678407351,Yes,0
1.0,1.0,0.0,0.0,0.18055555555555555,1.0,0.0,0.5,0.0,0.0,0.0,0.0,1.0,1.0,0.0,1.0,0.6666666666666666,0.7189054726368159,0.05681470137825421,Yes,3
1.0,0.0,0.0,0.0,0.027777777777777776,1.0,0.0,0.5,0.0,0.0,0.0,0.0,1.0,0.0,0.0,0.0,0.6666666666666666,0.6044776119402985,0.1217457886676876,Yes,3
0.0,0.0,1.0,1.0,0.9444444444444444,1.0,0.0,1.0,0.5,0.5,0.5,0.5,0.5,0.5,1.0,1.0,0.0,0.010945273631840807,0.08192955589586523,No,0
1.0,0.0,1.0,1.0,0.013888888888888888,1.0,0.0,0.0,1.0,0.0,0.0,0.0,0.0,0.0,0.0,1.0,1.0,0.3034825870646766,0.6206738131699847,No,3
1.0,1.0,0.0,0.0,0.9027777777777777,1.0,1.0,0.5,1.0,0.0,1.0,1.0,1.0,1.0,1.0,1.0,0.6666666666666666,0.9034825870646767,0.8539050535987749,No,3
1.0,1.0,1.0,0.0,1.0,1.0,1.0,1.0,0.5,0.5,0.5,0.5,0.5,0.5,1.0,1.0,0.0,0.06716417910447761,0.20704441041347627,No,3
0.0,0.0,0.0,0.0,0.38888888888888884,1.0,1.0,0.0,0.0,0.0,0.0,1.0,0.0,0.0,0.0,1.0,0.3333333333333333,0.36467661691542286,0.14012251148545177,No,0
1.0,0.0,1.0,1.0,1.0,1.0,1.0,1.0,0.5,0.5,0.5,0.5,0.5,0.5,1.0,0.0,0.3333333333333333,0.06467661691542287,0.21822358346094944,No,3
0.0,0.0,0.0,0.0,0.027777777777777776,1.0,0.0,0.5,1.0,1.0,0.0,0.0,1.0,0.0,0.0,1.0,0.6666666666666666,0.7253731343283583,0.17917304747320062,No,0
0.0,0.0,0.0,1.0,0.25,1.0,0.0,1.0,0.5,0.5,0.5,0.5,0.5,0.5,0.5,0.0,0.0,0.018905472636815884,0.5120980091883613,Yes,0
1.0,1.0,1.0,0.0,0.8333333333333333,1.0,1.0,0.5,0.0,1.0,1.0,0.0,1.0,1.0,0.5,1.0,0.6666666666666666,0.8567164179104477,0.7843797856049004,No,3
0.0,1.0,0.0,0.0,0.3611111111111111,1.0,1.0,0.0,0.0,0.0,0.0,1.0,0.0,1.0,0.0,1.0,0.6666666666666666,0.47562189054726367,0.17350689127105665,No,0
1.0,0.0,0.0,1.0,0.013888888888888888,1.0,0.0,0.5,0.0,0.0,0.0,0.0,0.0,0.0,0.0,1.0,0.6666666666666666,0.5313432835820896,0.8531393568147013,Yes,3
0.0,0.0,0.0,0.0,0.05555555555555555,1.0,0.0,1.0,0.5,0.5,0.5,0.5,0.5,0.5,0.0,0.0,1.0,0.020895522388059695,0.8983154670750383,Yes,0
1.0,0.0,1.0,1.0,0.9444444444444444,1.0,1.0,0.0,1.0,1.0,1.0,1.0,1.0,1.0,1.0,1.0,0.3333333333333333,0.735820895522388,0.7892802450229709,No,3
0.0,0.0,0.0,0.0,0.5277777777777778,1.0,0.0,0.5,0.0,1.0,1.0,1.0,0.0,0.0,0.0,1.0,0.3333333333333333,0.6567164179104478,0.4350689127105666,Yes,0
0.0,1.0,1.0,0.0,0.5833333333333333,1.0,1.0,0.5,1.0,0.0,1.0,0.0,1.0,1.0,0.5,1.0,0.0,0.8651741293532339,0.5977029096477795,No,0
0.0,0.0,1.0,0.0,0.7916666666666666,1.0,0.0,1.0,0.5,0.5,0.5,0.5,0.5,0.5,1.0,1.0,0.0,0.013432835820895522,0.04042879019908116,No,0
1.0,0.0,1.0,0.0,0.75,0.0,0.5,0.0,0.0,1.0,0.0,0.0,0.0,0.0,0.0,0.0,0.6666666666666666,0.12089552238805967,0.1672281776416539,No,3
0.0,0.0,0.0,0.0,0.16666666666666666,1.0,0.0,0.5,0.0,0.0,0.0,0.0,0.0,1.0,0.0,0.0,0.0,0.5955223880597014,0.9852986217457886,Yes,0
0.0,0.0,1.0,0.0,0.611111111111111,1.0,0.0,0.0,1.0,1.0,1.0,0.0,0.0,0.0,0.5,1.0,1.0,0.43034825870646765,0.362021439509954,No,0
1.0,0.0,1.0,1.0,0.5833333333333333,1.0,1.0,0.0,1.0,1.0,0.0,0.0,1.0,0.0,0.0,1.0,0.0,0.5089552238805971,0.40689127105666156,No,3
1.0,0.0,1.0,1.0,1.0,1.0,1.0,1.0,0.5,0.5,0.5,0.5,0.5,0.5,1.0,0.0,0.0,0.06467661691542287,0.1981623277182236,No,3
0.0,0.0,1.0,1.0,0.986111111111111,1.0,1.0,0.0,1.0,1.0,1.0,1.0,1.0,1.0,1.0,0.0,1.0,0.7243781094527363,0.7788667687595712,No,0
0.0,0.0,1.0,0.0,0.2638888888888889,1.0,1.0,0.5,0.0,0.0,1.0,0.0,0.0,1.0,0.0,0.0,1.0,0.7104477611940299,0.19709035222052068,Yes,0
0.0,0.0,1.0,0.0,0.3194444444444444,1.0,1.0,0.0,0.0,0.0,0.0,1.0,1.0,1.0,0.0,1.0,0.3333333333333333,0.5512437810945274,0.17136294027565083,No,0
0.0,0.0,0.0,0.0,0.41666666666666663,1.0,0.0,1.0,0.5,0.5,0.5,0.5,0.5,0.5,1.0,0.0,0.3333333333333333,0.011442786069651711,0.7301684532924961,No,0
1.0,0.0,0.0,0.0,0.4861111111111111,1.0,1.0,1.0,0.5,0.5,0.5,0.5,0.5,0.5,0.5,0.0,0.0,0.07910447761194028,0.9883614088820827,No,3
0.0,0.0,0.0,0.0,0.1388888888888889,1.0,1.0,0.5,1.0,0.0,0.0,0.0,1.0,1.0,0.0,1.0,0.6666666666666666,0.800497512437811,0.9938744257274119,Yes,0
1.0,0.0,0.0,0.0,0.013888888888888888,1.0,0.0,0.0,0.0,0.0,0.0,0.0,0.0,0.0,0.0,1.0,0.0,0.25472636815920396,0.5604900459418071,No,3
1.0,0.0,0.0,0.0,0.3055555555555555,1.0,0.0,0.5,0.0,0.0,0.0,0.0,0.0,0.0,0.0,1.0,1.0,0.5119402985074627,0.13537519142419602,No,3
1.0,0.0,1.0,1.0,0.09722222222222221,0.0,0.5,0.0,1.0,1.0,1.0,0.0,0.0,0.0,1.0,0.0,1.0,0.20199004975124374,0.37166921898928024,No,3
0.0,0.0,0.0,0.0,0.5,0.0,0.5,0.0,1.0,1.0,1.0,1.0,0.0,1.0,1.0,1.0,1.0,0.34676616915422886,0.22986217457886676,No,0
0.0,0.0,1.0,1.0,0.4722222222222222,1.0,0.0,1.0,0.5,0.5,0.5,0.5,0.5,0.5,0.0,0.0,1.0,0.023880597014925342,0.8586523736600306,No,0
1.0,0.0,1.0,1.0,1.0,1.0,1.0,0.0,1.0,1.0,1.0,0.0,0.0,0.0,1.0,0.0,0.3333333333333333,0.4597014925373134,0.6119448698315467,No,3
1.0,0.0,1.0,1.0,0.5,1.0,1.0,1.0,0.5,0.5,0.5,0.5,0.5,0.5,1.0,0.0,0.3333333333333333,0.0681592039800995,0.9800918836140888,No,3
0.0,0.0,0.0,0.0,0.013888888888888888,1.0,0.0,0.5,0.0,0.0,1.0,0.0,0.0,0.0,0.0,0.0,0.6666666666666666,0.5781094527363183,0.8915773353751913,Yes,0
0.0,0.0,0.0,0.0,0.3194444444444444,1.0,1.0,0.5,0.0,1.0,0.0,0.0,0.0,0.0,0.0,1.0,0.6666666666666666,0.6059701492537314,0.177947932618683,Yes,0
1.0,1.0,1.0,0.0,0.4444444444444444,1.0,1.0,0.5,0.0,0.0,0.0,0.0,0.0,1.0,0.0,1.0,0.6666666666666666,0.664179104477612,0.35068912710566613,Yes,3
0.0,0.0,1.0,1.0,0.986111111111111,1.0,1.0,0.5,1.0,1.0,1.0,1.0,0.0,0.0,0.5,1.0,0.3333333333333333,0.7651741293532338,0.8206738131699847,No,0
0.0,1.0,0.0,0.0,0.3194444444444444,1.0,1.0,0.5,0.0,0.0,1.0,0.0,0.0,0.0,0.0,1.0,1.0,0.607960199004975,0.2125574272588055,No,0
1.0,0.0,1.0,0.0,0.2361111111111111,1.0,0.0,0.5,0.0,0.0,1.0,0.0,1.0,1.0,0.5,1.0,0.0,0.7800995024875622,0.15911179173047474,No,3
1.0,0.0,0.0,0.0,0.013888888888888888,1.0,0.0,0.0,0.0,0.0,1.0,1.0,1.0,1.0,0.0,1.0,0.6666666666666666,0.5696517412935324,0.8839203675344564,No,3
1.0,0.0,1.0,1.0,0.16666666666666666,1.0,0.0,1.0,0.5,0.5,0.5,0.5,0.5,0.5,1.0,0.0,1.0,0.014427860696517386,0.34211332312404286,No,3
0.0,0.0,1.0,0.0,1.0,1.0,0.0,1.0,0.5,0.5,0.5,0.5,0.5,0.5,1.0,0.0,0.3333333333333333,0.02238805970149252,0.13950995405819294,No,0
1.0,0.0,0.0,0.0,0.013888888888888888,1.0,0.0,1.0,0.5,0.5,0.5,0.5,0.5,0.5,0.0,0.0,1.0,0.009452736318407956,0.22649310872894332,No,3
1.0,1.0,1.0,0.0,1.0,1.0,1.0,0.5,0.0,1.0,0.0,0.0,1.0,1.0,1.0,0.0,0.0,0.7970149253731342,0.8372128637059724,No,3
1.0,0.0,1.0,1.0,0.8333333333333333,1.0,1.0,0.5,0.0,0.0,0.0,0.0,0.0,0.0,0.0,0.0,0.0,0.5582089552238805,0.5788667687595712,No,3
0.0,0.0,1.0,1.0,0.8472222222222222,0.0,0.5,0.0,0.0,1.0,1.0,1.0,1.0,0.0,1.0,0.0,0.3333333333333333,0.3293532338308458,0.4324655436447167,No,0
0.0,0.0,1.0,0.0,0.08333333333333333,1.0,0.0,0.0,0.0,0.0,0.0,0.0,0.0,0.0,0.0,0.0,1.0,0.27263681592039796,0.43016845329249614,No,0
1.0,1.0,1.0,0.0,0.4444444444444444,1.0,1.0,0.5,0.0,0.0,0.0,0.0,0.0,1.0,0.0,0.0,0.6666666666666666,0.6671641791044776,0.35482388973966306,Yes,3
0.0,0.0,0.0,1.0,0.4305555555555555,1.0,1.0,0.5,0.0,0.0,0.0,0.0,1.0,0.0,0.0,1.0,0.3333333333333333,0.6796019900497512,0.35895865237366004,Yes,0
1.0,0.0,0.0,0.0,0.2638888888888889,1.0,0.0,0.5,0.0,1.0,0.0,0.0,0.0,0.0,0.0,1.0,0.3333333333333333,0.553233830845771,0.12006125574272587,Yes,3
1.0,0.0,1.0,1.0,1.0,1.0,0.0,1.0,0.5,0.5,0.5,0.5,0.5,0.5,1.0,0.0,0.0,0.020398009950248763,0.1127105666156202,No,3
0.0,0.0,0.0,0.0,0.4444444444444444,1.0,1.0,0.0,0.0,1.0,0.0,0.0,0.0,0.0,0.0,1.0,0.6666666666666666,0.3577114427860697,0.1911179173047473,No,0
1.0,0.0,1.0,0.0,0.9027777777777777,1.0,1.0,0.5,0.0,1.0,0.0,0.0,0.0,1.0,0.0,1.0,0.6666666666666666,0.7203980099502488,0.7454823889739662,No,3
0.0,0.0,1.0,1.0,0.625,0.0,0.5,0.0,1.0,0.0,0.0,0.0,1.0,1.0,0.0,1.0,0.0,0.3248756218905472,0.301531393568147,No,0
1.0,0.0,0.0,0.0,0.5833333333333333,1.0,1.0,1.0,0.5,0.5,0.5,0.5,0.5,0.5,0.5,0.0,0.6666666666666666,0.06766169154228854,0.9860643185298621,No,3
1.0,0.0,0.0,0.0,0.1111111111111111,1.0,1.0,0.5,0.0,0.0,0.0,0.0,0.0,0.0,0.0,1.0,0.6666666666666666,0.56318407960199,0.7229709035222052,No,3
1.0,0.0,0.0,1.0,0.4444444444444444,1.0,0.0,1.0,0.5,0.5,0.5,0.5,0.5,0.5,1.0,0.0,1.0,0.02238805970149252,0.8393568147013782,No,3
0.0,1.0,1.0,0.0,0.3055555555555555,1.0,1.0,0.0,1.0,1.0,0.0,1.0,0.0,0.0,0.0,1.0,1.0,0.4507462686567164,0.10581929555895865,No,0
1.0,1.0,1.0,0.0,0.7916666666666666,0.0,0.5,0.0,0.0,0.0,0.0,0.0,1.0,1.0,0.0,1.0,0.6666666666666666,0.2646766169154229,0.34150076569678406,Yes,3
1.0,0.0,0.0,0.0,0.013888888888888888,1.0,0.0,0.0,1.0,0.0,0.0,0.0,0.0,0.0,0.0,0.0,0.6666666666666666,0.2955223880597015,0.6094946401225114,No,3
1.0,1.0,0.0,0.0,0.013888888888888888,1.0,0.0,0.0,0.0,0.0,0.0,0.0,0.0,0.0,0.0,0.0,0.6666666666666666,0.2671641791044776,0.5837672281776416,Yes,3
0.0,0.0,1.0,0.0,0.013888888888888888,1.0,0.0,0.0,0.0,0.0,0.0,0.0,0.0,0.0,0.0,1.0,0.6666666666666666,0.26616915422885573,0.5834609494640123,No,0
1.0,0.0,0.0,0.0,0.3333333333333333,1.0,0.0,0.5,0.0,0.0,0.0,1.0,1.0,1.0,0.0,1.0,0.6666666666666666,0.7736318407960199,0.2679938744257274,Yes,3
1.0,0.0,0.0,0.0,0.013888888888888888,1.0,0.0,1.0,0.5,0.5,0.5,0.5,0.5,0.5,0.0,0.0,0.0,0.01791044776119402,0.24609494640122512,Yes,3
1.0,1.0,0.0,0.0,0.75,1.0,1.0,0.5,0.0,1.0,0.0,0.0,0.0,1.0,0.0,1.0,0.6666666666666666,0.7144278606965173,0.6405819295558959,No,3
0.0,0.0,0.0,0.0,0.05555555555555555,1.0,1.0,1.0,0.5,0.5,0.5,0.5,0.5,0.5,1.0,1.0,0.3333333333333333,0.07014925373134329,0.04609494640122511,No,0
1.0,0.0,1.0,1.0,0.9027777777777777,1.0,1.0,0.5,1.0,0.0,1.0,1.0,1.0,1.0,1.0,0.0,0.0,0.899502487562189,0.8378254211332312,Yes,3
0.0,0.0,1.0,0.0,0.7777777777777777,1.0,1.0,1.0,0.5,0.5,0.5,0.5,0.5,0.5,0.5,0.0,0.6666666666666666,0.06019900497512437,0.07335375191424195,No,0
1.0,0.0,0.0,0.0,0.625,1.0,0.0,0.0,1.0,0.0,1.0,0.0,1.0,1.0,0.0,1.0,0.6666666666666666,0.5741293532338309,0.4361408882082695,No,3
0.0,0.0,1.0,1.0,0.986111111111111,1.0,0.0,1.0,0.5,0.5,0.5,0.5,0.5,0.5,1.0,0.0,0.3333333333333333,0.014427860696517386,0.11715160796324656,No,0
1.0,0.0,1.0,0.0,0.8194444444444444,1.0,0.0,0.0,1.0,1.0,1.0,0.0,1.0,0.0,0.5,0.0,0.3333333333333333,0.4791044776119403,0.51791730474732,No,3
1.0,0.0,0.0,0.0,0.9583333333333333,0.0,0.5,0.0,0.0,1.0,1.0,0.0,0.0,0.0,0.5,1.0,0.0,0.17412935323383083,0.32741194486983155,No,3
1.0,0.0,0.0,0.0,0.2638888888888889,1.0,0.0,1.0,0.5,0.5,0.5,0.5,0.5,0.5,0.5,0.0,1.0,0.00547263681592039,0.36967840735068913,No,3
0.0,0.0,1.0,1.0,0.7638888888888888,1.0,0.0,1.0,0.5,0.5,0.5,0.5,0.5,0.5,1.0,0.0,0.3333333333333333,0.011442786069651711,0.025421133231240428,No,0
0.0,0.0,0.0,0.0,0.5277777777777778,1.0,0.0,1.0,0.5,0.5,0.5,0.5,0.5,0.5,0.5,0.0,1.0,0.010447761194029848,0.888208269525268,No,0
1.0,0.0,0.0,0.0,0.1388888888888889,1.0,0.0,0.0,0.0,0.0,0.0,0.0,0.0,0.0,0.0,1.0,0.6666666666666666,0.2716417910447761,0.5267993874425727,Yes,3
0.0,1.0,1.0,0.0,0.6527777777777778,1.0,1.0,0.0,1.0,1.0,1.0,0.0,0.0,0.0,0.0,1.0,0.3333333333333333,0.4895522388059702,0.43369065849923427,No,0
0.0,0.0,1.0,0.0,0.027777777777777776,0.0,0.5,0.0,0.0,0.0,0.0,0.0,0.0,1.0,0.0,1.0,0.6666666666666666,0.16766169154228855,0.8240428790199081,Yes,0
1.0,0.0,0.0,0.0,0.013888888888888888,1.0,0.0,0.0,0.0,0.0,0.0,0.0,0.0,0.0,0.0,0.0,0.3333333333333333,0.27810945273631843,0.5980091883614088,Yes,3
0.0,0.0,0.0,0.0,0.013888888888888888,1.0,0.0,0.0,0.0,0.0,0.0,0.0,0.0,0.0,0.0,0.0,0.6666666666666666,0.2676616915422885,0.5839203675344563,Yes,0
1.0,1.0,0.0,0.0,0.013888888888888888,0.0,0.5,0.0,0.0,1.0,1.0,0.0,0.0,1.0,0.0,1.0,0.6666666666666666,0.24925373134328355,0.5601837672281776,Yes,3
1.0,0.0,1.0,1.0,0.6388888888888888,1.0,0.0,1.0,0.5,0.5,0.5,0.5,0.5,0.5,1.0,1.0,1.0,0.01840796019900498,0.9816232771822359,No,3
0.0,1.0,0.0,0.0,0.5277777777777778,1.0,0.0,0.0,1.0,1.0,0.0,0.0,0.0,0.0,0.0,1.0,0.3333333333333333,0.38706467661691535,0.2892802450229709,Yes,0
0.0,0.0,1.0,0.0,0.9027777777777777,1.0,0.0,0.0,1.0,0.0,1.0,1.0,0.0,0.0,1.0,0.0,0.3333333333333333,0.4044776119402985,0.5053598774885145,No,0
0.0,0.0,1.0,0.0,0.2638888888888889,1.0,0.0,0.5,1.0,0.0,0.0,0.0,0.0,0.0,0.0,1.0,0.6666666666666666,0.5467661691542288,0.12480857580398162,Yes,0
1.0,0.0,0.0,0.0,0.7222222222222222,1.0,0.0,0.5,0.0,1.0,0.0,0.0,0.0,1.0,0.0,1.0,0.6666666666666666,0.6676616915422885,0.5647779479326187,Yes,3
1.0,0.0,1.0,1.0,0.986111111111111,1.0,0.0,1.0,0.5,0.5,0.5,0.5,0.5,0.5,1.0,0.0,1.0,0.011940298507462671,0.10459418070444104,No,3
0.0,0.0,0.0,0.0,0.013888888888888888,1.0,0.0,0.0,0.0,0.0,0.0,0.0,0.0,0.0,0.0,0.0,1.0,0.2756218905472637,0.5859111791730475,Yes,0
0.0,1.0,0.0,0.0,0.7222222222222222,0.0,0.5,0.0,0.0,1.0,1.0,1.0,1.0,0.0,0.0,1.0,0.6666666666666666,0.32089552238805974,0.34012251148545175,No,0
1.0,0.0,1.0,0.0,0.08333333333333333,1.0,1.0,1.0,0.5,0.5,0.5,0.5,0.5,0.5,0.5,0.0,1.0,0.0681592039800995,0.18483920367534457,No,3
0.0,1.0,1.0,0.0,0.3611111111111111,1.0,0.0,0.0,0.0,0.0,1.0,0.0,0.0,1.0,0.5,0.0,1.0,0.4223880597014925,0.16140888208269524,No,0
1.0,1.0,0.0,0.0,0.6666666666666666,1.0,1.0,0.5,0.0,1.0,0.0,0.0,1.0,1.0,0.5,1.0,0.6666666666666666,0.8034825870646766,0.6143950995405819,No,3
0.0,0.0,1.0,1.0,0.8888888888888888,1.0,1.0,0.5,1.0,0.0,0.0,1.0,1.0,1.0,0.5,1.0,0.0,0.8572139303482588,0.8165390505359877,No,0
0.0,0.0,0.0,0.0,0.041666666666666664,1.0,0.0,0.5,0.0,1.0,0.0,0.0,1.0,0.0,0.0,0.0,0.6666666666666666,0.6517412935323383,0.32465543644716693,Yes,0
1.0,0.0,0.0,0.0,0.013888888888888888,1.0,0.0,0.0,0.0,0.0,0.0,0.0,0.0,0.0,0.0,1.0,0.0,0.2567164179104477,0.5719754977029097,No,3
1.0,0.0,1.0,1.0,1.0,1.0,1.0,1.0,0.5,0.5,0.5,0.5,0.5,0.5,1.0,0.0,0.3333333333333333,0.05820895522388059,0.1906584992343032,No,3
1.0,0.0,0.0,0.0,0.013888888888888888,1.0,0.0,0.0,0.0,0.0,0.0,0.0,0.0,0.0,0.0,1.0,1.0,0.2716417910447761,0.5848392036753446,No,3
0.0,0.0,1.0,1.0,0.7083333333333333,1.0,1.0,0.5,1.0,1.0,0.0,0.0,0.0,1.0,0.0,1.0,0.6666666666666666,0.7517412935323382,0.5917304747320061,No,0
0.0,0.0,1.0,1.0,0.5694444444444444,1.0,0.0,1.0,0.5,0.5,0.5,0.5,0.5,0.5,1.0,0.0,0.0,0.014427860696517386,0.9243491577335375,No,0
0.0,0.0,1.0,1.0,1.0,1.0,0.0,0.0,1.0,1.0,1.0,0.0,1.0,0.0,1.0,1.0,0.3333333333333333,0.5213930348258707,0.6497702909647779,No,0
0.0,0.0,1.0,0.0,0.5972222222222222,1.0,1.0,0.0,1.0,1.0,0.0,1.0,1.0,1.0,1.0,0.0,0.3333333333333333,0.6786069651741293,0.47411944869831546,No,0
1.0,0.0,1.0,0.0,1.0,1.0,1.0,0.5,1.0,1.0,1.0,1.0,1.0,1.0,1.0,1.0,0.3333333333333333,0.953731343283582,0.926646248085758,No,3
1.0,0.0,1.0,0.0,0.6527777777777778,1.0,1.0,0.5,0.0,0.0,0.0,0.0,1.0,1.0,0.5,1.0,0.3333333333333333,0.7656716417910447,0.5950995405819295,No,3
1.0,0.0,0.0,0.0,1.0,1.0,1.0,0.0,1.0,1.0,1.0,1.0,1.0,1.0,1.0,0.0,0.3333333333333333,0.699502487562189,0.785604900459418,No,3
1.0,0.0,0.0,0.0,0.041666666666666664,1.0,0.0,1.0,0.5,0.5,0.5,0.5,0.5,0.5,0.0,1.0,0.3333333333333333,0.02487562189054726,0.8140888208269526,No,3
1.0,0.0,0.0,0.0,0.013888888888888888,1.0,0.0,0.5,0.0,0.0,0.0,0.0,0.0,0.0,0.0,1.0,0.6666666666666666,0.5154228855721392,0.842572741194487,Yes,3
1.0,0.0,0.0,0.0,0.027777777777777776,1.0,1.0,0.5,0.0,0.0,0.0,0.0,0.0,1.0,0.0,1.0,0.6666666666666666,0.6741293532338308,0.17289433384379785,Yes,3
1.0,0.0,0.0,0.0,0.3611111111111111,0.0,0.5,0.0,1.0,1.0,0.0,0.0,0.0,1.0,0.0,1.0,0.0,0.2626865671641791,0.0451761102603369,No,3
1.0,0.0,1.0,1.0,0.40277777777777773,1.0,0.0,0.0,1.0,0.0,0.0,0.0,0.0,1.0,0.0,1.0,1.0,0.4174129353233831,0.2122511485451761,No,3
0.0,1.0,1.0,0.0,0.4861111111111111,1.0,1.0,0.5,1.0,1.0,0.0,1.0,1.0,0.0,0.0,1.0,0.0,0.818407960199005,0.4837672281776416,Yes,0
1.0,0.0,0.0,0.0,0.375,1.0,0.0,0.0,1.0,1.0,0.0,0.0,0.0,0.0,0.5,0.0,0.0,0.37014925373134333,0.1341500765696784,No,3
1.0,0.0,1.0,1.0,0.3333333333333333,1.0,0.0,0.0,1.0,1.0,0.0,1.0,0.0,1.0,0.0,1.0,0.3333333333333333,0.517910447761194,0.18437978560490045,No,3
1.0,0.0,1.0,1.0,0.9305555555555555,1.0,0.0,0.0,1.0,0.0,1.0,1.0,0.0,0.0,1.0,1.0,0.0,0.4194029850746268,0.517457886676876,No,3
0.0,0.0,0.0,0.0,0.2222222222222222,1.0,1.0,0.5,0.0,0.0,0.0,0.0,0.0,0.0,0.0,0.0,0.6666666666666666,0.5412935323383085,0.0554364471669219,Yes,0
0.0,0.0,0.0,0.0,0.3194444444444444,1.0,0.0,0.0,0.0,1.0,1.0,0.0,0.0,0.0,0.5,0.0,0.0,0.37363184079601985,0.09111791730474732,No,0
1.0,0.0,0.0,0.0,0.19444444444444442,0.0,0.5,0.0,0.0,1.0,0.0,0.0,0.0,0.0,0.0,1.0,1.0,0.12786069651741294,0.5485451761102603,No,3
0.0,0.0,1.0,1.0,0.013888888888888888,1.0,0.0,1.0,0.5,0.5,0.5,0.5,0.5,0.5,0.0,1.0,0.6666666666666666,0.027363184079601977,0.26462480857580395,Yes,0
0.0,1.0,0.0,0.0,0.013888888888888888,1.0,0.0,0.0,0.0,0.0,0.0,0.0,0.0,0.0,0.0,0.0,1.0,0.2671641791044776,0.5837672281776416,Yes,0
1.0,1.0,0.0,0.0,0.05555555555555555,0.0,0.5,0.0,0.0,1.0,0.0,0.0,1.0,1.0,0.0,1.0,0.3333333333333333,0.32537313432835824,0.25926493108728943,No,3
1.0,0.0,0.0,1.0,0.2222222222222222,1.0,1.0,0.0,1.0,1.0,0.0,0.0,0.0,1.0,0.0,1.0,0.6666666666666666,0.5059701492537313,0.02557427258805513,No,3
0.0,0.0,1.0,0.0,0.6388888888888888,0.0,0.5,0.0,0.0,0.0,0.0,0.0,1.0,1.0,0.0,1.0,0.6666666666666666,0.2557213930348259,0.25022970903522207,No,0
1.0,0.0,0.0,1.0,0.9444444444444444,1.0,1.0,0.0,1.0,1.0,0.0,1.0,1.0,1.0,1.0,1.0,0.0,0.6791044776119403,0.7392036753445635,No,3
1.0,0.0,0.0,0.0,0.5277777777777778,1.0,1.0,0.0,1.0,1.0,1.0,1.0,0.0,0.0,0.0,0.0,0.6666666666666666,0.5144278606965175,0.3532924961715161,No,3
1.0,1.0,1.0,0.0,0.41666666666666663,1.0,0.0,0.0,0.0,1.0,0.0,0.0,0.0,0.0,0.0,1.0,0.0,0.31990049751243776,0.145635528330781,Yes,3
0.0,1.0,0.0,0.0,0.06944444444444445,1.0,0.0,0.5,0.0,0.0,0.0,0.0,0.0,1.0,0.0,0.0,0.6666666666666666,0.6039800995024875,0.49709035222052067,Yes,0
1.0,0.0,0.0,0.0,0.2361111111111111,1.0,0.0,0.5,0.0,1.0,1.0,0.0,0.0,1.0,0.0,1.0,0.3333333333333333,0.7233830845771144,0.16447166921898929,No,3
1.0,0.0,1.0,1.0,0.05555555555555555,1.0,0.0,1.0,0.5,0.5,0.5,0.5,0.5,0.5,1.0,0.0,1.0,0.01641791044776117,0.8920367534456355,No,3
0.0,0.0,0.0,0.0,0.16666666666666666,1.0,0.0,1.0,0.5,0.5,0.5,0.5,0.5,0.5,0.5,0.0,0.6666666666666666,0.018905472636815884,0.3444104134762634,No,0
1.0,0.0,1.0,1.0,1.0,1.0,1.0,0.0,1.0,1.0,1.0,1.0,1.0,1.0,1.0,1.0,0.3333333333333333,0.7199004975124377,0.7935681470137825,No,3
1.0,0.0,0.0,0.0,0.041666666666666664,1.0,0.0,0.5,0.0,0.0,0.0,0.0,1.0,1.0,0.0,1.0,0.6666666666666666,0.7338308457711442,0.35421133231240426,No,3
1.0,0.0,0.0,0.0,0.7777777777777777,1.0,1.0,0.5,0.0,1.0,0.0,1.0,0.0,1.0,0.0,1.0,0.6666666666666666,0.7582089552238807,0.6606431852986218,Yes,3
0.0,0.0,0.0,0.0,0.5694444444444444,1.0,1.0,1.0,0.5,0.5,0.5,0.5,0.5,0.5,0.5,1.0,1.0,0.06567164179104479,0.9909647779479326,No,0
1.0,0.0,0.0,0.0,0.5555555555555556,0.0,0.5,0.0,0.0,1.0,0.0,1.0,0.0,0.0,0.5,0.0,0.3333333333333333,0.17661691542288555,0.10597243491577335,No,3
0.0,0.0,0.0,0.0,0.09722222222222221,1.0,0.0,0.0,1.0,1.0,0.0,1.0,1.0,1.0,0.0,1.0,0.6666666666666666,0.599502487562189,0.7214395099540581,No,0
1.0,0.0,0.0,0.0,0.9583333333333333,1.0,0.0,1.0,0.5,0.5,0.5,0.5,0.5,0.5,1.0,0.0,0.3333333333333333,0.01691542288557213,0.1114854517611026,No,3
1.0,0.0,1.0,1.0,0.09722222222222221,1.0,0.0,1.0,0.5,0.5,0.5,0.5,0.5,0.5,0.5,0.0,1.0,0.023880597014925342,0.13813169984686063,No,3
0.0,0.0,1.0,1.0,0.06944444444444445,0.0,0.5,0.0,0.0,1.0,0.0,0.0,0.0,0.0,0.0,1.0,0.6666666666666666,0.12189054726368159,0.1765696784073507,No,0
0.0,0.0,1.0,1.0,1.0,1.0,1.0,0.5,1.0,1.0,1.0,1.0,1.0,0.0,1.0,0.0,0.3333333333333333,0.8741293532338307,0.895865237366003,No,0
1.0,0.0,1.0,1.0,0.611111111111111,1.0,0.0,1.0,0.5,0.5,0.5,0.5,0.5,0.5,0.5,1.0,0.0,0.02238805970149252,0.9572741194486983,No,3
0.0,0.0,0.0,0.0,0.9027777777777777,1.0,1.0,0.5,0.0,1.0,1.0,0.0,1.0,0.0,0.5,1.0,0.6666666666666666,0.7686567164179104,0.7690658499234303,No,0
0.0,0.0,0.0,0.0,0.041666666666666664,1.0,1.0,0.0,0.0,0.0,0.0,1.0,1.0,0.0,0.0,0.0,0.6666666666666666,0.4611940298507462,0.19127105666156202,No,0
1.0,0.0,0.0,0.0,0.3333333333333333,1.0,0.0,0.0,0.0,0.0,0.0,1.0,0.0,0.0,0.0,1.0,0.3333333333333333,0.32686567164179103,0.07580398162327719,No,3
0.0,0.0,0.0,0.0,0.611111111111111,1.0,1.0,0.5,0.0,1.0,1.0,0.0,0.0,0.0,0.0,1.0,0.0,0.6621890547263681,0.5059724349157734,Yes,0
0.0,1.0,1.0,0.0,1.0,1.0,1.0,0.0,1.0,1.0,1.0,1.0,1.0,1.0,1.0,0.0,0.3333333333333333,0.7049751243781094,0.7854517611026034,No,0
1.0,0.0,0.0,0.0,0.3333333333333333,1.0,0.0,0.0,1.0,0.0,0.0,1.0,0.0,0.0,0.0,0.0,0.6666666666666666,0.3651741293532338,0.09724349157733538,No,3
1.0,0.0,0.0,0.0,0.013888888888888888,1.0,0.0,0.0,0.0,0.0,1.0,0.0,0.0,0.0,0.0,0.0,1.0,0.3248756218905472,0.648698315467075,Yes,3
1.0,0.0,1.0,0.0,0.3055555555555555,1.0,0.0,1.0,0.5,0.5,0.5,0.5,0.5,0.5,0.0,1.0,0.0,0.021890547263681587,0.6107197549770291,No,3
1.0,0.0,1.0,1.0,0.9722222222222222,1.0,1.0,0.0,0.0,1.0,1.0,1.0,1.0,1.0,1.0,1.0,0.3333333333333333,0.6736318407960199,0.745635528330781,No,3
1.0,0.0,1.0,1.0,0.3472222222222222,1.0,1.0,0.0,0.0,0.0,0.0,0.0,1.0,0.0,0.0,0.0,0.6666666666666666,0.4189054726368159,0.11332312404287902,No,3
1.0,0.0,1.0,1.0,0.5138888888888888,1.0,0.0,1.0,0.5,0.5,0.5,0.5,0.5,0.5,1.0,0.0,0.0,0.015422885572139305,0.8646248085758039,No,3
0.0,1.0,1.0,1.0,0.3055555555555555,1.0,1.0,0.5,0.0,0.0,0.0,0.0,1.0,0.0,0.0,0.0,0.0,0.6676616915422885,0.24027565084226646,No,0
0.0,0.0,1.0,1.0,0.8194444444444444,1.0,1.0,0.0,0.0,0.0,1.0,1.0,1.0,0.0,1.0,1.0,0.0,0.535820895522388,0.5493108728943338,No,0
1.0,0.0,1.0,1.0,0.6805555555555555,1.0,1.0,0.5,0.0,0.0,1.0,0.0,1.0,1.0,0.0,1.0,0.6666666666666666,0.8114427860696517,0.630781010719755,Yes,3
1.0,0.0,1.0,1.0,0.6527777777777778,1.0,1.0,0.5,0.0,0.0,1.0,1.0,1.0,1.0,0.0,1.0,0.0,0.8865671641791043,0.6597243491577335,Yes,3
0.0,0.0,1.0,1.0,0.4305555555555555,1.0,0.0,1.0,0.5,0.5,0.5,0.5,0.5,0.5,0.0,1.0,1.0,0.012935323383084563,0.8041347626339969,Yes,0
1.0,0.0,1.0,1.0,0.013888888888888888,1.0,0.0,0.5,0.0,0.0,0.0,0.0,0.0,1.0,0.0,1.0,0.6666666666666666,0.6248756218905472,0.9274119448698315,No,3
1.0,0.0,0.0,0.0,0.041666666666666664,1.0,0.0,1.0,0.5,0.5,0.5,0.5,0.5,0.5,0.0,1.0,0.6666666666666666,0.02238805970149252,0.8921898928024502,No,3
0.0,0.0,1.0,0.0,0.736111111111111,1.0,1.0,0.5,0.0,1.0,1.0,1.0,1.0,1.0,0.5,1.0,0.0,0.9308457711442785,0.7330781010719755,No,0
1.0,0.0,0.0,0.0,0.013888888888888888,1.0,0.0,1.0,0.5,0.5,0.5,0.5,0.5,0.5,0.0,0.0,1.0,0.019402985074626844,0.2465543644716692,No,3
1.0,0.0,0.0,0.0,0.2777777777777778,1.0,0.0,1.0,0.5,0.5,0.5,0.5,0.5,0.5,0.5,1.0,1.0,0.014427860696517386,0.5433384379785605,No,3
0.0,0.0,0.0,0.0,0.041666666666666664,1.0,0.0,0.5,1.0,1.0,0.0,0.0,0.0,0.0,0.0,1.0,0.6666666666666666,0.6054726368159203,0.3229709035222052,Yes,0
0.0,0.0,0.0,0.0,0.7083333333333333,1.0,0.0,1.0,0.5,0.5,0.5,0.5,0.5,0.5,0.5,1.0,0.0,0.015920398009950265,0.9990811638591117,No,0
0.0,0.0,1.0,0.0,0.7083333333333333,1.0,0.0,0.0,1.0,1.0,0.0,1.0,0.0,0.0,0.5,1.0,0.0,0.4203980099502488,0.41868300153139354,No,0
0.0,0.0,1.0,1.0,0.18055555555555555,1.0,0.0,1.0,0.5,0.5,0.5,0.5,0.5,0.5,1.0,0.0,1.0,0.012935323383084563,0.35130168453292493,No,0
0.0,0.0,0.0,0.0,0.013888888888888888,1.0,0.0,1.0,0.5,0.5,0.5,0.5,0.5,0.5,0.0,0.0,1.0,0.026368159203980085,0.24869831546707502,No,0
1.0,0.0,0.0,1.0,0.013888888888888888,1.0,0.0,1.0,0.5,0.5,0.5,0.5,0.5,0.5,0.0,1.0,1.0,0.027860696517412936,0.26477794793261866,No,3
1.0,0.0,0.0,0.0,0.875,1.0,1.0,0.0,1.0,1.0,1.0,1.0,0.0,0.0,0.5,0.0,0.6666666666666666,0.5298507462686567,0.5960183767228178,No,3
1.0,0.0,0.0,0.0,0.041666666666666664,1.0,0.0,0.0,0.0,0.0,0.0,0.0,0.0,1.0,0.0,0.0,1.0,0.3621890547263681,0.22465543644716693,No,3
1.0,0.0,0.0,0.0,0.6388888888888888,1.0,0.0,1.0,0.5,0.5,0.5,0.5,0.5,0.5,1.0,0.0,0.3333333333333333,0.009452736318407956,0.970750382848392,No,3
1.0,0.0,0.0,0.0,0.013888888888888888,1.0,1.0,0.0,0.0,0.0,0.0,0.0,0.0,0.0,0.0,1.0,0.3333333333333333,0.3139303482587064,0.6347626339969372,No,3
1.0,0.0,0.0,1.0,0.1111111111111111,0.0,0.5,0.0,0.0,0.0,0.0,0.0,0.0,0.0,0.0,0.0,1.0,0.07213930348258707,0.2704441041347626,Yes,3
0.0,0.0,1.0,1.0,0.986111111111111,1.0,0.0,1.0,0.5,0.5,0.5,0.5,0.5,0.5,1.0,0.0,0.0,0.02238805970149252,0.13920367534456354,No,0
1.0,0.0,1.0,1.0,0.7638888888888888,1.0,1.0,0.5,0.0,0.0,1.0,0.0,1.0,0.0,0.0,1.0,0.3333333333333333,0.7179104477611941,0.6583460949464012,No,3
0.0,0.0,0.0,0.0,0.9722222222222222,1.0,1.0,0.5,0.0,1.0,1.0,1.0,0.0,0.0,0.5,1.0,0.0,0.7164179104477612,0.7885145482388973,No,0
0.0,0.0,0.0,0.0,0.027777777777777776,1.0,0.0,0.5,0.0,0.0,0.0,0.0,0.0,1.0,0.0,0.0,0.6666666666666666,0.6218905472636815,0.16018376722817765,Yes,0
1.0,0.0,1.0,1.0,0.9305555555555555,1.0,1.0,0.5,1.0,0.0,0.0,1.0,1.0,1.0,1.0,0.0,0.0,0.8592039800995025,0.8315467075038284,No,3
1.0,0.0,1.0,0.0,0.9027777777777777,1.0,1.0,0.5,0.0,1.0,0.0,0.0,1.0,0.0,0.0,1.0,0.0,0.7323383084577114,0.7460949464012251,Yes,3
1.0,0.0,1.0,0.0,0.19444444444444442,1.0,0.0,0.0,0.0,0.0,1.0,0.0,0.0,0.0,0.0,0.0,0.3333333333333333,0.31791044776119404,0.8120980091883614,No,3
0.0,0.0,1.0,1.0,0.2777777777777778,1.0,1.0,0.5,0.0,0.0,1.0,1.0,0.0,1.0,0.0,1.0,0.0,0.7686567164179104,0.23261868300153138,No,0
1.0,0.0,0.0,1.0,0.013888888888888888,1.0,0.0,0.5,0.0,1.0,0.0,0.0,0.0,0.0,0.0,1.0,0.6666666666666666,0.5681592039800994,0.8836140888208269,Yes,3
1.0,0.0,0.0,0.0,0.013888888888888888,1.0,1.0,0.5,0.0,0.0,0.0,0.0,0.0,0.0,0.0,1.0,0.6666666666666666,0.5691542288557214,0.8837672281776416,Yes,3
0.0,0.0,1.0,1.0,0.6805555555555555,1.0,1.0,0.5,0.0,0.0,0.0,0.0,1.0,1.0,0.0,1.0,0.0,0.7676616915422886,0.5995405819295558,No,0
0.0,0.0,0.0,0.0,1.0,1.0,1.0,0.5,1.0,1.0,1.0,0.0,1.0,0.0,1.0,1.0,0.0,0.8263681592039801,0.8647779479326186,No,0
0.0,0.0,1.0,0.0,0.6388888888888888,1.0,1.0,0.0,1.0,0.0,0.0,0.0,0.0,0.0,0.0,0.0,0.6666666666666666,0.34676616915422886,0.3225114854517611,No,0
1.0,0.0,0.0,0.0,0.3333333333333333,1.0,1.0,0.5,0.0,1.0,1.0,0.0,0.0,0.0,0.0,1.0,0.0,0.6626865671641791,0.2571209800918836,No,3
0.0,0.0,1.0,1.0,0.06944444444444445,0.0,0.5,0.0,0.0,1.0,0.0,1.0,0.0,0.0,0.0,0.0,0.6666666666666666,0.15920398009950248,0.16875957120980092,No,0
0.0,0.0,1.0,1.0,0.4583333333333333,1.0,1.0,0.5,0.0,1.0,1.0,1.0,0.0,0.0,0.0,0.0,0.3333333333333333,0.7,0.3816232771822358,No,0
0.0,0.0,0.0,0.0,0.5833333333333333,1.0,1.0,0.0,1.0,1.0,0.0,0.0,0.0,0.0,0.5,1.0,0.0,0.41691542288557215,0.31669218989280246,No,0
1.0,0.0,0.0,0.0,0.3194444444444444,1.0,0.0,0.5,1.0,0.0,1.0,0.0,1.0,1.0,0.5,1.0,0.3333333333333333,0.8129353233830846,0.29632465543644715,No,3
1.0,0.0,0.0,0.0,0.1111111111111111,1.0,0.0,0.5,0.0,0.0,0.0,0.0,0.0,0.0,0.0,0.0,0.0,0.5218905472636816,0.7032159264931087,No,3
1.0,0.0,0.0,0.0,0.9166666666666666,1.0,0.0,0.0,1.0,1.0,0.0,0.0,0.0,0.0,0.5,1.0,1.0,0.363681592039801,0.45926493108728944,No,3
1.0,0.0,0.0,0.0,0.3333333333333333,1.0,0.0,0.0,1.0,0.0,0.0,0.0,0.0,0.0,0.0,1.0,0.0,0.3114427860696517,0.05895865237366003,Yes,3
1.0,1.0,0.0,0.0,0.3333333333333333,1.0,1.0,0.0,0.0,1.0,0.0,0.0,0.0,0.0,0.0,0.0,0.3333333333333333,0.363681592039801,0.08131699846860643,No,3
1.0,0.0,0.0,0.0,0.9583333333333333,1.0,1.0,0.0,1.0,1.0,1.0,1.0,0.0,1.0,0.5,1.0,0.3333333333333333,0.6004975124378109,0.6842266462480857,Yes,3
0.0,0.0,0.0,0.0,0.736111111111111,1.0,0.0,0.5,0.0,1.0,1.0,0.0,1.0,1.0,0.5,1.0,1.0,0.8164179104477611,0.667687595712098,No,0
0.0,0.0,0.0,0.0,0.8333333333333333,0.0,0.5,0.0,1.0,0.0,1.0,0.0,1.0,1.0,1.0,0.0,0.6666666666666666,0.3517412935323383,0.43093415007656966,No,0
0.0,0.0,1.0,0.0,0.09722222222222221,1.0,0.0,0.5,0.0,0.0,0.0,0.0,1.0,0.0,0.0,1.0,0.6666666666666666,0.6253731343283582,0.7278713629402757,Yes,0
0.0,0.0,0.0,0.0,0.2777777777777778,1.0,0.0,1.0,0.5,0.5,0.5,0.5,0.5,0.5,0.5,1.0,0.3333333333333333,0.010945273631840807,0.5641653905053599,No,0
0.0,0.0,1.0,1.0,0.3194444444444444,1.0,1.0,0.5,0.0,0.0,0.0,0.0,0.0,1.0,0.0,0.0,0.6666666666666666,0.6701492537313432,0.22052067381316998,No,0
1.0,0.0,1.0,1.0,1.0,1.0,0.0,0.0,1.0,0.0,1.0,1.0,1.0,1.0,1.0,1.0,0.6666666666666666,0.6223880597014925,0.7238897396630934,No,3
1.0,0.0,1.0,0.0,0.15277777777777776,1.0,1.0,0.5,0.0,0.0,0.0,0.0,0.0,0.0,0.0,1.0,0.6666666666666666,0.564179104477612,0.9362940275650842,Yes,3
1.0,0.0,0.0,0.0,0.29166666666666663,1.0,0.0,1.0,0.5,0.5,0.5,0.5,0.5,0.5,1.0,0.0,1.0,0.013432835820895522,0.5119448698315467,No,3
1.0,1.0,0.0,0.0,0.013888888888888888,1.0,1.0,0.5,0.0,0.0,0.0,0.0,1.0,1.0,0.0,1.0,0.6666666666666666,0.7492537313432835,0.9790199081163858,Yes,3
1.0,1.0,0.0,0.0,0.4305555555555555,1.0,1.0,0.5,0.0,1.0,0.0,0.0,1.0,0.0,0.0,1.0,0.6666666666666666,0.7208955223880598,0.37656967840735067,No,3
0.0,0.0,0.0,0.0,0.7916666666666666,1.0,0.0,0.0,0.0,1.0,1.0,1.0,1.0,0.0,1.0,0.0,1.0,0.5124378109452736,0.510719754977029,No,0
0.0,0.0,1.0,1.0,0.625,1.0,0.0,1.0,0.5,0.5,0.5,0.5,0.5,0.5,1.0,1.0,0.0,0.01741293532338306,0.9629402756508423,No,0
1.0,0.0,0.0,0.0,0.1388888888888889,1.0,1.0,0.5,0.0,1.0,1.0,0.0,0.0,1.0,0.0,1.0,0.6666666666666666,0.7661691542288557,0.0062787136294027565,No,3
0.0,0.0,1.0,0.0,0.8055555555555555,1.0,1.0,0.5,0.0,0.0,1.0,1.0,1.0,1.0,0.0,1.0,0.3333333333333333,0.8343283582089552,0.739509954058193,Yes,0
1.0,0.0,0.0,1.0,0.19444444444444442,1.0,0.0,1.0,0.5,0.5,0.5,0.5,0.5,0.5,0.0,0.0,1.0,0.01691542288557213,0.3568147013782542,No,3
1.0,0.0,1.0,0.0,0.375,1.0,1.0,0.0,1.0,0.0,0.0,1.0,1.0,1.0,0.5,0.0,1.0,0.6228855721393034,0.2813169984686064,No,3
0.0,0.0,1.0,1.0,0.19444444444444442,1.0,1.0,0.5,0.0,1.0,0.0,0.0,0.0,1.0,0.0,1.0,0.0,0.7228855721393035,0.07228177641653905,Yes,0
0.0,0.0,1.0,1.0,0.16666666666666666,0.0,0.5,0.0,0.0,1.0,0.0,0.0,0.0,0.0,0.0,0.0,1.0,0.10895522388059697,0.41071975497702906,Yes,0
0.0,0.0,1.0,1.0,0.9583333333333333,1.0,1.0,0.5,0.0,1.0,0.0,1.0,0.0,1.0,1.0,1.0,0.0,0.7467661691542288,0.7898928024502296,No,0
0.0,0.0,1.0,1.0,0.3472222222222222,1.0,0.0,0.5,0.0,1.0,1.0,0.0,1.0,0.0,0.0,1.0,0.0,0.7054726368159204,0.2895865237366003,Yes,0
1.0,1.0,1.0,0.0,0.8055555555555555,1.0,1.0,0.5,1.0,1.0,1.0,0.0,1.0,1.0,0.5,1.0,0.6666666666666666,0.9014925373134327,0.7777947932618683,Yes,3
0.0,0.0,1.0,1.0,0.4861111111111111,0.0,0.5,0.0,1.0,0.0,0.0,1.0,1.0,0.0,1.0,1.0,0.3333333333333333,0.2796019900497512,0.17549770290964778,No,0
0.0,1.0,0.0,0.0,0.2222222222222222,1.0,1.0,0.5,0.0,0.0,0.0,0.0,1.0,0.0,0.0,1.0,0.6666666666666666,0.6616915422885572,0.09816232771822359,Yes,0
1.0,0.0,1.0,1.0,0.625,1.0,1.0,0.0,0.0,1.0,1.0,0.0,1.0,1.0,0.5,0.0,0.3333333333333333,0.6019900497512437,0.4776416539050536,No,3
0.0,0.0,0.0,0.0,0.2361111111111111,1.0,0.0,0.5,0.0,1.0,0.0,0.0,1.0,0.0,0.0,1.0,0.6666666666666666,0.6497512437810945,0.09157733537519142,No,0
0.0,0.0,1.0,1.0,0.013888888888888888,1.0,0.0,0.0,0.0,0.0,0.0,0.0,0.0,0.0,0.0,1.0,0.6666666666666666,0.27313432835820894,0.5852986217457886,Yes,0
1.0,0.0,0.0,0.0,0.3055555555555555,1.0,0.0,1.0,0.5,0.5,0.5,0.5,0.5,0.5,0.5,0.0,1.0,0.013432835820895522,0.5516079632465544,No,3
0.0,1.0,0.0,0.0,0.013888888888888888,1.0,0.0,0.5,0.0,0.0,0.0,0.0,0.0,0.0,0.0,1.0,0.6666666666666666,0.5144278606965175,0.835375191424196,Yes,0
1.0,0.0,1.0,1.0,0.9305555555555555,1.0,0.0,0.0,1.0,0.0,1.0,1.0,0.0,1.0,1.0,0.0,1.0,0.49353233830845766,0.6009188361408881,No,3
0.0,0.0,1.0,1.0,0.9305555555555555,1.0,1.0,0.5,0.0,0.0,1.0,1.0,1.0,1.0,1.0,1.0,0.0,0.8696517412935324,0.8157733537519142,No,0
0.0,0.0,1.0,0.0,0.027777777777777776,0.0,0.5,0.0,0.0,0.0,0.0,0.0,1.0,1.0,0.0,0.0,0.6666666666666666,0.26218905472636816,0.9926493108728943,Yes,0
1.0,0.0,0.0,0.0,0.3194444444444444,1.0,1.0,0.5,0.0,0.0,0.0,0.0,0.0,0.0,0.0,1.0,0.6666666666666666,0.564179104477612,0.18545176110260336,Yes,3
0.0,1.0,0.0,0.0,0.125,1.0,0.0,0.5,0.0,0.0,1.0,0.0,0.0,0.0,0.0,0.0,0.3333333333333333,0.5696517412935324,0.7865237366003063,No,0
0.0,0.0,0.0,0.0,0.06944444444444445,1.0,0.0,1.0,0.5,0.5,0.5,0.5,0.5,0.5,0.0,0.0,1.0,0.018905472636815884,0.04854517611026034,No,0
1.0,0.0,0.0,0.0,0.75,0.0,0.5,0.0,1.0,0.0,0.0,1.0,1.0,0.0,1.0,0.0,0.3333333333333333,0.2681592039800995,0.3237366003062787,No,3
0.0,0.0,0.0,0.0,0.7916666666666666,1.0,0.0,0.5,0.0,0.0,1.0,0.0,1.0,1.0,1.0,1.0,0.6666666666666666,0.7661691542288557,0.6950995405819296,Yes,0
1.0,0.0,0.0,0.0,0.3333333333333333,1.0,1.0,0.5,0.0,0.0,1.0,0.0,1.0,0.0,0.0,1.0,1.0,0.7124378109452736,0.27243491577335377,Yes,3
0.0,0.0,1.0,1.0,0.6805555555555555,1.0,1.0,0.5,0.0,1.0,0.0,0.0,1.0,1.0,0.5,0.0,1.0,0.817910447761194,0.641500765696784,Yes,0
1.0,0.0,0.0,0.0,0.06944444444444445,1.0,1.0,0.0,0.0,0.0,0.0,0.0,0.0,0.0,0.0,0.0,0.6666666666666666,0.28756218905472636,0.28499234303215926,Yes,3
1.0,0.0,0.0,0.0,0.027777777777777776,1.0,0.0,0.5,0.0,0.0,0.0,0.0,0.0,1.0,0.0,1.0,0.6666666666666666,0.6164179104477612,0.20781010719754978,Yes,3
0.0,0.0,0.0,1.0,0.05555555555555555,1.0,1.0,0.5,0.0,0.0,1.0,1.0,0.0,0.0,0.0,1.0,1.0,0.6850746268656716,0.45222052067381313,Yes,0
1.0,0.0,1.0,1.0,0.9722222222222222,1.0,1.0,0.0,1.0,1.0,1.0,1.0,1.0,0.0,1.0,1.0,0.0,0.6069651741293532,0.7252679938744258,No,3
1.0,0.0,0.0,0.0,0.06944444444444445,1.0,1.0,0.5,0.0,0.0,0.0,0.0,0.0,0.0,0.0,1.0,0.0,0.5736318407960199,0.47381316998468603,Yes,3
1.0,0.0,1.0,1.0,0.736111111111111,1.0,1.0,0.0,1.0,0.0,1.0,1.0,1.0,1.0,0.0,0.0,0.6666666666666666,0.6711442786069651,0.6003062787136294,No,3
0.0,0.0,1.0,0.0,0.6527777777777778,1.0,1.0,0.5,1.0,1.0,1.0,0.0,1.0,0.0,0.0,1.0,0.6666666666666666,0.8009950248756219,0.5909647779479326,Yes,0
0.0,0.0,0.0,1.0,0.4305555555555555,1.0,0.0,1.0,0.5,0.5,0.5,0.5,0.5,0.5,0.5,0.0,0.3333333333333333,0.01840796019900498,0.7398162327718223,No,0
1.0,0.0,1.0,1.0,0.18055555555555555,1.0,0.0,0.0,0.0,1.0,1.0,1.0,0.0,0.0,0.0,0.0,0.0,0.43333333333333324,0.8849923430321592,No,3
0.0,0.0,1.0,1.0,0.38888888888888884,1.0,1.0,0.0,0.0,0.0,0.0,0.0,0.0,0.0,0.0,0.0,1.0,0.31492537313432833,0.11500765696784074,No,0
0.0,0.0,0.0,0.0,0.1388888888888889,1.0,1.0,0.5,0.0,0.0,0.0,0.0,0.0,1.0,0.0,0.0,0.6666666666666666,0.6786069651741293,0.9398162327718224,Yes,0
1.0,0.0,1.0,0.0,0.5277777777777778,1.0,0.0,1.0,0.5,0.5,0.5,0.5,0.5,0.5,1.0,0.0,0.0,0.021393034825870627,0.8793261868300153,No,3
0.0,0.0,0.0,0.0,0.013888888888888888,1.0,0.0,0.0,0.0,0.0,0.0,0.0,0.0,0.0,0.0,1.0,1.0,0.2691542288557213,0.5843797856049004,Yes,0
1.0,0.0,1.0,0.0,0.9305555555555555,1.0,1.0,0.5,0.0,1.0,1.0,0.0,1.0,1.0,0.5,0.0,0.6666666666666666,0.854228855721393,0.8485451761102603,Yes,3
1.0,0.0,1.0,0.0,0.7222222222222222,1.0,0.0,0.0,1.0,1.0,0.0,0.0,1.0,1.0,0.5,1.0,1.0,0.5686567164179105,0.5061255742725881,No,3
1.0,0.0,1.0,1.0,0.861111111111111,1.0,0.0,0.5,1.0,1.0,1.0,1.0,1.0,1.0,1.0,0.0,1.0,0.8945273631840797,0.8258805513016845,No,3
0.0,0.0,0.0,0.0,0.2222222222222222,1.0,0.0,0.5,0.0,1.0,0.0,0.0,0.0,1.0,0.0,1.0,0.6666666666666666,0.6766169154228856,0.09525267993874426,No,0
0.0,1.0,1.0,0.0,0.06944444444444445,1.0,1.0,0.5,0.0,1.0,0.0,0.0,0.0,0.0,0.0,1.0,0.6666666666666666,0.6243781094527363,0.4900459418070444,Yes,0
1.0,0.0,0.0,0.0,0.16666666666666666,1.0,0.0,0.5,0.0,0.0,1.0,0.0,1.0,1.0,0.5,0.0,0.6666666666666666,0.7706467661691543,0.05267993874425727,No,3
0.0,0.0,1.0,1.0,1.0,1.0,1.0,0.5,1.0,1.0,1.0,1.0,1.0,1.0,1.0,1.0,0.0,0.981094527363184,0.9497702909647779,No,0
1.0,1.0,0.0,0.0,0.986111111111111,1.0,1.0,0.5,0.0,1.0,0.0,1.0,1.0,1.0,0.5,0.0,0.0,0.8706467661691543,0.8736600306278713,No,3
0.0,0.0,1.0,0.0,0.3333333333333333,1.0,0.0,1.0,0.5,0.5,0.5,0.5,0.5,0.5,0.5,0.0,1.0,0.018905472636815884,0.5949464012251149,No,0
0.0,0.0,0.0,0.0,0.20833333333333331,1.0,0.0,1.0,0.5,0.5,0.5,0.5,0.5,0.5,1.0,0.0,1.0,0.013432835820895522,0.44027565084226644,No,0
1.0,0.0,1.0,0.0,0.9305555555555555,1.0,0.0,0.5,1.0,1.0,0.0,0.0,0.0,1.0,0.5,1.0,0.3333333333333333,0.7199004975124377,0.7581929555895865,Yes,3
1.0,0.0,0.0,1.0,0.027777777777777776,1.0,1.0,0.0,1.0,1.0,0.0,0.0,0.0,0.0,0.0,0.0,0.0,0.4248756218905473,0.09479326186830014,No,3
0.0,0.0,1.0,1.0,0.06944444444444445,0.0,0.5,0.0,0.0,0.0,0.0,0.0,0.0,0.0,0.0,0.0,1.0,0.06766169154228854,0.06967840735068913,No,0
0.0,0.0,1.0,0.0,0.20833333333333331,1.0,0.0,0.5,0.0,0.0,0.0,0.0,1.0,1.0,0.0,0.0,0.6666666666666666,0.6955223880597016,0.10918836140888208,Yes,0
1.0,0.0,0.0,0.0,0.013888888888888888,1.0,0.0,1.0,0.5,0.5,0.5,0.5,0.5,0.5,0.0,1.0,1.0,0.019402985074626844,0.2465543644716692,Yes,3
1.0,0.0,1.0,1.0,0.5694444444444444,1.0,0.0,0.0,1.0,1.0,1.0,0.0,0.0,0.0,0.5,1.0,0.0,0.41840796019900495,0.3324655436447167,No,3
0.0,0.0,0.0,1.0,0.5972222222222222,1.0,0.0,0.0,1.0,1.0,0.0,0.0,0.0,1.0,0.0,1.0,0.6666666666666666,0.454726368159204,0.36447166921898927,No,0
1.0,1.0,1.0,0.0,0.013888888888888888,1.0,1.0,0.5,0.0,0.0,0.0,0.0,0.0,0.0,0.0,0.0,0.6666666666666666,0.5577114427860697,0.8754977029096478,No,3
0.0,1.0,0.0,0.0,0.013888888888888888,1.0,0.0,0.5,0.0,0.0,0.0,0.0,0.0,0.0,0.0,1.0,1.0,0.5208955223880596,0.8442572741194486,No,0
0.0,0.0,1.0,1.0,0.3611111111111111,1.0,0.0,0.5,0.0,0.0,0.0,0.0,1.0,1.0,0.0,1.0,0.6666666666666666,0.7218905472636815,0.30597243491577336,Yes,0
1.0,0.0,0.0,0.0,0.3055555555555555,1.0,1.0,0.5,0.0,1.0,0.0,0.0,0.0,0.0,0.0,1.0,0.6666666666666666,0.607960199004975,0.1895865237366003,Yes,3
1.0,0.0,1.0,0.0,0.986111111111111,1.0,1.0,0.0,1.0,1.0,1.0,1.0,1.0,1.0,1.0,0.0,0.0,0.7194029850746269,0.7903522205206738,No,3
1.0,0.0,0.0,0.0,0.09722222222222221,1.0,0.0,1.0,0.5,0.5,0.5,0.5,0.5,0.5,1.0,0.0,1.0,0.011940298507462671,0.17258805513016845,No,3
0.0,1.0,0.0,0.0,0.38888888888888884,1.0,1.0,0.0,0.0,1.0,1.0,1.0,0.0,0.0,0.0,0.0,0.0,0.4597014925373134,0.22021439509954058,No,0
1.0,1.0,0.0,0.0,0.2222222222222222,1.0,0.0,0.5,0.0,0.0,0.0,0.0,0.0,0.0,0.0,0.0,0.6666666666666666,0.5114427860696518,0.012710566615620214,No,3
1.0,0.0,0.0,0.0,0.09722222222222221,1.0,0.0,1.0,0.5,0.5,0.5,0.5,0.5,0.5,0.5,0.0,1.0,0.01243781094527363,0.0785604900459418,No,3
0.0,0.0,0.0,0.0,0.9583333333333333,1.0,1.0,0.5,0.0,1.0,1.0,1.0,1.0,1.0,1.0,1.0,0.0,0.917910447761194,0.8803981623277182,No,0
0.0,0.0,0.0,1.0,0.013888888888888888,0.0,0.5,0.0,0.0,0.0,0.0,0.0,0.0,0.0,0.0,0.0,1.0,0.06417910447761191,0.3127105666156202,No,0
1.0,0.0,0.0,0.0,0.041666666666666664,1.0,0.0,0.0,1.0,0.0,1.0,0.0,1.0,1.0,0.0,1.0,0.6666666666666666,0.5885572139303483,0.25803981623277183,No,3
1.0,1.0,0.0,0.0,0.29166666666666663,1.0,0.0,0.5,0.0,0.0,1.0,0.0,1.0,1.0,0.0,1.0,0.0,0.781592039800995,0.25467075038284837,Yes,3
0.0,0.0,1.0,0.0,0.9583333333333333,1.0,1.0,0.5,0.0,1.0,1.0,0.0,0.0,0.0,0.0,1.0,0.0,0.6681592039800995,0.7381316998468607,No,0
0.0,0.0,1.0,0.0,0.986111111111111,0.0,0.5,0.0,1.0,1.0,1.0,1.0,0.0,0.0,1.0,1.0,0.0,0.29203980099502486,0.4488514548238897,No,0
0.0,0.0,1.0,1.0,0.9583333333333333,1.0,0.0,1.0,0.5,0.5,0.5,0.5,0.5,0.5,1.0,0.0,1.0,0.011442786069651711,0.09663093415007656,No,0
0.0,0.0,0.0,0.0,0.6666666666666666,1.0,1.0,0.5,0.0,0.0,1.0,1.0,1.0,1.0,0.0,1.0,0.6666666666666666,0.8517412935323382,0.6416539050535988,No,0
1.0,0.0,1.0,0.0,0.6527777777777778,1.0,1.0,0.5,0.0,1.0,1.0,0.0,0.0,0.0,0.0,1.0,0.0,0.6477611940298507,0.5323124042879019,Yes,3
0.0,0.0,0.0,0.0,0.027777777777777776,1.0,1.0,0.0,0.0,0.0,0.0,0.0,0.0,0.0,0.0,1.0,0.6666666666666666,0.30995024875621885,0.01776416539050536,Yes,0
1.0,0.0,0.0,0.0,0.625,1.0,1.0,0.5,1.0,0.0,1.0,1.0,1.0,1.0,0.0,1.0,0.3333333333333333,0.8975124378109453,0.6431852986217458,No,3
1.0,0.0,0.0,0.0,0.7083333333333333,1.0,1.0,0.5,0.0,1.0,0.0,0.0,0.0,0.0,0.0,0.0,0.0,0.6243781094527363,0.5336906584992342,No,3
0.0,0.0,1.0,0.0,0.3055555555555555,1.0,1.0,0.0,1.0,0.0,0.0,1.0,1.0,1.0,0.0,1.0,0.6666666666666666,0.6064676616915423,0.19295558958652373,Yes,0
1.0,0.0,0.0,0.0,1.0,1.0,1.0,0.0,1.0,1.0,1.0,1.0,1.0,1.0,1.0,0.0,0.0,0.6805970149253732,0.7741194486983154,No,3
1.0,0.0,1.0,1.0,0.5138888888888888,1.0,1.0,0.5,0.0,1.0,1.0,0.0,1.0,0.0,0.0,1.0,0.6666666666666666,0.7432835820895523,0.45313935681470136,No,3
1.0,0.0,1.0,1.0,0.986111111111111,1.0,1.0,0.0,1.0,1.0,1.0,1.0,1.0,1.0,1.0,0.0,0.6666666666666666,0.717412935323383,0.7826952526799387,No,3
1.0,0.0,1.0,1.0,0.09722222222222221,1.0,0.0,0.0,0.0,0.0,1.0,0.0,0.0,0.0,0.0,0.0,0.6666666666666666,0.3029850746268657,0.45099540581929554,Yes,3
0.0,0.0,0.0,0.0,0.9166666666666666,1.0,1.0,1.0,0.5,0.5,0.5,0.5,0.5,0.5,1.0,1.0,0.3333333333333333,0.06865671641791044,0.18039816232771821,No,0
1.0,0.0,1.0,1.0,0.7083333333333333,1.0,0.0,0.0,1.0,0.0,0.0,1.0,1.0,1.0,0.5,1.0,0.0,0.5786069651741294,0.5191424196018376,No,3
0.0,0.0,1.0,1.0,0.41666666666666663,1.0,0.0,1.0,0.5,0.5,0.5,0.5,0.5,0.5,0.5,0.0,0.0,0.012935323383084563,0.7609494640122512,No,0
0.0,0.0,0.0,0.0,0.4722222222222222,1.0,1.0,0.5,0.0,0.0,0.0,0.0,1.0,0.0,0.0,0.0,0.6666666666666666,0.6676616915422885,0.3828483920367534,No,0
1.0,0.0,1.0,1.0,0.8888888888888888,1.0,1.0,1.0,0.5,0.5,0.5,0.5,0.5,0.5,1.0,1.0,1.0,0.06517412935323383,0.14272588055130167,No,3
1.0,1.0,1.0,0.0,0.9027777777777777,1.0,1.0,0.5,0.0,1.0,1.0,0.0,1.0,1.0,0.5,1.0,0.0,0.8447761194029851,0.8229709035222051,No,3
1.0,0.0,0.0,0.0,0.6527777777777778,1.0,1.0,0.5,1.0,1.0,0.0,1.0,1.0,0.0,0.0,0.0,1.0,0.8208955223880597,0.604594180704441,No,3
0.0,0.0,0.0,0.0,0.013888888888888888,1.0,0.0,0.5,1.0,0.0,0.0,0.0,1.0,1.0,0.0,1.0,0.6666666666666666,0.7696517412935323,0.9869831546707504,Yes,0
0.0,0.0,0.0,0.0,0.6805555555555555,1.0,1.0,0.0,1.0,1.0,0.0,0.0,0.0,0.0,0.0,1.0,0.3333333333333333,0.4129353233830846,0.38851454823889736,Yes,0
0.0,0.0,1.0,1.0,0.9305555555555555,1.0,1.0,0.5,0.0,1.0,0.0,1.0,1.0,0.0,1.0,0.0,0.3333333333333333,0.7547263681592039,0.7805513016845329,No,0
1.0,0.0,0.0,1.0,0.5416666666666666,1.0,0.0,1.0,0.5,0.5,0.5,0.5,0.5,0.5,0.5,0.0,0.0,0.010945273631840807,0.904134762633997,No,3
1.0,0.0,0.0,0.0,0.19444444444444442,1.0,0.0,1.0,0.5,0.5,0.5,0.5,0.5,0.5,0.0,0.0,1.0,0.01641791044776117,0.37427258805513014,No,3
0.0,1.0,0.0,0.0,0.5972222222222222,1.0,0.0,0.5,1.0,1.0,0.0,1.0,1.0,1.0,0.0,1.0,0.3333333333333333,0.8945273631840797,0.5989280245022971,Yes,0
1.0,1.0,0.0,0.0,0.7777777777777777,1.0,1.0,0.5,0.0,0.0,1.0,0.0,1.0,1.0,0.0,1.0,0.6666666666666666,0.8238805970149253,0.7088820826952527,No,3
0.0,0.0,0.0,0.0,0.19444444444444442,1.0,0.0,0.0,0.0,0.0,0.0,1.0,0.0,1.0,0.5,0.0,0.3333333333333333,0.40646766169154225,0.900459418070444,No,0
0.0,0.0,0.0,0.0,0.013888888888888888,1.0,0.0,0.5,0.0,0.0,0.0,0.0,0.0,0.0,0.0,0.0,0.6666666666666666,0.5283582089552238,0.8528330781010719,Yes,0
1.0,0.0,1.0,1.0,0.2222222222222222,1.0,0.0,0.0,1.0,1.0,0.0,0.0,0.0,0.0,0.5,1.0,1.0,0.3741293532338309,0.9549770290964777,No,3
1.0,0.0,1.0,1.0,0.9722222222222222,1.0,1.0,0.5,1.0,1.0,0.0,0.0,1.0,1.0,0.0,1.0,0.6666666666666666,0.8736318407960199,0.8888208269525267,No,3
1.0,1.0,1.0,0.0,1.0,1.0,1.0,0.0,1.0,1.0,1.0,0.0,1.0,1.0,1.0,1.0,0.3333333333333333,0.6552238805970149,0.7503828483920367,No,3
0.0,0.0,1.0,1.0,0.3194444444444444,1.0,0.0,0.5,0.0,0.0,1.0,0.0,0.0,0.0,0.0,1.0,0.3333333333333333,0.5676616915422885,0.18407350689127105,No,0
1.0,0.0,0.0,1.0,0.29166666666666663,1.0,1.0,1.0,0.5,0.5,0.5,0.5,0.5,0.5,0.0,0.0,1.0,0.06417910447761191,0.6047473200612558,No,3
0.0,0.0,0.0,0.0,0.013888888888888888,1.0,0.0,1.0,0.5,0.5,0.5,0.5,0.5,0.5,0.0,1.0,1.0,0.018905472636815884,0.24640122511485452,Yes,0
1.0,0.0,0.0,1.0,0.013888888888888888,1.0,0.0,0.5,0.0,0.0,0.0,0.0,0.0,0.0,0.0,0.0,0.0,0.5124378109452736,0.8347626339969372,Yes,3
0.0,1.0,1.0,0.0,0.4444444444444444,1.0,1.0,0.5,0.0,0.0,0.0,0.0,1.0,1.0,0.0,1.0,0.6666666666666666,0.745771144278607,0.3880551301684533,Yes,0
1.0,0.0,1.0,1.0,0.2361111111111111,1.0,0.0,0.5,0.0,0.0,0.0,0.0,1.0,0.0,0.0,0.0,0.6666666666666666,0.6228855721393034,0.1125574272588055,Yes,3
0.0,0.0,0.0,0.0,0.05555555555555555,0.0,0.5,0.0,1.0,1.0,0.0,0.0,0.0,0.0,0.0,1.0,0.6666666666666666,0.15323383084577114,0.10214395099540581,Yes,0
0.0,0.0,0.0,0.0,0.5,1.0,1.0,0.0,0.0,0.0,1.0,0.0,0.0,0.0,0.5,0.0,0.6666666666666666,0.37363184079601985,0.23675344563552833,No,0
0.0,0.0,0.0,0.0,0.6944444444444444,0.0,0.5,0.0,0.0,1.0,1.0,1.0,0.0,0.0,1.0,0.0,0.3333333333333333,0.21343283582089556,0.2350689127105666,No,0
0.0,0.0,1.0,1.0,0.6666666666666666,0.0,0.5,0.0,0.0,0.0,0.0,1.0,0.0,0.0,0.0,1.0,0.3333333333333333,0.11194029850746268,0.11898928024502296,No,0
0.0,0.0,0.0,1.0,0.6944444444444444,1.0,0.0,1.0,0.5,0.5,0.5,0.5,0.5,0.5,1.0,0.0,0.3333333333333333,0.018905472636815884,0.9934150076569678,No,0
1.0,0.0,1.0,0.0,1.0,1.0,1.0,0.0,1.0,1.0,1.0,1.0,0.0,1.0,1.0,0.0,0.3333333333333333,0.6099502487562188,0.7335375191424196,No,3
1.0,0.0,0.0,1.0,0.1388888888888889,1.0,1.0,1.0,0.5,0.5,0.5,0.5,0.5,0.5,0.0,0.0,0.3333333333333333,0.06517412935323383,0.28560490045941805,No,3
0.0,0.0,0.0,0.0,0.25,1.0,0.0,1.0,0.5,0.5,0.5,0.5,0.5,0.5,0.0,0.0,1.0,0.013930348258706454,0.5128637059724349,No,0
1.0,0.0,0.0,0.0,0.013888888888888888,1.0,0.0,0.5,0.0,0.0,0.0,0.0,1.0,0.0,0.0,1.0,0.6666666666666666,0.6139303482587065,0.9150076569678407,Yes,3
0.0,0.0,0.0,0.0,0.013888888888888888,1.0,0.0,1.0,0.5,0.5,0.5,0.5,0.5,0.5,0.0,0.0,0.6666666666666666,0.010447761194029848,0.22679938744257275,Yes,0
1.0,0.0,0.0,0.0,0.125,1.0,0.0,0.5,0.0,0.0,1.0,0.0,1.0,1.0,0.0,1.0,0.6666666666666666,0.754228855721393,0.9294027565084226,No,3
1.0,0.0,0.0,0.0,0.027777777777777776,1.0,1.0,0.5,1.0,0.0,0.0,0.0,0.0,1.0,0.0,0.0,1.0,0.7213930348258706,0.19203675344563553,No,3
0.0,0.0,1.0,0.0,0.5555555555555556,1.0,1.0,0.5,0.0,0.0,0.0,1.0,0.0,0.0,0.0,1.0,0.3333333333333333,0.6029850746268656,0.41607963246554364,No,0
1.0,0.0,1.0,0.0,0.9583333333333333,1.0,1.0,0.5,0.0,0.0,1.0,0.0,1.0,1.0,0.5,0.0,0.0,0.808457711442786,0.8277182235834609,No,3
0.0,0.0,1.0,0.0,0.5138888888888888,1.0,1.0,0.5,1.0,0.0,1.0,1.0,0.0,1.0,0.5,1.0,0.6666666666666666,0.8054726368159204,0.4938744257274119,Yes,0
1.0,0.0,0.0,1.0,0.25,1.0,1.0,0.5,0.0,0.0,1.0,0.0,0.0,0.0,0.0,1.0,0.3333333333333333,0.6199004975124378,0.11378254211332312,No,3
1.0,1.0,1.0,0.0,0.15277777777777776,1.0,0.0,0.5,0.0,0.0,0.0,0.0,0.0,0.0,0.0,1.0,0.6666666666666666,0.5169154228855721,0.9428790199081164,No,3
0.0,0.0,1.0,0.0,0.1111111111111111,1.0,1.0,0.5,0.0,0.0,0.0,0.0,0.0,1.0,0.0,1.0,0.3333333333333333,0.6661691542288557,0.7770290964777947,Yes,0
0.0,0.0,0.0,0.0,0.041666666666666664,1.0,1.0,0.5,0.0,0.0,0.0,0.0,0.0,0.0,0.0,0.0,0.6666666666666666,0.5671641791044776,0.31592649310872895,Yes,0
1.0,0.0,1.0,1.0,0.7638888888888888,1.0,0.0,0.0,1.0,0.0,0.0,0.0,0.0,1.0,0.5,0.0,0.3333333333333333,0.4099502487562189,0.41960183767228176,No,3
1.0,0.0,1.0,0.0,0.4583333333333333,1.0,1.0,0.5,0.0,1.0,1.0,0.0,0.0,1.0,0.0,1.0,0.6666666666666666,0.7472636815920397,0.411791730474732,No,3
0.0,0.0,0.0,0.0,0.6388888888888888,1.0,0.0,0.0,0.0,0.0,0.0,0.0,0.0,0.0,0.0,0.0,0.0,0.2656716417910448,0.27274119448698314,No,0
1.0,0.0,0.0,0.0,0.4722222222222222,1.0,1.0,1.0,0.5,0.5,0.5,0.5,0.5,0.5,1.0,0.0,0.0,0.07810945273631842,0.9957120980091884,No,3
0.0,0.0,0.0,0.0,0.041666666666666664,1.0,0.0,1.0,0.5,0.5,0.5,0.5,0.5,0.5,0.0,0.0,0.6666666666666666,0.019402985074626844,0.79739663093415,No,0
1.0,0.0,1.0,1.0,0.41666666666666663,1.0,0.0,1.0,0.5,0.5,0.5,0.5,0.5,0.5,1.0,0.0,1.0,0.02985074626865672,0.8542113323124043,No,3
0.0,0.0,0.0,0.0,0.4583333333333333,1.0,1.0,0.0,1.0,0.0,0.0,1.0,0.0,0.0,0.5,0.0,0.6666666666666666,0.40945273631840795,0.23828483920367532,No,0
1.0,0.0,1.0,1.0,0.625,1.0,1.0,0.5,0.0,1.0,1.0,0.0,0.0,1.0,0.5,1.0,0.3333333333333333,0.763681592039801,0.5679938744257274,No,3
1.0,0.0,0.0,0.0,0.5555555555555556,1.0,0.0,0.0,1.0,1.0,0.0,1.0,0.0,0.0,0.0,1.0,1.0,0.4343283582089552,0.35084226646248085,No,3
0.0,0.0,0.0,0.0,0.986111111111111,1.0,1.0,0.5,1.0,1.0,1.0,1.0,1.0,1.0,1.0,1.0,0.6666666666666666,0.9990049751243782,0.9496171516079632,No,0
1.0,0.0,0.0,0.0,0.013888888888888888,1.0,1.0,0.0,0.0,0.0,1.0,0.0,0.0,0.0,0.0,0.0,0.6666666666666666,0.3592039800995025,0.687136294027565,Yes,3
0.0,0.0,1.0,1.0,1.0,0.0,0.5,0.0,1.0,1.0,1.0,1.0,1.0,1.0,1.0,0.0,0.0,0.4597014925373134,0.5903522205206738,No,0
0.0,0.0,1.0,1.0,0.3055555555555555,1.0,0.0,0.5,0.0,0.0,0.0,0.0,0.0,1.0,0.0,1.0,0.6666666666666666,0.6159203980099502,0.20382848392036754,No,0
1.0,0.0,1.0,1.0,0.6388888888888888,1.0,0.0,1.0,0.5,0.5,0.5,0.5,0.5,0.5,0.5,1.0,0.0,0.019402985074626844,0.9482388973966309,No,3
0.0,0.0,1.0,1.0,0.7638888888888888,1.0,0.0,1.0,0.5,0.5,0.5,0.5,0.5,0.5,1.0,0.0,1.0,0.027363184079601977,0.05880551301684533,No,0
1.0,0.0,0.0,0.0,0.013888888888888888,1.0,0.0,1.0,0.5,0.5,0.5,0.5,0.5,0.5,0.0,0.0,1.0,0.021890547263681587,0.2473200612557427,No,3
0.0,0.0,0.0,0.0,0.16666666666666666,1.0,1.0,0.0,0.0,0.0,0.0,1.0,1.0,1.0,0.5,1.0,1.0,0.5731343283582089,0.952833078101072,No,0
1.0,0.0,0.0,0.0,0.4305555555555555,1.0,1.0,0.5,0.0,1.0,0.0,0.0,0.0,0.0,0.0,1.0,0.6666666666666666,0.618905472636816,0.31807044410413476,No,3
1.0,0.0,1.0,0.0,0.06944444444444445,0.0,0.5,0.0,0.0,0.0,0.0,0.0,0.0,0.0,0.0,1.0,0.6666666666666666,0.06666666666666665,0.0006125574272588055,Yes,3
0.0,0.0,1.0,1.0,0.9305555555555555,1.0,1.0,0.0,1.0,0.0,0.0,0.0,1.0,1.0,1.0,1.0,0.6666666666666666,0.5696517412935324,0.6705972434915773,No,0
1.0,0.0,0.0,0.0,0.013888888888888888,1.0,0.0,0.0,0.0,0.0,0.0,0.0,0.0,0.0,0.0,0.0,1.0,0.2606965174129353,0.5730474732006126,No,3
1.0,0.0,1.0,0.0,0.5555555555555556,0.0,0.5,0.0,1.0,1.0,1.0,0.0,0.0,0.0,0.5,1.0,0.6666666666666666,0.23980099502487562,0.18698315467075038,Yes,3
1.0,0.0,1.0,1.0,0.5694444444444444,1.0,1.0,0.0,1.0,1.0,1.0,0.0,1.0,0.0,0.0,1.0,0.3333333333333333,0.5601990049751243,0.4021439509954058,No,3
1.0,0.0,0.0,0.0,0.013888888888888888,1.0,1.0,0.5,0.0,0.0,0.0,0.0,0.0,0.0,0.0,1.0,0.6666666666666666,0.5676616915422885,0.8834609494640122,Yes,3
1.0,0.0,0.0,0.0,0.7083333333333333,1.0,1.0,0.5,1.0,1.0,0.0,0.0,1.0,0.0,0.5,1.0,0.6666666666666666,0.7616915422885572,0.6252679938744257,Yes,3
1.0,0.0,1.0,1.0,0.5833333333333333,0.0,0.5,0.0,1.0,0.0,1.0,1.0,1.0,0.0,1.0,0.0,0.3333333333333333,0.2975124378109452,0.2551301684532925,No,3
1.0,0.0,1.0,1.0,0.3194444444444444,1.0,0.0,1.0,0.5,0.5,0.5,0.5,0.5,0.5,0.5,0.0,1.0,0.013930348258706454,0.5672281776416539,No,3
0.0,1.0,0.0,0.0,0.013888888888888888,1.0,0.0,0.5,0.0,0.0,0.0,0.0,0.0,0.0,0.0,1.0,0.6666666666666666,0.5203980099502488,0.844104134762634,Yes,0
0.0,0.0,0.0,0.0,0.013888888888888888,1.0,0.0,1.0,0.5,0.5,0.5,0.5,0.5,0.5,0.0,0.0,1.0,0.018905472636815884,0.24640122511485452,No,0
0.0,0.0,0.0,0.0,0.7777777777777777,1.0,1.0,0.5,1.0,1.0,0.0,0.0,1.0,1.0,0.0,1.0,0.3333333333333333,0.8791044776119402,0.7404287901990811,No,0
1.0,0.0,0.0,1.0,0.20833333333333331,1.0,1.0,0.5,0.0,1.0,0.0,0.0,1.0,0.0,0.0,1.0,0.6666666666666666,0.7238805970149254,0.12205206738131699,No,3
1.0,0.0,1.0,1.0,0.16666666666666666,1.0,1.0,1.0,0.5,0.5,0.5,0.5,0.5,0.5,1.0,1.0,0.0,0.07114427860696515,0.416385911179173,No,3
0.0,0.0,1.0,1.0,0.75,1.0,0.0,0.0,1.0,0.0,1.0,1.0,0.0,1.0,1.0,0.0,0.0,0.5144278606965175,0.5073506891271057,No,0
0.0,0.0,0.0,0.0,0.09722222222222221,1.0,0.0,0.0,0.0,0.0,0.0,0.0,1.0,1.0,0.0,1.0,0.6666666666666666,0.4835820895522387,0.5964777947932618,No,0
0.0,0.0,1.0,1.0,0.4583333333333333,1.0,1.0,0.5,0.0,0.0,0.0,0.0,0.0,1.0,0.0,0.0,0.3333333333333333,0.6756218905472637,0.3652373660030628,Yes,0
1.0,0.0,1.0,1.0,0.2222222222222222,1.0,0.0,1.0,0.5,0.5,0.5,0.5,0.5,0.5,0.0,0.0,0.6666666666666666,0.018905472636815884,0.4520673813169985,No,3
0.0,0.0,0.0,1.0,0.29166666666666663,1.0,0.0,0.0,1.0,0.0,1.0,0.0,0.0,1.0,0.5,0.0,1.0,0.46368159203980097,0.09341500765696784,No,0
1.0,1.0,1.0,0.0,0.41666666666666663,1.0,1.0,0.0,0.0,0.0,1.0,0.0,1.0,1.0,1.0,0.0,0.6666666666666666,0.56318407960199,0.2751914241960184,No,3
1.0,0.0,0.0,0.0,0.041666666666666664,1.0,0.0,0.0,0.0,0.0,0.0,1.0,0.0,0.0,0.0,1.0,1.0,0.32089552238805974,0.1327718223583461,No,3
1.0,0.0,0.0,0.0,0.15277777777777776,1.0,0.0,0.5,0.0,0.0,1.0,0.0,0.0,0.0,0.0,0.0,0.6666666666666666,0.5437810945273632,0.9327718223583461,No,3
0.0,0.0,0.0,0.0,0.861111111111111,1.0,1.0,0.5,1.0,1.0,1.0,1.0,1.0,1.0,0.5,1.0,0.3333333333333333,0.96318407960199,0.8571209800918835,No,0
1.0,0.0,0.0,0.0,0.25,1.0,0.0,1.0,0.5,0.5,0.5,0.5,0.5,0.5,0.0,0.0,0.6666666666666666,0.007462686567164173,0.46186830015313934,No,3
1.0,0.0,0.0,1.0,0.08333333333333333,1.0,0.0,1.0,0.5,0.5,0.5,0.5,0.5,0.5,0.0,0.0,1.0,0.012935323383084563,0.0785604900459418,No,3
0.0,0.0,0.0,0.0,0.6388888888888888,1.0,1.0,0.5,0.0,0.0,1.0,0.0,1.0,1.0,0.5,1.0,0.6666666666666666,0.8243781094527362,0.6058192955589586,No,0
1.0,0.0,0.0,0.0,0.29166666666666663,1.0,1.0,0.5,0.0,0.0,0.0,0.0,0.0,1.0,0.0,1.0,0.6666666666666666,0.6552238805970149,0.1908116385911179,No,3
1.0,0.0,0.0,0.0,0.9444444444444444,1.0,1.0,1.0,0.5,0.5,0.5,0.5,0.5,0.5,1.0,1.0,0.0,0.05870646766169152,0.13797856049004595,No,3
0.0,0.0,0.0,0.0,0.013888888888888888,1.0,1.0,0.0,0.0,0.0,0.0,0.0,0.0,0.0,0.0,1.0,0.6666666666666666,0.3169154228855721,0.6470137825421133,No,0
0.0,0.0,1.0,0.0,0.3472222222222222,1.0,0.0,0.5,0.0,0.0,1.0,0.0,0.0,0.0,0.0,1.0,0.6666666666666666,0.5606965174129352,0.20490045941807045,No,0
0.0,0.0,0.0,1.0,0.3333333333333333,1.0,0.0,1.0,0.5,0.5,0.5,0.5,0.5,0.5,1.0,0.0,1.0,0.014925373134328346,0.6448698315467075,No,0
0.0,0.0,1.0,0.0,0.41666666666666663,1.0,1.0,0.5,0.0,0.0,0.0,0.0,0.0,1.0,0.0,1.0,0.6666666666666666,0.664179104477612,0.3477794793261868,Yes,0
0.0,0.0,0.0,0.0,0.027777777777777776,1.0,0.0,0.5,0.0,0.0,0.0,0.0,0.0,1.0,0.0,0.0,0.6666666666666666,0.6199004975124378,0.2136294027565084,Yes,0
1.0,0.0,1.0,0.0,0.7083333333333333,1.0,1.0,0.5,0.0,1.0,1.0,0.0,1.0,1.0,0.5,1.0,0.0,0.8810945273631839,0.6978560490045942,No,3
0.0,0.0,1.0,1.0,0.7916666666666666,1.0,1.0,0.0,1.0,0.0,1.0,1.0,1.0,1.0,1.0,1.0,0.6666666666666666,0.6592039800995024,0.6257274119448698,No,0
0.0,0.0,0.0,0.0,0.20833333333333331,1.0,1.0,1.0,0.5,0.5,0.5,0.5,0.5,0.5,1.0,0.0,0.0,0.06766169154228854,0.4869831546707504,No,0
0.0,0.0,1.0,1.0,1.0,1.0,0.0,0.0,1.0,1.0,1.0,1.0,1.0,1.0,1.0,1.0,0.0,0.6512437810945274,0.7626339969372128,No,0
0.0,0.0,0.0,0.0,0.027777777777777776,1.0,0.0,0.5,0.0,0.0,1.0,0.0,0.0,0.0,0.0,1.0,0.6666666666666666,0.572636815920398,0.16171516079632464,Yes,0
1.0,0.0,1.0,0.0,0.38888888888888884,1.0,1.0,0.5,0.0,1.0,1.0,0.0,1.0,0.0,0.0,0.0,0.3333333333333333,0.7796019900497512,0.35758039816232773,No,3
1.0,1.0,1.0,0.0,0.40277777777777773,1.0,1.0,0.5,0.0,0.0,1.0,0.0,1.0,1.0,0.0,1.0,0.6666666666666666,0.7985074626865671,0.3983154670750383,Yes,3
1.0,0.0,1.0,1.0,0.9722222222222222,1.0,0.0,0.5,1.0,1.0,1.0,1.0,1.0,0.0,1.0,1.0,0.3333333333333333,0.8243781094527362,0.8419601837672281,No,3
0.0,0.0,0.0,0.0,0.18055555555555555,1.0,0.0,1.0,0.5,0.5,0.5,0.5,0.5,0.5,0.5,0.0,1.0,0.019402985074626844,0.36370597243491576,No,0
0.0,1.0,1.0,0.0,0.8194444444444444,1.0,1.0,0.5,1.0,1.0,1.0,1.0,0.0,0.0,0.5,1.0,0.6666666666666666,0.754228855721393,0.6967840735068912,No,0
1.0,1.0,1.0,0.0,0.18055555555555555,1.0,1.0,0.5,0.0,0.0,0.0,0.0,1.0,1.0,0.0,1.0,0.6666666666666666,0.7661691542288557,0.06554364471669219,Yes,3
1.0,1.0,1.0,0.0,0.09722222222222221,1.0,1.0,0.5,0.0,0.0,0.0,0.0,0.0,0.0,0.0,1.0,1.0,0.5587064676616916,0.6754977029096477,Yes,3
0.0,0.0,1.0,0.0,0.861111111111111,1.0,0.0,0.0,1.0,0.0,1.0,1.0,1.0,1.0,1.0,0.0,1.0,0.6243781094527363,0.6457886676875957,No,0
0.0,0.0,0.0,0.0,0.29166666666666663,1.0,0.0,0.0,1.0,0.0,1.0,1.0,0.0,0.0,0.5,1.0,0.6666666666666666,0.417910447761194,0.07197549770290965,No,0
0.0,0.0,0.0,0.0,0.027777777777777776,1.0,0.0,0.0,0.0,0.0,1.0,0.0,0.0,1.0,0.0,0.0,0.6666666666666666,0.4238805970149254,0.03215926493108729,No,0
0.0,0.0,0.0,0.0,0.013888888888888888,1.0,0.0,0.0,0.0,0.0,0.0,0.0,0.0,0.0,0.0,0.0,0.3333333333333333,0.2557213930348259,0.5606431852986218,No,0
1.0,0.0,0.0,0.0,0.05555555555555555,1.0,0.0,0.5,0.0,0.0,1.0,0.0,0.0,1.0,0.0,0.0,0.6666666666666666,0.6746268656716418,0.4091883614088821,No,3
0.0,0.0,0.0,0.0,0.2638888888888889,1.0,0.0,1.0,0.5,0.5,0.5,0.5,0.5,0.5,0.5,0.0,0.3333333333333333,0.019900497512437804,0.5021439509954058,No,0
0.0,0.0,0.0,0.0,0.41666666666666663,1.0,0.0,0.5,0.0,0.0,0.0,1.0,1.0,0.0,0.0,0.0,0.6666666666666666,0.6656716417910448,0.3390505359877488,Yes,0
1.0,0.0,1.0,1.0,0.9305555555555555,1.0,0.0,1.0,0.5,0.5,0.5,0.5,0.5,0.5,1.0,1.0,0.3333333333333333,0.011442786069651711,0.07917304747320061,No,3
1.0,1.0,1.0,0.0,1.0,1.0,1.0,0.5,1.0,1.0,1.0,0.0,0.0,1.0,1.0,1.0,0.3333333333333333,0.8398009950248756,0.8885145482388974,No,3
1.0,0.0,1.0,0.0,0.736111111111111,1.0,0.0,1.0,0.5,0.5,0.5,0.5,0.5,0.5,1.0,0.0,0.3333333333333333,0.01641791044776117,0.03246554364471669,No,3
0.0,0.0,0.0,0.0,0.06944444444444445,1.0,0.0,1.0,0.5,0.5,0.5,0.5,0.5,0.5,0.5,0.0,0.6666666666666666,0.012935323383084563,0.996937212863706,No,0
1.0,1.0,1.0,0.0,0.986111111111111,1.0,0.0,0.5,0.0,1.0,1.0,1.0,0.0,1.0,1.0,1.0,0.3333333333333333,0.7686567164179104,0.8151607963246554,No,3
0.0,0.0,1.0,1.0,0.6944444444444444,1.0,1.0,0.0,0.0,1.0,1.0,1.0,1.0,1.0,0.5,1.0,0.3333333333333333,0.6557213930348259,0.5451761102603369,No,0
1.0,0.0,1.0,1.0,0.7777777777777777,1.0,1.0,0.5,0.0,0.0,1.0,1.0,1.0,1.0,1.0,1.0,0.6666666666666666,0.845273631840796,0.7388973966309341,No,3
1.0,0.0,0.0,0.0,0.027777777777777776,1.0,0.0,0.0,0.0,0.0,0.0,1.0,0.0,0.0,0.0,1.0,0.3333333333333333,0.31791044776119404,0.02664624808575804,No,3
0.0,1.0,0.0,0.0,0.027777777777777776,1.0,1.0,0.5,0.0,0.0,1.0,0.0,0.0,1.0,0.0,1.0,0.6666666666666666,0.699502487562189,0.2029096477794793,Yes,0
1.0,0.0,1.0,1.0,0.3333333333333333,1.0,1.0,0.0,1.0,0.0,0.0,0.0,0.0,0.0,0.0,0.0,0.6666666666666666,0.36318407960199006,0.09402756508422665,Yes,3
1.0,0.0,1.0,1.0,0.6388888888888888,1.0,0.0,1.0,0.5,0.5,0.5,0.5,0.5,0.5,1.0,0.0,0.3333333333333333,0.01691542288557213,0.9563552833078101,No,3
1.0,0.0,1.0,0.0,0.986111111111111,1.0,1.0,0.5,1.0,1.0,1.0,1.0,1.0,1.0,1.0,1.0,0.6666666666666666,0.9751243781094526,0.954364471669219,No,3
0.0,0.0,0.0,0.0,0.40277777777777773,0.0,0.5,0.0,0.0,0.0,0.0,1.0,0.0,0.0,0.0,1.0,0.6666666666666666,0.1288557213930348,0.9770290964777948,No,0
1.0,0.0,1.0,1.0,0.9583333333333333,1.0,1.0,1.0,0.5,0.5,0.5,0.5,0.5,0.5,1.0,0.0,0.0,0.061691542288557194,0.18713629402756507,No,3
1.0,0.0,1.0,0.0,0.986111111111111,1.0,1.0,0.0,0.0,1.0,1.0,1.0,1.0,1.0,1.0,0.0,0.3333333333333333,0.6562189054726368,0.7473200612557427,No,3
0.0,1.0,0.0,0.0,0.013888888888888888,1.0,0.0,0.5,0.0,0.0,0.0,0.0,1.0,1.0,0.0,1.0,0.6666666666666666,0.726865671641791,0.9715160796324656,Yes,0
1.0,1.0,1.0,0.0,0.7777777777777777,1.0,0.0,0.0,1.0,1.0,1.0,1.0,1.0,1.0,1.0,1.0,0.0,0.6706467661691543,0.6241960183767228,No,3
1.0,0.0,0.0,1.0,0.7777777777777777,1.0,0.0,1.0,0.5,0.5,0.5,0.5,0.5,0.5,0.5,1.0,1.0,0.02935323383084576,0.0669218989280245,No,3
1.0,0.0,0.0,0.0,0.013888888888888888,1.0,0.0,0.5,0.0,0.0,0.0,0.0,1.0,0.0,0.0,1.0,0.6666666666666666,0.6094527363184079,0.9139356814701378,Yes,3
0.0,0.0,1.0,0.0,0.38888888888888884,1.0,1.0,1.0,0.5,0.5,0.5,0.5,0.5,0.5,0.5,0.0,1.0,0.072636815920398,0.8160796324655436,No,0
0.0,0.0,1.0,1.0,0.2638888888888889,1.0,0.0,1.0,0.5,0.5,0.5,0.5,0.5,0.5,0.0,0.0,1.0,0.019402985074626844,0.5009188361408882,No,0
1.0,0.0,1.0,0.0,0.9166666666666666,1.0,1.0,0.0,0.0,0.0,0.0,1.0,0.0,1.0,0.0,0.0,0.6666666666666666,0.4537313432835821,0.5566615620214395,No,3
0.0,0.0,1.0,1.0,0.2361111111111111,1.0,1.0,0.0,0.0,0.0,1.0,1.0,0.0,0.0,0.5,1.0,1.0,0.43482587064676614,0.021439509954058193,No,0
1.0,0.0,1.0,1.0,0.7222222222222222,1.0,1.0,1.0,0.5,0.5,0.5,0.5,0.5,0.5,1.0,0.0,1.0,0.07462686567164178,0.09647779479326186,No,3
0.0,0.0,0.0,0.0,0.2638888888888889,1.0,0.0,0.0,0.0,1.0,0.0,0.0,1.0,0.0,0.5,0.0,0.6666666666666666,0.39751243781094525,0.01332312404287902,No,0
0.0,0.0,0.0,0.0,0.5,1.0,0.0,0.0,1.0,1.0,1.0,1.0,1.0,1.0,0.5,0.0,0.0,0.6726368159203979,0.3981623277182236,No,0
1.0,1.0,1.0,0.0,0.09722222222222221,1.0,0.0,0.5,0.0,0.0,0.0,0.0,0.0,0.0,0.0,1.0,1.0,0.5159203980099502,0.6050535987748852,Yes,3
1.0,0.0,1.0,1.0,1.0,1.0,1.0,0.5,1.0,1.0,1.0,1.0,0.0,1.0,0.5,1.0,0.3333333333333333,0.8621890547263681,0.886676875957121,No,3
1.0,0.0,1.0,1.0,0.9305555555555555,1.0,1.0,0.5,1.0,1.0,1.0,0.0,1.0,1.0,0.5,1.0,0.6666666666666666,0.9258706467661691,0.8823889739663093,Yes,3
1.0,1.0,0.0,0.0,0.4722222222222222,1.0,0.0,0.5,0.0,1.0,1.0,0.0,1.0,1.0,0.5,1.0,0.6666666666666666,0.8119402985074626,0.4442572741194487,No,3
1.0,1.0,1.0,0.0,0.7916666666666666,1.0,1.0,0.5,0.0,1.0,1.0,0.0,0.0,1.0,0.0,1.0,0.0,0.7661691542288557,0.6901990811638591,Yes,3
0.0,0.0,1.0,0.0,0.09722222222222221,1.0,0.0,0.5,0.0,0.0,1.0,0.0,1.0,0.0,0.0,1.0,0.6666666666666666,0.6766169154228856,0.7382848392036753,Yes,0
0.0,1.0,1.0,0.0,0.013888888888888888,1.0,1.0,0.5,0.0,0.0,1.0,0.0,1.0,1.0,0.0,1.0,0.6666666666666666,0.8213930348258706,0.0007656967840735068,Yes,0
1.0,0.0,1.0,0.0,0.1111111111111111,1.0,0.0,1.0,0.5,0.5,0.5,0.5,0.5,0.5,0.0,1.0,0.0,0.012935323383084563,0.16324655436447166,No,3
0.0,0.0,0.0,0.0,0.9583333333333333,1.0,1.0,0.5,0.0,0.0,1.0,1.0,1.0,1.0,1.0,0.0,0.6666666666666666,0.8532338308457711,0.847166921898928,No,0
0.0,0.0,1.0,0.0,0.6944444444444444,1.0,1.0,0.5,1.0,0.0,1.0,0.0,1.0,1.0,0.5,1.0,1.0,0.8572139303482588,0.6716692189892802,No,0
1.0,0.0,0.0,0.0,0.1388888888888889,1.0,0.0,1.0,0.5,0.5,0.5,0.5,0.5,0.5,0.5,0.0,1.0,0.01243781094527363,0.2891271056661562,No,3
0.0,0.0,1.0,1.0,0.16666666666666666,1.0,1.0,1.0,0.5,0.5,0.5,0.5,0.5,0.5,1.0,0.0,0.3333333333333333,0.06965174129353235,0.3647779479326187,No,0
0.0,0.0,0.0,0.0,0.19444444444444442,1.0,0.0,0.5,0.0,1.0,0.0,0.0,0.0,1.0,0.0,1.0,0.6666666666666666,0.6771144278606964,0.051761102603369066,Yes,0
0.0,0.0,1.0,0.0,0.9722222222222222,0.0,0.5,0.0,1.0,0.0,1.0,1.0,0.0,1.0,1.0,1.0,0.0,0.3144278606965174,0.4480857580398162,No,0
0.0,1.0,0.0,0.0,0.8888888888888888,1.0,1.0,0.5,1.0,0.0,1.0,1.0,1.0,1.0,0.0,1.0,0.0,0.9024875621890548,0.8546707503828483,No,0
0.0,0.0,1.0,1.0,0.9166666666666666,1.0,1.0,0.0,1.0,1.0,1.0,1.0,1.0,1.0,1.0,0.0,0.3333333333333333,0.7129353233830846,0.7476263399693721,No,0
0.0,0.0,1.0,1.0,0.986111111111111,1.0,0.0,0.0,1.0,0.0,1.0,1.0,1.0,1.0,1.0,1.0,0.3333333333333333,0.6343283582089552,0.751761102603369,No,0
1.0,1.0,0.0,0.0,0.2777777777777778,1.0,0.0,0.5,0.0,0.0,0.0,0.0,1.0,1.0,0.0,0.0,0.6666666666666666,0.7134328358208956,0.17212863705972434,No,3
1.0,0.0,1.0,0.0,1.0,1.0,0.0,0.0,1.0,1.0,0.0,1.0,1.0,1.0,1.0,1.0,0.0,0.607960199004975,0.7274119448698315,No,3
0.0,0.0,1.0,1.0,0.986111111111111,1.0,0.0,0.0,1.0,1.0,1.0,1.0,0.0,0.0,1.0,0.0,0.3333333333333333,0.45572139303482584,0.5830015313935681,No,0
1.0,0.0,1.0,1.0,0.5277777777777778,1.0,1.0,0.5,0.0,0.0,1.0,0.0,1.0,1.0,0.0,1.0,0.3333333333333333,0.8248756218905472,0.5177641653905053,No,3
0.0,0.0,0.0,0.0,0.38888888888888884,1.0,1.0,0.5,0.0,1.0,0.0,0.0,0.0,1.0,0.0,1.0,0.6666666666666666,0.7134328358208956,0.34808575803981623,Yes,0
1.0,1.0,1.0,0.0,0.2361111111111111,1.0,0.0,0.5,0.0,1.0,0.0,0.0,0.0,0.0,0.0,1.0,0.6666666666666666,0.5791044776119403,0.06539050535987749,Yes,3
1.0,0.0,0.0,0.0,0.4583333333333333,0.0,0.5,0.0,0.0,1.0,0.0,0.0,1.0,0.0,0.5,1.0,0.6666666666666666,0.20746268656716416,0.08667687595712098,No,3
0.0,0.0,1.0,1.0,0.3194444444444444,0.0,0.5,0.0,1.0,0.0,0.0,1.0,0.0,0.0,1.0,0.0,1.0,0.16268656716417912,0.9307810107197549,No,0
1.0,0.0,1.0,1.0,0.8055555555555555,1.0,0.0,1.0,0.5,0.5,0.5,0.5,0.5,0.5,0.5,1.0,0.6666666666666666,0.012935323383084563,0.031852986217457885,No,3
0.0,1.0,1.0,0.0,0.9722222222222222,1.0,1.0,0.5,0.0,1.0,0.0,1.0,1.0,1.0,1.0,1.0,0.0,0.8577114427860696,0.8719754977029096,No,0
1.0,0.0,1.0,0.0,0.05555555555555555,1.0,0.0,0.5,0.0,0.0,0.0,0.0,0.0,0.0,0.0,0.0,0.6666666666666666,0.5199004975124378,0.3891271056661562,No,3
1.0,0.0,1.0,1.0,0.625,1.0,0.0,1.0,0.5,0.5,0.5,0.5,0.5,0.5,1.0,0.0,1.0,0.020895522388059695,0.9781010719754977,No,3
1.0,0.0,0.0,0.0,0.1388888888888889,1.0,0.0,0.5,0.0,0.0,0.0,0.0,0.0,0.0,0.0,1.0,0.6666666666666666,0.5149253731343283,0.8768759571209801,Yes,3
1.0,0.0,1.0,1.0,0.5,1.0,0.0,1.0,0.5,0.5,0.5,0.5,0.5,0.5,1.0,0.0,0.3333333333333333,0.011940298507462671,0.8869831546707504,No,3
1.0,0.0,0.0,0.0,0.75,1.0,0.0,0.0,1.0,1.0,0.0,1.0,1.0,0.0,0.0,1.0,1.0,0.5139303482587065,0.508728943338438,No,3
1.0,0.0,1.0,1.0,0.3194444444444444,1.0,1.0,0.0,0.0,1.0,0.0,1.0,0.0,0.0,1.0,0.0,1.0,0.41243781094527365,0.11623277182235835,No,3
0.0,0.0,1.0,1.0,0.5694444444444444,1.0,1.0,0.0,1.0,1.0,1.0,0.0,1.0,0.0,0.5,1.0,0.3333333333333333,0.5980099502487561,0.42817764165390504,No,0
1.0,1.0,0.0,0.0,0.06944444444444445,1.0,0.0,0.5,0.0,0.0,0.0,0.0,0.0,0.0,0.0,1.0,1.0,0.5293532338308458,0.4898928024502297,No,3
1.0,0.0,1.0,1.0,0.375,0.0,0.5,0.0,0.0,1.0,1.0,0.0,0.0,1.0,0.5,1.0,0.3333333333333333,0.2746268656716418,0.06891271056661562,No,3
0.0,0.0,0.0,0.0,0.013888888888888888,1.0,0.0,0.5,0.0,0.0,0.0,1.0,1.0,1.0,0.0,1.0,0.6666666666666666,0.772139303482587,0.9872894333843798,No,0
0.0,0.0,1.0,1.0,0.9305555555555555,0.0,0.5,0.0,1.0,0.0,0.0,1.0,0.0,0.0,1.0,0.0,0.3333333333333333,0.1736318407960199,0.3364471669218989,No,0
0.0,1.0,1.0,1.0,1.0,1.0,1.0,0.0,1.0,1.0,1.0,1.0,1.0,1.0,1.0,1.0,0.3333333333333333,0.7094527363184079,0.7940275650842267,No,0
0.0,0.0,1.0,1.0,0.7777777777777777,1.0,1.0,1.0,0.5,0.5,0.5,0.5,0.5,0.5,1.0,1.0,0.3333333333333333,0.06666666666666665,0.1321592649310873,No,0
1.0,0.0,1.0,1.0,0.611111111111111,1.0,1.0,1.0,0.5,0.5,0.5,0.5,0.5,0.5,0.5,0.0,0.6666666666666666,0.06567164179104479,0.004900459418070444,No,3
0.0,1.0,1.0,0.0,0.9166666666666666,1.0,1.0,0.5,0.0,1.0,0.0,0.0,1.0,1.0,0.0,1.0,0.6666666666666666,0.8213930348258706,0.8134762633996937,No,0
0.0,0.0,0.0,0.0,0.4722222222222222,1.0,1.0,0.0,1.0,1.0,0.0,1.0,0.0,0.0,0.5,1.0,1.0,0.4592039800995025,0.26278713629402756,Yes,0
0.0,0.0,1.0,0.0,0.9583333333333333,1.0,1.0,0.5,0.0,0.0,1.0,1.0,1.0,1.0,1.0,0.0,0.0,0.8666666666666666,0.863552833078101,No,0
0.0,0.0,1.0,1.0,0.013888888888888888,1.0,1.0,0.5,1.0,0.0,1.0,0.0,1.0,1.0,0.0,1.0,0.6666666666666666,0.8378109452736319,0.005513016845329249,Yes,0
0.0,0.0,0.0,0.0,0.5555555555555556,1.0,0.0,1.0,0.5,0.5,0.5,0.5,0.5,0.5,1.0,0.0,0.3333333333333333,0.013930348258706454,0.9393568147013782,No,0
1.0,0.0,1.0,1.0,0.41666666666666663,1.0,1.0,0.0,1.0,0.0,0.0,0.0,0.0,0.0,0.0,1.0,0.0,0.36019900497512436,0.15926493108728942,No,3
0.0,0.0,0.0,0.0,0.15277777777777776,1.0,0.0,0.0,0.0,0.0,0.0,1.0,1.0,1.0,0.0,0.0,1.0,0.5199004975124378,0.93843797856049,No,0
0.0,0.0,0.0,0.0,0.20833333333333331,1.0,0.0,1.0,0.5,0.5,0.5,0.5,0.5,0.5,0.5,0.0,0.3333333333333333,0.01840796019900498,0.4012251148545176,No,0
1.0,0.0,0.0,0.0,0.15277777777777776,1.0,0.0,0.0,0.0,0.0,1.0,0.0,1.0,1.0,0.0,1.0,0.6666666666666666,0.508457711442786,0.8554364471669219,No,3
0.0,0.0,1.0,1.0,0.8888888888888888,1.0,0.0,1.0,0.5,0.5,0.5,0.5,0.5,0.5,0.5,0.0,0.0,0.015422885572139305,0.09326186830015314,No,0
1.0,1.0,1.0,0.0,1.0,1.0,0.0,0.0,1.0,1.0,1.0,1.0,1.0,0.0,1.0,0.0,0.0,0.5587064676616916,0.6848392036753446,No,3
1.0,1.0,1.0,0.0,1.0,1.0,1.0,0.5,1.0,1.0,1.0,1.0,0.0,0.0,1.0,1.0,0.0,0.7442786069651741,0.8177641653905053,No,3
0.0,0.0,0.0,1.0,0.013888888888888888,1.0,0.0,0.0,1.0,0.0,0.0,0.0,0.0,0.0,0.0,0.0,1.0,0.3278606965174129,0.6586523736600306,No,0
0.0,0.0,0.0,1.0,0.20833333333333331,1.0,0.0,0.0,1.0,1.0,1.0,1.0,0.0,0.0,0.5,0.0,0.3333333333333333,0.47114427860696506,0.003675344563552833,No,0
0.0,0.0,0.0,0.0,0.8333333333333333,1.0,1.0,0.0,0.0,0.0,1.0,1.0,1.0,1.0,0.5,0.0,0.3333333333333333,0.6199004975124378,0.6258805513016845,No,0
1.0,0.0,0.0,0.0,0.7777777777777777,1.0,0.0,0.0,1.0,0.0,1.0,0.0,0.0,0.0,0.5,0.0,1.0,0.3427860696517413,0.4009188361408882,No,3
0.0,0.0,0.0,0.0,0.1111111111111111,1.0,0.0,1.0,0.5,0.5,0.5,0.5,0.5,0.5,1.0,0.0,1.0,0.025870646766169153,0.16370597243491578,No,0
0.0,0.0,0.0,0.0,0.041666666666666664,1.0,0.0,0.5,0.0,0.0,1.0,1.0,0.0,0.0,0.0,0.0,0.3333333333333333,0.6154228855721392,0.2738131699846861,Yes,0
0.0,0.0,1.0,0.0,0.6805555555555555,1.0,1.0,0.0,0.0,0.0,0.0,0.0,0.0,0.0,0.0,1.0,0.3333333333333333,0.3373134328358208,0.34226646248085757,No,0
0.0,0.0,0.0,0.0,0.027777777777777776,1.0,0.0,0.5,0.0,0.0,0.0,0.0,1.0,0.0,0.0,1.0,0.6666666666666666,0.6164179104477612,0.12940275650842267,Yes,0
0.0,0.0,0.0,0.0,0.08333333333333333,1.0,0.0,0.5,1.0,1.0,1.0,1.0,0.0,1.0,0.0,1.0,0.0,0.7950248756218906,0.7174578866768759,Yes,0
1.0,0.0,0.0,0.0,0.9722222222222222,1.0,1.0,0.5,1.0,1.0,1.0,1.0,1.0,1.0,1.0,1.0,0.0,0.9621890547263682,0.8995405819295559,No,3
1.0,0.0,0.0,0.0,0.16666666666666666,1.0,1.0,0.5,0.0,1.0,1.0,1.0,1.0,1.0,0.0,1.0,1.0,0.9422885572139305,0.10627871362940275,Yes,3
1.0,1.0,1.0,0.0,0.7222222222222222,1.0,0.0,0.5,1.0,0.0,1.0,1.0,1.0,1.0,0.5,1.0,0.0,0.8577114427860696,0.6966309341500766,No,3
0.0,0.0,1.0,0.0,1.0,1.0,1.0,0.5,1.0,1.0,1.0,1.0,1.0,1.0,1.0,1.0,0.3333333333333333,0.9492537313432835,0.9300153139356815,No,0
0.0,0.0,0.0,0.0,0.5555555555555556,1.0,0.0,1.0,0.5,0.5,0.5,0.5,0.5,0.5,1.0,1.0,0.0,0.023383084577114438,0.9370597243491577,No,0
0.0,0.0,0.0,0.0,0.013888888888888888,1.0,0.0,0.5,0.0,0.0,0.0,0.0,0.0,0.0,0.0,0.0,1.0,0.5238805970149254,0.8451761102603369,Yes,0
0.0,1.0,0.0,0.0,0.041666666666666664,1.0,0.0,0.5,0.0,0.0,1.0,0.0,1.0,0.0,0.0,1.0,0.6666666666666666,0.6825870646766168,0.28024502297090353,Yes,0
0.0,1.0,0.0,0.0,0.5555555555555556,1.0,0.0,0.5,0.0,0.0,0.0,0.0,1.0,1.0,0.0,1.0,0.6666666666666666,0.7293532338308457,0.4851454823889739,No,0
1.0,0.0,0.0,1.0,0.013888888888888888,1.0,0.0,0.0,0.0,0.0,1.0,0.0,0.0,0.0,0.0,1.0,0.6666666666666666,0.3144278606965174,0.6349157733537519,No,3
1.0,0.0,1.0,0.0,0.41666666666666663,1.0,0.0,1.0,0.5,0.5,0.5,0.5,0.5,0.5,0.5,0.0,0.3333333333333333,0.015422885572139305,0.7278713629402757,No,3
1.0,0.0,1.0,1.0,0.3194444444444444,1.0,0.0,0.5,1.0,0.0,0.0,1.0,1.0,1.0,0.0,1.0,0.6666666666666666,0.8119402985074626,0.3012251148545176,Yes,3
1.0,0.0,1.0,1.0,0.013888888888888888,1.0,1.0,0.5,0.0,0.0,0.0,0.0,0.0,0.0,0.0,1.0,0.6666666666666666,0.5597014925373134,0.8761102603369065,Yes,3
0.0,1.0,1.0,0.0,0.611111111111111,1.0,1.0,0.5,0.0,0.0,1.0,1.0,1.0,1.0,0.0,0.0,0.6666666666666666,0.854726368159204,0.5833078101071976,No,0
1.0,0.0,0.0,0.0,0.9027777777777777,1.0,1.0,0.5,0.0,1.0,1.0,1.0,1.0,1.0,0.0,1.0,0.6666666666666666,0.9044776119402985,0.8379785604900459,Yes,3
0.0,1.0,0.0,0.0,0.09722222222222221,1.0,0.0,0.0,1.0,0.0,0.0,0.0,0.0,0.0,0.0,1.0,0.6666666666666666,0.2980099502487562,0.45114854517611025,No,0
1.0,1.0,0.0,0.0,1.0,1.0,1.0,1.0,0.5,0.5,0.5,0.5,0.5,0.5,1.0,1.0,0.3333333333333333,0.0681592039800995,0.20275650842266463,No,3
0.0,1.0,0.0,0.0,0.1111111111111111,1.0,1.0,0.5,0.0,0.0,0.0,1.0,1.0,1.0,0.0,1.0,0.3333333333333333,0.8149253731343283,0.9709035222052067,No,0
0.0,0.0,0.0,0.0,0.2222222222222222,1.0,1.0,0.0,0.0,0.0,1.0,0.0,0.0,1.0,0.0,1.0,0.3333333333333333,0.4671641791044776,0.012863705972434915,Yes,0
1.0,1.0,1.0,1.0,0.9166666666666666,1.0,1.0,0.5,0.0,0.0,1.0,0.0,1.0,1.0,0.0,1.0,0.3333333333333333,0.808457711442786,0.8255742725880552,Yes,3
1.0,0.0,0.0,0.0,0.013888888888888888,1.0,0.0,0.5,0.0,0.0,0.0,0.0,0.0,0.0,0.0,1.0,1.0,0.5303482587064676,0.8529862174578866,Yes,3
1.0,0.0,0.0,1.0,0.041666666666666664,1.0,0.0,0.0,1.0,0.0,1.0,0.0,0.0,0.0,0.0,0.0,1.0,0.3746268656716417,0.1560490045941807,No,3
1.0,0.0,1.0,0.0,0.736111111111111,1.0,1.0,0.5,1.0,0.0,1.0,0.0,0.0,1.0,0.0,0.0,0.6666666666666666,0.7527363184079602,0.6520673813169985,Yes,3
1.0,1.0,1.0,0.0,0.1111111111111111,1.0,0.0,0.0,0.0,0.0,1.0,1.0,0.0,1.0,0.0,1.0,0.3333333333333333,0.4592039800995025,0.7332312404287902,No,3
1.0,1.0,1.0,0.0,0.9583333333333333,1.0,1.0,0.5,0.0,1.0,1.0,1.0,1.0,1.0,1.0,1.0,0.0,0.8970149253731344,0.869218989280245,Yes,3
0.0,0.0,0.0,0.0,0.06944444444444445,1.0,0.0,0.5,0.0,1.0,0.0,0.0,1.0,0.0,0.0,1.0,1.0,0.6671641791044776,0.5500765696784073,No,0
0.0,0.0,1.0,1.0,1.0,1.0,1.0,0.5,1.0,0.0,1.0,1.0,1.0,1.0,1.0,0.0,1.0,0.8875621890547264,0.890199081163859,No,0
0.0,0.0,1.0,0.0,0.18055555555555555,0.0,0.5,0.0,0.0,0.0,1.0,0.0,1.0,1.0,0.0,1.0,0.0,0.3034825870646766,0.7831546707503828,Yes,0
0.0,0.0,0.0,0.0,0.05555555555555555,1.0,1.0,0.5,0.0,0.0,0.0,0.0,1.0,0.0,0.0,1.0,0.6666666666666666,0.6706467661691543,0.42741194486983153,Yes,0
0.0,0.0,1.0,1.0,0.75,1.0,1.0,0.0,1.0,1.0,1.0,1.0,1.0,1.0,1.0,0.0,0.3333333333333333,0.726865671641791,0.6433384379785605,No,0
1.0,0.0,1.0,0.0,1.0,1.0,1.0,0.0,0.0,1.0,1.0,1.0,1.0,1.0,1.0,0.0,0.0,0.6736318407960199,0.7686064318529862,No,3
1.0,0.0,0.0,0.0,0.16666666666666666,1.0,1.0,0.5,0.0,1.0,1.0,0.0,1.0,1.0,0.0,1.0,0.6666666666666666,0.8800995024875623,0.07120980091883614,Yes,3
1.0,0.0,0.0,0.0,0.013888888888888888,0.0,0.5,0.0,0.0,0.0,0.0,0.0,0.0,0.0,0.0,1.0,0.6666666666666666,0.06865671641791044,0.32924961715160794,Yes,3
1.0,1.0,0.0,0.0,0.013888888888888888,1.0,0.0,0.0,0.0,0.0,0.0,0.0,0.0,0.0,0.0,0.0,0.6666666666666666,0.2681592039800995,0.584073506891271,No,3
0.0,0.0,1.0,0.0,0.75,1.0,1.0,0.5,0.0,1.0,1.0,1.0,1.0,1.0,0.5,0.0,0.6666666666666666,0.9164179104477611,0.7401225114854517,Yes,0
1.0,0.0,1.0,1.0,0.9583333333333333,1.0,1.0,0.5,0.0,0.0,1.0,0.0,0.0,0.0,1.0,1.0,0.3333333333333333,0.6064676616915423,0.689739663093415,No,3
0.0,0.0,0.0,0.0,0.6666666666666666,1.0,0.0,0.0,1.0,1.0,0.0,0.0,0.0,0.0,1.0,0.0,0.3333333333333333,0.37064676616915426,0.3485451761102603,No,0
0.0,0.0,1.0,1.0,0.6666666666666666,1.0,1.0,0.5,1.0,1.0,0.0,0.0,1.0,1.0,0.5,1.0,0.3333333333333333,0.845771144278607,0.6534456355283308,Yes,0
0.0,0.0,1.0,0.0,0.1111111111111111,1.0,1.0,0.5,0.0,0.0,0.0,1.0,0.0,1.0,0.0,1.0,0.6666666666666666,0.7164179104477612,0.87947932618683,No,0
1.0,0.0,1.0,1.0,0.986111111111111,1.0,1.0,0.0,1.0,1.0,1.0,1.0,1.0,1.0,1.0,1.0,1.0,0.7263681592039801,0.8050535987748851,No,3
1.0,0.0,0.0,0.0,0.027777777777777776,1.0,0.0,0.0,1.0,0.0,0.0,0.0,0.0,0.0,0.0,1.0,0.6666666666666666,0.29402985074626864,0.9751914241960183,Yes,3
1.0,0.0,1.0,0.0,0.9305555555555555,1.0,0.0,0.5,1.0,1.0,0.0,0.0,1.0,1.0,0.5,1.0,0.3333333333333333,0.8223880597014926,0.8176110260336906,No,3
1.0,0.0,1.0,1.0,0.4722222222222222,1.0,1.0,0.5,0.0,1.0,0.0,0.0,1.0,1.0,0.0,1.0,0.0,0.790547263681592,0.45252679938744256,No,3
0.0,0.0,0.0,0.0,0.041666666666666664,1.0,0.0,0.5,0.0,0.0,0.0,0.0,0.0,0.0,0.0,1.0,0.6666666666666666,0.5134328358208955,0.24441041347626338,No,0
0.0,0.0,1.0,1.0,0.125,1.0,0.0,0.0,0.0,1.0,0.0,1.0,1.0,0.0,0.5,1.0,1.0,0.47114427860696506,0.7447166921898928,No,0
1.0,0.0,1.0,1.0,0.986111111111111,1.0,0.0,0.5,1.0,1.0,1.0,0.0,1.0,1.0,0.5,1.0,0.0,0.8597014925373135,0.8663093415007657,No,3
1.0,0.0,0.0,0.0,0.7916666666666666,1.0,1.0,0.5,0.0,0.0,0.0,1.0,1.0,0.0,1.0,1.0,0.3333333333333333,0.718407960199005,0.6707503828483921,No,3
1.0,0.0,0.0,0.0,1.0,0.0,0.5,0.0,1.0,1.0,1.0,1.0,1.0,1.0,1.0,1.0,0.0,0.4522388059701493,0.580551301684533,No,3
0.0,1.0,1.0,1.0,0.6666666666666666,1.0,0.0,0.5,1.0,0.0,1.0,1.0,1.0,1.0,0.0,1.0,0.6666666666666666,0.8582089552238806,0.6563552833078101,No,0
1.0,0.0,0.0,0.0,0.25,1.0,0.0,1.0,0.5,0.5,0.5,0.5,0.5,0.5,0.5,0.0,1.0,0.01840796019900498,0.5245022970903522,No,3
1.0,0.0,1.0,1.0,0.5972222222222222,1.0,1.0,0.5,0.0,0.0,1.0,1.0,1.0,1.0,0.5,1.0,0.3333333333333333,0.8562189054726367,0.5787136294027565,No,3
0.0,0.0,1.0,1.0,1.0,1.0,1.0,0.0,1.0,1.0,1.0,1.0,1.0,1.0,1.0,1.0,0.0,0.7462686567164178,0.8127105666156202,No,0
1.0,0.0,1.0,1.0,0.4861111111111111,1.0,1.0,0.0,0.0,0.0,0.0,1.0,1.0,1.0,0.5,1.0,0.0,0.5492537313432836,0.35482388973966306,No,3
1.0,0.0,0.0,0.0,0.05555555555555555,1.0,0.0,1.0,0.5,0.5,0.5,0.5,0.5,0.5,0.0,0.0,1.0,0.024378109452736302,0.8672281776416538,No,3
0.0,0.0,1.0,1.0,0.6805555555555555,1.0,1.0,1.0,0.5,0.5,0.5,0.5,0.5,0.5,1.0,0.0,1.0,0.06965174129353235,0.05911179173047473,No,0
0.0,0.0,1.0,1.0,0.986111111111111,1.0,1.0,0.5,1.0,1.0,1.0,0.0,1.0,0.0,1.0,0.0,0.0,0.818407960199005,0.8474732006125574,No,0
1.0,0.0,1.0,1.0,0.15277777777777776,1.0,0.0,0.5,0.0,0.0,0.0,0.0,1.0,1.0,0.0,0.0,0.6666666666666666,0.7199004975124377,0.005972434915773353,No,3
1.0,0.0,1.0,1.0,0.875,1.0,1.0,0.0,1.0,1.0,1.0,1.0,1.0,1.0,1.0,1.0,0.3333333333333333,0.7079601990049752,0.7091883614088821,No,3
0.0,1.0,0.0,0.0,0.9027777777777777,1.0,1.0,0.5,0.0,1.0,1.0,0.0,1.0,0.0,0.0,1.0,0.0,0.7681592039800995,0.7738131699846861,No,0
0.0,0.0,0.0,1.0,0.6805555555555555,1.0,0.0,1.0,0.5,0.5,0.5,0.5,0.5,0.5,1.0,0.0,0.3333333333333333,0.021890547263681587,0.007963246554364471,No,0
0.0,0.0,0.0,0.0,0.40277777777777773,1.0,1.0,0.5,0.0,0.0,1.0,0.0,1.0,1.0,0.0,1.0,0.3333333333333333,0.799502487562189,0.388208269525268,Yes,0
0.0,1.0,1.0,0.0,0.20833333333333331,1.0,1.0,0.5,0.0,0.0,1.0,1.0,0.0,0.0,0.0,1.0,0.6666666666666666,0.6447761194029851,0.07182235834609495,Yes,0
0.0,0.0,1.0,1.0,0.05555555555555555,1.0,0.0,1.0,0.5,0.5,0.5,0.5,0.5,0.5,0.0,1.0,0.6666666666666666,0.01691542288557213,0.9346094946401224,No,0
0.0,0.0,1.0,0.0,1.0,1.0,1.0,0.5,0.0,1.0,1.0,1.0,1.0,1.0,0.5,0.0,0.3333333333333333,0.9044776119402985,0.9039816232771822,No,0
0.0,1.0,1.0,0.0,0.3611111111111111,1.0,0.0,0.5,0.0,0.0,1.0,0.0,1.0,0.0,0.0,1.0,0.3333333333333333,0.6711442786069651,0.25895865237366,No,0
0.0,1.0,1.0,0.0,0.4861111111111111,1.0,1.0,0.5,0.0,0.0,1.0,0.0,1.0,1.0,0.0,0.0,0.0,0.8338308457711442,0.4575803981623277,No,0
0.0,0.0,0.0,0.0,0.7916666666666666,1.0,1.0,0.5,0.0,1.0,0.0,1.0,0.0,1.0,0.5,0.0,0.6666666666666666,0.7606965174129353,0.6954058192955589,No,0
1.0,0.0,1.0,1.0,0.38888888888888884,1.0,1.0,0.0,0.0,1.0,0.0,0.0,0.0,1.0,0.0,0.0,0.6666666666666666,0.4592039800995025,0.20689127105666155,No,3
0.0,0.0,1.0,0.0,0.3472222222222222,1.0,1.0,1.0,0.5,0.5,0.5,0.5,0.5,0.5,0.5,1.0,1.0,0.08507462686567163,0.8704441041347626,No,0
0.0,0.0,1.0,0.0,0.6527777777777778,1.0,0.0,0.0,1.0,0.0,1.0,0.0,1.0,0.0,0.5,1.0,0.3333333333333333,0.47562189054726367,0.4018376722817764,No,0
0.0,0.0,1.0,1.0,0.7916666666666666,1.0,1.0,0.0,1.0,1.0,0.0,1.0,0.0,0.0,0.0,0.0,0.0,0.4671641791044776,0.4865237366003063,No,0
1.0,1.0,1.0,0.0,0.2222222222222222,1.0,1.0,0.5,0.0,0.0,0.0,0.0,1.0,0.0,0.0,1.0,0.3333333333333333,0.6646766169154228,0.10949464012251148,No,3
1.0,0.0,0.0,0.0,0.06944444444444445,1.0,0.0,0.0,1.0,0.0,1.0,0.0,0.0,0.0,0.0,1.0,1.0,0.37363184079601985,0.364624808575804,No,3
1.0,0.0,1.0,0.0,0.2361111111111111,1.0,0.0,0.5,0.0,0.0,0.0,0.0,0.0,0.0,0.0,1.0,0.0,0.518905472636816,0.05972434915773354,Yes,3
0.0,1.0,0.0,0.0,0.7777777777777777,1.0,1.0,0.5,0.0,1.0,1.0,0.0,1.0,1.0,0.5,1.0,0.0,0.8606965174129354,0.7010719754977028,Yes,0
1.0,0.0,1.0,1.0,1.0,1.0,0.0,1.0,0.5,0.5,0.5,0.5,0.5,0.5,1.0,0.0,0.0,0.01691542288557213,0.09004594180704441,No,3
0.0,1.0,0.0,0.0,0.29166666666666663,1.0,1.0,0.5,0.0,0.0,0.0,0.0,1.0,1.0,0.0,1.0,0.6666666666666666,0.7562189054726368,0.24165390505359877,Yes,0
0.0,0.0,1.0,1.0,0.6666666666666666,0.0,0.5,0.0,1.0,0.0,1.0,0.0,0.0,1.0,0.5,0.0,0.3333333333333333,0.26616915422885573,0.2782542113323124,No,0
0.0,0.0,1.0,0.0,0.9444444444444444,1.0,1.0,0.5,1.0,1.0,1.0,1.0,1.0,1.0,1.0,0.0,0.0,0.9616915422885571,0.9082695252679939,No,0
0.0,0.0,0.0,0.0,0.41666666666666663,1.0,1.0,0.5,1.0,0.0,0.0,1.0,1.0,1.0,0.0,0.0,0.0,0.8771144278606965,0.42833078101071975,No,0
0.0,0.0,1.0,0.0,0.041666666666666664,1.0,0.0,0.0,0.0,0.0,0.0,0.0,0.0,0.0,0.0,1.0,1.0,0.2771144278606965,0.08376722817764165,No,0
0.0,1.0,0.0,0.0,0.19444444444444442,0.0,0.5,0.0,1.0,0.0,1.0,1.0,0.0,0.0,1.0,0.0,1.0,0.21343283582089556,0.8366003062787136,No,0
0.0,0.0,0.0,1.0,0.05555555555555555,1.0,0.0,1.0,0.5,0.5,0.5,0.5,0.5,0.5,0.0,1.0,0.0,0.01791044776119402,0.9511485451761102,No,0
0.0,0.0,1.0,1.0,0.986111111111111,1.0,1.0,0.5,0.0,1.0,1.0,0.0,0.0,1.0,1.0,1.0,0.3333333333333333,0.7711442786069651,0.8281776416539051,No,0
1.0,0.0,1.0,1.0,0.1111111111111111,1.0,1.0,1.0,0.5,0.5,0.5,0.5,0.5,0.5,0.5,0.0,1.0,0.061194029850746234,0.2545176110260337,No,3
1.0,0.0,1.0,1.0,0.8472222222222222,0.0,0.5,0.0,1.0,0.0,1.0,0.0,0.0,0.0,0.0,0.0,0.0,0.1527363184079602,0.2670750382848392,No,3
1.0,0.0,1.0,1.0,1.0,1.0,1.0,0.5,0.0,1.0,1.0,1.0,0.0,0.0,1.0,0.0,0.0,0.718407960199005,0.803062787136294,No,3
0.0,0.0,0.0,0.0,0.06944444444444445,1.0,1.0,0.5,0.0,0.0,0.0,0.0,1.0,0.0,0.0,1.0,0.6666666666666666,0.654228855721393,0.5542113323124043,No,0
0.0,0.0,0.0,0.0,0.6805555555555555,1.0,0.0,0.0,1.0,1.0,1.0,1.0,0.0,0.0,1.0,0.0,0.0,0.4890547263681593,0.43966309341500764,No,0
1.0,0.0,0.0,0.0,0.1111111111111111,1.0,0.0,1.0,0.5,0.5,0.5,0.5,0.5,0.5,0.0,1.0,0.0,0.014427860696517386,0.1796324655436447,No,3
1.0,0.0,0.0,0.0,0.041666666666666664,1.0,0.0,0.5,0.0,0.0,0.0,0.0,0.0,1.0,0.0,1.0,0.6666666666666666,0.617910447761194,0.3343032159264931,No,3
1.0,0.0,1.0,1.0,0.125,1.0,0.0,1.0,0.5,0.5,0.5,0.5,0.5,0.5,1.0,0.0,1.0,0.013432835820895522,0.24073506891271057,No,3
1.0,0.0,1.0,1.0,0.9305555555555555,1.0,0.0,0.0,1.0,1.0,0.0,0.0,0.0,0.0,1.0,1.0,0.0,0.3577114427860697,0.5029096477794793,No,3
1.0,0.0,0.0,0.0,0.6388888888888888,1.0,0.0,0.0,0.0,0.0,0.0,0.0,0.0,0.0,0.0,1.0,0.3333333333333333,0.2681592039800995,0.2584992343032159,No,3
0.0,0.0,1.0,0.0,0.9305555555555555,1.0,1.0,0.0,1.0,1.0,1.0,0.0,0.0,1.0,0.5,0.0,1.0,0.5656716417910447,0.655895865237366,No,0
0.0,0.0,1.0,0.0,0.7638888888888888,1.0,0.0,1.0,0.5,0.5,0.5,0.5,0.5,0.5,0.5,0.0,0.6666666666666666,0.014427860696517386,0.041653905053598776,No,0
1.0,0.0,1.0,0.0,0.4583333333333333,1.0,1.0,0.0,1.0,1.0,1.0,0.0,1.0,0.0,0.0,1.0,0.0,0.5422885572139303,0.3211332312404288,No,3
1.0,0.0,1.0,1.0,0.861111111111111,1.0,0.0,1.0,0.5,0.5,0.5,0.5,0.5,0.5,1.0,0.0,0.3333333333333333,0.01791044776119402,0.07381316998468607,No,3
0.0,0.0,0.0,1.0,0.013888888888888888,1.0,0.0,0.0,0.0,0.0,0.0,0.0,0.0,0.0,0.0,0.0,1.0,0.2756218905472637,0.5859111791730475,Yes,0
1.0,0.0,1.0,1.0,0.6805555555555555,0.0,0.5,0.0,1.0,0.0,0.0,0.0,0.0,1.0,0.0,1.0,0.6666666666666666,0.20845771144278608,0.213323124042879,No,3
1.0,0.0,0.0,0.0,0.013888888888888888,1.0,0.0,0.0,0.0,0.0,0.0,0.0,0.0,0.0,0.0,1.0,0.6666666666666666,0.26368159203980096,0.573813169984686,No,3
1.0,0.0,1.0,0.0,0.19444444444444442,1.0,1.0,0.5,0.0,1.0,1.0,0.0,0.0,0.0,0.0,1.0,0.6666666666666666,0.6407960199004975,0.052833078101071976,No,3
1.0,1.0,0.0,0.0,0.25,1.0,1.0,0.5,0.0,0.0,1.0,1.0,1.0,0.0,0.0,0.0,0.0,0.7527363184079602,0.19356814701378253,No,3
0.0,1.0,0.0,0.0,0.013888888888888888,1.0,0.0,0.5,0.0,0.0,0.0,0.0,0.0,0.0,0.0,1.0,0.6666666666666666,0.5164179104477612,0.8428790199081163,Yes,0
0.0,0.0,0.0,0.0,0.013888888888888888,1.0,0.0,0.5,0.0,0.0,1.0,0.0,1.0,0.0,0.0,1.0,0.3333333333333333,0.6696517412935323,0.951301684532925,Yes,0
0.0,0.0,1.0,0.0,1.0,1.0,1.0,0.5,1.0,1.0,1.0,1.0,1.0,1.0,1.0,1.0,0.3333333333333333,0.9840796019900498,0.9523736600306278,No,0
1.0,0.0,0.0,0.0,0.8888888888888888,1.0,1.0,0.5,1.0,0.0,1.0,1.0,0.0,1.0,1.0,0.0,0.3333333333333333,0.8059701492537313,0.801531393568147,No,3
1.0,0.0,1.0,0.0,0.9583333333333333,1.0,1.0,0.5,1.0,1.0,1.0,1.0,1.0,1.0,1.0,1.0,0.0,0.9383084577114428,0.9068912710566616,No,3
0.0,0.0,0.0,0.0,0.013888888888888888,1.0,1.0,1.0,0.5,0.5,0.5,0.5,0.5,0.5,0.0,1.0,0.6666666666666666,0.07412935323383085,0.33016845329249617,No,0
1.0,0.0,1.0,1.0,0.986111111111111,1.0,1.0,0.0,1.0,1.0,1.0,1.0,1.0,1.0,1.0,0.0,0.3333333333333333,0.7169154228855721,0.777947932618683,No,3
0.0,0.0,1.0,1.0,0.9166666666666666,1.0,0.0,0.0,0.0,0.0,0.0,1.0,0.0,0.0,0.5,1.0,0.3333333333333333,0.30995024875621885,0.4335375191424196,No,0
1.0,0.0,0.0,0.0,0.027777777777777776,1.0,0.0,1.0,0.5,0.5,0.5,0.5,0.5,0.5,0.0,0.0,1.0,0.011442786069651711,0.6479326186830016,No,3
0.0,1.0,1.0,0.0,0.986111111111111,1.0,0.0,0.5,1.0,1.0,1.0,1.0,1.0,1.0,1.0,1.0,0.0,0.9099502487562189,0.9156202143950996,No,0
1.0,0.0,0.0,0.0,0.15277777777777776,1.0,0.0,0.0,0.0,1.0,0.0,0.0,1.0,0.0,0.5,1.0,0.6666666666666666,0.4278606965174129,0.8664624808575804,No,3
1.0,0.0,0.0,1.0,0.6527777777777778,1.0,0.0,0.0,1.0,1.0,0.0,0.0,0.0,0.0,0.0,1.0,0.6666666666666666,0.3686567164179104,0.3525267993874426,No,3
0.0,0.0,1.0,0.0,0.4861111111111111,1.0,0.0,0.5,0.0,0.0,0.0,0.0,0.0,0.0,0.0,1.0,0.6666666666666666,0.517910447761194,0.3154670750382848,Yes,0
1.0,1.0,1.0,0.0,0.4444444444444444,1.0,1.0,0.5,0.0,1.0,1.0,0.0,1.0,1.0,0.0,0.0,0.0,0.8766169154228854,0.4673813169984686,Yes,3
1.0,0.0,1.0,1.0,0.8333333333333333,1.0,1.0,0.5,0.0,1.0,0.0,1.0,1.0,1.0,0.0,1.0,0.0,0.8507462686567163,0.7490045941807044,No,3
1.0,0.0,0.0,0.0,0.15277777777777776,1.0,0.0,1.0,0.5,0.5,0.5,0.5,0.5,0.5,0.5,0.0,1.0,0.01243781094527363,0.2905053598774885,No,3
0.0,0.0,0.0,0.0,0.40277777777777773,0.0,0.5,0.0,1.0,1.0,0.0,1.0,0.0,0.0,0.5,0.0,0.3333333333333333,0.21144278606965172,0.025114854517611026,No,0
1.0,0.0,1.0,1.0,0.29166666666666663,0.0,0.5,0.0,0.0,0.0,0.0,0.0,0.0,0.0,0.0,1.0,0.6666666666666666,0.07761194029850743,0.7162327718223583,No,3
1.0,1.0,1.0,0.0,0.6666666666666666,1.0,1.0,0.5,0.0,0.0,1.0,0.0,0.0,1.0,0.0,1.0,0.3333333333333333,0.7243781094527363,0.5684532924961715,No,3
0.0,0.0,0.0,1.0,0.041666666666666664,0.0,0.5,0.0,0.0,1.0,0.0,0.0,0.0,0.0,0.0,0.0,1.0,0.11343283582089547,0.9679938744257274,No,0
0.0,0.0,1.0,1.0,0.5972222222222222,1.0,0.0,0.0,0.0,1.0,0.0,0.0,0.0,0.0,0.0,0.0,1.0,0.31791044776119404,0.27289433384379785,No,0
1.0,0.0,0.0,0.0,0.06944444444444445,1.0,1.0,0.5,0.0,1.0,1.0,0.0,1.0,1.0,0.0,0.0,0.6666666666666666,0.8661691542288558,0.6998468606431852,No,3
0.0,0.0,0.0,0.0,0.013888888888888888,1.0,0.0,0.0,0.0,0.0,0.0,0.0,0.0,1.0,0.0,1.0,0.6666666666666666,0.37014925373134333,0.6989280245022971,No,0
1.0,0.0,1.0,1.0,0.986111111111111,1.0,1.0,0.0,1.0,0.0,1.0,1.0,1.0,1.0,0.5,0.0,0.6666666666666666,0.6686567164179105,0.7802450229709035,No,3
0.0,0.0,1.0,1.0,0.1111111111111111,1.0,0.0,1.0,0.5,0.5,0.5,0.5,0.5,0.5,0.5,0.0,0.6666666666666666,0.015422885572139305,0.16156202143950996,No,0
1.0,0.0,0.0,0.0,0.1111111111111111,1.0,1.0,0.0,0.0,0.0,0.0,0.0,1.0,0.0,0.0,1.0,0.6666666666666666,0.40796019900497515,0.5670750382848392,No,3
1.0,0.0,0.0,0.0,0.2777777777777778,1.0,1.0,0.5,0.0,0.0,1.0,0.0,1.0,0.0,0.0,1.0,0.3333333333333333,0.7208955223880598,0.2009188361408882,No,3
0.0,0.0,1.0,1.0,0.4583333333333333,1.0,1.0,0.5,1.0,0.0,1.0,0.0,1.0,1.0,0.5,1.0,1.0,0.8502487562189055,0.4594180704441041,Yes,0
1.0,0.0,0.0,0.0,0.986111111111111,1.0,1.0,0.5,0.0,1.0,0.0,0.0,0.0,0.0,0.5,1.0,0.3333333333333333,0.6049751243781094,0.7053598774885145,No,3
0.0,1.0,1.0,0.0,0.4305555555555555,1.0,1.0,0.5,0.0,0.0,1.0,0.0,1.0,0.0,0.5,1.0,0.6666666666666666,0.7208955223880598,0.37488514548238894,No,0
0.0,1.0,1.0,0.0,0.5277777777777778,1.0,1.0,0.5,1.0,1.0,0.0,0.0,0.0,1.0,0.5,0.0,0.3333333333333333,0.763681592039801,0.4762633996937213,No,0
1.0,0.0,0.0,0.0,0.013888888888888888,1.0,0.0,0.5,0.0,0.0,0.0,0.0,1.0,1.0,0.0,1.0,0.6666666666666666,0.6975124378109452,0.962021439509954,Yes,3
0.0,0.0,1.0,1.0,0.027777777777777776,0.0,0.5,0.0,0.0,1.0,0.0,0.0,0.0,0.0,0.0,1.0,1.0,0.11940298507462688,0.7797856049004593,No,0
0.0,0.0,1.0,0.0,0.16666666666666666,0.0,0.5,0.0,0.0,0.0,1.0,0.0,1.0,1.0,0.0,1.0,0.0,0.3144278606965174,0.7699846860643185,No,0
0.0,0.0,0.0,1.0,0.125,1.0,0.0,0.5,1.0,0.0,1.0,1.0,0.0,1.0,0.0,0.0,0.0,0.7437810945273632,0.960030627871363,No,0
1.0,1.0,0.0,1.0,0.15277777777777776,1.0,0.0,0.0,0.0,1.0,0.0,1.0,0.0,0.0,0.0,1.0,0.6666666666666666,0.3611940298507462,0.7534456355283308,No,3
1.0,0.0,0.0,1.0,0.08333333333333333,1.0,0.0,1.0,0.5,0.5,0.5,0.5,0.5,0.5,0.0,0.0,1.0,0.014427860696517386,0.03231240428790199,No,3
0.0,0.0,1.0,0.0,0.986111111111111,1.0,0.0,0.0,1.0,1.0,1.0,1.0,1.0,1.0,0.5,1.0,0.0,0.6621890547263681,0.7569678407350688,No,0
0.0,0.0,1.0,1.0,0.5833333333333333,1.0,1.0,0.5,1.0,1.0,0.0,0.0,1.0,0.0,0.5,1.0,0.3333333333333333,0.7582089552238807,0.5143950995405819,No,0
0.0,0.0,1.0,1.0,0.1111111111111111,1.0,0.0,0.5,0.0,0.0,1.0,0.0,1.0,1.0,0.0,1.0,0.6666666666666666,0.7557213930348259,0.9032159264931087,Yes,0
0.0,0.0,0.0,0.0,0.06944444444444445,1.0,0.0,0.5,0.0,1.0,0.0,0.0,1.0,1.0,0.0,1.0,0.6666666666666666,0.7761194029850746,0.6600306278713629,Yes,0
0.0,0.0,1.0,0.0,0.027777777777777776,1.0,0.0,0.5,0.0,0.0,0.0,0.0,0.0,0.0,0.0,1.0,0.6666666666666666,0.5218905472636816,0.11424196018376723,Yes,0
0.0,0.0,1.0,1.0,0.625,1.0,0.0,1.0,0.5,0.5,0.5,0.5,0.5,0.5,1.0,0.0,1.0,0.025870646766169153,0.9660030627871362,No,0
1.0,0.0,1.0,1.0,0.38888888888888884,0.0,0.5,0.0,0.0,1.0,1.0,1.0,1.0,1.0,0.5,1.0,0.3333333333333333,0.41542288557213924,0.18009188361408882,No,3
0.0,0.0,1.0,0.0,0.5972222222222222,1.0,1.0,0.5,0.0,1.0,0.0,0.0,0.0,0.0,0.0,0.0,0.6666666666666666,0.618905472636816,0.450229709035222,No,0
1.0,0.0,0.0,1.0,0.8333333333333333,1.0,1.0,0.0,1.0,0.0,1.0,1.0,1.0,1.0,1.0,1.0,0.6666666666666666,0.663681592039801,0.645635528330781,No,3
0.0,0.0,1.0,0.0,0.5833333333333333,0.0,0.5,0.0,0.0,1.0,0.0,1.0,0.0,0.0,0.5,0.0,1.0,0.15223880597014922,0.12664624808575803,Yes,0
1.0,0.0,1.0,1.0,0.09722222222222221,0.0,0.5,0.0,1.0,0.0,1.0,1.0,0.0,1.0,1.0,0.0,0.3333333333333333,0.3124378109452736,0.40597243491577334,No,3
0.0,0.0,1.0,0.0,0.3472222222222222,1.0,0.0,1.0,0.5,0.5,0.5,0.5,0.5,0.5,0.5,1.0,0.0,0.019402985074626844,0.6568147013782542,No,0
0.0,1.0,1.0,1.0,0.5555555555555556,1.0,1.0,0.5,0.0,0.0,0.0,0.0,1.0,1.0,0.0,1.0,0.3333333333333333,0.7592039800995024,0.48147013782542114,Yes,0
1.0,0.0,0.0,0.0,0.375,1.0,1.0,0.5,0.0,0.0,1.0,0.0,1.0,1.0,0.5,1.0,0.0,0.818407960199005,0.3562021439509954,No,3
1.0,0.0,0.0,0.0,0.1388888888888889,0.0,0.5,0.0,0.0,1.0,0.0,1.0,0.0,0.0,0.0,0.0,0.6666666666666666,0.17412935323383083,0.510260336906585,No,3
0.0,1.0,0.0,0.0,0.375,1.0,1.0,0.5,0.0,1.0,1.0,0.0,0.0,0.0,0.0,1.0,0.0,0.6786069651741293,0.3134762633996937,No,0
0.0,0.0,0.0,0.0,0.15277777777777776,1.0,0.0,0.0,0.0,0.0,1.0,1.0,0.0,0.0,0.5,0.0,0.0,0.353731343283582,0.7983154670750383,No,0
1.0,0.0,1.0,1.0,0.05555555555555555,0.0,0.5,0.0,1.0,0.0,0.0,0.0,1.0,0.0,0.0,0.0,0.3333333333333333,0.20199004975124374,0.1537519142419602,No,3
1.0,0.0,0.0,0.0,0.9444444444444444,0.0,0.5,0.0,0.0,0.0,1.0,0.0,0.0,1.0,0.0,1.0,0.0,0.2154228855721393,0.3709035222052067,No,3
1.0,1.0,0.0,0.0,0.013888888888888888,1.0,0.0,0.5,0.0,0.0,0.0,0.0,0.0,0.0,0.0,1.0,0.6666666666666666,0.5154228855721392,0.842572741194487,No,3
0.0,0.0,0.0,0.0,0.25,1.0,0.0,1.0,0.5,0.5,0.5,0.5,0.5,0.5,0.5,0.0,1.0,0.01840796019900498,0.5327718223583461,No,0
0.0,0.0,0.0,0.0,0.7916666666666666,1.0,1.0,0.5,1.0,1.0,1.0,0.0,1.0,1.0,1.0,1.0,0.0,0.9422885572139305,0.7952526799387443,Yes,0
1.0,0.0,0.0,0.0,0.3611111111111111,1.0,0.0,1.0,0.5,0.5,0.5,0.5,0.5,0.5,0.0,1.0,0.6666666666666666,0.020398009950248763,0.6594180704441042,No,3
0.0,0.0,1.0,0.0,0.2361111111111111,0.0,0.5,0.0,0.0,1.0,1.0,0.0,0.0,0.0,0.0,1.0,0.3333333333333333,0.1731343283582089,0.7946401225114854,No,0
1.0,0.0,0.0,0.0,0.013888888888888888,0.0,0.5,0.0,0.0,0.0,0.0,0.0,0.0,1.0,0.0,0.0,0.6666666666666666,0.17562189054726368,0.4649310872894334,Yes,3
1.0,0.0,0.0,1.0,0.5277777777777778,1.0,1.0,0.5,0.0,0.0,1.0,0.0,1.0,1.0,0.0,1.0,0.0,0.8059701492537313,0.49632465543644716,Yes,3
1.0,1.0,1.0,0.0,0.8194444444444444,1.0,0.0,0.5,1.0,1.0,1.0,0.0,0.0,0.0,0.5,1.0,0.3333333333333333,0.6437810945273632,0.6359877488514548,No,3
1.0,0.0,0.0,0.0,0.41666666666666663,1.0,0.0,0.0,1.0,0.0,1.0,0.0,0.0,0.0,1.0,1.0,1.0,0.37213930348258706,0.17396630934150076,No,3
1.0,1.0,0.0,0.0,0.027777777777777776,0.0,0.5,0.0,0.0,0.0,0.0,0.0,0.0,0.0,0.0,1.0,1.0,0.061691542288557194,0.6091883614088821,Yes,3
0.0,1.0,1.0,0.0,0.6944444444444444,1.0,1.0,1.0,0.5,0.5,0.5,0.5,0.5,0.5,0.5,0.0,0.6666666666666666,0.06915422885572137,0.08606431852986217,No,0
1.0,0.0,0.0,0.0,0.125,0.0,0.5,0.0,1.0,0.0,1.0,1.0,0.0,1.0,0.5,0.0,1.0,0.32388059701492533,0.601531393568147,No,3
0.0,0.0,1.0,1.0,0.041666666666666664,1.0,0.0,1.0,0.5,0.5,0.5,0.5,0.5,0.5,0.0,0.0,1.0,0.013930348258706454,0.7523736600306279,No,0
0.0,0.0,0.0,1.0,0.19444444444444442,1.0,0.0,0.0,0.0,0.0,1.0,0.0,1.0,0.0,0.0,1.0,0.3333333333333333,0.4134328358208955,0.935375191424196,No,0
0.0,1.0,0.0,0.0,0.4305555555555555,1.0,0.0,0.5,1.0,0.0,0.0,0.0,0.0,0.0,0.0,1.0,0.3333333333333333,0.5502487562189055,0.26401225114854515,No,0
0.0,0.0,0.0,0.0,0.09722222222222221,1.0,0.0,0.0,1.0,1.0,1.0,0.0,0.0,0.0,0.0,0.0,0.6666666666666666,0.4293532338308458,0.5699846860643185,No,0
0.0,0.0,0.0,0.0,0.1111111111111111,1.0,1.0,0.5,1.0,0.0,0.0,1.0,1.0,1.0,0.0,1.0,0.0,0.8467661691542289,0.9491577335375191,Yes,0
1.0,0.0,1.0,1.0,0.2361111111111111,1.0,0.0,1.0,0.5,0.5,0.5,0.5,0.5,0.5,0.5,0.0,0.0,0.01641791044776117,0.4373660030627871,No,3
1.0,0.0,1.0,1.0,0.4444444444444444,1.0,0.0,1.0,0.5,0.5,0.5,0.5,0.5,0.5,0.0,1.0,0.3333333333333333,0.011940298507462671,0.81791730474732,No,3
0.0,1.0,0.0,0.0,0.027777777777777776,1.0,0.0,0.5,0.0,0.0,0.0,0.0,1.0,0.0,0.0,0.0,1.0,0.6293532338308457,0.1664624808575804,No,0
1.0,1.0,0.0,0.0,0.09722222222222221,1.0,1.0,0.5,0.0,0.0,0.0,0.0,1.0,0.0,0.0,1.0,0.6666666666666666,0.6621890547263681,0.6946401225114854,Yes,3
0.0,0.0,1.0,1.0,1.0,1.0,1.0,0.5,1.0,1.0,1.0,0.0,1.0,1.0,1.0,0.0,0.3333333333333333,0.908457711442786,0.9120980091883614,No,0
0.0,1.0,0.0,0.0,0.4305555555555555,1.0,1.0,0.5,0.0,1.0,0.0,0.0,1.0,1.0,0.0,1.0,0.6666666666666666,0.8129353233830846,0.4240428790199081,Yes,0
0.0,0.0,1.0,1.0,0.375,1.0,0.0,0.5,1.0,0.0,0.0,0.0,0.0,0.0,0.0,0.0,1.0,0.5587064676616916,0.24150076569678405,No,0
0.0,0.0,0.0,0.0,0.25,1.0,1.0,0.5,0.0,1.0,0.0,0.0,1.0,0.0,0.0,1.0,0.3333333333333333,0.7139303482587065,0.14548238897396631,Yes,0
1.0,0.0,0.0,0.0,0.09722222222222221,1.0,0.0,0.5,0.0,0.0,1.0,0.0,0.0,0.0,0.0,1.0,0.6666666666666666,0.5636815920398011,0.635375191424196,No,3
0.0,1.0,0.0,0.0,0.19444444444444442,1.0,1.0,0.5,0.0,1.0,1.0,0.0,1.0,1.0,0.0,1.0,0.6666666666666666,0.861691542288557,0.1470137825421133,Yes,0
1.0,0.0,1.0,1.0,0.15277777777777776,1.0,0.0,0.0,0.0,0.0,1.0,0.0,1.0,0.0,0.0,1.0,0.0,0.4119402985074626,0.8261868300153139,No,3
0.0,0.0,1.0,1.0,1.0,1.0,1.0,0.5,1.0,0.0,1.0,1.0,1.0,1.0,1.0,1.0,0.0,0.9174129353233832,0.9254211332312404,No,0
1.0,0.0,1.0,1.0,0.38888888888888884,1.0,1.0,0.5,1.0,1.0,0.0,0.0,1.0,1.0,0.5,0.0,0.6666666666666666,0.8741293532338307,0.3768759571209801,Yes,3
1.0,1.0,0.0,0.0,0.20833333333333331,1.0,1.0,0.5,0.0,0.0,0.0,0.0,0.0,0.0,0.0,1.0,0.3333333333333333,0.5567164179104478,0.04027565084226646,Yes,3
0.0,1.0,0.0,0.0,0.05555555555555555,1.0,1.0,0.5,0.0,0.0,0.0,0.0,0.0,0.0,0.0,1.0,0.6666666666666666,0.5592039800995025,0.38928024502297087,No,0
0.0,0.0,0.0,0.0,0.986111111111111,1.0,1.0,1.0,0.5,0.5,0.5,0.5,0.5,0.5,1.0,0.0,0.6666666666666666,0.06268656716417911,0.18759571209800918,No,0
0.0,0.0,0.0,0.0,0.06944444444444445,1.0,0.0,0.5,0.0,1.0,0.0,1.0,0.0,1.0,0.0,1.0,0.6666666666666666,0.707462686567164,0.5993874425727411,Yes,0
1.0,0.0,1.0,1.0,0.6527777777777778,1.0,1.0,1.0,0.5,0.5,0.5,0.5,0.5,0.5,1.0,0.0,1.0,0.06268656716417911,0.04624808575803981,No,3
1.0,1.0,1.0,0.0,0.7916666666666666,1.0,0.0,0.5,0.0,1.0,1.0,0.0,1.0,0.0,0.5,1.0,0.6666666666666666,0.7203980099502488,0.6664624808575804,No,3
1.0,1.0,1.0,0.0,0.6944444444444444,1.0,1.0,0.5,1.0,0.0,1.0,0.0,1.0,1.0,1.0,1.0,0.3333333333333333,0.863681592039801,0.6641653905053598,No,3
1.0,0.0,0.0,0.0,0.1111111111111111,1.0,0.0,1.0,0.5,0.5,0.5,0.5,0.5,0.5,0.0,1.0,0.3333333333333333,0.021890547263681587,0.166156202143951,No,3
0.0,0.0,1.0,1.0,0.6666666666666666,1.0,0.0,1.0,0.5,0.5,0.5,0.5,0.5,0.5,1.0,0.0,1.0,0.012935323383084563,0.9627871362940276,No,0
0.0,0.0,0.0,0.0,0.9722222222222222,1.0,0.0,1.0,0.5,0.5,0.5,0.5,0.5,0.5,0.5,0.0,0.0,0.014427860696517386,0.09540581929555896,No,0
1.0,0.0,0.0,1.0,0.013888888888888888,1.0,0.0,0.0,1.0,1.0,0.0,1.0,0.0,1.0,0.0,1.0,0.0,0.5194029850746269,0.8437978560490046,No,3
1.0,0.0,1.0,0.0,0.1111111111111111,1.0,1.0,0.5,0.0,0.0,0.0,0.0,0.0,1.0,0.0,1.0,0.0,0.6706467661691543,0.8053598774885146,No,3
0.0,0.0,0.0,0.0,0.013888888888888888,1.0,1.0,0.5,0.0,0.0,0.0,0.0,0.0,0.0,0.0,1.0,0.6666666666666666,0.5860696517412936,0.8981623277182236,Yes,0
1.0,0.0,0.0,0.0,0.013888888888888888,0.0,0.5,0.0,0.0,0.0,0.0,0.0,0.0,1.0,0.0,1.0,0.0,0.1691542288557214,0.4641653905053599,Yes,3
1.0,0.0,1.0,1.0,0.8333333333333333,1.0,0.0,1.0,0.5,0.5,0.5,0.5,0.5,0.5,1.0,0.0,1.0,0.02288557213930348,0.05742725880551301,No,3
1.0,0.0,1.0,1.0,0.6805555555555555,1.0,1.0,0.5,0.0,0.0,0.0,1.0,1.0,1.0,0.5,1.0,0.6666666666666666,0.7930348258706468,0.63843797856049,No,3
1.0,0.0,1.0,0.0,0.05555555555555555,0.0,0.5,0.0,0.0,1.0,0.0,0.0,1.0,1.0,0.0,1.0,0.6666666666666666,0.3014925373134328,0.2503828483920367,Yes,3
0.0,0.0,0.0,0.0,0.40277777777777773,1.0,0.0,1.0,0.5,0.5,0.5,0.5,0.5,0.5,0.5,0.0,1.0,0.01741293532338306,0.7513016845329249,No,0
0.0,0.0,1.0,0.0,0.9305555555555555,1.0,1.0,1.0,0.5,0.5,0.5,0.5,0.5,0.5,1.0,1.0,0.3333333333333333,0.06965174129353235,0.1901990811638591,No,0
0.0,0.0,1.0,0.0,0.736111111111111,1.0,1.0,0.5,0.0,1.0,0.0,0.0,1.0,1.0,0.0,1.0,0.3333333333333333,0.7975124378109453,0.6626339969372128,Yes,0
1.0,0.0,1.0,0.0,0.9305555555555555,1.0,1.0,0.0,1.0,1.0,1.0,1.0,0.0,0.0,1.0,0.0,0.3333333333333333,0.5238805970149254,0.6062787136294028,No,3
0.0,0.0,1.0,1.0,0.08333333333333333,1.0,0.0,1.0,0.5,0.5,0.5,0.5,0.5,0.5,0.0,0.0,1.0,0.015920398009950265,0.053905053598774885,No,0
0.0,0.0,0.0,0.0,0.6527777777777778,1.0,1.0,0.5,0.0,1.0,1.0,0.0,1.0,1.0,0.0,1.0,0.6666666666666666,0.8766169154228854,0.6261868300153139,No,0
0.0,0.0,0.0,0.0,0.736111111111111,1.0,0.0,0.5,1.0,1.0,1.0,1.0,0.0,1.0,1.0,0.0,1.0,0.808457711442786,0.6898928024502297,No,0
1.0,0.0,1.0,0.0,0.9583333333333333,1.0,0.0,0.0,1.0,1.0,1.0,1.0,1.0,1.0,1.0,1.0,1.0,0.6611940298507463,0.7390505359877488,No,3
1.0,0.0,0.0,0.0,0.041666666666666664,1.0,0.0,0.5,1.0,0.0,0.0,0.0,0.0,1.0,0.0,1.0,1.0,0.6746268656716418,0.3202143950995406,No,3
1.0,0.0,0.0,0.0,0.05555555555555555,1.0,0.0,0.0,0.0,0.0,0.0,0.0,0.0,0.0,0.0,0.0,1.0,0.2616915422885572,0.2799387442572741,No,3
1.0,0.0,1.0,1.0,0.7777777777777777,1.0,1.0,0.0,1.0,1.0,0.0,1.0,0.0,1.0,1.0,1.0,0.3333333333333333,0.5731343283582089,0.555895865237366,No,3
1.0,1.0,1.0,0.0,0.8194444444444444,1.0,1.0,0.5,0.0,0.0,0.0,0.0,1.0,1.0,0.0,1.0,0.0,0.7522388059701491,0.7071975497702909,Yes,3
1.0,1.0,1.0,0.0,0.8472222222222222,1.0,1.0,1.0,0.5,0.5,0.5,0.5,0.5,0.5,1.0,0.0,0.0,0.06716417910447761,0.13935681470137826,No,3
0.0,0.0,1.0,0.0,0.027777777777777776,1.0,0.0,0.0,0.0,0.0,0.0,0.0,0.0,0.0,0.0,1.0,0.6666666666666666,0.26616915422885573,0.9652373660030628,No,0
1.0,1.0,1.0,1.0,0.6388888888888888,1.0,1.0,0.5,1.0,1.0,1.0,0.0,1.0,0.0,0.0,1.0,0.6666666666666666,0.8203980099502487,0.5926493108728943,Yes,3
1.0,0.0,1.0,1.0,0.16666666666666666,1.0,0.0,1.0,0.5,0.5,0.5,0.5,0.5,0.5,0.0,0.0,1.0,0.02238805970149252,0.3376722817764165,No,3
0.0,0.0,0.0,0.0,0.19444444444444442,1.0,1.0,0.5,0.0,0.0,1.0,0.0,0.0,0.0,0.0,1.0,0.6666666666666666,0.618905472636816,0.021898928024502298,Yes,0
0.0,0.0,1.0,1.0,0.38888888888888884,1.0,1.0,0.5,0.0,0.0,0.0,1.0,0.0,1.0,0.5,1.0,0.6666666666666666,0.718407960199005,0.33124042879019905,No,0
1.0,0.0,0.0,0.0,0.3333333333333333,1.0,0.0,0.0,1.0,1.0,0.0,1.0,0.0,0.0,0.0,0.0,0.0,0.41990049751243785,0.12465543644716692,No,3
1.0,0.0,0.0,0.0,0.4305555555555555,1.0,0.0,0.0,0.0,0.0,1.0,1.0,0.0,0.0,0.0,1.0,0.6666666666666666,0.3681592039800995,0.18683001531393567,Yes,3
0.0,0.0,1.0,1.0,0.9444444444444444,1.0,1.0,0.0,1.0,1.0,1.0,1.0,0.0,1.0,0.5,1.0,0.6666666666666666,0.5990049751243781,0.6828483920367534,No,0
1.0,0.0,0.0,1.0,0.5416666666666666,1.0,1.0,0.5,0.0,0.0,0.0,1.0,1.0,1.0,1.0,0.0,1.0,0.8189054726368158,0.5108728943338438,No,3
0.0,0.0,1.0,0.0,0.5833333333333333,1.0,0.0,1.0,0.5,0.5,0.5,0.5,0.5,0.5,0.0,0.0,0.3333333333333333,0.020895522388059695,0.9595712098009188,No,0
1.0,0.0,1.0,0.0,0.18055555555555555,0.0,0.5,0.0,1.0,0.0,0.0,1.0,1.0,1.0,0.0,1.0,0.6666666666666666,0.36019900497512436,0.849770290964778,Yes,3
0.0,0.0,1.0,0.0,0.08333333333333333,1.0,1.0,0.5,0.0,1.0,0.0,0.0,0.0,1.0,0.0,1.0,0.6666666666666666,0.7213930348258706,0.6598774885145482,No,0
1.0,0.0,0.0,0.0,0.4861111111111111,1.0,1.0,0.5,0.0,0.0,0.0,0.0,0.0,0.0,0.0,0.0,0.3333333333333333,0.5681592039800994,0.34977029096477796,Yes,3
0.0,0.0,1.0,0.0,0.5277777777777778,1.0,0.0,1.0,0.5,0.5,0.5,0.5,0.5,0.5,0.5,1.0,0.3333333333333333,0.019900497512437804,0.9310872894333844,No,0
1.0,0.0,0.0,0.0,0.25,1.0,0.0,1.0,0.5,0.5,0.5,0.5,0.5,0.5,1.0,0.0,0.3333333333333333,0.01791044776119402,0.5082695252679938,No,3
0.0,0.0,1.0,0.0,0.05555555555555555,1.0,0.0,1.0,0.5,0.5,0.5,0.5,0.5,0.5,0.0,0.0,1.0,0.013432835820895522,0.9788667687595711,No,0
1.0,0.0,1.0,0.0,0.375,1.0,0.0,0.0,0.0,1.0,0.0,1.0,0.0,0.0,0.0,1.0,0.6666666666666666,0.353731343283582,0.10826952526799387,No,3
1.0,0.0,0.0,1.0,0.5694444444444444,1.0,0.0,0.0,1.0,1.0,1.0,0.0,1.0,0.0,0.5,0.0,1.0,0.5169154228855721,0.38238897396630933,No,3
1.0,0.0,1.0,1.0,0.6944444444444444,1.0,0.0,0.0,1.0,0.0,0.0,1.0,1.0,1.0,0.5,0.0,0.6666666666666666,0.5696517412935324,0.5274119448698316,No,3
1.0,0.0,1.0,1.0,1.0,1.0,0.0,1.0,0.5,0.5,0.5,0.5,0.5,0.5,1.0,0.0,0.6666666666666666,0.020895522388059695,0.09831546707503828,No,3
0.0,0.0,0.0,0.0,0.9722222222222222,1.0,1.0,1.0,0.5,0.5,0.5,0.5,0.5,0.5,0.5,0.0,0.3333333333333333,0.07761194029850743,0.21745788667687596,No,0
1.0,0.0,1.0,1.0,0.611111111111111,1.0,0.0,1.0,0.5,0.5,0.5,0.5,0.5,0.5,0.5,0.0,0.0,0.023383084577114438,0.9768759571209801,No,3
1.0,0.0,0.0,0.0,0.027777777777777776,1.0,0.0,0.5,1.0,0.0,0.0,0.0,0.0,0.0,0.0,1.0,0.6666666666666666,0.5716417910447761,0.22480857580398161,Yes,3
0.0,0.0,1.0,1.0,0.4722222222222222,1.0,0.0,1.0,0.5,0.5,0.5,0.5,0.5,0.5,0.5,1.0,0.0,0.01840796019900498,0.8252679938744257,No,0
0.0,1.0,1.0,0.0,1.0,1.0,1.0,1.0,0.5,0.5,0.5,0.5,0.5,0.5,1.0,0.0,0.0,0.06019900497512437,0.1998468606431853,No,0
1.0,0.0,1.0,0.0,0.986111111111111,1.0,1.0,1.0,0.5,0.5,0.5,0.5,0.5,0.5,1.0,1.0,0.6666666666666666,0.062189054726368154,0.20980091883614088,No,3
0.0,0.0,0.0,0.0,0.8888888888888888,1.0,1.0,0.5,0.0,1.0,1.0,1.0,1.0,1.0,1.0,1.0,0.3333333333333333,0.917910447761194,0.8500765696784073,No,0
0.0,0.0,1.0,0.0,1.0,1.0,1.0,1.0,0.5,0.5,0.5,0.5,0.5,0.5,1.0,1.0,0.0,0.06965174129353235,0.21454823889739663,No,0
1.0,0.0,0.0,0.0,0.013888888888888888,1.0,1.0,0.5,0.0,0.0,0.0,0.0,0.0,0.0,0.0,1.0,1.0,0.5572139303482587,0.8753445635528331,Yes,3
1.0,1.0,1.0,0.0,0.40277777777777773,1.0,0.0,0.5,1.0,0.0,1.0,0.0,0.0,1.0,0.5,0.0,0.0,0.7149253731343282,0.3531393568147014,No,3
0.0,0.0,1.0,0.0,0.3194444444444444,1.0,0.0,0.0,1.0,0.0,1.0,1.0,0.0,1.0,0.5,1.0,0.0,0.5024875621890547,0.18147013782542112,No,0
1.0,0.0,1.0,1.0,0.7222222222222222,1.0,0.0,1.0,0.5,0.5,0.5,0.5,0.5,0.5,1.0,0.0,1.0,0.009452736318407956,0.015926493108728942,No,3
0.0,1.0,0.0,0.0,0.3472222222222222,1.0,1.0,0.5,0.0,1.0,0.0,0.0,0.0,1.0,0.0,1.0,0.6666666666666666,0.7109452736318408,0.27611026033690655,Yes,0
0.0,0.0,0.0,0.0,0.8888888888888888,1.0,1.0,0.5,1.0,1.0,1.0,1.0,1.0,1.0,1.0,1.0,0.0,0.9636815920398009,0.8709035222052067,No,0
0.0,1.0,0.0,0.0,0.2222222222222222,1.0,1.0,0.5,0.0,0.0,0.0,0.0,1.0,1.0,0.0,1.0,0.6666666666666666,0.7776119402985074,0.15819295558958651,Yes,0
1.0,1.0,0.0,0.0,0.013888888888888888,1.0,0.0,0.5,0.0,0.0,0.0,0.0,0.0,0.0,0.0,1.0,0.0,0.5099502487562189,0.8339969372128637,Yes,3
1.0,0.0,0.0,0.0,0.3333333333333333,1.0,1.0,0.5,0.0,1.0,0.0,0.0,1.0,1.0,0.0,1.0,0.0,0.8099502487562189,0.31393568147013784,No,3
1.0,0.0,1.0,0.0,0.027777777777777776,1.0,1.0,0.5,0.0,0.0,1.0,0.0,1.0,0.0,0.0,1.0,0.6666666666666666,0.7283582089552239,0.18514548238897396,No,3
0.0,0.0,1.0,1.0,0.4722222222222222,1.0,0.0,0.0,1.0,1.0,1.0,1.0,1.0,1.0,1.0,0.0,1.0,0.6616915422885572,0.3754977029096478,No,0
1.0,1.0,1.0,0.0,0.5,1.0,1.0,0.5,0.0,0.0,0.0,0.0,0.0,1.0,0.0,1.0,0.3333333333333333,0.6666666666666666,0.41730474732006123,Yes,3
1.0,0.0,1.0,1.0,0.736111111111111,1.0,1.0,0.0,0.0,0.0,1.0,1.0,1.0,1.0,0.5,1.0,1.0,0.6019900497512437,0.515926493108729,No,3
0.0,0.0,1.0,1.0,0.6527777777777778,1.0,0.0,1.0,0.5,0.5,0.5,0.5,0.5,0.5,1.0,0.0,0.3333333333333333,0.019900497512437804,0.960490045941807,No,0
1.0,0.0,0.0,1.0,1.0,1.0,0.0,1.0,0.5,0.5,0.5,0.5,0.5,0.5,1.0,0.0,0.3333333333333333,0.01641791044776117,0.1460949464012251,No,3
1.0,0.0,1.0,1.0,1.0,1.0,1.0,0.5,1.0,1.0,0.0,1.0,0.0,1.0,1.0,1.0,0.3333333333333333,0.7910447761194029,0.8413476263399694,No,3
1.0,0.0,0.0,0.0,0.013888888888888888,1.0,0.0,1.0,0.5,0.5,0.5,0.5,0.5,0.5,0.0,0.0,1.0,0.011442786069651711,0.22695252679938743,Yes,3
0.0,0.0,0.0,0.0,0.125,1.0,1.0,0.5,0.0,0.0,0.0,0.0,0.0,1.0,0.0,1.0,0.6666666666666666,0.6472636815920397,0.9238897396630934,Yes,0
0.0,0.0,0.0,0.0,0.1111111111111111,1.0,0.0,0.5,0.0,0.0,0.0,0.0,1.0,0.0,0.0,1.0,0.0,0.6154228855721392,0.8223583460949464,Yes,0
1.0,1.0,0.0,0.0,0.625,1.0,0.0,0.0,1.0,0.0,1.0,0.0,0.0,1.0,0.5,0.0,0.3333333333333333,0.44228855721393034,0.3705972434915773,Yes,3
0.0,0.0,0.0,0.0,0.09722222222222221,1.0,0.0,0.5,0.0,0.0,1.0,1.0,1.0,1.0,0.0,1.0,0.6666666666666666,0.8174129353233831,0.8578866768759571,No,0
0.0,0.0,1.0,0.0,0.986111111111111,1.0,1.0,1.0,0.5,0.5,0.5,0.5,0.5,0.5,1.0,1.0,0.3333333333333333,0.061691542288557194,0.1799387442572741,No,0
0.0,1.0,0.0,0.0,0.5694444444444444,1.0,0.0,0.5,0.0,0.0,1.0,1.0,1.0,1.0,0.5,1.0,0.0,0.8243781094527362,0.5254211332312404,No,0
1.0,0.0,1.0,1.0,0.9305555555555555,0.0,0.5,0.0,1.0,0.0,0.0,0.0,1.0,1.0,1.0,0.0,0.3333333333333333,0.3248756218905472,0.43690658499234303,No,3
1.0,0.0,1.0,0.0,0.9583333333333333,1.0,1.0,0.5,1.0,1.0,1.0,1.0,0.0,1.0,0.5,1.0,0.3333333333333333,0.8850746268656716,0.8690658499234303,No,3
0.0,1.0,1.0,0.0,0.9722222222222222,1.0,1.0,0.0,1.0,1.0,1.0,1.0,1.0,1.0,1.0,1.0,0.0,0.735820895522388,0.7961715160796324,No,0
1.0,0.0,0.0,0.0,0.3472222222222222,1.0,1.0,1.0,0.5,0.5,0.5,0.5,0.5,0.5,0.5,0.0,0.0,0.07014925373134329,0.8196018376722818,Yes,3
1.0,0.0,0.0,0.0,1.0,1.0,1.0,0.5,1.0,1.0,1.0,1.0,1.0,1.0,1.0,0.0,0.0,0.946766169154229,0.9318529862174578,No,3
1.0,0.0,1.0,1.0,0.4722222222222222,0.0,0.5,0.0,0.0,0.0,0.0,1.0,1.0,0.0,1.0,1.0,0.6666666666666666,0.22189054726368157,0.0903522205206738,No,3
0.0,0.0,1.0,1.0,0.9027777777777777,1.0,1.0,1.0,0.5,0.5,0.5,0.5,0.5,0.5,1.0,0.0,0.3333333333333333,0.0771144278606965,0.17473200612557427,No,0
0.0,0.0,0.0,0.0,0.9722222222222222,1.0,1.0,0.5,1.0,1.0,1.0,1.0,1.0,1.0,1.0,1.0,0.3333333333333333,0.9323383084577114,0.9044410413476263,No,0
0.0,0.0,1.0,1.0,1.0,0.0,0.5,0.0,1.0,0.0,1.0,0.0,1.0,1.0,1.0,1.0,0.3333333333333333,0.353731343283582,0.5169984686064318,No,0
1.0,0.0,0.0,1.0,0.4861111111111111,1.0,0.0,0.0,0.0,0.0,0.0,1.0,1.0,1.0,0.5,1.0,1.0,0.535820895522388,0.3277182235834609,No,3
1.0,0.0,0.0,0.0,0.18055555555555555,1.0,1.0,0.5,1.0,0.0,0.0,0.0,1.0,1.0,0.0,0.0,1.0,0.7950248756218906,0.06447166921898928,Yes,3
0.0,0.0,1.0,0.0,0.16666666666666666,1.0,1.0,0.0,1.0,0.0,1.0,0.0,1.0,1.0,0.5,0.0,0.6666666666666666,0.6029850746268656,0.9614088820826953,No,0
0.0,0.0,1.0,1.0,0.861111111111111,1.0,0.0,0.0,1.0,0.0,1.0,1.0,1.0,0.0,0.5,1.0,0.0,0.5223880597014925,0.5562021439509954,No,0
0.0,0.0,0.0,0.0,0.3472222222222222,1.0,0.0,0.0,1.0,0.0,0.0,1.0,1.0,1.0,0.0,1.0,0.3333333333333333,0.5761194029850747,0.2451761102603369,No,0
0.0,0.0,0.0,0.0,0.7222222222222222,0.0,0.5,0.0,1.0,1.0,0.0,1.0,0.0,0.0,1.0,0.0,1.0,0.20746268656716416,0.24333843797856047,No,0
1.0,1.0,0.0,0.0,0.1111111111111111,1.0,0.0,0.5,0.0,0.0,0.0,0.0,0.0,0.0,0.0,1.0,0.3333333333333333,0.5144278606965175,0.7128637059724349,No,3
1.0,0.0,0.0,0.0,0.027777777777777776,1.0,0.0,1.0,0.5,0.5,0.5,0.5,0.5,0.5,0.0,0.0,1.0,0.01791044776119402,0.43843797856049005,No,3
0.0,0.0,1.0,1.0,0.7777777777777777,1.0,0.0,1.0,0.5,0.5,0.5,0.5,0.5,0.5,1.0,0.0,1.0,0.01791044776119402,0.027411944869831544,No,0
0.0,0.0,0.0,0.0,0.16666666666666666,1.0,0.0,1.0,0.5,0.5,0.5,0.5,0.5,0.5,0.0,0.0,0.0,0.011940298507462671,0.2918836140888208,No,0
0.0,0.0,1.0,0.0,0.6527777777777778,1.0,1.0,1.0,0.5,0.5,0.5,0.5,0.5,0.5,0.5,0.0,0.6666666666666666,0.0860696517412935,0.07013782542113323,No,0
1.0,1.0,0.0,0.0,0.027777777777777776,1.0,0.0,1.0,0.5,0.5,0.5,0.5,0.5,0.5,0.0,0.0,0.6666666666666666,0.009452736318407956,0.4883614088820827,No,3
0.0,0.0,0.0,0.0,0.25,1.0,0.0,0.0,0.0,0.0,1.0,0.0,0.0,0.0,0.0,1.0,1.0,0.31592039800995025,0.9663093415007656,No,0
0.0,0.0,0.0,0.0,0.1111111111111111,1.0,0.0,0.0,1.0,0.0,0.0,0.0,1.0,0.0,0.0,1.0,0.6666666666666666,0.41542288557213924,0.6298621745788667,No,0
1.0,0.0,1.0,0.0,0.625,1.0,1.0,0.5,1.0,0.0,1.0,0.0,0.0,0.0,0.0,1.0,1.0,0.6597014925373134,0.4903522205206738,No,3
1.0,0.0,0.0,0.0,0.041666666666666664,1.0,0.0,0.0,0.0,0.0,0.0,0.0,0.0,0.0,0.0,0.0,1.0,0.27064676616915423,0.11485451761102602,No,3
0.0,0.0,0.0,0.0,0.5277777777777778,1.0,0.0,1.0,0.5,0.5,0.5,0.5,0.5,0.5,0.5,0.0,1.0,0.01791044776119402,0.8209800918836141,No,0
1.0,0.0,1.0,0.0,1.0,1.0,1.0,0.5,1.0,1.0,1.0,1.0,1.0,1.0,1.0,1.0,0.6666666666666666,0.9681592039800994,0.9474732006125574,No,3
1.0,0.0,0.0,0.0,0.6388888888888888,1.0,1.0,0.5,1.0,1.0,0.0,0.0,0.0,1.0,0.0,1.0,0.6666666666666666,0.7507462686567165,0.5437978560490045,Yes,3
0.0,0.0,1.0,1.0,0.986111111111111,1.0,1.0,0.5,1.0,1.0,1.0,0.0,1.0,0.0,1.0,1.0,0.3333333333333333,0.8034825870646766,0.8499234303215927,No,0
1.0,0.0,1.0,1.0,0.9166666666666666,0.0,0.5,0.0,0.0,0.0,0.0,1.0,1.0,1.0,1.0,0.0,0.0,0.32139303482587056,0.4470137825421133,No,3
1.0,1.0,0.0,0.0,0.3472222222222222,1.0,1.0,0.5,0.0,1.0,1.0,0.0,1.0,1.0,0.0,0.0,1.0,0.872636815920398,0.35267993874425724,Yes,3
1.0,0.0,0.0,0.0,0.25,1.0,1.0,0.0,0.0,0.0,1.0,1.0,1.0,1.0,0.5,1.0,0.3333333333333333,0.6343283582089552,0.12067381316998468,Yes,3
0.0,0.0,1.0,1.0,0.18055555555555555,1.0,1.0,1.0,0.5,0.5,0.5,0.5,0.5,0.5,1.0,1.0,0.0,0.06716417910447761,0.4413476263399694,No,0
0.0,0.0,1.0,1.0,0.9027777777777777,1.0,1.0,0.0,1.0,1.0,1.0,1.0,1.0,1.0,1.0,0.0,0.0,0.7293532338308457,0.748238897396631,No,0
1.0,0.0,1.0,0.0,0.8333333333333333,1.0,1.0,0.5,0.0,1.0,1.0,0.0,1.0,0.0,0.0,1.0,0.6666666666666666,0.7711442786069651,0.7260336906584992,Yes,3
1.0,0.0,1.0,1.0,0.20833333333333331,1.0,0.0,1.0,0.5,0.5,0.5,0.5,0.5,0.5,1.0,0.0,1.0,0.010945273631840807,0.3689127105666156,No,3
0.0,0.0,1.0,0.0,1.0,1.0,1.0,1.0,0.5,0.5,0.5,0.5,0.5,0.5,1.0,0.0,0.3333333333333333,0.06567164179104479,0.2212863705972435,No,0
1.0,0.0,1.0,0.0,0.41666666666666663,1.0,1.0,0.5,0.0,0.0,0.0,0.0,1.0,1.0,0.0,1.0,0.3333333333333333,0.754228855721393,0.3785604900459418,Yes,3
0.0,0.0,1.0,1.0,0.5833333333333333,1.0,0.0,0.5,0.0,0.0,1.0,1.0,1.0,1.0,1.0,1.0,0.6666666666666666,0.8174129353233831,0.5611026033690658,No,0
0.0,0.0,1.0,0.0,0.986111111111111,1.0,1.0,1.0,0.5,0.5,0.5,0.5,0.5,0.5,1.0,0.0,0.0,0.06716417910447761,0.19540581929555895,No,0
0.0,0.0,0.0,0.0,0.013888888888888888,1.0,0.0,0.0,0.0,0.0,0.0,0.0,0.0,1.0,0.0,1.0,1.0,0.36318407960199006,0.6877488514548239,Yes,0
1.0,1.0,0.0,0.0,0.5416666666666666,1.0,1.0,0.5,0.0,0.0,0.0,0.0,1.0,1.0,0.0,1.0,0.0,0.7701492537313434,0.49433384379785605,Yes,3
0.0,0.0,0.0,0.0,0.4861111111111111,1.0,0.0,1.0,0.5,0.5,0.5,0.5,0.5,0.5,0.0,0.0,0.0,0.009950248756218888,0.7702909647779479,No,0
0.0,0.0,1.0,1.0,0.736111111111111,1.0,0.0,0.5,0.0,1.0,1.0,1.0,1.0,1.0,0.0,1.0,0.0,0.8955223880597015,0.7457886676875957,No,0
0.0,0.0,0.0,0.0,0.013888888888888888,1.0,1.0,0.5,0.0,0.0,0.0,0.0,1.0,1.0,0.0,1.0,0.6666666666666666,0.7597014925373133,0.9837672281776416,Yes,0
0.0,1.0,1.0,1.0,0.4305555555555555,1.0,0.0,0.5,0.0,0.0,1.0,1.0,1.0,1.0,0.0,1.0,0.6666666666666666,0.8024875621890547,0.3854517611026034,Yes,0
1.0,0.0,0.0,0.0,0.6666666666666666,1.0,0.0,1.0,0.5,0.5,0.5,0.5,0.5,0.5,1.0,0.0,0.3333333333333333,0.018905472636815884,0.9960183767228178,No,3
0.0,1.0,0.0,1.0,0.41666666666666663,1.0,1.0,0.5,0.0,0.0,0.0,1.0,1.0,1.0,0.0,1.0,0.6666666666666666,0.8263681592039801,0.3935681470137825,No,0
1.0,0.0,0.0,0.0,0.1388888888888889,1.0,0.0,1.0,0.5,0.5,0.5,0.5,0.5,0.5,0.0,0.0,0.3333333333333333,0.01741293532338306,0.24303215926493107,No,3
0.0,0.0,0.0,1.0,0.16666666666666666,1.0,1.0,0.5,0.0,1.0,1.0,0.0,1.0,1.0,0.0,1.0,0.6666666666666666,0.8661691542288558,0.0774885145482389,No,0
0.0,1.0,0.0,0.0,0.7916666666666666,1.0,0.0,0.0,1.0,0.0,1.0,1.0,1.0,0.0,1.0,0.0,0.0,0.5134328358208955,0.523583460949464,No,0
0.0,0.0,1.0,0.0,0.8055555555555555,1.0,0.0,0.0,1.0,1.0,0.0,0.0,1.0,0.0,0.0,1.0,0.3333333333333333,0.46766169154228854,0.4978560490045942,No,0
0.0,0.0,0.0,0.0,0.5138888888888888,1.0,0.0,1.0,0.5,0.5,0.5,0.5,0.5,0.5,1.0,0.0,1.0,0.015422885572139305,0.9306278713629402,No,0
0.0,0.0,1.0,1.0,0.611111111111111,1.0,0.0,1.0,0.5,0.5,0.5,0.5,0.5,0.5,0.0,0.0,1.0,0.013432835820895522,0.9062787136294027,No,0
1.0,0.0,0.0,1.0,0.375,1.0,0.0,1.0,0.5,0.5,0.5,0.5,0.5,0.5,0.5,0.0,0.3333333333333333,0.01791044776119402,0.7022970903522205,No,3
0.0,0.0,0.0,0.0,0.1111111111111111,1.0,0.0,0.0,0.0,0.0,0.0,1.0,0.0,0.0,0.0,0.0,0.6666666666666666,0.30995024875621885,0.5332312404287902,No,0
1.0,1.0,0.0,0.0,0.041666666666666664,1.0,1.0,0.5,0.0,0.0,0.0,0.0,0.0,0.0,0.0,1.0,0.6666666666666666,0.5751243781094527,0.2981623277182236,Yes,3
0.0,1.0,1.0,0.0,0.3472222222222222,1.0,0.0,0.5,0.0,1.0,1.0,0.0,0.0,1.0,0.0,0.0,0.0,0.6980099502487562,0.2771822358346095,No,0
0.0,0.0,1.0,1.0,0.7916666666666666,1.0,1.0,0.5,0.0,1.0,0.0,0.0,1.0,1.0,0.0,1.0,0.6666666666666666,0.8194029850746268,0.711791730474732,No,0
0.0,0.0,0.0,0.0,0.16666666666666666,1.0,0.0,1.0,0.5,0.5,0.5,0.5,0.5,0.5,0.0,0.0,1.0,0.011940298507462671,0.3226646248085758,No,0
0.0,0.0,1.0,1.0,0.861111111111111,1.0,0.0,1.0,0.5,0.5,0.5,0.5,0.5,0.5,1.0,0.0,0.0,0.020398009950248763,0.08254211332312404,No,0
0.0,0.0,1.0,0.0,0.9027777777777777,1.0,1.0,0.5,0.0,1.0,1.0,1.0,1.0,1.0,1.0,1.0,0.0,0.8895522388059701,0.8514548238897396,No,0
0.0,0.0,1.0,0.0,0.986111111111111,1.0,1.0,0.0,0.0,0.0,1.0,1.0,1.0,1.0,1.0,1.0,0.0,0.618905472636816,0.7171516079632465,No,0
0.0,0.0,1.0,1.0,0.29166666666666663,1.0,0.0,0.0,0.0,1.0,0.0,0.0,1.0,0.0,0.5,1.0,0.3333333333333333,0.4039800995024876,0.060030627871362936,No,0
1.0,0.0,1.0,0.0,0.986111111111111,1.0,1.0,0.5,1.0,1.0,1.0,0.0,1.0,1.0,0.5,1.0,0.6666666666666666,0.908955223880597,0.9093415007656968,No,3
0.0,0.0,0.0,0.0,0.09722222222222221,1.0,0.0,0.5,0.0,0.0,1.0,0.0,0.0,0.0,0.0,1.0,0.6666666666666666,0.5661691542288557,0.6732006125574272,No,0
0.0,0.0,0.0,0.0,1.0,1.0,0.0,0.0,1.0,1.0,1.0,1.0,0.0,1.0,1.0,1.0,0.3333333333333333,0.5447761194029851,0.6747320061255743,No,0
0.0,0.0,0.0,0.0,0.013888888888888888,1.0,0.0,0.5,0.0,0.0,0.0,0.0,0.0,0.0,0.0,0.0,0.6666666666666666,0.5159203980099502,0.8427258805513017,No,0
0.0,0.0,1.0,1.0,1.0,1.0,1.0,0.5,0.0,1.0,1.0,1.0,0.0,1.0,1.0,1.0,0.0,0.8,0.8558958652373659,No,0
0.0,0.0,1.0,1.0,0.8888888888888888,1.0,1.0,0.5,0.0,1.0,1.0,1.0,1.0,1.0,0.5,1.0,0.6666666666666666,0.927363184079602,0.8652373660030628,No,0
0.0,0.0,0.0,0.0,1.0,1.0,1.0,0.5,1.0,1.0,1.0,1.0,1.0,1.0,1.0,1.0,0.6666666666666666,0.9616915422885571,0.950229709035222,No,0
0.0,0.0,0.0,0.0,0.40277777777777773,1.0,1.0,0.5,0.0,0.0,1.0,0.0,1.0,1.0,0.0,0.0,0.0,0.8189054726368158,0.38055130168453294,No,0
0.0,0.0,0.0,0.0,0.18055555555555555,1.0,0.0,1.0,0.5,0.5,0.5,0.5,0.5,0.5,1.0,1.0,1.0,0.021393034825870627,0.3459418070444104,No,0
0.0,0.0,0.0,0.0,0.4305555555555555,1.0,1.0,0.5,1.0,1.0,0.0,0.0,1.0,1.0,0.0,0.0,0.6666666666666666,0.8567164179104477,0.426646248085758,No,0
1.0,1.0,0.0,0.0,0.013888888888888888,1.0,0.0,0.5,0.0,0.0,0.0,0.0,0.0,0.0,0.0,1.0,0.6666666666666666,0.5124378109452736,0.8347626339969372,Yes,3
1.0,0.0,1.0,1.0,0.09722222222222221,0.0,0.5,0.0,1.0,0.0,0.0,1.0,0.0,0.0,0.0,1.0,0.6666666666666666,0.1616915422885572,0.36983154670750384,Yes,3
1.0,0.0,1.0,0.0,0.8472222222222222,1.0,1.0,0.5,0.0,1.0,1.0,0.0,1.0,1.0,0.0,1.0,0.6666666666666666,0.8686567164179103,0.7774885145482389,Yes,3
0.0,0.0,0.0,1.0,0.5416666666666666,0.0,0.5,0.0,0.0,0.0,1.0,0.0,0.0,0.0,0.0,0.0,0.3333333333333333,0.11791044776119403,0.03935681470137825,Yes,0
1.0,0.0,1.0,0.0,0.1388888888888889,1.0,0.0,0.5,0.0,0.0,0.0,0.0,0.0,0.0,0.0,1.0,0.6666666666666666,0.517910447761194,0.8733537519142419,Yes,3
0.0,0.0,1.0,1.0,0.19444444444444442,1.0,1.0,0.0,0.0,1.0,0.0,1.0,1.0,1.0,0.0,0.0,0.3333333333333333,0.618905472636816,0.040735068912710566,No,0
0.0,0.0,0.0,0.0,0.013888888888888888,1.0,1.0,0.5,0.0,1.0,0.0,0.0,0.0,0.0,0.0,1.0,1.0,0.6164179104477612,0.9212863705972435,Yes,0
0.0,0.0,1.0,1.0,0.9305555555555555,1.0,1.0,0.5,1.0,0.0,0.0,1.0,0.0,1.0,0.5,1.0,0.3333333333333333,0.7572139303482587,0.7845329249617151,Yes,0
0.0,0.0,0.0,0.0,1.0,1.0,1.0,0.0,1.0,1.0,1.0,1.0,1.0,1.0,1.0,1.0,0.0,0.7273631840796019,0.8137825421133231,No,0
1.0,0.0,1.0,1.0,0.08333333333333333,1.0,0.0,0.0,0.0,0.0,0.0,0.0,0.0,0.0,0.0,1.0,0.0,0.26218905472636816,0.3445635528330781,Yes,3
0.0,0.0,0.0,0.0,0.013888888888888888,1.0,0.0,1.0,0.5,0.5,0.5,0.5,0.5,0.5,0.0,1.0,1.0,0.013432835820895522,0.22756508422664623,Yes,0
1.0,0.0,1.0,1.0,0.3472222222222222,1.0,0.0,1.0,0.5,0.5,0.5,0.5,0.5,0.5,0.5,0.0,0.6666666666666666,0.01641791044776117,0.6548238897396631,No,3
0.0,1.0,0.0,0.0,0.4583333333333333,1.0,1.0,0.5,0.0,1.0,1.0,1.0,1.0,1.0,0.0,1.0,0.6666666666666666,0.9174129353233832,0.48392036753445633,Yes,0
1.0,0.0,0.0,0.0,0.25,1.0,0.0,0.0,1.0,0.0,1.0,1.0,1.0,0.0,0.0,1.0,0.6666666666666666,0.4985074626865671,0.08346094946401225,No,3
1.0,0.0,1.0,0.0,0.986111111111111,1.0,0.0,0.0,0.0,1.0,1.0,1.0,1.0,1.0,1.0,1.0,0.3333333333333333,0.6054726368159203,0.7062787136294028,No,3
1.0,1.0,1.0,1.0,0.38888888888888884,1.0,1.0,0.0,0.0,0.0,0.0,0.0,0.0,0.0,0.5,1.0,0.6666666666666666,0.32587064676616917,0.10581929555895865,No,3
0.0,0.0,0.0,1.0,0.027777777777777776,1.0,1.0,0.5,1.0,0.0,0.0,0.0,0.0,0.0,0.0,0.0,0.3333333333333333,0.6199004975124378,0.2225114854517611,No,0
1.0,0.0,1.0,1.0,0.2361111111111111,1.0,1.0,0.0,0.0,1.0,1.0,1.0,0.0,0.0,0.0,1.0,1.0,0.482089552238806,0.022664624808575805,No,3
1.0,0.0,0.0,0.0,0.7777777777777777,1.0,1.0,0.5,1.0,1.0,0.0,0.0,0.0,0.0,0.0,1.0,0.6666666666666666,0.6781094527363184,0.6396630934150076,No,3
0.0,0.0,1.0,0.0,0.8333333333333333,0.0,0.5,0.0,1.0,1.0,1.0,0.0,0.0,1.0,0.5,0.0,0.6666666666666666,0.31641791044776113,0.38560490045941803,No,0
0.0,0.0,0.0,0.0,0.4583333333333333,1.0,1.0,1.0,0.5,0.5,0.5,0.5,0.5,0.5,1.0,0.0,0.3333333333333333,0.07412935323383085,0.9367534456355283,No,0
0.0,0.0,0.0,0.0,0.013888888888888888,1.0,0.0,0.5,1.0,1.0,0.0,1.0,0.0,0.0,0.0,1.0,1.0,0.6482587064676617,0.9390505359877488,No,0
1.0,0.0,0.0,0.0,0.027777777777777776,1.0,0.0,0.5,0.0,0.0,0.0,0.0,0.0,0.0,0.0,0.0,0.3333333333333333,0.5218905472636816,0.11194486983154671,Yes,3
1.0,0.0,1.0,0.0,0.875,1.0,1.0,0.5,1.0,0.0,0.0,1.0,0.0,0.0,1.0,1.0,0.3333333333333333,0.6606965174129353,0.6857580398162327,No,3
1.0,1.0,1.0,0.0,0.09722222222222221,1.0,1.0,0.5,0.0,0.0,1.0,0.0,1.0,1.0,0.0,1.0,0.6666666666666666,0.8059701492537313,0.8099540581929555,Yes,3
0.0,0.0,0.0,0.0,0.7638888888888888,1.0,0.0,0.0,0.0,1.0,1.0,0.0,0.0,1.0,1.0,1.0,1.0,0.4626865671641791,0.47871362940275647,No,0
0.0,0.0,1.0,0.0,0.9027777777777777,1.0,1.0,0.5,1.0,1.0,0.0,1.0,1.0,0.0,0.5,1.0,0.0,0.8149253731343283,0.8098009188361409,No,0
1.0,0.0,1.0,0.0,0.013888888888888888,1.0,0.0,0.5,0.0,0.0,0.0,1.0,1.0,0.0,0.0,1.0,0.6666666666666666,0.6621890547263681,0.946094946401225,Yes,3
1.0,0.0,0.0,0.0,0.875,1.0,1.0,1.0,0.5,0.5,0.5,0.5,0.5,0.5,1.0,0.0,1.0,0.06965174129353235,0.15344563552833076,No,3
0.0,1.0,1.0,0.0,0.9722222222222222,1.0,1.0,0.5,1.0,1.0,1.0,1.0,1.0,1.0,1.0,1.0,0.3333333333333333,0.9427860696517413,0.9199081163859112,No,0
0.0,0.0,1.0,1.0,0.5,0.0,0.5,0.0,1.0,0.0,1.0,1.0,0.0,0.0,1.0,0.0,0.3333333333333333,0.22288557213930343,0.15053598774885146,No,0
1.0,0.0,0.0,0.0,0.7222222222222222,1.0,0.0,0.5,0.0,1.0,1.0,1.0,1.0,1.0,0.5,1.0,0.0,0.86318407960199,0.6900459418070444,Yes,3
1.0,0.0,0.0,0.0,0.3055555555555555,1.0,1.0,0.0,1.0,0.0,0.0,0.0,0.0,0.0,0.0,1.0,0.6666666666666666,0.36019900497512436,0.03721286370597243,Yes,3
1.0,0.0,0.0,0.0,0.3055555555555555,1.0,0.0,0.5,0.0,1.0,1.0,1.0,0.0,1.0,0.0,1.0,0.0,0.7631840796019901,0.2698315467075038,No,3
0.0,1.0,0.0,0.0,0.06944444444444445,1.0,0.0,0.0,1.0,1.0,0.0,1.0,0.0,0.0,0.0,0.0,0.3333333333333333,0.4144278606965174,0.37947932618683,No,0
0.0,0.0,1.0,0.0,0.6527777777777778,1.0,0.0,0.5,0.0,0.0,1.0,0.0,0.0,1.0,0.0,1.0,0.6666666666666666,0.6671641791044776,0.5298621745788668,Yes,0
0.0,0.0,0.0,0.0,0.4583333333333333,1.0,1.0,0.5,0.0,0.0,0.0,0.0,0.0,1.0,0.0,1.0,0.6666666666666666,0.6477611940298507,0.3669218989280245,Yes,0
1.0,0.0,0.0,0.0,0.25,0.0,0.5,0.0,0.0,1.0,1.0,0.0,0.0,0.0,0.0,1.0,0.3333333333333333,0.15174129353233828,0.7525267993874426,Yes,3
0.0,0.0,0.0,0.0,0.013888888888888888,1.0,0.0,1.0,0.5,0.5,0.5,0.5,0.5,0.5,0.0,0.0,0.3333333333333333,0.015422885572139305,0.22817764165390506,No,0
1.0,0.0,0.0,0.0,0.7777777777777777,1.0,0.0,0.0,0.0,1.0,1.0,1.0,1.0,1.0,1.0,1.0,0.3333333333333333,0.6323383084577114,0.591271056661562,No,3
0.0,0.0,0.0,0.0,0.027777777777777776,1.0,0.0,1.0,0.5,0.5,0.5,0.5,0.5,0.5,0.0,1.0,1.0,0.01741293532338306,0.5231240428790199,No,0
1.0,0.0,0.0,0.0,0.4861111111111111,1.0,1.0,0.0,1.0,0.0,1.0,0.0,0.0,0.0,0.0,1.0,0.6666666666666666,0.4114427860696518,0.26416539050535986,No,3
0.0,0.0,1.0,0.0,0.8888888888888888,1.0,1.0,1.0,0.5,0.5,0.5,0.5,0.5,0.5,1.0,0.0,0.3333333333333333,0.06716417910447761,0.1588055130168453,No,0
0.0,0.0,0.0,0.0,0.20833333333333331,1.0,1.0,0.5,1.0,0.0,1.0,0.0,0.0,0.0,0.0,1.0,0.3333333333333333,0.6577114427860695,0.08514548238897396,No,0
1.0,0.0,0.0,0.0,0.3333333333333333,1.0,0.0,0.5,0.0,0.0,0.0,0.0,1.0,1.0,0.0,1.0,0.6666666666666666,0.717412935323383,0.286676875957121,Yes,3
1.0,0.0,0.0,0.0,0.013888888888888888,1.0,0.0,0.0,0.0,0.0,0.0,0.0,0.0,1.0,0.0,0.0,1.0,0.3711442786069651,0.6990811638591118,No,3
0.0,0.0,1.0,1.0,0.9722222222222222,1.0,0.0,0.0,1.0,0.0,0.0,1.0,1.0,1.0,1.0,0.0,0.3333333333333333,0.5681592039800994,0.6920367534456355,No,0
1.0,0.0,1.0,0.0,0.013888888888888888,1.0,0.0,0.5,0.0,0.0,0.0,0.0,1.0,1.0,0.0,1.0,0.6666666666666666,0.7213930348258706,0.9687595712098009,Yes,3
0.0,0.0,0.0,1.0,0.05555555555555555,1.0,1.0,0.5,0.0,1.0,0.0,0.0,1.0,0.0,0.0,0.0,1.0,0.7099502487562188,0.4831546707503828,Yes,0
0.0,0.0,0.0,0.0,0.5416666666666666,1.0,0.0,0.0,0.0,0.0,0.0,1.0,0.0,1.0,0.5,0.0,0.6666666666666666,0.408457711442786,0.2817764165390505,No,0
0.0,0.0,0.0,0.0,0.40277777777777773,1.0,1.0,0.0,1.0,0.0,0.0,0.0,0.0,1.0,0.0,1.0,0.6666666666666666,0.4761194029850746,0.23185298621745787,No,0
0.0,0.0,1.0,1.0,0.19444444444444442,1.0,0.0,1.0,0.5,0.5,0.5,0.5,0.5,0.5,1.0,0.0,1.0,0.00547263681592039,0.3378254211332312,No,0
0.0,0.0,0.0,0.0,0.8472222222222222,1.0,1.0,0.0,1.0,0.0,1.0,1.0,1.0,1.0,1.0,0.0,0.3333333333333333,0.6786069651741293,0.6649310872894334,No,0
1.0,0.0,0.0,1.0,0.18055555555555555,1.0,0.0,0.0,1.0,0.0,0.0,0.0,0.0,0.0,0.0,1.0,0.3333333333333333,0.3368159203980099,0.8145482388973966,No,3
0.0,0.0,0.0,0.0,0.9166666666666666,0.0,0.5,0.0,1.0,1.0,1.0,1.0,0.0,0.0,1.0,1.0,1.0,0.2900497512437811,0.4225114854517611,No,0
1.0,0.0,0.0,0.0,0.027777777777777776,0.0,0.5,0.0,0.0,0.0,1.0,0.0,1.0,1.0,0.0,1.0,0.6666666666666666,0.30845771144278605,0.9683001531393568,Yes,3
0.0,0.0,1.0,0.0,0.8194444444444444,1.0,1.0,0.5,1.0,1.0,1.0,0.0,1.0,1.0,0.5,1.0,0.3333333333333333,0.9044776119402985,0.8024502297090352,No,0
1.0,0.0,1.0,1.0,0.861111111111111,1.0,1.0,0.5,1.0,1.0,0.0,0.0,1.0,0.0,0.5,1.0,0.3333333333333333,0.7631840796019901,0.7313935681470137,No,3
1.0,1.0,1.0,0.0,0.4583333333333333,1.0,0.0,0.5,1.0,1.0,0.0,1.0,0.0,1.0,0.5,1.0,0.6666666666666666,0.7492537313432835,0.40658499234303214,No,3
1.0,0.0,0.0,1.0,0.9166666666666666,1.0,0.0,0.0,0.0,1.0,1.0,1.0,1.0,1.0,1.0,1.0,0.3333333333333333,0.6094527363184079,0.6663093415007657,No,3
0.0,0.0,0.0,0.0,1.0,1.0,1.0,0.5,1.0,1.0,1.0,1.0,1.0,1.0,1.0,0.0,0.3333333333333333,0.96318407960199,0.9467075038284839,No,0
1.0,0.0,0.0,1.0,0.013888888888888888,1.0,0.0,1.0,0.5,0.5,0.5,0.5,0.5,0.5,0.0,0.0,1.0,0.014925373134328346,0.22802450229709034,Yes,3
0.0,0.0,0.0,0.0,0.2638888888888889,1.0,1.0,0.5,1.0,1.0,0.0,0.0,0.0,1.0,0.0,1.0,0.6666666666666666,0.7651741293532338,0.20245022970903523,Yes,0
0.0,0.0,1.0,1.0,0.7083333333333333,1.0,1.0,0.5,1.0,0.0,0.0,1.0,1.0,0.0,0.5,1.0,1.0,0.7651741293532338,0.6490045941807044,No,0
1.0,0.0,0.0,0.0,0.875,1.0,1.0,0.5,0.0,1.0,0.0,1.0,1.0,1.0,0.0,0.0,0.6666666666666666,0.8671641791044776,0.8154670750382849,No,3
1.0,0.0,0.0,0.0,0.375,1.0,0.0,1.0,0.5,0.5,0.5,0.5,0.5,0.5,0.5,0.0,0.0,0.01840796019900498,0.7127105666156202,No,3
1.0,0.0,0.0,0.0,0.3055555555555555,1.0,1.0,0.5,1.0,0.0,0.0,0.0,1.0,1.0,0.0,1.0,0.0,0.8268656716417909,0.2989280245022971,Yes,3
0.0,1.0,0.0,0.0,0.05555555555555555,1.0,0.0,1.0,0.5,0.5,0.5,0.5,0.5,0.5,0.0,0.0,1.0,0.01791044776119402,0.9718223583460949,No,0
1.0,0.0,1.0,1.0,0.5833333333333333,1.0,0.0,1.0,0.5,0.5,0.5,0.5,0.5,0.5,1.0,0.0,1.0,0.024378109452736302,0.9379785604900459,No,3
0.0,0.0,0.0,0.0,0.40277777777777773,1.0,0.0,1.0,0.5,0.5,0.5,0.5,0.5,0.5,0.5,0.0,1.0,0.020895522388059695,0.7701378254211332,No,0
0.0,0.0,0.0,0.0,0.05555555555555555,1.0,0.0,0.5,0.0,0.0,0.0,0.0,0.0,0.0,0.0,1.0,0.3333333333333333,0.5154228855721392,0.35436447166921897,Yes,0
1.0,0.0,0.0,0.0,0.41666666666666663,1.0,0.0,1.0,0.5,0.5,0.5,0.5,0.5,0.5,0.5,0.0,1.0,0.014427860696517386,0.7756508422664624,No,3
1.0,0.0,1.0,0.0,0.05555555555555555,1.0,1.0,0.5,0.0,0.0,0.0,0.0,0.0,0.0,0.0,1.0,0.6666666666666666,0.5611940298507463,0.39923430321592646,Yes,3
1.0,0.0,1.0,1.0,0.986111111111111,1.0,0.0,0.0,1.0,1.0,1.0,1.0,1.0,1.0,1.0,0.0,0.0,0.6686567164179105,0.7554364471669218,No,3
1.0,0.0,1.0,0.0,0.6388888888888888,0.0,0.5,0.0,1.0,0.0,1.0,1.0,0.0,0.0,1.0,0.0,0.3333333333333333,0.22039800995024872,0.21485451761102603,No,3
1.0,0.0,0.0,0.0,0.05555555555555555,1.0,1.0,0.0,0.0,0.0,0.0,0.0,0.0,0.0,0.0,0.0,1.0,0.31990049751243776,0.2581929555895865,Yes,3
0.0,0.0,0.0,0.0,0.09722222222222221,1.0,1.0,0.5,1.0,0.0,0.0,0.0,0.0,0.0,0.0,1.0,1.0,0.6109452736318408,0.7565084226646248,Yes,0
1.0,0.0,0.0,0.0,0.9583333333333333,1.0,1.0,0.5,0.0,1.0,0.0,1.0,1.0,1.0,0.5,1.0,0.0,0.8651741293532339,0.8739663093415008,No,3
0.0,0.0,1.0,0.0,1.0,1.0,1.0,0.5,1.0,1.0,1.0,0.0,1.0,0.0,1.0,0.0,0.0,0.8199004975124379,0.8709035222052067,No,0
1.0,1.0,0.0,0.0,0.2638888888888889,1.0,1.0,0.5,0.0,0.0,1.0,0.0,0.0,0.0,0.0,1.0,0.6666666666666666,0.6129353233830845,0.13338437978560488,Yes,3
1.0,0.0,0.0,0.0,0.38888888888888884,1.0,0.0,0.5,0.0,0.0,1.0,1.0,0.0,1.0,0.0,0.0,0.6666666666666666,0.7238805970149254,0.34823889739663094,No,3
1.0,0.0,1.0,0.0,0.06944444444444445,1.0,1.0,0.5,0.0,1.0,0.0,0.0,0.0,0.0,0.0,1.0,0.6666666666666666,0.6019900497512437,0.5378254211332312,Yes,3
0.0,1.0,1.0,0.0,1.0,1.0,1.0,0.5,1.0,1.0,1.0,1.0,1.0,1.0,1.0,1.0,0.3333333333333333,0.9800995024875622,0.9375191424196018,No,0
1.0,1.0,1.0,1.0,0.1111111111111111,1.0,0.0,0.5,0.0,0.0,0.0,0.0,1.0,0.0,0.0,1.0,0.3333333333333333,0.618905472636816,0.7358346094946401,Yes,3
0.0,0.0,0.0,0.0,0.09722222222222221,1.0,0.0,0.0,1.0,0.0,0.0,0.0,0.0,1.0,0.5,1.0,0.6666666666666666,0.40646766169154225,0.48728943338437974,No,0
0.0,0.0,0.0,0.0,0.3055555555555555,1.0,0.0,0.0,1.0,0.0,0.0,0.0,0.0,0.0,0.0,1.0,0.6666666666666666,0.3139303482587064,0.01439509954058193,No,0
1.0,0.0,0.0,0.0,1.0,1.0,0.0,1.0,0.5,0.5,0.5,0.5,0.5,0.5,1.0,0.0,0.0,0.010447761194029848,0.11669218989280244,No,3
1.0,0.0,1.0,1.0,0.1111111111111111,1.0,0.0,1.0,0.5,0.5,0.5,0.5,0.5,0.5,0.0,0.0,0.3333333333333333,0.013930348258706454,0.18208269525267992,No,3
1.0,0.0,1.0,0.0,0.7222222222222222,1.0,1.0,0.0,1.0,1.0,1.0,1.0,0.0,1.0,0.5,1.0,0.3333333333333333,0.6283582089552239,0.5667687595712098,No,3
0.0,0.0,0.0,0.0,0.9444444444444444,0.0,0.5,0.0,1.0,0.0,1.0,1.0,0.0,0.0,1.0,0.0,1.0,0.20547263681592037,0.36110260336906586,No,0
0.0,0.0,1.0,0.0,0.986111111111111,1.0,1.0,0.0,1.0,1.0,1.0,1.0,1.0,1.0,1.0,0.0,0.0,0.6935323383084577,0.7859111791730474,No,0
1.0,0.0,0.0,0.0,0.027777777777777776,1.0,0.0,1.0,0.5,0.5,0.5,0.5,0.5,0.5,0.0,0.0,1.0,0.015920398009950265,0.65895865237366,No,3
0.0,1.0,0.0,0.0,0.4722222222222222,1.0,1.0,0.5,0.0,1.0,0.0,1.0,1.0,0.0,0.0,1.0,0.6666666666666666,0.7771144278606964,0.42496171516079634,No,0
0.0,0.0,0.0,0.0,0.4861111111111111,0.0,0.5,0.0,0.0,0.0,0.0,0.0,0.0,0.0,0.0,0.0,0.6666666666666666,0.05870646766169152,0.9298621745788668,No,0
0.0,0.0,1.0,1.0,0.8472222222222222,1.0,0.0,1.0,0.5,0.5,0.5,0.5,0.5,0.5,0.5,0.0,0.3333333333333333,0.008457711442786064,0.041807044410413476,No,0
1.0,0.0,0.0,0.0,0.013888888888888888,1.0,0.0,0.0,0.0,0.0,0.0,0.0,0.0,0.0,0.0,0.0,0.6666666666666666,0.2562189054726368,0.571822358346095,No,3
0.0,0.0,0.0,0.0,0.013888888888888888,1.0,1.0,0.0,0.0,0.0,0.0,0.0,0.0,0.0,0.0,1.0,1.0,0.3169154228855721,0.6470137825421133,Yes,0
0.0,0.0,1.0,1.0,0.736111111111111,1.0,0.0,0.0,0.0,0.0,1.0,0.0,0.0,1.0,0.5,0.0,0.3333333333333333,0.42139303482587065,0.4379785604900459,No,0
0.0,0.0,1.0,0.0,1.0,1.0,1.0,1.0,0.5,0.5,0.5,0.5,0.5,0.5,1.0,0.0,0.0,0.07363184079601987,0.22388973966309342,No,0
1.0,0.0,1.0,0.0,0.027777777777777776,1.0,0.0,0.5,0.0,0.0,1.0,0.0,0.0,0.0,0.0,0.0,0.6666666666666666,0.5786069651741294,0.14196018376722816,Yes,3
1.0,0.0,0.0,0.0,0.041666666666666664,1.0,0.0,0.5,0.0,0.0,1.0,1.0,1.0,1.0,0.0,1.0,0.6666666666666666,0.800497512437811,0.38774885145482385,Yes,3
0.0,1.0,0.0,0.0,0.18055555555555555,1.0,1.0,0.5,1.0,0.0,0.0,0.0,1.0,1.0,0.0,1.0,0.6666666666666666,0.8213930348258706,0.08637059724349158,Yes,0
1.0,1.0,1.0,0.0,0.5694444444444444,0.0,0.5,0.0,0.0,1.0,1.0,0.0,1.0,1.0,0.0,1.0,0.6666666666666666,0.35522388059701493,0.28346094946401224,No,3
0.0,0.0,1.0,0.0,0.3333333333333333,1.0,0.0,1.0,0.5,0.5,0.5,0.5,0.5,0.5,0.5,0.0,0.3333333333333333,0.021393034825870627,0.623583460949464,No,0
0.0,0.0,1.0,1.0,0.38888888888888884,1.0,0.0,0.5,0.0,0.0,0.0,0.0,1.0,1.0,0.5,1.0,0.0,0.7149253731343282,0.34410413476263396,Yes,0
1.0,0.0,0.0,0.0,0.1111111111111111,0.0,0.5,0.0,1.0,0.0,0.0,0.0,0.0,0.0,0.0,0.0,1.0,0.11044776119402988,0.2718223583460949,No,3
1.0,0.0,0.0,0.0,0.013888888888888888,1.0,0.0,1.0,0.5,0.5,0.5,0.5,0.5,0.5,0.0,1.0,1.0,0.021890547263681587,0.2473200612557427,No,3
0.0,0.0,0.0,0.0,0.75,1.0,1.0,0.5,0.0,0.0,1.0,1.0,0.0,1.0,1.0,1.0,0.0,0.7646766169154228,0.6560490045941807,No,0
1.0,0.0,0.0,0.0,0.5694444444444444,1.0,1.0,1.0,0.5,0.5,0.5,0.5,0.5,0.5,0.0,1.0,0.0,0.06965174129353235,0.9987748851454824,No,3
0.0,0.0,1.0,0.0,0.2638888888888889,1.0,0.0,0.0,0.0,0.0,0.0,0.0,0.0,0.0,0.0,0.0,1.0,0.2651741293532338,0.9447166921898927,No,0
0.0,0.0,1.0,1.0,1.0,1.0,1.0,0.0,1.0,1.0,1.0,1.0,1.0,1.0,1.0,0.0,0.0,0.7402985074626866,0.8174578866768759,No,0
1.0,0.0,0.0,0.0,0.861111111111111,0.0,0.5,0.0,1.0,1.0,1.0,1.0,0.0,0.0,1.0,1.0,0.0,0.25323383084577117,0.3467075038284839,No,3
0.0,1.0,1.0,1.0,0.7777777777777777,1.0,0.0,0.0,1.0,0.0,0.0,1.0,1.0,1.0,1.0,1.0,0.3333333333333333,0.5407960199004974,0.5335375191424195,No,0
1.0,0.0,0.0,0.0,0.20833333333333331,1.0,1.0,0.0,0.0,0.0,0.0,0.0,0.0,0.0,0.0,0.0,0.6666666666666666,0.33134328358208953,0.8957120980091884,Yes,3
1.0,1.0,0.0,0.0,0.1388888888888889,1.0,0.0,0.5,0.0,0.0,0.0,0.0,0.0,1.0,0.0,1.0,0.6666666666666666,0.6069651741293532,0.9168453292496171,Yes,3
1.0,0.0,1.0,1.0,0.4444444444444444,1.0,0.0,1.0,0.5,0.5,0.5,0.5,0.5,0.5,1.0,0.0,1.0,0.006965174129353213,0.7663093415007657,No,3
1.0,0.0,0.0,0.0,0.29166666666666663,1.0,0.0,1.0,0.5,0.5,0.5,0.5,0.5,0.5,0.0,0.0,0.3333333333333333,0.02238805970149252,0.5269525267993874,No,3
1.0,0.0,1.0,1.0,0.861111111111111,1.0,0.0,1.0,0.5,0.5,0.5,0.5,0.5,0.5,0.5,0.0,0.0,0.01691542288557213,0.06845329249617152,No,3
0.0,0.0,0.0,0.0,0.027777777777777776,0.0,0.5,0.0,0.0,0.0,0.0,0.0,0.0,0.0,0.0,0.0,0.6666666666666666,0.062189054726368154,0.598468606431853,No,0
1.0,0.0,0.0,1.0,0.375,1.0,0.0,1.0,0.5,0.5,0.5,0.5,0.5,0.5,1.0,0.0,1.0,0.023383084577114438,0.7333843797856049,No,3
1.0,0.0,0.0,0.0,0.06944444444444445,1.0,1.0,0.5,0.0,0.0,0.0,0.0,1.0,1.0,0.0,1.0,0.0,0.7621890547263681,0.6006125574272588,Yes,3
0.0,0.0,0.0,0.0,0.3472222222222222,0.0,0.5,0.0,1.0,1.0,1.0,0.0,1.0,1.0,0.5,0.0,0.6666666666666666,0.42587064676616915,0.14977029096477795,No,0
0.0,0.0,0.0,0.0,0.027777777777777776,1.0,1.0,0.5,0.0,0.0,0.0,0.0,0.0,1.0,0.0,1.0,0.6666666666666666,0.6711442786069651,0.18223583460949463,Yes,0
1.0,0.0,0.0,0.0,0.6805555555555555,1.0,1.0,0.5,0.0,1.0,0.0,1.0,1.0,1.0,0.5,1.0,0.0,0.8796019900497513,0.664624808575804,No,3
0.0,0.0,0.0,0.0,0.875,1.0,1.0,0.5,1.0,1.0,1.0,0.0,1.0,1.0,0.0,0.0,0.3333333333333333,0.8955223880597015,0.8215926493108728,No,0
0.0,0.0,0.0,1.0,0.05555555555555555,1.0,0.0,1.0,0.5,0.5,0.5,0.5,0.5,0.5,0.0,0.0,0.3333333333333333,0.021393034825870627,0.9834609494640122,No,0
0.0,0.0,1.0,0.0,0.013888888888888888,1.0,0.0,0.0,0.0,0.0,0.0,0.0,1.0,0.0,0.0,1.0,1.0,0.3686567164179104,0.6986217457886676,No,0
1.0,0.0,0.0,0.0,0.15277777777777776,1.0,0.0,1.0,0.5,0.5,0.5,0.5,0.5,0.5,0.0,0.0,1.0,0.019900497512437804,0.2611026033690658,No,3
1.0,1.0,0.0,0.0,0.7222222222222222,1.0,1.0,0.5,0.0,0.0,0.0,0.0,0.0,0.0,0.0,1.0,0.0,0.5442786069651742,0.5018376722817764,No,3
0.0,1.0,1.0,0.0,0.8333333333333333,1.0,1.0,0.5,0.0,1.0,0.0,0.0,0.0,1.0,0.0,0.0,0.6666666666666666,0.708457711442786,0.677947932618683,No,0
1.0,0.0,0.0,0.0,0.8888888888888888,1.0,1.0,0.5,0.0,0.0,1.0,1.0,1.0,1.0,0.5,1.0,0.3333333333333333,0.8597014925373135,0.8318529862174578,No,3
0.0,0.0,1.0,1.0,0.5972222222222222,1.0,0.0,0.0,1.0,0.0,1.0,0.0,1.0,1.0,1.0,0.0,0.0,0.5666666666666667,0.433843797856049,No,0
0.0,0.0,1.0,0.0,0.8472222222222222,1.0,1.0,0.5,0.0,0.0,0.0,1.0,1.0,1.0,0.5,0.0,0.0,0.8248756218905472,0.7883614088820827,No,0
0.0,0.0,0.0,0.0,0.013888888888888888,1.0,0.0,0.0,0.0,0.0,0.0,0.0,0.0,0.0,0.0,0.0,1.0,0.2601990049751243,0.5728943338437978,Yes,0
1.0,1.0,0.0,0.0,0.06944444444444445,1.0,0.0,0.5,0.0,0.0,0.0,0.0,1.0,1.0,0.0,1.0,0.6666666666666666,0.708955223880597,0.6185298621745788,Yes,3
1.0,0.0,0.0,0.0,0.9166666666666666,1.0,1.0,0.0,1.0,1.0,1.0,1.0,0.0,0.0,1.0,0.0,0.0,0.5024875621890547,0.5776416539050536,No,3
1.0,0.0,1.0,0.0,0.9305555555555555,1.0,0.0,0.5,1.0,1.0,1.0,1.0,1.0,1.0,1.0,1.0,0.6666666666666666,0.9233830845771144,0.8696784073506891,No,3
0.0,0.0,1.0,0.0,0.5833333333333333,1.0,0.0,0.5,0.0,0.0,1.0,1.0,1.0,1.0,1.0,1.0,0.3333333333333333,0.8034825870646766,0.5404287901990812,No,0
1.0,1.0,1.0,0.0,0.013888888888888888,1.0,1.0,0.5,0.0,0.0,0.0,0.0,1.0,0.0,0.0,1.0,0.6666666666666666,0.6746268656716418,0.9555895865237366,Yes,3
0.0,0.0,1.0,1.0,0.4305555555555555,1.0,0.0,1.0,0.5,0.5,0.5,0.5,0.5,0.5,1.0,0.0,1.0,0.027363184079601977,0.839969372128637,No,0
1.0,0.0,0.0,0.0,0.09722222222222221,1.0,0.0,1.0,0.5,0.5,0.5,0.5,0.5,0.5,0.0,1.0,1.0,0.011442786069651711,0.17947932618683002,No,3
1.0,0.0,0.0,0.0,0.05555555555555555,0.0,0.5,0.0,0.0,0.0,0.0,0.0,1.0,1.0,0.0,1.0,0.6666666666666666,0.2616915422885572,0.1914241960183767,Yes,3
1.0,0.0,1.0,1.0,0.4722222222222222,1.0,1.0,0.0,0.0,0.0,1.0,0.0,1.0,1.0,0.5,0.0,0.0,0.5865671641791045,0.36630934150076566,No,3
1.0,0.0,0.0,0.0,0.041666666666666664,1.0,0.0,1.0,0.5,0.5,0.5,0.5,0.5,0.5,0.5,1.0,1.0,0.011940298507462671,0.8335375191424196,No,3
0.0,0.0,1.0,1.0,0.2638888888888889,0.0,0.5,0.0,0.0,0.0,0.0,0.0,0.0,0.0,0.0,1.0,1.0,0.06567164179104479,0.5652373660030627,No,0
1.0,0.0,1.0,1.0,0.4305555555555555,0.0,0.5,0.0,1.0,0.0,0.0,1.0,0.0,0.0,0.0,0.0,0.0,0.1706467661691542,0.022817764165390504,Yes,3
0.0,0.0,0.0,0.0,0.013888888888888888,1.0,1.0,0.5,0.0,0.0,0.0,0.0,1.0,1.0,0.0,0.0,1.0,0.7701492537313434,0.9871362940275651,Yes,0
1.0,0.0,0.0,0.0,0.041666666666666664,0.0,0.5,0.0,1.0,0.0,1.0,1.0,0.0,0.0,0.0,0.0,1.0,0.2298507462686567,0.020673813169984685,No,3
1.0,0.0,1.0,0.0,0.6388888888888888,1.0,0.0,1.0,0.5,0.5,0.5,0.5,0.5,0.5,0.0,0.0,0.6666666666666666,0.013432835820895522,0.951761102603369,No,3
0.0,0.0,0.0,0.0,0.013888888888888888,1.0,0.0,1.0,0.5,0.5,0.5,0.5,0.5,0.5,0.0,0.0,1.0,0.026865671641791017,0.24885145482388973,Yes,0
0.0,0.0,1.0,1.0,0.9583333333333333,1.0,1.0,0.5,1.0,0.0,1.0,0.0,0.0,0.0,0.5,0.0,0.0,0.6587064676616915,0.7372128637059724,No,0
1.0,0.0,0.0,0.0,0.06944444444444445,1.0,0.0,1.0,0.5,0.5,0.5,0.5,0.5,0.5,0.0,0.0,1.0,0.019900497512437804,0.027258805513016845,No,3
1.0,0.0,0.0,0.0,0.013888888888888888,1.0,0.0,1.0,0.5,0.5,0.5,0.5,0.5,0.5,0.0,0.0,0.0,0.013930348258706454,0.22771822358346094,No,3
1.0,0.0,0.0,0.0,0.3611111111111111,1.0,0.0,1.0,0.5,0.5,0.5,0.5,0.5,0.5,0.5,1.0,0.3333333333333333,0.023880597014925342,0.7468606431852985,No,3
0.0,1.0,0.0,0.0,0.1388888888888889,0.0,0.5,0.0,0.0,0.0,0.0,0.0,0.0,1.0,0.0,1.0,0.6666666666666666,0.16368159203980104,0.4375191424196018,Yes,0
1.0,0.0,0.0,0.0,0.3472222222222222,1.0,0.0,0.5,0.0,0.0,1.0,1.0,1.0,1.0,1.0,0.0,0.0,0.8064676616915423,0.3329249617151608,No,3
1.0,0.0,1.0,1.0,0.8888888888888888,1.0,0.0,0.5,1.0,1.0,0.0,0.0,0.0,0.0,0.0,0.0,0.6666666666666666,0.6248756218905472,0.6617151607963246,No,3
1.0,0.0,1.0,1.0,0.41666666666666663,1.0,1.0,0.0,1.0,1.0,1.0,1.0,0.0,0.0,0.0,0.0,0.6666666666666666,0.4910447761194029,0.24915773353751913,No,3
1.0,0.0,0.0,0.0,0.18055555555555555,1.0,0.0,0.5,0.0,0.0,0.0,0.0,0.0,0.0,0.0,1.0,0.6666666666666666,0.5164179104477612,0.9803981623277181,No,3
0.0,0.0,1.0,0.0,0.8888888888888888,1.0,1.0,0.5,1.0,1.0,1.0,1.0,1.0,1.0,0.5,1.0,0.6666666666666666,0.962686567164179,0.8745788667687595,No,0
0.0,0.0,0.0,1.0,0.6388888888888888,1.0,1.0,0.5,0.0,0.0,1.0,1.0,0.0,0.0,0.0,1.0,0.0,0.6621890547263681,0.5182235834609494,No,0
0.0,0.0,0.0,0.0,0.16666666666666666,1.0,0.0,1.0,0.5,0.5,0.5,0.5,0.5,0.5,0.5,0.0,1.0,0.014427860696517386,0.3447166921898928,No,0
0.0,0.0,0.0,0.0,0.20833333333333331,1.0,0.0,1.0,0.5,0.5,0.5,0.5,0.5,0.5,0.0,0.0,0.0,0.014925373134328346,0.392802450229709,Yes,0
1.0,0.0,1.0,1.0,0.2361111111111111,1.0,1.0,0.5,0.0,0.0,0.0,0.0,1.0,1.0,0.0,1.0,0.6666666666666666,0.7393034825870646,0.14287901990811638,Yes,3
0.0,0.0,1.0,1.0,0.18055555555555555,1.0,0.0,0.0,1.0,0.0,1.0,0.0,0.0,1.0,0.0,1.0,1.0,0.44676616915422884,0.9316998468606431,No,0
0.0,0.0,1.0,1.0,0.9305555555555555,1.0,1.0,0.0,1.0,1.0,0.0,1.0,1.0,0.0,1.0,0.0,0.3333333333333333,0.554726368159204,0.629249617151608,No,0
1.0,0.0,1.0,0.0,0.3333333333333333,0.0,0.5,0.0,0.0,0.0,1.0,0.0,0.0,0.0,0.0,0.0,0.6666666666666666,0.10796019900497511,0.830781010719755,No,3
1.0,0.0,0.0,0.0,0.08333333333333333,1.0,0.0,0.0,0.0,0.0,0.0,1.0,0.0,0.0,0.0,0.0,1.0,0.31641791044776113,0.38116385911179174,No,3
1.0,1.0,1.0,0.0,0.736111111111111,1.0,1.0,0.0,1.0,0.0,0.0,1.0,0.0,0.0,0.5,1.0,0.6666666666666666,0.4159203980099502,0.42970903522205206,Yes,3
1.0,1.0,1.0,0.0,0.2222222222222222,1.0,0.0,0.5,0.0,1.0,0.0,0.0,0.0,0.0,0.0,1.0,0.3333333333333333,0.5577114427860697,0.05068912710566616,Yes,3
1.0,0.0,0.0,0.0,0.1388888888888889,1.0,0.0,1.0,0.5,0.5,0.5,0.5,0.5,0.5,0.0,0.0,0.6666666666666666,0.01741293532338306,0.21638591117917305,No,3
0.0,0.0,0.0,0.0,0.18055555555555555,1.0,0.0,0.5,0.0,1.0,0.0,0.0,0.0,0.0,0.5,1.0,1.0,0.5611940298507463,0.991730474732006,No,0
1.0,0.0,0.0,0.0,0.125,1.0,1.0,0.5,0.0,0.0,0.0,0.0,1.0,0.0,0.0,1.0,0.6666666666666666,0.6676616915422885,0.8905053598774885,Yes,3
0.0,0.0,0.0,0.0,0.3472222222222222,1.0,0.0,0.0,1.0,1.0,1.0,1.0,1.0,0.0,0.5,0.0,1.0,0.5577114427860697,0.21960183767228178,Yes,0
1.0,1.0,0.0,0.0,0.09722222222222221,0.0,0.5,0.0,0.0,1.0,0.0,1.0,0.0,1.0,0.0,1.0,0.6666666666666666,0.2601990049751243,0.3519142419601838,No,3
1.0,0.0,1.0,1.0,0.5277777777777778,1.0,1.0,0.0,1.0,0.0,1.0,1.0,1.0,1.0,1.0,1.0,0.0,0.6681592039800995,0.4379785604900459,No,3
0.0,0.0,1.0,0.0,0.5972222222222222,1.0,1.0,0.5,1.0,1.0,0.0,0.0,0.0,1.0,0.0,1.0,0.6666666666666666,0.7547263681592039,0.535375191424196,No,0
0.0,0.0,0.0,1.0,0.05555555555555555,1.0,0.0,0.5,0.0,0.0,1.0,1.0,1.0,1.0,0.0,1.0,0.0,0.7945273631840796,0.5188361408882083,Yes,0
0.0,0.0,0.0,0.0,0.3472222222222222,1.0,1.0,0.5,0.0,1.0,1.0,1.0,1.0,1.0,1.0,0.0,0.6666666666666666,0.9019900497512437,0.37304747320061254,No,0
1.0,0.0,0.0,1.0,0.375,1.0,0.0,0.0,1.0,1.0,0.0,0.0,0.0,0.0,0.5,0.0,1.0,0.3776119402985074,0.155895865237366,No,3
1.0,0.0,1.0,1.0,1.0,1.0,1.0,1.0,0.5,0.5,0.5,0.5,0.5,0.5,1.0,0.0,1.0,0.07810945273631842,0.21699846860643185,No,3
1.0,0.0,0.0,1.0,0.986111111111111,1.0,1.0,0.5,1.0,1.0,0.0,0.0,0.0,0.0,0.5,1.0,0.3333333333333333,0.6686567164179105,0.7551301684532925,No,3
0.0,0.0,0.0,0.0,0.3333333333333333,1.0,1.0,0.5,0.0,0.0,1.0,0.0,1.0,0.0,0.0,1.0,0.3333333333333333,0.7034825870646766,0.26003062787136294,No,0
0.0,0.0,0.0,0.0,0.6944444444444444,1.0,1.0,0.5,1.0,1.0,0.0,1.0,1.0,1.0,1.0,1.0,0.6666666666666666,0.9094527363184081,0.7050535987748852,Yes,0
1.0,0.0,0.0,0.0,0.7916666666666666,1.0,0.0,0.0,1.0,0.0,1.0,0.0,1.0,1.0,1.0,1.0,0.0,0.5582089552238805,0.5624808575803981,No,3
0.0,0.0,0.0,0.0,0.20833333333333331,1.0,0.0,0.0,0.0,1.0,0.0,0.0,0.0,0.0,0.0,0.0,0.6666666666666666,0.3044776119402985,0.8724349157733537,No,0
1.0,0.0,0.0,0.0,0.05555555555555555,1.0,1.0,0.5,1.0,0.0,0.0,0.0,0.0,0.0,0.0,1.0,0.6666666666666666,0.6154228855721392,0.4464012251148545,No,3
0.0,0.0,0.0,0.0,0.38888888888888884,1.0,0.0,0.0,1.0,1.0,0.0,0.0,0.0,0.0,0.0,0.0,0.6666666666666666,0.3761194029850746,0.1447166921898928,No,0
0.0,1.0,0.0,0.0,0.125,1.0,1.0,0.5,0.0,0.0,0.0,0.0,0.0,0.0,0.0,1.0,0.6666666666666666,0.5601990049751243,0.7736600306278714,Yes,0
0.0,0.0,1.0,0.0,0.7638888888888888,1.0,1.0,0.5,1.0,0.0,0.0,0.0,1.0,0.0,0.0,1.0,0.0,0.7119402985074627,0.6428790199081164,No,0
1.0,0.0,0.0,0.0,0.041666666666666664,1.0,1.0,0.5,0.0,0.0,1.0,0.0,1.0,1.0,0.0,1.0,0.6666666666666666,0.8228855721393035,0.43767228177641654,Yes,3
1.0,0.0,0.0,0.0,0.1388888888888889,1.0,0.0,0.5,0.0,0.0,1.0,0.0,1.0,1.0,0.0,1.0,0.6666666666666666,0.7626865671641792,0.014241960183767229,Yes,3
1.0,0.0,0.0,1.0,0.7638888888888888,1.0,0.0,1.0,0.5,0.5,0.5,0.5,0.5,0.5,0.5,0.0,0.0,0.008457711442786064,0.001225114854517611,No,3
0.0,0.0,1.0,1.0,0.2777777777777778,1.0,0.0,1.0,0.5,0.5,0.5,0.5,0.5,0.5,0.0,0.0,1.0,0.020895522388059695,0.5754977029096477,No,0
0.0,0.0,1.0,1.0,0.861111111111111,1.0,1.0,0.5,0.0,1.0,0.0,1.0,1.0,1.0,0.5,1.0,0.3333333333333333,0.8736318407960199,0.814854517611026,No,0
1.0,1.0,1.0,0.0,0.4444444444444444,1.0,1.0,0.5,0.0,0.0,1.0,1.0,1.0,1.0,0.0,1.0,0.6666666666666666,0.8621890547263681,0.445635528330781,Yes,3
0.0,0.0,0.0,0.0,0.5972222222222222,1.0,0.0,1.0,0.5,0.5,0.5,0.5,0.5,0.5,1.0,1.0,0.0,0.013930348258706454,0.9042879019908117,No,0
1.0,0.0,1.0,0.0,0.125,0.0,0.5,0.0,0.0,0.0,0.0,0.0,0.0,0.0,0.5,0.0,0.0,0.05820895522388059,0.3433384379785605,Yes,3
0.0,0.0,1.0,0.0,0.8333333333333333,1.0,0.0,0.0,1.0,1.0,0.0,1.0,0.0,0.0,1.0,0.0,0.0,0.41393034825870645,0.46248085758039814,No,0
1.0,0.0,1.0,0.0,0.8055555555555555,1.0,1.0,0.0,1.0,1.0,1.0,0.0,1.0,1.0,1.0,1.0,0.6666666666666666,0.6751243781094527,0.6327718223583461,No,3
1.0,0.0,0.0,1.0,0.09722222222222221,1.0,0.0,1.0,0.5,0.5,0.5,0.5,0.5,0.5,0.5,0.0,1.0,0.011940298507462671,0.1003062787136294,No,3
1.0,0.0,1.0,1.0,0.027777777777777776,1.0,0.0,0.5,1.0,0.0,0.0,0.0,1.0,1.0,0.0,0.0,0.6666666666666666,0.7845771144278606,0.21378254211332312,No,3
1.0,1.0,0.0,0.0,0.5138888888888888,0.0,0.5,0.0,0.0,1.0,1.0,0.0,0.0,0.0,0.0,0.0,0.6666666666666666,0.18308457711442783,0.08836140888208269,No,3
0.0,1.0,1.0,1.0,0.9027777777777777,1.0,1.0,0.5,0.0,0.0,1.0,1.0,1.0,1.0,0.5,1.0,0.0,0.8522388059701492,0.8200612557427258,No,0
0.0,0.0,1.0,1.0,0.5416666666666666,1.0,0.0,1.0,0.5,0.5,0.5,0.5,0.5,0.5,1.0,0.0,1.0,0.014925373134328346,0.8900459418070444,No,0
1.0,0.0,1.0,0.0,0.9166666666666666,1.0,1.0,0.5,0.0,1.0,0.0,1.0,1.0,1.0,0.5,1.0,0.6666666666666666,0.8537313432835821,0.8324655436447167,Yes,3
1.0,0.0,0.0,0.0,0.9444444444444444,1.0,1.0,1.0,0.5,0.5,0.5,0.5,0.5,0.5,1.0,0.0,1.0,0.06268656716417911,0.17503828483920367,No,3
0.0,0.0,1.0,1.0,0.861111111111111,0.0,0.5,0.0,1.0,1.0,0.0,1.0,1.0,0.0,1.0,0.0,0.0,0.3029850746268657,0.3989280245022971,No,0
1.0,0.0,0.0,0.0,0.041666666666666664,1.0,0.0,0.5,0.0,0.0,1.0,1.0,1.0,0.0,0.0,1.0,1.0,0.6975124378109452,0.347166921898928,Yes,3
0.0,0.0,1.0,0.0,1.0,1.0,1.0,0.5,1.0,1.0,1.0,0.0,1.0,1.0,1.0,1.0,0.6666666666666666,0.908457711442786,0.9320061255742725,No,0
0.0,0.0,1.0,0.0,0.5694444444444444,1.0,0.0,1.0,0.5,0.5,0.5,0.5,0.5,0.5,1.0,0.0,0.3333333333333333,0.023880597014925342,0.9611026033690658,No,0
1.0,0.0,1.0,1.0,0.40277777777777773,1.0,0.0,0.5,1.0,0.0,0.0,0.0,1.0,1.0,0.0,0.0,0.3333333333333333,0.7601990049751244,0.35114854517611027,Yes,3
0.0,0.0,0.0,0.0,0.05555555555555555,1.0,0.0,0.0,1.0,1.0,0.0,0.0,0.0,0.0,0.0,0.0,0.6666666666666666,0.36766169154228856,0.2797856049004594,No,0
1.0,0.0,0.0,0.0,0.736111111111111,1.0,1.0,1.0,0.5,0.5,0.5,0.5,0.5,0.5,0.5,0.0,0.0,0.057711442786069655,0.08499234303215926,No,3
1.0,1.0,1.0,0.0,0.013888888888888888,1.0,1.0,0.5,0.0,0.0,0.0,0.0,0.0,0.0,0.0,1.0,0.6666666666666666,0.5587064676616916,0.8758039816232771,Yes,3
0.0,0.0,1.0,1.0,0.5694444444444444,1.0,1.0,0.0,1.0,1.0,1.0,1.0,0.0,1.0,0.0,0.0,0.3333333333333333,0.6134328358208956,0.4421133231240429,Yes,0
1.0,0.0,1.0,0.0,0.5416666666666666,1.0,0.0,1.0,0.5,0.5,0.5,0.5,0.5,0.5,1.0,1.0,0.0,0.021890547263681587,0.9151607963246554,No,3
1.0,0.0,1.0,0.0,0.875,1.0,0.0,1.0,0.5,0.5,0.5,0.5,0.5,0.5,1.0,0.0,1.0,0.009950248756218888,0.0664624808575804,No,3
1.0,0.0,0.0,0.0,0.20833333333333331,1.0,1.0,1.0,0.5,0.5,0.5,0.5,0.5,0.5,0.0,1.0,0.6666666666666666,0.08059701492537313,0.4972434915773354,No,3
0.0,0.0,1.0,0.0,0.18055555555555555,1.0,0.0,0.0,0.0,0.0,0.0,0.0,0.0,0.0,0.5,0.0,0.6666666666666666,0.254228855721393,0.7436447166921899,No,0
1.0,0.0,0.0,0.0,0.013888888888888888,1.0,0.0,0.0,0.0,1.0,0.0,0.0,0.0,0.0,0.0,1.0,1.0,0.31741293532338305,0.647166921898928,No,3
1.0,0.0,0.0,0.0,0.013888888888888888,1.0,0.0,1.0,0.5,0.5,0.5,0.5,0.5,0.5,1.0,0.0,1.0,0.021890547263681587,0.2473200612557427,No,3
1.0,1.0,0.0,0.0,0.1111111111111111,1.0,0.0,0.5,0.0,0.0,0.0,0.0,0.0,0.0,0.0,1.0,0.6666666666666666,0.5119402985074627,0.710260336906585,Yes,3
1.0,0.0,0.0,0.0,0.8333333333333333,1.0,0.0,0.0,1.0,1.0,1.0,0.0,0.0,0.0,1.0,0.0,0.6666666666666666,0.4293532338308458,0.4811638591117917,No,3
0.0,1.0,1.0,0.0,0.16666666666666666,1.0,1.0,0.5,0.0,1.0,1.0,0.0,1.0,0.0,0.0,1.0,0.6666666666666666,0.7945273631840796,0.018376722817764164,Yes,0
1.0,0.0,1.0,0.0,0.5555555555555556,1.0,1.0,0.0,0.0,1.0,0.0,1.0,1.0,0.0,0.5,0.0,0.3333333333333333,0.5223880597014925,0.3868300153139357,No,3
0.0,0.0,0.0,0.0,0.9166666666666666,1.0,0.0,0.0,1.0,1.0,1.0,0.0,0.0,0.0,1.0,1.0,0.0,0.426865671641791,0.5260336906584993,No,0
1.0,0.0,1.0,1.0,0.5833333333333333,1.0,0.0,1.0,0.5,0.5,0.5,0.5,0.5,0.5,0.5,0.0,1.0,0.019900497512437804,0.9531393568147013,No,3
0.0,1.0,0.0,0.0,0.9166666666666666,1.0,1.0,0.0,1.0,1.0,0.0,1.0,0.0,0.0,0.5,1.0,0.3333333333333333,0.4537313432835821,0.5462480857580398,No,0
1.0,0.0,0.0,0.0,0.6805555555555555,1.0,1.0,0.5,0.0,1.0,0.0,0.0,1.0,1.0,0.0,0.0,0.6666666666666666,0.800497512437811,0.6392036753445636,No,3
0.0,0.0,0.0,0.0,0.013888888888888888,1.0,0.0,1.0,0.5,0.5,0.5,0.5,0.5,0.5,0.0,0.0,1.0,0.02238805970149252,0.24747320061255743,Yes,0
0.0,0.0,0.0,0.0,0.5694444444444444,1.0,0.0,1.0,0.5,0.5,0.5,0.5,0.5,0.5,1.0,0.0,1.0,0.01741293532338306,0.9283307810107198,No,0
0.0,0.0,1.0,1.0,0.5694444444444444,1.0,0.0,1.0,0.5,0.5,0.5,0.5,0.5,0.5,1.0,0.0,0.0,0.010447761194029848,0.9003062787136293,No,0
0.0,0.0,1.0,1.0,0.3194444444444444,1.0,0.0,0.5,1.0,1.0,0.0,1.0,0.0,0.0,0.0,0.0,1.0,0.6582089552238807,0.23537519142419602,No,0
1.0,0.0,0.0,0.0,0.041666666666666664,0.0,0.5,0.0,0.0,0.0,0.0,0.0,0.0,0.0,0.0,0.0,0.6666666666666666,0.0681592039800995,0.9147013782542113,No,3
0.0,0.0,0.0,0.0,0.05555555555555555,0.0,0.5,0.0,1.0,0.0,1.0,1.0,0.0,1.0,0.0,0.0,1.0,0.29850746268656714,0.252833078101072,No,0
0.0,0.0,1.0,1.0,0.7222222222222222,1.0,0.0,1.0,0.5,0.5,0.5,0.5,0.5,0.5,1.0,0.0,1.0,0.015920398009950265,0.02128637059724349,No,0
0.0,1.0,1.0,0.0,0.05555555555555555,1.0,1.0,0.5,1.0,0.0,0.0,0.0,1.0,1.0,0.0,1.0,0.6666666666666666,0.8094527363184079,0.45987748851454824,Yes,0
0.0,0.0,0.0,0.0,0.15277777777777776,1.0,0.0,0.5,0.0,1.0,1.0,1.0,0.0,1.0,0.0,1.0,0.6666666666666666,0.7557213930348259,1.0,No,0
0.0,0.0,1.0,0.0,0.027777777777777776,1.0,0.0,0.0,1.0,0.0,0.0,0.0,0.0,1.0,0.0,1.0,1.0,0.43681592039800987,0.03797856049004594,No,0
0.0,0.0,1.0,0.0,0.3611111111111111,1.0,1.0,0.5,0.0,1.0,0.0,0.0,0.0,0.0,0.0,0.0,0.0,0.6074626865671642,0.25176110260336904,No,0
1.0,0.0,1.0,1.0,0.3333333333333333,1.0,0.0,0.0,1.0,0.0,1.0,0.0,0.0,0.0,0.5,1.0,0.3333333333333333,0.37810945273631835,0.12879019908116385,No,3
0.0,0.0,0.0,0.0,0.16666666666666666,1.0,0.0,1.0,0.5,0.5,0.5,0.5,0.5,0.5,0.0,0.0,1.0,0.020398009950248763,0.3232771822358346,No,0
1.0,1.0,1.0,0.0,0.8333333333333333,1.0,1.0,0.5,0.0,0.0,0.0,1.0,1.0,1.0,0.0,1.0,0.6666666666666666,0.8034825870646766,0.7543644716692189,No,3
0.0,0.0,1.0,1.0,0.8888888888888888,1.0,1.0,0.0,1.0,1.0,1.0,1.0,1.0,1.0,1.0,1.0,1.0,0.7199004975124377,0.7344563552833078,No,0
1.0,0.0,1.0,0.0,0.9166666666666666,1.0,0.0,0.0,1.0,1.0,1.0,1.0,1.0,1.0,1.0,1.0,0.0,0.673134328358209,0.7090352220520674,No,3
0.0,0.0,0.0,0.0,0.8333333333333333,1.0,1.0,0.5,0.0,0.0,1.0,0.0,0.0,0.0,0.5,1.0,0.0,0.6064676616915423,0.6179173047473201,No,0
1.0,0.0,1.0,1.0,0.2361111111111111,1.0,1.0,0.0,1.0,0.0,1.0,0.0,1.0,0.0,0.5,1.0,0.0,0.5184079601990049,0.056967840735068914,No,3
1.0,0.0,1.0,1.0,0.5833333333333333,1.0,0.0,1.0,0.5,0.5,0.5,0.5,0.5,0.5,1.0,0.0,1.0,0.010945273631840807,0.9586523736600306,No,3
1.0,0.0,0.0,0.0,0.013888888888888888,1.0,1.0,0.0,0.0,0.0,0.0,0.0,0.0,0.0,0.0,1.0,0.6666666666666666,0.31741293532338305,0.647166921898928,No,3
0.0,0.0,1.0,1.0,0.6527777777777778,1.0,0.0,0.0,0.0,1.0,0.0,1.0,0.0,1.0,1.0,0.0,0.0,0.45323383084577107,0.39862174578866766,No,0
0.0,0.0,1.0,0.0,0.1388888888888889,1.0,0.0,1.0,0.5,0.5,0.5,0.5,0.5,0.5,0.0,1.0,1.0,0.02288557213930348,0.3336906584992343,No,0
1.0,1.0,1.0,0.0,0.9722222222222222,1.0,1.0,0.0,1.0,1.0,1.0,1.0,1.0,1.0,1.0,1.0,0.3333333333333333,0.699502487562189,0.7808575803981623,No,3
1.0,1.0,0.0,0.0,0.9305555555555555,1.0,1.0,0.5,0.0,0.0,1.0,0.0,1.0,1.0,0.0,1.0,0.3333333333333333,0.827363184079602,0.8272588055130168,No,3
0.0,0.0,0.0,0.0,0.013888888888888888,1.0,0.0,0.5,0.0,0.0,0.0,0.0,0.0,1.0,0.0,1.0,0.6666666666666666,0.6338308457711442,0.9280245022970903,Yes,0
1.0,0.0,1.0,0.0,0.09722222222222221,1.0,0.0,0.5,0.0,0.0,0.0,0.0,0.0,0.0,0.0,1.0,0.6666666666666666,0.508457711442786,0.5874425727411945,Yes,3
1.0,0.0,0.0,0.0,0.013888888888888888,1.0,0.0,0.0,0.0,0.0,0.0,0.0,0.0,0.0,0.0,0.0,1.0,0.26218905472636816,0.573353751914242,No,3
1.0,0.0,0.0,0.0,0.05555555555555555,1.0,0.0,0.0,0.0,1.0,0.0,1.0,1.0,0.0,0.0,1.0,0.0,0.45273631840796014,0.2900459418070444,No,3
0.0,0.0,1.0,1.0,0.9166666666666666,1.0,1.0,0.5,1.0,1.0,1.0,0.0,1.0,1.0,1.0,0.0,0.0,0.9054726368159204,0.851301684532925,No,0
0.0,0.0,0.0,0.0,0.16666666666666666,1.0,0.0,0.5,0.0,1.0,0.0,0.0,0.0,1.0,0.0,1.0,0.6666666666666666,0.6601990049751243,0.005359877488514548,No,0
0.0,0.0,0.0,0.0,0.3333333333333333,1.0,0.0,1.0,0.5,0.5,0.5,0.5,0.5,0.5,0.5,0.0,0.3333333333333333,0.021890547263681587,0.6751914241960184,No,0
1.0,0.0,0.0,0.0,0.3611111111111111,1.0,0.0,0.5,0.0,1.0,0.0,0.0,1.0,0.0,0.0,1.0,0.6666666666666666,0.6716417910447761,0.27013782542113324,No,3
0.0,0.0,0.0,0.0,0.08333333333333333,1.0,0.0,0.5,0.0,0.0,0.0,0.0,1.0,1.0,0.0,1.0,0.6666666666666666,0.7248756218905472,0.5940275650842266,Yes,0
1.0,0.0,1.0,0.0,0.7916666666666666,1.0,1.0,0.5,0.0,0.0,1.0,1.0,1.0,1.0,1.0,0.0,0.6666666666666666,0.8925373134328359,0.7488514548238897,No,3
1.0,0.0,1.0,0.0,0.19444444444444442,1.0,1.0,0.5,0.0,0.0,0.0,0.0,1.0,0.0,0.0,1.0,0.6666666666666666,0.6751243781094527,0.06600306278713629,Yes,3
0.0,0.0,1.0,1.0,0.5833333333333333,1.0,1.0,1.0,0.5,0.5,0.5,0.5,0.5,0.5,1.0,0.0,0.6666666666666666,0.04676616915422885,0.005053598774885145,No,0
1.0,0.0,0.0,0.0,0.3472222222222222,1.0,1.0,0.5,0.0,0.0,0.0,0.0,1.0,1.0,0.0,1.0,0.0,0.7606965174129353,0.306125574272588,Yes,3
0.0,0.0,1.0,0.0,0.8888888888888888,1.0,0.0,1.0,0.5,0.5,0.5,0.5,0.5,0.5,1.0,0.0,0.3333333333333333,0.011940298507462671,0.06339969372128637,No,0
1.0,0.0,1.0,0.0,0.3055555555555555,1.0,1.0,0.5,0.0,0.0,0.0,0.0,0.0,1.0,0.0,1.0,0.6666666666666666,0.6651741293532337,0.22159264931087289,Yes,3
1.0,0.0,0.0,0.0,0.2638888888888889,1.0,0.0,1.0,0.5,0.5,0.5,0.5,0.5,0.5,0.5,1.0,0.3333333333333333,0.014427860696517386,0.505666156202144,No,3
0.0,0.0,1.0,1.0,0.8472222222222222,1.0,1.0,0.5,0.0,1.0,0.0,0.0,1.0,1.0,0.0,1.0,0.6666666666666666,0.8049751243781095,0.7539050535987749,Yes,0
1.0,0.0,1.0,0.0,0.3055555555555555,1.0,0.0,0.5,0.0,0.0,1.0,0.0,1.0,0.0,0.0,1.0,0.0,0.6840796019900497,0.21684532924961714,No,3
1.0,1.0,1.0,0.0,0.9722222222222222,1.0,1.0,0.5,0.0,1.0,1.0,0.0,1.0,1.0,0.0,1.0,0.6666666666666666,0.8427860696517412,0.8534456355283307,Yes,3
1.0,0.0,0.0,0.0,0.16666666666666666,1.0,0.0,0.5,0.0,0.0,0.0,0.0,0.0,1.0,0.0,1.0,0.0,0.6139303482587065,0.013016845329249616,No,3
0.0,0.0,1.0,0.0,0.4305555555555555,1.0,0.0,0.0,1.0,0.0,0.0,1.0,0.0,1.0,0.5,1.0,0.6666666666666666,0.4552238805970149,0.23154670750382847,No,0
0.0,0.0,0.0,0.0,0.15277777777777776,1.0,0.0,0.0,0.0,0.0,0.0,0.0,1.0,1.0,0.0,1.0,0.6666666666666666,0.464179104477612,0.858499234303216,No,0
1.0,0.0,1.0,1.0,0.9444444444444444,1.0,1.0,1.0,0.5,0.5,0.5,0.5,0.5,0.5,1.0,0.0,1.0,0.07462686567164178,0.18085758039816233,No,3
0.0,1.0,1.0,1.0,1.0,1.0,1.0,0.0,1.0,1.0,1.0,1.0,1.0,1.0,1.0,1.0,0.0,0.7154228855721393,0.8156202143950995,No,0
1.0,1.0,0.0,0.0,0.9305555555555555,1.0,1.0,0.5,1.0,1.0,1.0,1.0,1.0,1.0,1.0,1.0,0.3333333333333333,0.9736318407960197,0.9075038284839203,No,3
0.0,0.0,0.0,0.0,0.8333333333333333,1.0,0.0,0.5,1.0,0.0,1.0,1.0,1.0,1.0,0.0,1.0,0.0,0.8626865671641791,0.7747320061255742,No,0
1.0,0.0,0.0,0.0,0.013888888888888888,1.0,0.0,0.0,0.0,0.0,0.0,0.0,0.0,0.0,0.0,1.0,1.0,0.2666666666666666,0.5836140888208269,Yes,3
0.0,1.0,0.0,1.0,0.013888888888888888,1.0,0.0,0.5,0.0,0.0,0.0,0.0,0.0,0.0,0.0,1.0,0.6666666666666666,0.5248756218905473,0.8520673813169984,Yes,0
1.0,0.0,1.0,1.0,0.8055555555555555,0.0,0.5,0.0,1.0,1.0,1.0,0.0,1.0,0.0,0.5,0.0,1.0,0.31592039800995025,0.3862174578866769,No,3
0.0,1.0,1.0,1.0,0.6527777777777778,1.0,0.0,0.5,0.0,0.0,0.0,0.0,0.0,0.0,0.0,0.0,0.0,0.5203980099502488,0.43981623277182236,Yes,0
0.0,0.0,0.0,0.0,0.013888888888888888,1.0,0.0,0.5,0.0,0.0,0.0,0.0,0.0,1.0,0.0,1.0,0.6666666666666666,0.6114427860696517,0.9145482388973966,Yes,0
1.0,0.0,0.0,0.0,0.013888888888888888,1.0,0.0,1.0,0.5,0.5,0.5,0.5,0.5,0.5,0.0,0.0,1.0,0.021890547263681587,0.2473200612557427,No,3
1.0,0.0,0.0,0.0,0.3055555555555555,1.0,1.0,0.0,1.0,1.0,0.0,0.0,0.0,0.0,0.0,0.0,0.6666666666666666,0.4054726368159204,0.07136294027565084,Yes,3
0.0,0.0,0.0,0.0,0.6666666666666666,1.0,0.0,0.0,1.0,0.0,1.0,1.0,0.0,0.0,0.5,1.0,0.3333333333333333,0.4189054726368159,0.38254211332312404,Yes,0
0.0,0.0,1.0,0.0,0.5138888888888888,1.0,0.0,1.0,0.5,0.5,0.5,0.5,0.5,0.5,0.5,1.0,0.0,0.015920398009950265,0.8591117917304747,No,0
1.0,0.0,0.0,0.0,0.18055555555555555,1.0,0.0,1.0,0.5,0.5,0.5,0.5,0.5,0.5,0.5,1.0,0.6666666666666666,0.01691542288557213,0.3343032159264931,No,3
1.0,0.0,0.0,0.0,0.5972222222222222,1.0,1.0,1.0,0.5,0.5,0.5,0.5,0.5,0.5,1.0,0.0,0.0,0.081592039800995,0.03246554364471669,No,3
0.0,0.0,0.0,0.0,0.08333333333333333,0.0,0.5,0.0,1.0,1.0,1.0,1.0,1.0,1.0,1.0,1.0,1.0,0.4492537313432835,0.46186830015313934,No,0
1.0,0.0,0.0,0.0,0.986111111111111,0.0,0.5,0.0,1.0,1.0,1.0,1.0,1.0,0.0,1.0,0.0,0.0,0.35522388059701493,0.5096477794793262,No,3
0.0,1.0,1.0,1.0,0.013888888888888888,1.0,0.0,0.5,0.0,0.0,0.0,0.0,0.0,0.0,0.0,1.0,0.6666666666666666,0.5074626865671642,0.8335375191424196,Yes,0
0.0,0.0,1.0,1.0,1.0,1.0,1.0,0.5,1.0,1.0,0.0,0.0,1.0,0.0,1.0,1.0,0.6666666666666666,0.7646766169154228,0.8278713629402756,No,0
0.0,1.0,0.0,0.0,0.08333333333333333,1.0,0.0,0.5,1.0,0.0,0.0,0.0,0.0,0.0,0.0,1.0,0.6666666666666666,0.5557213930348258,0.5865237366003062,No,0
1.0,0.0,1.0,1.0,0.16666666666666666,0.0,0.5,0.0,0.0,1.0,0.0,1.0,0.0,0.0,0.0,0.0,1.0,0.17164179104477612,0.5627871362940275,No,3
1.0,0.0,0.0,0.0,0.3472222222222222,1.0,0.0,0.5,0.0,0.0,0.0,0.0,0.0,0.0,0.0,0.0,1.0,0.5243781094527363,0.19800918836140888,Yes,3
0.0,0.0,1.0,0.0,0.29166666666666663,1.0,0.0,0.5,0.0,0.0,1.0,1.0,0.0,0.0,0.5,0.0,0.6666666666666666,0.6064676616915423,0.19264931087289433,No,0
0.0,0.0,1.0,1.0,0.08333333333333333,1.0,0.0,0.0,0.0,0.0,0.0,1.0,0.0,0.0,0.0,1.0,1.0,0.3039800995024875,0.3929555895865237,No,0
1.0,0.0,1.0,0.0,0.2777777777777778,1.0,0.0,0.5,0.0,0.0,0.0,0.0,1.0,1.0,0.0,1.0,1.0,0.7039800995024875,0.21041347626339968,Yes,3
1.0,0.0,1.0,0.0,0.25,1.0,1.0,0.5,1.0,0.0,0.0,0.0,1.0,1.0,0.0,1.0,0.6666666666666666,0.8074626865671642,0.19310872894333844,Yes,3
0.0,0.0,0.0,0.0,0.5972222222222222,1.0,0.0,0.0,0.0,1.0,0.0,1.0,0.0,0.0,0.5,0.0,0.6666666666666666,0.37014925373134333,0.3209800918836141,No,0
0.0,0.0,1.0,1.0,0.4861111111111111,1.0,1.0,1.0,0.5,0.5,0.5,0.5,0.5,0.5,1.0,1.0,0.3333333333333333,0.07114427860696515,0.9859111791730475,No,0
0.0,0.0,0.0,0.0,0.013888888888888888,1.0,0.0,0.5,0.0,0.0,1.0,0.0,0.0,0.0,0.0,0.0,0.0,0.5497512437810945,0.867687595712098,Yes,0
1.0,1.0,1.0,0.0,0.4444444444444444,1.0,1.0,0.5,0.0,1.0,1.0,0.0,0.0,1.0,0.0,1.0,0.6666666666666666,0.7487562189054726,0.39326186830015314,No,3
1.0,0.0,0.0,0.0,0.7222222222222222,0.0,0.5,0.0,1.0,1.0,1.0,1.0,1.0,1.0,1.0,0.0,0.3333333333333333,0.45422885572139304,0.44318529862174577,No,3
1.0,0.0,0.0,0.0,0.4444444444444444,1.0,0.0,0.0,0.0,0.0,0.0,0.0,1.0,1.0,0.5,1.0,0.0,0.46368159203980097,0.25114854517611024,No,3
0.0,0.0,1.0,1.0,1.0,0.0,0.5,0.0,1.0,1.0,1.0,1.0,1.0,1.0,1.0,1.0,0.0,0.45323383084577107,0.6068912710566615,No,0
1.0,0.0,0.0,0.0,0.7083333333333333,0.0,0.5,0.0,1.0,0.0,0.0,1.0,0.0,1.0,0.0,1.0,0.3333333333333333,0.2606965174129353,0.2750382848392037,No,3
1.0,0.0,1.0,1.0,0.9444444444444444,1.0,0.0,1.0,0.5,0.5,0.5,0.5,0.5,0.5,1.0,1.0,0.0,0.01691542288557213,0.08529862174578867,No,3
1.0,1.0,1.0,0.0,0.1111111111111111,0.0,0.5,0.0,0.0,1.0,1.0,0.0,0.0,1.0,0.0,1.0,1.0,0.24975124378109453,0.489739663093415,No,3
1.0,0.0,1.0,0.0,0.6805555555555555,0.0,0.5,0.0,0.0,1.0,0.0,0.0,1.0,1.0,1.0,0.0,0.3333333333333333,0.3124378109452736,0.31454823889739664,No,3
0.0,0.0,1.0,0.0,1.0,1.0,0.0,0.0,1.0,1.0,1.0,1.0,1.0,1.0,1.0,0.0,1.0,0.6651741293532337,0.769218989280245,No,0
1.0,0.0,0.0,0.0,0.125,1.0,1.0,0.5,0.0,0.0,0.0,0.0,1.0,1.0,0.0,1.0,0.6666666666666666,0.7686567164179104,0.9382848392036753,Yes,3
0.0,0.0,1.0,0.0,0.38888888888888884,1.0,0.0,0.5,1.0,0.0,0.0,0.0,1.0,1.0,0.0,1.0,1.0,0.7373134328358208,0.3448698315467075,Yes,0
1.0,0.0,0.0,0.0,0.75,1.0,0.0,0.5,1.0,0.0,1.0,0.0,1.0,0.0,0.0,0.0,1.0,0.7119402985074627,0.6044410413476263,No,3
1.0,0.0,0.0,0.0,0.15277777777777776,1.0,0.0,0.5,0.0,1.0,0.0,0.0,0.0,0.0,0.0,1.0,0.6666666666666666,0.5601990049751243,0.9352220520673813,Yes,3
0.0,0.0,1.0,1.0,0.6944444444444444,1.0,0.0,0.5,0.0,0.0,1.0,1.0,1.0,1.0,0.5,0.0,1.0,0.843781094527363,0.6632465543644717,No,0
0.0,0.0,1.0,0.0,0.9583333333333333,1.0,1.0,0.5,1.0,1.0,1.0,1.0,1.0,1.0,1.0,1.0,0.6666666666666666,0.9726368159203981,0.9330781010719754,No,0
1.0,0.0,0.0,0.0,0.013888888888888888,1.0,0.0,0.5,0.0,0.0,0.0,0.0,0.0,0.0,0.0,1.0,0.6666666666666666,0.5139303482587065,0.8352220520673813,No,3
1.0,0.0,1.0,1.0,0.9444444444444444,1.0,0.0,0.5,1.0,1.0,0.0,1.0,0.0,1.0,1.0,0.0,0.0,0.7646766169154228,0.8122511485451761,No,3
1.0,0.0,0.0,1.0,0.5555555555555556,0.0,0.5,0.0,1.0,1.0,0.0,1.0,0.0,0.0,0.5,0.0,1.0,0.21890547263681592,0.1549770290964778,No,3
1.0,0.0,1.0,1.0,0.4305555555555555,1.0,1.0,1.0,0.5,0.5,0.5,0.5,0.5,0.5,1.0,0.0,1.0,0.07462686567164178,0.8883614088820827,No,3
0.0,1.0,0.0,1.0,0.4583333333333333,1.0,1.0,0.5,0.0,1.0,1.0,0.0,1.0,1.0,0.0,1.0,0.0,0.8666666666666666,0.4591117917304747,No,0
1.0,1.0,1.0,0.0,0.7638888888888888,1.0,1.0,0.5,0.0,1.0,1.0,1.0,1.0,1.0,1.0,1.0,0.6666666666666666,0.9487562189054725,0.778407350689127,No,3
1.0,0.0,1.0,1.0,0.9444444444444444,1.0,1.0,1.0,0.5,0.5,0.5,0.5,0.5,0.5,1.0,1.0,0.0,0.057213930348258696,0.1759571209800919,No,3
0.0,0.0,1.0,1.0,0.16666666666666666,1.0,0.0,1.0,0.5,0.5,0.5,0.5,0.5,0.5,0.0,0.0,0.0,0.011442786069651711,0.24241960183767228,No,0
1.0,0.0,1.0,0.0,0.986111111111111,1.0,0.0,0.0,1.0,1.0,1.0,1.0,1.0,1.0,1.0,1.0,0.0,0.6751243781094527,0.7568147013782542,No,3
1.0,0.0,0.0,0.0,0.5555555555555556,1.0,1.0,0.5,0.0,1.0,1.0,0.0,1.0,1.0,0.0,1.0,1.0,0.8398009950248756,0.5355283307810107,No,3
0.0,0.0,1.0,1.0,0.8888888888888888,1.0,1.0,0.5,0.0,1.0,1.0,0.0,0.0,1.0,0.5,1.0,0.6666666666666666,0.7422885572139303,0.750229709035222,No,0
1.0,0.0,1.0,0.0,0.736111111111111,1.0,1.0,0.5,0.0,1.0,0.0,1.0,0.0,1.0,0.5,0.0,0.0,0.7910447761194029,0.6545176110260337,No,3
1.0,1.0,0.0,0.0,0.16666666666666666,1.0,0.0,0.5,0.0,1.0,1.0,1.0,0.0,0.0,0.0,1.0,1.0,0.6522388059701492,0.009494640122511486,Yes,3
1.0,1.0,0.0,0.0,0.736111111111111,0.0,0.5,0.0,0.0,1.0,1.0,0.0,1.0,1.0,0.0,1.0,0.6666666666666666,0.36019900497512436,0.3774885145482389,Yes,3
1.0,0.0,1.0,0.0,1.0,1.0,1.0,0.5,1.0,1.0,1.0,0.0,1.0,0.0,1.0,1.0,0.3333333333333333,0.7930348258706468,0.8551301684532925,No,3
1.0,0.0,0.0,0.0,0.6388888888888888,1.0,0.0,1.0,0.5,0.5,0.5,0.5,0.5,0.5,1.0,0.0,0.6666666666666666,0.01691542288557213,0.9705972434915773,No,3
1.0,0.0,0.0,0.0,0.5555555555555556,1.0,1.0,1.0,0.5,0.5,0.5,0.5,0.5,0.5,1.0,1.0,1.0,0.06318407960199005,0.9946401225114854,No,3
1.0,0.0,0.0,0.0,0.16666666666666666,0.0,0.5,0.0,1.0,1.0,0.0,1.0,1.0,0.0,0.0,1.0,0.0,0.32537313432835824,0.7575803981623277,No,3
1.0,0.0,0.0,0.0,0.125,1.0,0.0,0.5,1.0,0.0,0.0,0.0,0.0,0.0,0.0,0.0,0.6666666666666666,0.5706467661691541,0.807656967840735,No,3
0.0,0.0,1.0,1.0,0.7083333333333333,1.0,1.0,0.5,0.0,0.0,0.0,1.0,0.0,0.0,0.0,1.0,0.6666666666666666,0.6218905472636815,0.5375191424196019,No,0
1.0,0.0,1.0,1.0,0.6805555555555555,1.0,0.0,0.5,0.0,1.0,1.0,0.0,1.0,0.0,0.0,1.0,0.3333333333333333,0.7179104477611941,0.5831546707503829,No,3
1.0,1.0,1.0,0.0,0.5694444444444444,1.0,1.0,0.5,0.0,0.0,1.0,0.0,1.0,1.0,0.0,1.0,0.6666666666666666,0.8114427860696517,0.5554364471669219,Yes,3
0.0,0.0,0.0,0.0,0.7777777777777777,1.0,0.0,0.0,1.0,0.0,1.0,1.0,0.0,0.0,0.5,1.0,0.3333333333333333,0.417910447761194,0.43705972434915774,No,0
1.0,0.0,0.0,0.0,0.05555555555555555,1.0,0.0,1.0,0.5,0.5,0.5,0.5,0.5,0.5,0.0,1.0,0.6666666666666666,0.019402985074626844,0.6992343032159265,No,3
1.0,0.0,1.0,0.0,0.2777777777777778,1.0,0.0,0.0,1.0,0.0,0.0,1.0,0.0,1.0,0.5,1.0,1.0,0.4567164179104478,0.0771822358346095,No,3
0.0,0.0,1.0,1.0,0.3611111111111111,1.0,0.0,1.0,0.5,0.5,0.5,0.5,0.5,0.5,0.0,1.0,0.3333333333333333,0.019900497512437804,0.6404287901990812,No,0
0.0,0.0,1.0,1.0,0.2777777777777778,1.0,1.0,0.5,0.0,1.0,1.0,0.0,1.0,1.0,0.0,1.0,0.0,0.8716417910447761,0.28698315467075036,Yes,0
0.0,0.0,0.0,0.0,0.09722222222222221,1.0,1.0,0.5,0.0,0.0,0.0,0.0,0.0,0.0,0.0,0.0,1.0,0.5691542288557214,0.6211332312404287,Yes,0
1.0,0.0,0.0,0.0,0.09722222222222221,1.0,1.0,0.5,0.0,0.0,0.0,0.0,1.0,1.0,0.0,1.0,0.6666666666666666,0.7522388059701491,0.7849923430321593,Yes,3
1.0,0.0,0.0,0.0,0.7083333333333333,1.0,0.0,0.5,0.0,1.0,1.0,0.0,1.0,1.0,0.0,1.0,0.6666666666666666,0.8034825870646766,0.6535987748851455,No,3
0.0,0.0,0.0,0.0,0.05555555555555555,1.0,1.0,0.5,0.0,1.0,0.0,0.0,0.0,0.0,0.0,1.0,1.0,0.617412935323383,0.4313935681470138,No,0
0.0,0.0,0.0,0.0,0.013888888888888888,1.0,0.0,1.0,0.5,0.5,0.5,0.5,0.5,0.5,0.0,0.0,0.3333333333333333,0.012935323383084563,0.22741194486983154,No,0
1.0,0.0,1.0,1.0,0.375,1.0,1.0,0.5,1.0,1.0,0.0,1.0,1.0,0.0,0.0,0.0,0.6666666666666666,0.8208955223880597,0.370750382848392,No,3
1.0,0.0,0.0,0.0,0.3055555555555555,1.0,1.0,0.5,1.0,0.0,0.0,0.0,1.0,1.0,0.0,1.0,0.6666666666666666,0.8208955223880597,0.2643185298621746,Yes,3
1.0,0.0,0.0,0.0,0.16666666666666666,1.0,0.0,0.0,0.0,1.0,0.0,1.0,0.0,0.0,0.0,1.0,1.0,0.3532338308457711,0.7964777947932619,No,3
0.0,0.0,1.0,1.0,0.041666666666666664,0.0,0.5,0.0,0.0,0.0,0.0,1.0,0.0,0.0,0.0,1.0,1.0,0.12686567164179102,0.9863705972434915,Yes,0
0.0,0.0,1.0,1.0,0.4722222222222222,1.0,1.0,1.0,0.5,0.5,0.5,0.5,0.5,0.5,0.5,1.0,0.3333333333333333,0.07313432835820893,0.9739663093415007,No,0
1.0,0.0,1.0,0.0,0.3333333333333333,1.0,1.0,0.0,1.0,0.0,0.0,1.0,0.0,0.0,0.5,1.0,0.6666666666666666,0.39900497512437816,0.09693721286370596,No,3
1.0,0.0,0.0,0.0,0.7083333333333333,1.0,1.0,0.5,0.0,0.0,1.0,0.0,0.0,0.0,0.0,0.0,0.3333333333333333,0.6144278606965173,0.554364471669219,Yes,3
0.0,1.0,0.0,0.0,0.19444444444444442,0.0,0.5,0.0,0.0,0.0,0.0,0.0,1.0,1.0,0.0,1.0,0.6666666666666666,0.2796019900497512,0.816385911179173,No,0
1.0,0.0,1.0,0.0,0.8194444444444444,1.0,1.0,0.5,1.0,1.0,1.0,1.0,1.0,1.0,1.0,0.0,0.6666666666666666,0.9502487562189054,0.80260336906585,No,3
1.0,0.0,0.0,0.0,0.041666666666666664,1.0,0.0,0.5,0.0,1.0,1.0,0.0,0.0,1.0,0.0,0.0,0.6666666666666666,0.7179104477611941,0.3569678407350689,No,3
0.0,0.0,1.0,1.0,0.9027777777777777,1.0,1.0,0.5,1.0,0.0,1.0,1.0,1.0,1.0,1.0,0.0,0.6666666666666666,0.9059701492537312,0.8710566615620214,No,0
1.0,1.0,0.0,0.0,0.06944444444444445,1.0,0.0,0.5,0.0,0.0,0.0,0.0,0.0,0.0,0.0,1.0,1.0,0.5174129353233831,0.44058192955589587,Yes,3
0.0,0.0,1.0,1.0,0.8194444444444444,1.0,1.0,0.0,1.0,1.0,1.0,1.0,1.0,1.0,1.0,0.0,0.3333333333333333,0.7169154228855721,0.666156202143951,No,0
1.0,0.0,1.0,1.0,1.0,0.0,0.5,0.0,1.0,1.0,1.0,1.0,1.0,1.0,1.0,1.0,0.3333333333333333,0.46766169154228854,0.5816232771822358,No,3
0.0,0.0,1.0,1.0,0.861111111111111,1.0,0.0,0.5,0.0,1.0,1.0,0.0,1.0,1.0,0.0,1.0,0.6666666666666666,0.8149253731343283,0.7776416539050536,Yes,0
1.0,0.0,0.0,0.0,0.38888888888888884,1.0,1.0,0.5,1.0,1.0,0.0,0.0,0.0,1.0,0.0,1.0,0.3333333333333333,0.7587064676616915,0.3537519142419602,Yes,3
1.0,0.0,0.0,0.0,0.041666666666666664,1.0,0.0,0.0,0.0,0.0,0.0,1.0,0.0,1.0,0.0,0.0,1.0,0.4218905472636816,0.23996937212863706,No,3
1.0,0.0,0.0,1.0,0.2638888888888889,1.0,1.0,1.0,0.5,0.5,0.5,0.5,0.5,0.5,0.0,1.0,0.3333333333333333,0.05820895522388059,0.5705972434915774,No,3
1.0,0.0,0.0,0.0,0.013888888888888888,1.0,0.0,1.0,0.5,0.5,0.5,0.5,0.5,0.5,0.0,1.0,1.0,0.01243781094527363,0.22725880551301683,No,3
1.0,0.0,0.0,0.0,0.3333333333333333,1.0,0.0,0.5,0.0,1.0,1.0,1.0,0.0,0.0,0.0,1.0,0.6666666666666666,0.6736318407960199,0.2660030627871363,No,3
1.0,1.0,0.0,0.0,0.7916666666666666,1.0,0.0,0.0,0.0,0.0,1.0,1.0,0.0,0.0,0.5,1.0,0.6666666666666666,0.35074626865671643,0.40398162327718223,No,3
0.0,0.0,0.0,0.0,1.0,1.0,1.0,1.0,0.5,0.5,0.5,0.5,0.5,0.5,1.0,0.0,0.3333333333333333,0.07164179104477608,0.22006125574272586,No,0
1.0,0.0,0.0,0.0,0.9305555555555555,1.0,0.0,1.0,0.5,0.5,0.5,0.5,0.5,0.5,1.0,0.0,0.0,0.02238805970149252,0.12235834609494639,No,3
1.0,0.0,1.0,1.0,0.7222222222222222,1.0,0.0,1.0,0.5,0.5,0.5,0.5,0.5,0.5,0.5,1.0,0.3333333333333333,0.025870646766169153,0.021745788667687595,No,3
1.0,0.0,1.0,1.0,0.986111111111111,1.0,1.0,0.0,1.0,1.0,1.0,1.0,1.0,1.0,1.0,0.0,0.3333333333333333,0.7129353233830846,0.7944869831546707,No,3
0.0,0.0,1.0,0.0,0.3611111111111111,1.0,1.0,1.0,0.5,0.5,0.5,0.5,0.5,0.5,0.5,0.0,1.0,0.0771144278606965,0.826646248085758,No,0
0.0,0.0,0.0,0.0,0.4861111111111111,1.0,1.0,0.5,1.0,1.0,1.0,1.0,1.0,1.0,1.0,1.0,1.0,0.944776119402985,0.513323124042879,No,0
0.0,0.0,1.0,1.0,0.7638888888888888,1.0,0.0,0.5,0.0,0.0,0.0,0.0,0.0,0.0,1.0,1.0,0.3333333333333333,0.5054726368159204,0.5035222052067381,No,0
0.0,0.0,1.0,1.0,0.4583333333333333,1.0,0.0,1.0,0.5,0.5,0.5,0.5,0.5,0.5,1.0,0.0,1.0,0.01840796019900498,0.8143950995405819,No,0
1.0,0.0,1.0,0.0,1.0,1.0,1.0,0.5,1.0,1.0,1.0,0.0,1.0,1.0,1.0,1.0,0.6666666666666666,0.9094527363184081,0.9114854517611026,No,3
1.0,0.0,0.0,1.0,0.013888888888888888,1.0,0.0,1.0,0.5,0.5,0.5,0.5,0.5,0.5,0.0,1.0,1.0,0.009452736318407956,0.22649310872894332,No,3
1.0,0.0,0.0,0.0,0.1388888888888889,0.0,0.5,0.0,0.0,0.0,0.0,0.0,0.0,1.0,0.0,1.0,1.0,0.15572139303482585,0.39464012251148545,Yes,3
0.0,1.0,1.0,0.0,0.5138888888888888,1.0,0.0,0.5,0.0,0.0,1.0,1.0,1.0,0.0,0.0,0.0,0.6666666666666666,0.7139303482587065,0.44839203675344563,No,0
1.0,0.0,0.0,0.0,0.16666666666666666,0.0,0.5,0.0,0.0,1.0,0.0,1.0,0.0,0.0,0.0,0.0,1.0,0.15671641791044777,0.575344563552833,No,3
1.0,0.0,1.0,1.0,0.013888888888888888,1.0,0.0,1.0,0.5,0.5,0.5,0.5,0.5,0.5,0.5,0.0,1.0,0.021393034825870627,0.24716692189892803,No,3
1.0,0.0,1.0,0.0,0.861111111111111,0.0,0.5,0.0,1.0,1.0,0.0,1.0,0.0,0.0,1.0,1.0,0.3333333333333333,0.20248756218905473,0.3033690658499234,No,3
0.0,0.0,0.0,0.0,0.013888888888888888,0.0,0.5,0.0,0.0,0.0,0.0,0.0,0.0,0.0,0.0,0.0,0.0,0.06965174129353235,0.32955589586523737,No,0
0.0,0.0,0.0,0.0,0.25,1.0,1.0,0.0,1.0,0.0,1.0,0.0,0.0,0.0,0.0,1.0,1.0,0.42139303482587065,0.045022970903522204,No,0
1.0,1.0,1.0,0.0,0.9583333333333333,1.0,1.0,0.5,0.0,1.0,0.0,0.0,1.0,0.0,0.0,1.0,0.6666666666666666,0.7134328358208956,0.767687595712098,Yes,3
1.0,0.0,0.0,0.0,0.027777777777777776,1.0,0.0,0.5,0.0,1.0,0.0,0.0,0.0,0.0,0.0,1.0,0.6666666666666666,0.5621890547263682,0.12434915773353751,No,3
1.0,0.0,1.0,1.0,0.2638888888888889,1.0,0.0,1.0,0.5,0.5,0.5,0.5,0.5,0.5,0.0,0.0,1.0,0.023383084577114438,0.5415007656967841,No,3
1.0,0.0,0.0,0.0,0.16666666666666666,1.0,1.0,0.5,0.0,0.0,0.0,0.0,1.0,0.0,0.0,1.0,0.6666666666666666,0.6587064676616915,0.017457886676875957,Yes,3
1.0,0.0,0.0,0.0,0.125,1.0,0.0,1.0,0.5,0.5,0.5,0.5,0.5,0.5,0.0,0.0,1.0,0.021393034825870627,0.20857580398162326,No,3
1.0,0.0,0.0,0.0,0.375,1.0,0.0,0.0,1.0,0.0,1.0,1.0,1.0,1.0,0.5,0.0,0.6666666666666666,0.6313432835820896,0.28300153139356815,No,3
1.0,0.0,0.0,1.0,0.375,1.0,1.0,0.5,0.0,0.0,0.0,1.0,0.0,0.0,0.0,1.0,0.6666666666666666,0.6094527363184079,0.27488514548238896,Yes,3
1.0,0.0,1.0,1.0,0.013888888888888888,1.0,0.0,0.5,0.0,0.0,0.0,0.0,1.0,1.0,0.0,0.0,1.0,0.7054726368159204,0.9643185298621746,Yes,3
0.0,1.0,0.0,0.0,0.3333333333333333,1.0,0.0,1.0,0.5,0.5,0.5,0.5,0.5,0.5,0.0,1.0,1.0,0.020398009950248763,0.5970903522205206,No,0
1.0,1.0,0.0,0.0,0.19444444444444442,1.0,1.0,0.5,0.0,0.0,0.0,0.0,0.0,0.0,0.0,1.0,0.6666666666666666,0.564179104477612,0.011638591117917305,Yes,3
0.0,1.0,0.0,0.0,0.4444444444444444,1.0,0.0,0.5,0.0,1.0,0.0,0.0,0.0,0.0,0.0,1.0,0.6666666666666666,0.5587064676616916,0.29310872894333845,Yes,0
0.0,0.0,0.0,0.0,0.15277777777777776,1.0,0.0,1.0,0.5,0.5,0.5,0.5,0.5,0.5,0.5,0.0,1.0,0.01741293532338306,0.2664624808575804,No,0
1.0,0.0,0.0,0.0,0.013888888888888888,1.0,1.0,1.0,0.5,0.5,0.5,0.5,0.5,0.5,0.0,1.0,1.0,0.06716417910447761,0.32879019908116386,No,3
1.0,1.0,0.0,1.0,0.5277777777777778,1.0,1.0,0.5,1.0,0.0,0.0,0.0,0.0,0.0,0.0,1.0,1.0,0.618905472636816,0.4206738131699847,No,3
0.0,0.0,1.0,1.0,0.125,1.0,0.0,1.0,0.5,0.5,0.5,0.5,0.5,0.5,1.0,0.0,1.0,0.014925373134328346,0.2652373660030628,No,0
1.0,0.0,1.0,1.0,0.75,1.0,1.0,0.0,1.0,1.0,0.0,1.0,0.0,0.0,1.0,1.0,0.3333333333333333,0.4716417910447761,0.4730474732006125,No,3
0.0,0.0,0.0,0.0,0.40277777777777773,1.0,1.0,0.0,0.0,0.0,0.0,0.0,1.0,1.0,0.5,1.0,0.3333333333333333,0.5248756218905473,0.26186830015313933,No,0
1.0,1.0,1.0,0.0,0.611111111111111,1.0,1.0,0.5,0.0,0.0,1.0,0.0,1.0,0.0,0.0,1.0,0.6666666666666666,0.7059701492537314,0.5292496171516079,No,3
1.0,0.0,1.0,1.0,0.8194444444444444,1.0,0.0,0.0,1.0,1.0,1.0,1.0,1.0,1.0,1.0,1.0,0.6666666666666666,0.681592039800995,0.6655436447166921,No,3
0.0,0.0,0.0,0.0,0.041666666666666664,1.0,0.0,0.0,0.0,0.0,0.0,0.0,0.0,1.0,0.0,1.0,0.6666666666666666,0.3686567164179104,0.23935681470137823,Yes,0
0.0,0.0,1.0,1.0,0.25,1.0,0.0,0.0,1.0,1.0,0.0,1.0,0.0,0.0,0.5,1.0,1.0,0.43034825870646765,0.026033690658499233,No,0
1.0,1.0,0.0,0.0,0.9305555555555555,1.0,1.0,1.0,0.5,0.5,0.5,0.5,0.5,0.5,1.0,0.0,0.3333333333333333,0.0681592039800995,0.1773353751914242,No,3
0.0,0.0,1.0,1.0,0.3055555555555555,1.0,0.0,0.0,0.0,1.0,0.0,1.0,0.0,0.0,0.0,0.0,0.6666666666666666,0.36716417910447763,0.05773353751914242,Yes,0
1.0,0.0,0.0,1.0,0.4583333333333333,0.0,0.5,0.0,1.0,0.0,0.0,1.0,0.0,0.0,0.5,0.0,0.3333333333333333,0.15721393034825865,0.0335375191424196,No,3
1.0,0.0,0.0,0.0,0.06944444444444445,1.0,0.0,1.0,0.5,0.5,0.5,0.5,0.5,0.5,0.0,0.0,1.0,0.01691542288557213,0.020367534456355283,No,3
0.0,0.0,0.0,0.0,0.027777777777777776,1.0,0.0,1.0,0.5,0.5,0.5,0.5,0.5,0.5,0.0,0.0,1.0,0.01691542288557213,0.498468606431853,No,0
1.0,0.0,1.0,1.0,1.0,1.0,1.0,0.0,1.0,1.0,1.0,1.0,1.0,1.0,1.0,0.0,0.3333333333333333,0.7109452736318408,0.7842266462480857,No,3
1.0,0.0,0.0,1.0,0.125,1.0,0.0,1.0,0.5,0.5,0.5,0.5,0.5,0.5,0.0,0.0,1.0,0.021393034825870627,0.2136294027565084,No,3
1.0,0.0,1.0,1.0,0.9305555555555555,1.0,1.0,1.0,0.5,0.5,0.5,0.5,0.5,0.5,1.0,0.0,1.0,0.0800995024875622,0.18131699846860644,No,3
0.0,0.0,1.0,0.0,0.2222222222222222,1.0,1.0,0.5,0.0,0.0,0.0,0.0,1.0,0.0,0.0,1.0,0.6666666666666666,0.663681592039801,0.10444104134762634,Yes,0
0.0,0.0,0.0,0.0,0.1111111111111111,1.0,0.0,1.0,0.5,0.5,0.5,0.5,0.5,0.5,0.0,1.0,1.0,0.024378109452736302,0.10199081163859111,No,0
1.0,0.0,0.0,0.0,0.06944444444444445,0.0,0.5,0.0,1.0,1.0,1.0,1.0,0.0,0.0,0.0,1.0,1.0,0.24875621890547261,0.2765696784073507,Yes,3
1.0,0.0,1.0,1.0,0.3194444444444444,1.0,1.0,0.0,0.0,0.0,0.0,0.0,0.0,0.0,0.5,1.0,0.3333333333333333,0.29950248756218906,0.01975497702909648,Yes,3
1.0,0.0,0.0,0.0,0.013888888888888888,1.0,0.0,0.5,0.0,0.0,0.0,0.0,1.0,0.0,0.0,1.0,0.6666666666666666,0.6099502487562188,0.9140888208269525,Yes,3
0.0,1.0,1.0,0.0,0.6944444444444444,1.0,0.0,0.5,0.0,0.0,0.0,0.0,0.0,0.0,0.0,1.0,0.6666666666666666,0.5253731343283582,0.4569678407350689,Yes,0
1.0,0.0,0.0,0.0,0.2361111111111111,1.0,0.0,1.0,0.5,0.5,0.5,0.5,0.5,0.5,1.0,0.0,0.3333333333333333,0.011940298507462671,0.48683001531393566,No,3
0.0,0.0,1.0,0.0,0.9444444444444444,1.0,1.0,0.5,1.0,1.0,1.0,0.0,1.0,1.0,1.0,1.0,0.0,0.9208955223880596,0.888667687595712,No,0
1.0,0.0,0.0,0.0,0.013888888888888888,1.0,1.0,0.5,0.0,0.0,0.0,0.0,1.0,0.0,0.0,0.0,0.6666666666666666,0.6592039800995024,0.9454823889739663,Yes,3
0.0,1.0,1.0,0.0,0.3472222222222222,1.0,0.0,0.5,0.0,0.0,0.0,0.0,0.0,0.0,0.0,1.0,0.6666666666666666,0.507960199004975,0.20903522205206737,No,0
1.0,0.0,0.0,0.0,0.9305555555555555,0.0,0.5,0.0,1.0,0.0,1.0,1.0,1.0,0.0,0.5,1.0,0.0,0.309452736318408,0.4419601837672282,No,3
1.0,0.0,0.0,0.0,0.4444444444444444,1.0,0.0,1.0,0.5,0.5,0.5,0.5,0.5,0.5,0.5,0.0,0.3333333333333333,0.020895522388059695,0.8503828483920367,No,3
0.0,1.0,1.0,0.0,0.9305555555555555,1.0,1.0,0.5,1.0,1.0,0.0,0.0,1.0,1.0,0.5,1.0,0.6666666666666666,0.8691542288557214,0.8548238897396631,No,0
1.0,1.0,1.0,0.0,1.0,0.0,0.5,0.0,1.0,1.0,1.0,1.0,1.0,1.0,1.0,1.0,0.3333333333333333,0.4597014925373134,0.6022970903522205,No,3
1.0,0.0,1.0,0.0,0.986111111111111,1.0,1.0,0.5,0.0,1.0,1.0,1.0,1.0,1.0,1.0,1.0,0.3333333333333333,0.8990049751243779,0.8980091883614089,Yes,3
1.0,0.0,0.0,1.0,0.013888888888888888,1.0,0.0,0.0,0.0,1.0,0.0,0.0,0.0,0.0,0.0,1.0,0.6666666666666666,0.31492537313432833,0.6350689127105666,No,3
1.0,0.0,0.0,0.0,0.6388888888888888,0.0,0.5,0.0,0.0,1.0,0.0,0.0,0.0,0.0,0.0,0.0,0.0,0.11990049751243781,0.10535987748851454,Yes,3
0.0,1.0,0.0,0.0,0.027777777777777776,0.0,0.5,0.0,0.0,0.0,1.0,0.0,0.0,0.0,0.0,1.0,0.6666666666666666,0.12089552238805967,0.9052067381316998,Yes,0
0.0,0.0,0.0,0.0,0.013888888888888888,1.0,0.0,0.0,0.0,0.0,0.0,0.0,0.0,0.0,0.0,1.0,1.0,0.27014925373134324,0.5846860643185299,Yes,0
0.0,0.0,1.0,0.0,0.6666666666666666,1.0,0.0,0.0,0.0,1.0,1.0,0.0,0.0,1.0,0.5,1.0,0.6666666666666666,0.4716417910447761,0.4122511485451761,No,0
0.0,0.0,1.0,0.0,0.8472222222222222,1.0,1.0,0.5,0.0,0.0,1.0,1.0,1.0,1.0,0.5,1.0,0.0,0.8462686567164178,0.798928024502297,No,0
0.0,0.0,1.0,0.0,0.4444444444444444,1.0,0.0,0.5,0.0,1.0,0.0,0.0,0.0,1.0,0.0,0.0,0.0,0.6557213930348259,0.3424196018376723,Yes,0
0.0,0.0,0.0,0.0,0.027777777777777776,1.0,0.0,0.0,0.0,0.0,0.0,0.0,0.0,0.0,0.0,0.0,0.6666666666666666,0.2606965174129353,0.9343032159264931,No,0
0.0,0.0,0.0,0.0,0.041666666666666664,1.0,0.0,1.0,0.5,0.5,0.5,0.5,0.5,0.5,0.0,0.0,0.6666666666666666,0.014925373134328346,0.7324655436447167,Yes,0
0.0,0.0,0.0,0.0,0.06944444444444445,1.0,0.0,0.5,0.0,0.0,0.0,1.0,0.0,1.0,0.0,1.0,0.3333333333333333,0.6681592039800995,0.5548238897396631,Yes,0
0.0,0.0,1.0,1.0,0.986111111111111,1.0,1.0,0.0,1.0,1.0,1.0,1.0,1.0,1.0,1.0,0.0,0.0,0.7129353233830846,0.7846860643185298,No,0
1.0,0.0,1.0,0.0,0.5138888888888888,1.0,1.0,0.0,1.0,0.0,0.0,0.0,0.0,0.0,0.0,1.0,1.0,0.36616915422885565,0.2548238897396631,No,3
1.0,0.0,1.0,1.0,0.9027777777777777,1.0,1.0,0.5,0.0,0.0,1.0,1.0,1.0,1.0,1.0,1.0,0.0,0.854228855721393,0.8147013782542113,No,3
0.0,0.0,0.0,1.0,0.9305555555555555,1.0,1.0,0.5,0.0,1.0,0.0,1.0,1.0,1.0,0.5,1.0,0.0,0.8791044776119402,0.8637059724349158,No,0
1.0,0.0,0.0,1.0,0.6805555555555555,1.0,1.0,0.5,0.0,0.0,0.0,0.0,0.0,0.0,0.0,0.0,0.3333333333333333,0.5666666666666667,0.48545176110260335,Yes,3
1.0,0.0,1.0,1.0,0.6944444444444444,1.0,1.0,0.0,1.0,0.0,0.0,1.0,1.0,0.0,1.0,1.0,0.3333333333333333,0.5199004975124378,0.46263399693721285,No,3
1.0,0.0,1.0,1.0,0.3472222222222222,1.0,0.0,1.0,0.5,0.5,0.5,0.5,0.5,0.5,0.5,0.0,0.6666666666666666,0.013432835820895522,0.5358346094946401,No,3
0.0,0.0,0.0,1.0,0.2361111111111111,1.0,1.0,0.0,0.0,0.0,1.0,0.0,0.0,0.0,0.5,1.0,1.0,0.3741293532338309,0.9819295558958652,Yes,0
0.0,0.0,1.0,1.0,0.8888888888888888,1.0,1.0,1.0,0.5,0.5,0.5,0.5,0.5,0.5,1.0,1.0,1.0,0.057711442786069655,0.15313935681470137,No,0
1.0,0.0,1.0,0.0,0.3472222222222222,0.0,0.5,0.0,0.0,0.0,1.0,0.0,1.0,0.0,0.5,1.0,0.3333333333333333,0.1975124378109453,0.9929555895865237,No,3
1.0,1.0,0.0,0.0,0.3194444444444444,1.0,1.0,0.5,0.0,1.0,1.0,0.0,1.0,1.0,0.0,1.0,0.6666666666666666,0.8771144278606965,0.3263399693721286,Yes,3
1.0,1.0,1.0,0.0,0.3333333333333333,0.0,0.5,0.0,0.0,0.0,1.0,1.0,0.0,0.0,0.0,0.0,1.0,0.15920398009950248,0.9378254211332312,No,3
0.0,0.0,0.0,0.0,0.5138888888888888,1.0,1.0,0.5,0.0,0.0,1.0,0.0,1.0,1.0,0.0,1.0,0.6666666666666666,0.8139303482587064,0.5004594180704441,No,0
0.0,0.0,0.0,0.0,0.29166666666666663,1.0,0.0,0.5,0.0,0.0,0.0,0.0,0.0,0.0,0.0,1.0,0.6666666666666666,0.5014925373134329,0.13598774885145481,No,0
1.0,0.0,0.0,0.0,0.013888888888888888,1.0,0.0,0.0,0.0,0.0,0.0,0.0,0.0,0.0,0.0,1.0,1.0,0.2741293532338308,0.585604900459418,No,3
0.0,0.0,0.0,0.0,0.1388888888888889,1.0,1.0,0.5,0.0,0.0,0.0,0.0,0.0,0.0,0.0,1.0,1.0,0.572139303482587,0.9032159264931087,No,0
1.0,0.0,0.0,0.0,0.08333333333333333,1.0,0.0,0.5,0.0,1.0,0.0,0.0,0.0,1.0,0.0,1.0,0.6666666666666666,0.6582089552238807,0.7058192955589586,Yes,3
1.0,0.0,1.0,0.0,0.7083333333333333,1.0,1.0,0.5,1.0,1.0,0.0,0.0,0.0,1.0,0.5,1.0,0.3333333333333333,0.7776119402985074,0.6370597243491577,No,3
0.0,0.0,0.0,0.0,0.1388888888888889,1.0,0.0,1.0,0.5,0.5,0.5,0.5,0.5,0.5,0.0,1.0,1.0,0.02288557213930348,0.2206738131699847,No,0
0.0,0.0,0.0,0.0,0.08333333333333333,0.0,0.5,0.0,1.0,1.0,0.0,1.0,0.0,1.0,0.0,0.0,0.3333333333333333,0.32537313432835824,0.40857580398162324,No,0
1.0,0.0,1.0,1.0,0.6527777777777778,1.0,1.0,0.0,1.0,1.0,1.0,1.0,1.0,1.0,1.0,1.0,1.0,0.7189054726368159,0.5626339969372128,No,3
0.0,0.0,1.0,1.0,0.8472222222222222,1.0,1.0,0.0,1.0,1.0,1.0,1.0,0.0,1.0,0.5,1.0,0.6666666666666666,0.6084577114427862,0.6238897396630934,No,0
0.0,0.0,0.0,0.0,0.7222222222222222,0.0,0.5,0.0,1.0,1.0,1.0,0.0,1.0,1.0,1.0,1.0,0.0,0.4029850746268656,0.4042879019908116,No,0
0.0,0.0,1.0,1.0,0.4861111111111111,1.0,1.0,0.0,1.0,1.0,0.0,0.0,0.0,0.0,0.0,1.0,0.3333333333333333,0.4099502487562189,0.2689127105666156,No,0
1.0,0.0,1.0,0.0,0.986111111111111,1.0,1.0,0.5,0.0,1.0,1.0,0.0,1.0,1.0,0.5,1.0,0.0,0.8701492537313432,0.8819295558958652,No,3
0.0,0.0,0.0,0.0,0.08333333333333333,1.0,0.0,0.0,1.0,1.0,0.0,0.0,0.0,0.0,0.0,0.0,0.6666666666666666,0.37810945273631835,0.5098009188361409,Yes,0
1.0,0.0,1.0,0.0,0.625,1.0,0.0,0.0,1.0,0.0,1.0,0.0,0.0,0.0,1.0,0.0,0.3333333333333333,0.3487562189054726,0.2966309341500766,No,3
0.0,1.0,0.0,0.0,0.027777777777777776,1.0,1.0,0.5,0.0,0.0,0.0,0.0,1.0,0.0,0.0,1.0,0.6666666666666666,0.6696517412935323,0.22082695252679937,Yes,0
0.0,0.0,0.0,0.0,0.05555555555555555,1.0,0.0,0.0,0.0,1.0,0.0,0.0,1.0,1.0,0.0,1.0,0.0,0.5014925373134329,0.3457886676875957,Yes,0
1.0,0.0,0.0,0.0,0.027777777777777776,0.0,0.5,0.0,0.0,0.0,0.0,0.0,0.0,0.0,0.0,0.0,1.0,0.06019900497512437,0.49877488514548235,No,3
1.0,0.0,0.0,0.0,0.05555555555555555,1.0,0.0,0.5,0.0,0.0,0.0,0.0,1.0,0.0,0.0,0.0,0.6666666666666666,0.5930348258706467,0.39571209800918833,Yes,3
1.0,0.0,0.0,0.0,0.7083333333333333,1.0,1.0,0.0,1.0,0.0,0.0,1.0,0.0,0.0,0.5,0.0,0.3333333333333333,0.4144278606965174,0.40474732006125574,No,3
1.0,0.0,1.0,1.0,0.8333333333333333,1.0,1.0,1.0,0.5,0.5,0.5,0.5,0.5,0.5,0.5,0.0,0.3333333333333333,0.056716417910447736,0.14088820826952525,No,3
1.0,0.0,0.0,0.0,0.125,1.0,0.0,1.0,0.5,0.5,0.5,0.5,0.5,0.5,0.5,1.0,1.0,0.018905472636815884,0.16906584992343032,No,3
1.0,0.0,0.0,0.0,0.041666666666666664,1.0,1.0,0.5,0.0,1.0,1.0,0.0,1.0,1.0,0.0,1.0,0.0,0.8666666666666666,0.43001531393568143,Yes,3
1.0,0.0,0.0,0.0,0.2361111111111111,1.0,1.0,0.5,0.0,0.0,1.0,1.0,0.0,1.0,0.0,1.0,0.0,0.7701492537313434,0.17090352220520674,No,3
0.0,0.0,0.0,0.0,0.1111111111111111,1.0,1.0,0.5,0.0,0.0,0.0,0.0,1.0,0.0,0.0,1.0,0.6666666666666666,0.6845771144278606,0.8935681470137825,Yes,0
1.0,0.0,1.0,1.0,0.6388888888888888,1.0,0.0,0.0,1.0,0.0,1.0,1.0,1.0,1.0,1.0,0.0,1.0,0.6243781094527363,0.5038284839203675,No,3
0.0,0.0,0.0,0.0,0.9444444444444444,1.0,0.0,0.0,1.0,1.0,1.0,1.0,1.0,1.0,1.0,1.0,0.3333333333333333,0.6388059701492538,0.7157733537519142,No,0
1.0,0.0,0.0,0.0,0.013888888888888888,1.0,0.0,0.0,0.0,0.0,0.0,0.0,1.0,0.0,0.0,1.0,1.0,0.35074626865671643,0.6787136294027565,Yes,3
0.0,0.0,1.0,0.0,0.05555555555555555,1.0,0.0,1.0,0.5,0.5,0.5,0.5,0.5,0.5,0.5,0.0,0.0,0.02238805970149252,0.9128637059724349,No,0
0.0,0.0,0.0,0.0,0.013888888888888888,0.0,0.5,0.0,0.0,0.0,0.0,0.0,0.0,0.0,0.0,1.0,1.0,0.0681592039800995,0.32909647779479323,Yes,0
1.0,0.0,0.0,1.0,0.38888888888888884,1.0,0.0,0.0,0.0,1.0,0.0,1.0,0.0,0.0,0.5,1.0,0.3333333333333333,0.3597014925373134,0.14303215926493107,No,3
0.0,0.0,0.0,0.0,0.5416666666666666,1.0,0.0,0.0,0.0,1.0,0.0,0.0,1.0,0.0,0.5,1.0,0.3333333333333333,0.4014925373134328,0.2845329249617152,No,0
1.0,0.0,0.0,0.0,0.15277777777777776,1.0,0.0,0.5,0.0,0.0,1.0,0.0,0.0,1.0,0.0,0.0,0.6666666666666666,0.6621890547263681,0.963552833078101,No,3
0.0,0.0,1.0,0.0,0.986111111111111,0.0,0.5,0.0,0.0,1.0,1.0,1.0,1.0,1.0,1.0,1.0,0.3333333333333333,0.4293532338308458,0.5621745788667687,No,0
1.0,0.0,0.0,1.0,0.027777777777777776,1.0,0.0,1.0,0.5,0.5,0.5,0.5,0.5,0.5,0.0,0.0,1.0,0.021393034825870627,0.5497702909647779,No,3
1.0,1.0,1.0,0.0,0.41666666666666663,1.0,0.0,0.5,0.0,1.0,1.0,0.0,0.0,0.0,0.0,1.0,1.0,0.6109452736318408,0.30643185298621745,Yes,3
0.0,0.0,0.0,0.0,0.2361111111111111,1.0,0.0,1.0,0.5,0.5,0.5,0.5,0.5,0.5,0.5,0.0,1.0,0.018905472636815884,0.4684532924961715,No,0
0.0,0.0,1.0,0.0,0.7638888888888888,1.0,1.0,0.5,0.0,1.0,1.0,0.0,1.0,0.0,0.0,1.0,0.3333333333333333,0.7582089552238807,0.657427258805513,No,0
0.0,0.0,0.0,0.0,0.8055555555555555,1.0,1.0,0.5,1.0,0.0,0.0,0.0,0.0,0.0,0.0,1.0,0.0,0.6124378109452736,0.5900459418070444,No,0
0.0,0.0,0.0,0.0,0.06944444444444445,1.0,0.0,0.0,1.0,0.0,0.0,1.0,0.0,0.0,0.0,0.0,0.6666666666666666,0.3577114427860697,0.40934150076569675,Yes,0
0.0,1.0,0.0,0.0,0.013888888888888888,1.0,0.0,1.0,0.5,0.5,0.5,0.5,0.5,0.5,0.0,1.0,0.6666666666666666,0.011940298507462671,0.22710566615620215,Yes,0
1.0,1.0,0.0,0.0,0.125,1.0,1.0,0.5,0.0,0.0,0.0,0.0,0.0,0.0,0.0,1.0,0.6666666666666666,0.5552238805970149,0.8211332312404288,No,3
1.0,0.0,0.0,0.0,0.3611111111111111,1.0,0.0,0.0,0.0,0.0,0.0,1.0,0.0,0.0,0.0,0.0,0.0,0.30746268656716413,0.0663093415007657,No,3
0.0,0.0,0.0,0.0,0.6944444444444444,1.0,0.0,1.0,0.5,0.5,0.5,0.5,0.5,0.5,1.0,0.0,0.3333333333333333,0.011442786069651711,0.007656967840735069,No,0
0.0,0.0,1.0,0.0,1.0,1.0,1.0,0.5,1.0,1.0,1.0,1.0,1.0,1.0,1.0,1.0,0.0,0.9492537313432835,0.9329249617151608,No,0
0.0,0.0,0.0,1.0,0.5972222222222222,1.0,0.0,0.5,1.0,1.0,0.0,1.0,1.0,1.0,0.5,1.0,0.3333333333333333,0.873134328358209,0.5908116385911178,No,0
1.0,0.0,0.0,0.0,0.7777777777777777,1.0,1.0,1.0,0.5,0.5,0.5,0.5,0.5,0.5,1.0,1.0,0.0,0.07661691542288557,0.12618683001531394,No,3
0.0,0.0,0.0,0.0,0.013888888888888888,1.0,0.0,1.0,0.5,0.5,0.5,0.5,0.5,0.5,0.0,0.0,1.0,0.008457711442786064,0.22618683001531392,No,0
1.0,0.0,1.0,1.0,1.0,1.0,1.0,0.5,0.0,1.0,1.0,0.0,1.0,1.0,1.0,1.0,0.6666666666666666,0.8472636815920399,0.8730474732006125,Yes,3
1.0,0.0,1.0,0.0,1.0,1.0,1.0,0.5,1.0,1.0,0.0,1.0,0.0,1.0,1.0,1.0,0.0,0.8189054726368158,0.8701378254211332,No,3
1.0,0.0,1.0,0.0,0.5,1.0,1.0,0.5,0.0,0.0,0.0,0.0,1.0,1.0,0.0,1.0,0.6666666666666666,0.7676616915422886,0.4607963246554364,No,3
1.0,0.0,0.0,0.0,0.06944444444444445,1.0,0.0,0.0,0.0,0.0,1.0,1.0,1.0,1.0,0.0,0.0,0.0,0.5661691542288557,0.5139356814701378,No,3
0.0,0.0,0.0,0.0,0.18055555555555555,1.0,1.0,0.5,0.0,1.0,1.0,0.0,0.0,0.0,0.0,1.0,0.6666666666666666,0.6587064676616915,0.017304747320061254,Yes,0
0.0,1.0,0.0,0.0,0.611111111111111,1.0,0.0,0.5,0.0,1.0,1.0,0.0,0.0,1.0,0.5,0.0,0.3333333333333333,0.7054726368159204,0.5220520673813169,No,0
0.0,1.0,1.0,1.0,0.9722222222222222,1.0,1.0,0.5,0.0,1.0,1.0,1.0,1.0,1.0,0.5,1.0,0.6666666666666666,0.8920398009950249,0.8822358346094946,No,0
1.0,0.0,0.0,0.0,0.611111111111111,1.0,0.0,1.0,0.5,0.5,0.5,0.5,0.5,0.5,0.5,0.0,0.3333333333333333,0.01243781094527363,0.9434915773353751,No,3
0.0,1.0,1.0,0.0,0.4444444444444444,1.0,1.0,0.5,0.0,0.0,0.0,0.0,1.0,0.0,0.0,1.0,0.3333333333333333,0.6736318407960199,0.348698315467075,Yes,0
0.0,0.0,1.0,0.0,0.9583333333333333,1.0,1.0,1.0,0.5,0.5,0.5,0.5,0.5,0.5,1.0,1.0,0.3333333333333333,0.06666666666666665,0.18728943338437978,No,0
0.0,1.0,0.0,0.0,0.2222222222222222,1.0,0.0,0.0,0.0,0.0,0.0,1.0,1.0,0.0,0.0,0.0,0.6666666666666666,0.40945273631840795,0.007503828483920367,Yes,0
1.0,1.0,1.0,1.0,0.9444444444444444,1.0,0.0,1.0,0.5,0.5,0.5,0.5,0.5,0.5,0.5,0.0,0.0,0.01243781094527363,0.05528330781010719,No,3
1.0,0.0,0.0,0.0,0.2222222222222222,1.0,0.0,0.5,0.0,0.0,0.0,0.0,0.0,0.0,0.0,1.0,0.3333333333333333,0.5144278606965175,0.05758039816232772,No,3
1.0,0.0,1.0,1.0,0.9444444444444444,1.0,0.0,0.0,1.0,1.0,0.0,1.0,1.0,1.0,1.0,0.0,0.0,0.6427860696517412,0.7298621745788667,No,3
1.0,0.0,0.0,0.0,0.05555555555555555,1.0,0.0,1.0,0.5,0.5,0.5,0.5,0.5,0.5,0.0,0.0,1.0,0.007462686567164173,0.9055130168453293,No,3
0.0,0.0,1.0,1.0,0.3611111111111111,0.0,0.5,0.0,1.0,1.0,0.0,1.0,0.0,0.0,0.0,0.0,0.3333333333333333,0.20497512437810944,0.008422664624808576,No,0
0.0,0.0,0.0,0.0,0.40277777777777773,0.0,0.5,0.0,0.0,1.0,0.0,0.0,0.0,0.0,0.0,1.0,0.6666666666666666,0.12288557213930351,0.9539050535987749,Yes,0
1.0,0.0,0.0,1.0,0.06944444444444445,1.0,0.0,1.0,0.5,0.5,0.5,0.5,0.5,0.5,0.0,0.0,0.3333333333333333,0.020895522388059695,0.061868300153139356,No,3
1.0,0.0,1.0,0.0,0.9722222222222222,1.0,1.0,0.5,0.0,1.0,1.0,0.0,1.0,0.0,0.5,1.0,0.0,0.763681592039801,0.8068912710566616,No,3
1.0,0.0,1.0,0.0,0.3333333333333333,1.0,0.0,0.0,1.0,0.0,0.0,1.0,1.0,1.0,0.5,0.0,0.0,0.5587064676616916,0.18591117917304747,No,3
0.0,1.0,1.0,0.0,1.0,1.0,1.0,0.0,1.0,1.0,1.0,1.0,0.0,1.0,1.0,0.0,0.0,0.5990049751243781,0.7188361408882082,No,0
1.0,0.0,0.0,0.0,0.013888888888888888,1.0,0.0,0.5,0.0,0.0,0.0,1.0,0.0,0.0,0.0,1.0,1.0,0.5577114427860697,0.8754977029096478,No,3
1.0,0.0,1.0,0.0,0.9722222222222222,0.0,0.5,0.0,0.0,1.0,1.0,1.0,0.0,1.0,0.5,1.0,0.0,0.3263681592039801,0.481010719754977,No,3
0.0,0.0,1.0,1.0,0.5,1.0,0.0,1.0,0.5,0.5,0.5,0.5,0.5,0.5,0.0,0.0,0.0,0.009452736318407956,0.8470137825421133,No,0
0.0,1.0,0.0,0.0,0.5277777777777778,1.0,1.0,0.5,0.0,0.0,0.0,1.0,1.0,1.0,0.0,1.0,0.6666666666666666,0.8089552238805969,0.49218989280245024,Yes,0
0.0,0.0,0.0,0.0,0.2361111111111111,1.0,0.0,0.5,0.0,0.0,0.0,0.0,0.0,0.0,0.0,1.0,0.6666666666666666,0.5149253731343283,0.041960183767228175,Yes,0
0.0,0.0,1.0,1.0,0.5694444444444444,1.0,1.0,0.5,0.0,1.0,1.0,1.0,1.0,1.0,0.5,1.0,0.0,0.9039800995024875,0.5790199081163859,No,0
0.0,0.0,0.0,0.0,0.013888888888888888,1.0,0.0,0.0,0.0,0.0,0.0,0.0,0.0,0.0,0.0,1.0,0.6666666666666666,0.2691542288557213,0.5843797856049004,Yes,0
1.0,0.0,0.0,0.0,0.027777777777777776,0.0,0.5,0.0,0.0,0.0,0.0,1.0,0.0,0.0,0.0,0.0,0.0,0.11542288557213931,0.8842266462480858,Yes,3
1.0,0.0,0.0,0.0,0.19444444444444442,1.0,0.0,0.5,0.0,0.0,1.0,0.0,0.0,0.0,0.0,0.0,0.6666666666666666,0.5791044776119403,0.03445635528330781,No,3
1.0,1.0,0.0,0.0,0.027777777777777776,1.0,0.0,0.5,0.0,1.0,1.0,1.0,0.0,1.0,0.0,1.0,0.3333333333333333,0.7646766169154228,0.20597243491577336,Yes,3
1.0,0.0,0.0,0.0,0.013888888888888888,1.0,0.0,1.0,0.5,0.5,0.5,0.5,0.5,0.5,0.0,0.0,1.0,0.015422885572139305,0.22817764165390506,Yes,3
1.0,0.0,1.0,1.0,0.18055555555555555,1.0,1.0,0.0,0.0,1.0,1.0,1.0,1.0,0.0,0.0,1.0,0.6666666666666666,0.5427860696517413,0.97947932618683,No,3
1.0,0.0,0.0,0.0,0.08333333333333333,1.0,0.0,1.0,0.5,0.5,0.5,0.5,0.5,0.5,0.0,0.0,1.0,0.006965174129353213,0.03032159264931087,No,3
0.0,0.0,0.0,0.0,0.05555555555555555,1.0,0.0,0.5,0.0,1.0,0.0,0.0,0.0,0.0,0.0,1.0,0.0,0.5810945273631841,0.442572741194487,Yes,0
0.0,0.0,1.0,1.0,0.06944444444444445,1.0,0.0,0.5,0.0,1.0,0.0,1.0,1.0,1.0,0.0,1.0,1.0,0.8049751243781095,0.6024502297090352,Yes,0
0.0,0.0,1.0,0.0,0.20833333333333331,1.0,0.0,0.5,1.0,0.0,1.0,0.0,1.0,1.0,0.0,0.0,0.6666666666666666,0.8308457711442786,0.17641653905053598,No,0
0.0,0.0,0.0,0.0,0.6527777777777778,1.0,0.0,0.5,1.0,0.0,0.0,0.0,0.0,0.0,0.0,0.0,0.3333333333333333,0.5691542288557214,0.4702909647779479,No,0
0.0,0.0,0.0,0.0,0.1111111111111111,1.0,0.0,0.0,0.0,0.0,1.0,1.0,0.0,1.0,0.0,0.0,1.0,0.45621890547263677,0.6539050535987748,No,0
1.0,0.0,0.0,0.0,0.2361111111111111,0.0,0.5,0.0,0.0,0.0,0.0,0.0,0.0,0.0,0.0,1.0,1.0,0.07363184079601987,0.5744257274119449,No,3
1.0,0.0,1.0,1.0,0.20833333333333331,1.0,0.0,0.5,1.0,0.0,0.0,0.0,0.0,0.0,0.0,0.0,1.0,0.5656716417910447,0.044104134762633994,No,3
0.0,0.0,0.0,0.0,0.3611111111111111,1.0,0.0,0.5,1.0,0.0,1.0,1.0,0.0,1.0,0.5,1.0,0.0,0.772139303482587,0.32542113323124044,No,0
0.0,0.0,0.0,0.0,0.3194444444444444,1.0,1.0,0.0,1.0,0.0,0.0,0.0,0.0,0.0,0.0,0.0,0.6666666666666666,0.3597014925373134,0.06937212863705972,No,0
0.0,1.0,0.0,0.0,0.05555555555555555,1.0,0.0,0.5,0.0,1.0,0.0,0.0,0.0,0.0,0.0,0.0,0.6666666666666666,0.5422885572139303,0.4217457886676876,No,0
1.0,0.0,0.0,1.0,0.40277777777777773,1.0,0.0,1.0,0.5,0.5,0.5,0.5,0.5,0.5,0.5,0.0,1.0,0.015920398009950265,0.6837672281776417,No,3
0.0,0.0,0.0,0.0,0.3472222222222222,1.0,0.0,1.0,0.5,0.5,0.5,0.5,0.5,0.5,0.0,0.0,1.0,0.007960199004975133,0.5992343032159265,No,0
1.0,0.0,0.0,0.0,0.125,1.0,0.0,0.0,0.0,0.0,0.0,0.0,0.0,0.0,0.0,0.0,1.0,0.2656716417910448,0.5620214395099541,Yes,3
1.0,0.0,1.0,0.0,0.25,1.0,0.0,0.0,0.0,0.0,1.0,0.0,0.0,0.0,0.0,1.0,1.0,0.3114427860696517,0.9617151607963246,Yes,3
1.0,1.0,0.0,0.0,0.041666666666666664,1.0,1.0,0.5,0.0,0.0,0.0,0.0,1.0,1.0,0.0,1.0,0.6666666666666666,0.7621890547263681,0.4453292496171516,No,3
0.0,0.0,1.0,1.0,0.9583333333333333,0.0,0.5,0.0,1.0,1.0,1.0,1.0,0.0,0.0,1.0,0.0,0.0,0.27860696517412936,0.4153139356814701,No,0
1.0,0.0,0.0,0.0,0.19444444444444442,1.0,0.0,1.0,0.5,0.5,0.5,0.5,0.5,0.5,0.5,0.0,1.0,0.010945273631840807,0.4320061255742726,No,3
1.0,0.0,0.0,0.0,0.2638888888888889,1.0,1.0,0.0,0.0,0.0,0.0,0.0,1.0,1.0,0.0,0.0,1.0,0.5109452736318407,0.11010719754977029,No,3
1.0,1.0,0.0,0.0,0.5416666666666666,1.0,1.0,0.5,0.0,1.0,0.0,0.0,0.0,1.0,0.0,0.0,0.6666666666666666,0.7208955223880598,0.452833078101072,No,3
1.0,0.0,0.0,0.0,0.4305555555555555,1.0,0.0,0.5,0.0,1.0,1.0,0.0,1.0,1.0,0.0,1.0,0.6666666666666666,0.827363184079602,0.4185298621745789,No,3
1.0,0.0,1.0,1.0,0.3333333333333333,1.0,0.0,1.0,0.5,0.5,0.5,0.5,0.5,0.5,0.5,0.0,1.0,0.019900497512437804,0.570750382848392,No,3
1.0,0.0,1.0,0.0,0.19444444444444442,1.0,0.0,0.0,0.0,0.0,0.0,1.0,0.0,0.0,0.0,0.0,0.0,0.3039800995024875,0.8094946401225115,No,3
0.0,0.0,1.0,0.0,0.8888888888888888,1.0,0.0,0.0,1.0,1.0,1.0,1.0,0.0,1.0,1.0,1.0,1.0,0.5582089552238805,0.6169984686064318,No,0
0.0,0.0,0.0,0.0,0.6944444444444444,1.0,0.0,1.0,0.5,0.5,0.5,0.5,0.5,0.5,0.5,1.0,1.0,0.010945273631840807,0.010719754977029096,No,0
1.0,0.0,1.0,1.0,0.7222222222222222,1.0,0.0,0.0,0.0,1.0,1.0,1.0,1.0,0.0,0.5,1.0,0.6666666666666666,0.5024875621890547,0.46232771822358343,No,3
1.0,0.0,0.0,0.0,0.38888888888888884,1.0,1.0,0.5,0.0,1.0,0.0,0.0,1.0,1.0,0.5,0.0,0.6666666666666666,0.8154228855721393,0.3580398162327718,No,3
0.0,0.0,0.0,0.0,0.29166666666666663,1.0,0.0,1.0,0.5,0.5,0.5,0.5,0.5,0.5,1.0,1.0,0.3333333333333333,0.025870646766169153,0.566156202143951,No,0
1.0,0.0,0.0,1.0,0.3472222222222222,1.0,0.0,0.5,0.0,1.0,0.0,0.0,1.0,1.0,0.0,1.0,0.6666666666666666,0.772636815920398,0.3215926493108729,Yes,3
0.0,0.0,1.0,0.0,0.2361111111111111,1.0,0.0,1.0,0.5,0.5,0.5,0.5,0.5,0.5,0.5,0.0,1.0,0.010945273631840807,0.40826952526799387,No,0
1.0,0.0,1.0,0.0,0.8055555555555555,0.0,0.5,0.0,0.0,0.0,0.0,0.0,1.0,1.0,0.5,1.0,0.3333333333333333,0.26616915422885573,0.35834609494640124,No,3
1.0,1.0,1.0,0.0,0.2361111111111111,1.0,0.0,0.5,0.0,0.0,0.0,0.0,0.0,1.0,0.0,0.0,0.0,0.6293532338308457,0.09173047473200613,Yes,3
0.0,0.0,1.0,0.0,0.7083333333333333,1.0,1.0,1.0,0.5,0.5,0.5,0.5,0.5,0.5,1.0,0.0,1.0,0.07213930348258707,0.0788667687595712,No,0
1.0,0.0,1.0,1.0,1.0,0.0,0.5,0.0,1.0,0.0,1.0,1.0,1.0,0.0,1.0,0.0,1.0,0.3049751243781094,0.4678407350689127,No,3
1.0,0.0,1.0,0.0,0.7222222222222222,1.0,0.0,0.5,1.0,0.0,0.0,0.0,1.0,0.0,0.0,0.0,0.6666666666666666,0.6552238805970149,0.5658499234303216,Yes,3
0.0,0.0,0.0,0.0,0.375,1.0,0.0,1.0,0.5,0.5,0.5,0.5,0.5,0.5,1.0,1.0,1.0,0.013432835820895522,0.7111791730474731,No,0
0.0,0.0,0.0,0.0,0.041666666666666664,1.0,0.0,1.0,0.5,0.5,0.5,0.5,0.5,0.5,0.0,0.0,1.0,0.01741293532338306,0.7796324655436447,No,0
0.0,0.0,1.0,0.0,0.8888888888888888,1.0,1.0,0.0,1.0,1.0,1.0,1.0,0.0,1.0,1.0,1.0,1.0,0.6273631840796019,0.6612557427258805,No,0
0.0,0.0,1.0,0.0,0.625,1.0,0.0,0.5,0.0,0.0,0.0,1.0,1.0,1.0,1.0,1.0,0.3333333333333333,0.7656716417910447,0.5584992343032159,No,0
1.0,1.0,1.0,0.0,0.041666666666666664,0.0,0.5,0.0,0.0,0.0,0.0,0.0,1.0,0.0,0.0,1.0,1.0,0.1810945273631841,0.9791730474732006,Yes,3
0.0,0.0,1.0,0.0,0.986111111111111,1.0,1.0,0.0,0.0,1.0,1.0,1.0,1.0,1.0,1.0,1.0,0.3333333333333333,0.6472636815920397,0.7405819295558959,No,0
0.0,1.0,0.0,0.0,0.013888888888888888,0.0,0.5,0.0,0.0,0.0,0.0,0.0,0.0,0.0,0.0,0.0,1.0,0.06766169154228854,0.32894333843797857,Yes,0
0.0,0.0,1.0,1.0,0.8055555555555555,1.0,0.0,1.0,0.5,0.5,0.5,0.5,0.5,0.5,1.0,0.0,0.3333333333333333,0.020398009950248763,0.04640122511485452,No,0
1.0,0.0,1.0,1.0,0.4722222222222222,1.0,0.0,0.5,0.0,1.0,1.0,0.0,1.0,0.0,0.0,1.0,0.6666666666666666,0.7124378109452736,0.4116385911179173,No,3
0.0,0.0,0.0,0.0,0.1111111111111111,1.0,0.0,0.0,1.0,0.0,0.0,0.0,0.0,0.0,0.0,1.0,0.6666666666666666,0.3144278606965174,0.4830015313935681,Yes,0
0.0,0.0,1.0,1.0,0.20833333333333331,1.0,0.0,1.0,0.5,0.5,0.5,0.5,0.5,0.5,0.0,0.0,1.0,0.015422885572139305,0.36186830015313937,No,0
1.0,0.0,1.0,1.0,0.9166666666666666,0.0,0.5,0.0,0.0,0.0,1.0,1.0,1.0,1.0,1.0,0.0,0.0,0.3621890547263681,0.48070444104134763,No,3
1.0,1.0,0.0,0.0,0.16666666666666666,0.0,0.5,0.0,0.0,1.0,0.0,0.0,0.0,0.0,0.0,1.0,0.3333333333333333,0.11044776119402988,0.5001531393568147,No,3
1.0,0.0,0.0,0.0,0.8055555555555555,1.0,0.0,1.0,0.5,0.5,0.5,0.5,0.5,0.5,1.0,1.0,0.0,0.008955223880596996,0.0111791730474732,No,3
0.0,0.0,1.0,1.0,0.041666666666666664,1.0,0.0,1.0,0.5,0.5,0.5,0.5,0.5,0.5,1.0,0.0,1.0,0.008457711442786064,0.6666156202143951,No,0
0.0,1.0,1.0,0.0,0.5972222222222222,0.0,0.5,0.0,0.0,1.0,1.0,0.0,1.0,1.0,0.0,0.0,0.3333333333333333,0.3711442786069651,0.3027565084226646,Yes,0
0.0,0.0,0.0,0.0,0.125,1.0,0.0,0.5,0.0,1.0,1.0,0.0,0.0,0.0,0.0,0.0,0.6666666666666666,0.6199004975124378,0.8001531393568146,No,0
0.0,0.0,0.0,0.0,0.041666666666666664,1.0,0.0,1.0,0.5,0.5,0.5,0.5,0.5,0.5,0.5,0.0,1.0,0.019900497512437804,0.8525267993874426,No,0
0.0,0.0,1.0,1.0,0.3055555555555555,1.0,0.0,0.0,0.0,1.0,0.0,0.0,1.0,1.0,0.5,1.0,0.0,0.5099502487562189,0.13736600306278712,Yes,0
1.0,0.0,1.0,0.0,0.5555555555555556,1.0,1.0,0.5,0.0,1.0,1.0,0.0,1.0,1.0,0.5,1.0,0.0,0.873134328358209,0.5465543644716692,No,3
0.0,0.0,0.0,0.0,0.9444444444444444,1.0,1.0,1.0,0.5,0.5,0.5,0.5,0.5,0.5,1.0,0.0,0.0,0.07213930348258707,0.2108728943338438,No,0
1.0,0.0,1.0,0.0,0.75,1.0,1.0,0.5,0.0,1.0,1.0,0.0,1.0,1.0,0.0,1.0,0.6666666666666666,0.8562189054726367,0.6761102603369066,Yes,3
0.0,0.0,0.0,0.0,0.6944444444444444,1.0,1.0,0.0,0.0,1.0,0.0,1.0,1.0,1.0,1.0,1.0,1.0,0.6104477611940298,0.5271056661562021,No,0
1.0,0.0,0.0,0.0,0.013888888888888888,1.0,0.0,0.0,0.0,0.0,0.0,0.0,0.0,1.0,0.0,1.0,0.6666666666666666,0.3681592039800995,0.6984686064318529,No,3
0.0,0.0,1.0,0.0,1.0,1.0,1.0,0.0,1.0,1.0,1.0,1.0,1.0,1.0,1.0,0.0,0.0,0.6945273631840796,0.7992343032159265,No,0
1.0,0.0,0.0,1.0,0.5555555555555556,1.0,0.0,1.0,0.5,0.5,0.5,0.5,0.5,0.5,0.5,1.0,0.0,0.021393034825870627,0.9531393568147013,No,3
0.0,0.0,1.0,1.0,1.0,1.0,1.0,0.5,1.0,1.0,1.0,1.0,1.0,1.0,1.0,1.0,0.0,0.9885572139303481,0.9401225114854518,No,0
0.0,0.0,0.0,0.0,0.08333333333333333,1.0,0.0,1.0,0.5,0.5,0.5,0.5,0.5,0.5,0.0,0.0,1.0,0.01741293532338306,0.026493108728943338,No,0
0.0,0.0,0.0,0.0,0.06944444444444445,1.0,0.0,1.0,0.5,0.5,0.5,0.5,0.5,0.5,0.0,1.0,0.3333333333333333,0.013930348258706454,0.9748851454823889,No,0
1.0,0.0,1.0,0.0,0.6666666666666666,1.0,1.0,0.0,0.0,1.0,1.0,0.0,0.0,1.0,0.5,1.0,0.3333333333333333,0.5203980099502488,0.4542113323124043,No,3
0.0,0.0,0.0,0.0,0.013888888888888888,1.0,1.0,0.5,0.0,0.0,0.0,0.0,1.0,1.0,0.0,1.0,0.6666666666666666,0.7522388059701491,0.9793261868300153,Yes,0
0.0,0.0,1.0,1.0,0.8888888888888888,1.0,0.0,0.0,1.0,0.0,0.0,1.0,1.0,0.0,0.5,0.0,1.0,0.4731343283582089,0.5324655436447167,No,0
0.0,0.0,0.0,0.0,0.2361111111111111,1.0,0.0,1.0,0.5,0.5,0.5,0.5,0.5,0.5,0.5,0.0,0.3333333333333333,0.01791044776119402,0.4479326186830015,No,0
1.0,0.0,1.0,0.0,0.5555555555555556,1.0,0.0,0.5,0.0,1.0,1.0,0.0,0.0,0.0,0.0,1.0,0.6666666666666666,0.6144278606965173,0.4212863705972435,No,3
0.0,0.0,1.0,1.0,0.5694444444444444,0.0,0.5,0.0,1.0,0.0,1.0,0.0,0.0,0.0,0.5,0.0,0.3333333333333333,0.1706467661691542,0.11577335375191423,No,0
1.0,1.0,0.0,0.0,0.7083333333333333,1.0,1.0,0.5,0.0,1.0,0.0,0.0,0.0,0.0,0.5,1.0,0.0,0.6104477611940298,0.5203675344563553,No,3
1.0,0.0,1.0,0.0,0.5694444444444444,1.0,1.0,0.5,0.0,1.0,0.0,0.0,0.0,0.0,0.0,1.0,0.6666666666666666,0.6169154228855721,0.4560490045941807,No,3
0.0,0.0,1.0,1.0,0.013888888888888888,1.0,0.0,0.0,0.0,0.0,1.0,0.0,0.0,0.0,0.0,0.0,1.0,0.3203980099502488,0.6474732006125574,Yes,0
0.0,0.0,0.0,0.0,0.027777777777777776,1.0,0.0,1.0,0.5,0.5,0.5,0.5,0.5,0.5,0.0,1.0,1.0,0.021890547263681587,0.5494640122511485,No,0
1.0,0.0,0.0,0.0,0.9444444444444444,1.0,0.0,0.5,0.0,1.0,1.0,0.0,0.0,0.0,0.5,0.0,0.3333333333333333,0.6104477611940298,0.6949464012251149,No,3
0.0,0.0,1.0,1.0,0.3333333333333333,1.0,1.0,1.0,0.5,0.5,0.5,0.5,0.5,0.5,1.0,0.0,1.0,0.06417910447761191,0.7218989280245023,No,0
1.0,0.0,1.0,0.0,0.9722222222222222,1.0,1.0,0.0,1.0,0.0,1.0,1.0,0.0,1.0,1.0,0.0,0.3333333333333333,0.5875621890547263,0.6977029096477795,No,3
1.0,0.0,0.0,0.0,0.041666666666666664,0.0,0.5,0.0,0.0,0.0,0.0,1.0,0.0,0.0,0.0,1.0,0.6666666666666666,0.11442786069651739,0.9906584992343032,No,3
1.0,0.0,0.0,0.0,0.027777777777777776,1.0,0.0,0.0,0.0,0.0,0.0,0.0,0.0,0.0,0.0,0.0,0.0,0.2651741293532338,0.032006125574272584,No,3
1.0,0.0,1.0,0.0,0.041666666666666664,0.0,0.5,0.0,0.0,1.0,0.0,0.0,0.0,0.0,0.0,0.0,0.3333333333333333,0.11492537313432838,0.9831546707503828,No,3
0.0,0.0,0.0,0.0,0.09722222222222221,1.0,1.0,0.0,0.0,0.0,0.0,1.0,1.0,1.0,0.0,1.0,0.6666666666666666,0.5611940298507463,0.668147013782542,Yes,0
0.0,0.0,0.0,0.0,0.18055555555555555,1.0,0.0,0.0,1.0,0.0,0.0,0.0,1.0,1.0,0.0,1.0,0.6666666666666666,0.5343283582089552,0.9767228177641654,No,0
1.0,0.0,0.0,0.0,0.09722222222222221,1.0,0.0,1.0,0.5,0.5,0.5,0.5,0.5,0.5,0.0,0.0,1.0,0.02487562189054726,0.11408882082695253,No,3
1.0,0.0,1.0,1.0,0.16666666666666666,1.0,0.0,0.0,0.0,0.0,0.0,0.0,1.0,0.0,0.0,1.0,1.0,0.3786069651741293,0.7773353751914241,No,3
1.0,0.0,1.0,1.0,0.736111111111111,1.0,1.0,0.5,0.0,1.0,1.0,0.0,1.0,1.0,0.5,1.0,0.6666666666666666,0.8656716417910447,0.7073506891271056,No,3
0.0,0.0,0.0,0.0,0.16666666666666666,1.0,1.0,0.5,0.0,0.0,0.0,0.0,1.0,1.0,0.0,1.0,0.6666666666666666,0.7557213930348259,0.013476263399693721,Yes,0
1.0,0.0,1.0,1.0,0.875,1.0,0.0,1.0,0.5,0.5,0.5,0.5,0.5,0.5,1.0,0.0,1.0,0.012935323383084563,0.06875957120980092,No,3
0.0,0.0,0.0,0.0,0.20833333333333331,1.0,0.0,0.0,1.0,1.0,1.0,1.0,1.0,1.0,0.0,0.0,1.0,0.6587064676616915,0.07993874425727411,No,0
1.0,0.0,1.0,1.0,0.5,1.0,0.0,0.0,1.0,1.0,0.0,0.0,0.0,0.0,0.5,0.0,1.0,0.3522388059701492,0.23598774885145482,No,3
1.0,1.0,1.0,0.0,0.05555555555555555,0.0,0.5,0.0,0.0,0.0,1.0,0.0,0.0,0.0,0.0,1.0,0.6666666666666666,0.11592039800995024,0.05114854517611026,No,3
0.0,0.0,1.0,1.0,0.3333333333333333,1.0,0.0,1.0,0.5,0.5,0.5,0.5,0.5,0.5,1.0,0.0,1.0,0.014427860696517386,0.5889739663093415,No,0
0.0,0.0,0.0,0.0,0.8472222222222222,0.0,0.5,0.0,1.0,1.0,1.0,1.0,0.0,0.0,0.5,0.0,0.3333333333333333,0.25323383084577117,0.3588055130168453,No,0
1.0,0.0,0.0,0.0,0.2222222222222222,1.0,1.0,0.0,0.0,1.0,0.0,0.0,0.0,0.0,0.0,0.0,0.6666666666666666,0.3686567164179104,0.9609494640122511,No,3
1.0,0.0,1.0,1.0,0.9027777777777777,1.0,0.0,1.0,0.5,0.5,0.5,0.5,0.5,0.5,1.0,1.0,0.3333333333333333,0.015920398009950265,0.07488514548238898,No,3
0.0,0.0,1.0,1.0,0.3611111111111111,1.0,0.0,1.0,0.5,0.5,0.5,0.5,0.5,0.5,1.0,0.0,0.3333333333333333,0.013930348258706454,0.6411944869831546,No,0
1.0,0.0,0.0,0.0,0.2222222222222222,1.0,0.0,0.0,0.0,0.0,0.0,1.0,0.0,0.0,0.0,1.0,1.0,0.31044776119402984,0.9200612557427259,No,3
0.0,0.0,1.0,0.0,0.75,1.0,1.0,0.5,1.0,1.0,0.0,0.0,1.0,1.0,0.5,0.0,0.0,0.8786069651741294,0.7287901990811638,Yes,0
1.0,0.0,0.0,0.0,0.013888888888888888,1.0,0.0,1.0,0.5,0.5,0.5,0.5,0.5,0.5,0.0,0.0,1.0,0.01840796019900498,0.2462480857580398,Yes,3
1.0,0.0,0.0,1.0,0.06944444444444445,1.0,0.0,1.0,0.5,0.5,0.5,0.5,0.5,0.5,1.0,0.0,1.0,0.021890547263681587,0.018223583460949464,No,3
0.0,0.0,0.0,0.0,0.2638888888888889,0.0,0.5,0.0,0.0,1.0,0.0,0.0,0.0,1.0,0.0,1.0,0.6666666666666666,0.21343283582089556,0.853292496171516,No,0
1.0,0.0,0.0,0.0,0.1388888888888889,1.0,1.0,0.0,1.0,0.0,0.0,0.0,0.0,0.0,0.0,1.0,0.3333333333333333,0.3606965174129353,0.7182235834609494,No,3
0.0,0.0,1.0,1.0,0.3194444444444444,1.0,0.0,0.5,0.0,1.0,1.0,1.0,0.0,0.0,0.0,0.0,0.6666666666666666,0.6522388059701492,0.22940275650842265,Yes,0
1.0,0.0,0.0,0.0,0.041666666666666664,1.0,0.0,0.0,0.0,0.0,0.0,0.0,1.0,0.0,0.0,0.0,1.0,0.36716417910447763,0.15957120980091882,Yes,3
0.0,0.0,0.0,0.0,1.0,1.0,1.0,0.5,0.0,1.0,1.0,1.0,1.0,1.0,1.0,1.0,0.0,0.9288557213930347,0.9231240428790198,No,0
1.0,1.0,1.0,0.0,0.1388888888888889,1.0,1.0,0.5,0.0,0.0,0.0,0.0,0.0,1.0,0.0,1.0,0.6666666666666666,0.6805970149253732,0.9542113323124043,Yes,3
0.0,0.0,1.0,1.0,0.1388888888888889,1.0,0.0,0.0,0.0,1.0,1.0,0.0,0.0,0.0,0.0,1.0,1.0,0.3711442786069651,0.7006125574272588,No,0
1.0,0.0,1.0,0.0,0.15277777777777776,1.0,0.0,1.0,0.5,0.5,0.5,0.5,0.5,0.5,0.5,1.0,1.0,0.02288557213930348,0.21424196018376723,No,3
0.0,1.0,0.0,0.0,0.5138888888888888,1.0,1.0,0.5,1.0,1.0,0.0,0.0,1.0,1.0,0.0,1.0,0.0,0.8805970149253731,0.5309341500765696,Yes,0
1.0,0.0,1.0,1.0,0.2361111111111111,1.0,1.0,0.0,1.0,0.0,0.0,1.0,0.0,0.0,0.5,1.0,1.0,0.43631840796019905,0.029555895865237367,No,3
0.0,0.0,1.0,1.0,0.5,1.0,1.0,0.5,1.0,0.0,1.0,0.0,1.0,1.0,0.0,1.0,0.3333333333333333,0.8582089552238806,0.48606431852986215,No,0
1.0,1.0,0.0,0.0,0.2361111111111111,1.0,0.0,0.5,0.0,1.0,1.0,0.0,1.0,1.0,0.0,1.0,0.6666666666666666,0.8313432835820894,0.19494640122511483,No,3
0.0,1.0,1.0,1.0,0.9166666666666666,1.0,1.0,0.5,1.0,1.0,0.0,1.0,1.0,1.0,0.5,1.0,0.3333333333333333,0.9189054726368159,0.8618683001531393,No,0
1.0,0.0,1.0,1.0,0.8472222222222222,1.0,0.0,0.0,1.0,1.0,1.0,1.0,1.0,1.0,0.5,0.0,0.0,0.6631840796019901,0.6744257274119448,No,3
1.0,0.0,0.0,0.0,0.3055555555555555,1.0,0.0,0.5,0.0,1.0,0.0,0.0,1.0,1.0,0.0,1.0,1.0,0.745771144278607,0.2712098009188361,No,3
1.0,0.0,0.0,0.0,0.013888888888888888,0.0,0.5,0.0,0.0,0.0,0.0,0.0,0.0,0.0,0.0,1.0,0.6666666666666666,0.061194029850746234,0.3122511485451761,No,3
0.0,0.0,0.0,0.0,0.08333333333333333,1.0,0.0,0.5,0.0,0.0,0.0,0.0,0.0,0.0,0.0,0.0,0.3333333333333333,0.5203980099502488,0.5643185298621746,No,0
1.0,0.0,0.0,0.0,0.4305555555555555,1.0,0.0,0.5,0.0,1.0,0.0,1.0,0.0,0.0,0.0,1.0,0.6666666666666666,0.5990049751243781,0.31914241960183765,Yes,3
0.0,0.0,1.0,1.0,0.9444444444444444,1.0,0.0,0.0,1.0,1.0,1.0,1.0,1.0,1.0,1.0,1.0,0.3333333333333333,0.664179104477612,0.7108728943338438,No,0
0.0,0.0,1.0,1.0,0.4722222222222222,1.0,1.0,0.5,0.0,0.0,1.0,0.0,1.0,0.0,0.0,0.0,0.6666666666666666,0.6885572139303483,0.37978560490045943,Yes,0
0.0,0.0,1.0,1.0,0.7222222222222222,1.0,0.0,0.5,0.0,1.0,1.0,1.0,0.0,0.0,0.0,0.0,0.0,0.672139303482587,0.5767228177641653,No,0
0.0,0.0,0.0,1.0,0.1388888888888889,1.0,0.0,0.5,0.0,0.0,1.0,1.0,1.0,0.0,0.0,1.0,0.6666666666666666,0.7248756218905472,0.9914241960183767,No,0
1.0,0.0,1.0,1.0,0.40277777777777773,1.0,0.0,0.5,0.0,0.0,0.0,0.0,0.0,0.0,0.0,1.0,0.6666666666666666,0.5223880597014925,0.24180704441041348,Yes,3
0.0,0.0,1.0,1.0,1.0,1.0,0.0,1.0,0.5,0.5,0.5,0.5,0.5,0.5,1.0,0.0,0.0,0.01840796019900498,0.13047473200612558,No,0
1.0,0.0,1.0,1.0,0.6527777777777778,1.0,0.0,1.0,0.5,0.5,0.5,0.5,0.5,0.5,0.5,0.0,1.0,0.01791044776119402,0.9877488514548238,No,3
1.0,0.0,1.0,1.0,0.3333333333333333,1.0,1.0,0.0,1.0,0.0,0.0,0.0,1.0,1.0,0.5,0.0,1.0,0.5626865671641791,0.21071975497702908,No,3
1.0,0.0,0.0,0.0,0.9027777777777777,1.0,1.0,1.0,0.5,0.5,0.5,0.5,0.5,0.5,0.5,0.0,0.3333333333333333,0.06517412935323383,0.16232771822358347,No,3
0.0,0.0,0.0,0.0,0.05555555555555555,1.0,1.0,0.5,0.0,0.0,0.0,1.0,1.0,1.0,0.0,1.0,1.0,0.8218905472636816,0.5214395099540582,No,0
1.0,1.0,1.0,0.0,0.16666666666666666,1.0,1.0,0.5,0.0,1.0,0.0,0.0,1.0,1.0,0.0,1.0,0.6666666666666666,0.8268656716417909,0.06140888208269525,Yes,3
1.0,0.0,0.0,0.0,0.013888888888888888,1.0,1.0,0.5,1.0,0.0,0.0,0.0,0.0,0.0,0.0,1.0,0.6666666666666666,0.6313432835820896,0.9278713629402756,Yes,3
1.0,0.0,0.0,0.0,0.4583333333333333,1.0,0.0,0.5,0.0,0.0,0.0,0.0,0.0,0.0,0.0,0.0,0.6666666666666666,0.49751243781094523,0.27396630934150074,Yes,3
0.0,0.0,0.0,0.0,0.4722222222222222,1.0,0.0,0.5,0.0,1.0,1.0,1.0,1.0,1.0,0.0,1.0,0.6666666666666666,0.8641791044776118,0.4808575803981623,No,0
0.0,0.0,1.0,0.0,0.19444444444444442,1.0,0.0,1.0,0.5,0.5,0.5,0.5,0.5,0.5,1.0,0.0,1.0,0.021393034825870627,0.38637059724349154,No,0
0.0,0.0,0.0,0.0,0.05555555555555555,1.0,0.0,0.5,0.0,0.0,0.0,0.0,0.0,1.0,0.0,1.0,0.6666666666666666,0.6059701492537314,0.42159264931087287,Yes,0
1.0,0.0,1.0,1.0,0.18055555555555555,1.0,0.0,1.0,0.5,0.5,0.5,0.5,0.5,0.5,0.5,0.0,1.0,0.01741293532338306,0.27473200612557425,No,3
0.0,0.0,1.0,1.0,0.9027777777777777,1.0,1.0,0.0,0.0,1.0,0.0,1.0,1.0,1.0,1.0,1.0,0.0,0.6084577114427862,0.6572741194486983,No,0
1.0,0.0,1.0,1.0,0.3194444444444444,1.0,0.0,0.0,1.0,0.0,0.0,1.0,0.0,0.0,0.5,0.0,0.3333333333333333,0.3875621890547264,0.11929555895865238,No,3
1.0,0.0,1.0,0.0,0.7638888888888888,1.0,0.0,0.0,1.0,1.0,1.0,0.0,0.0,0.0,1.0,0.0,0.6666666666666666,0.4014925373134328,0.40796324655436444,No,3
1.0,0.0,1.0,0.0,0.6805555555555555,1.0,0.0,0.5,0.0,1.0,0.0,0.0,1.0,1.0,1.0,1.0,0.6666666666666666,0.7616915422885572,0.6084226646248085,No,3
1.0,0.0,1.0,0.0,0.8333333333333333,1.0,1.0,0.5,0.0,1.0,1.0,0.0,1.0,1.0,0.5,0.0,0.0,0.8383084577114427,0.7693721286370597,No,3
0.0,0.0,1.0,1.0,0.9583333333333333,1.0,0.0,1.0,0.5,0.5,0.5,0.5,0.5,0.5,0.5,1.0,0.3333333333333333,0.020895522388059695,0.12588055130168452,No,0
1.0,0.0,0.0,0.0,0.5555555555555556,1.0,1.0,0.5,0.0,0.0,0.0,0.0,1.0,0.0,0.0,1.0,0.6666666666666666,0.6631840796019901,0.4476263399693721,No,3
1.0,0.0,1.0,0.0,0.9305555555555555,1.0,0.0,0.0,1.0,1.0,0.0,1.0,0.0,1.0,1.0,1.0,0.3333333333333333,0.5069651741293533,0.6055130168453292,No,3
1.0,1.0,0.0,0.0,0.4861111111111111,1.0,1.0,0.5,0.0,0.0,0.0,0.0,1.0,1.0,0.0,1.0,0.6666666666666666,0.7681592039800995,0.46064318529862175,Yes,3
1.0,0.0,1.0,1.0,0.2638888888888889,1.0,1.0,0.5,0.0,0.0,0.0,1.0,1.0,1.0,0.5,1.0,0.6666666666666666,0.8228855721393035,0.22220520673813168,Yes,3
0.0,0.0,1.0,1.0,0.18055555555555555,1.0,0.0,1.0,0.5,0.5,0.5,0.5,0.5,0.5,1.0,0.0,1.0,0.025870646766169153,0.36171516079632465,No,0
0.0,0.0,0.0,1.0,0.5694444444444444,1.0,1.0,0.5,0.0,1.0,0.0,0.0,1.0,0.0,0.0,1.0,0.0,0.6990049751243781,0.4817764165390505,No,0
0.0,0.0,0.0,0.0,0.05555555555555555,0.0,0.5,0.0,1.0,0.0,1.0,0.0,0.0,0.0,0.0,0.0,1.0,0.16666666666666663,0.09800918836140887,No,0
0.0,0.0,1.0,1.0,0.3333333333333333,1.0,0.0,0.0,1.0,0.0,0.0,1.0,0.0,0.0,0.0,0.0,0.6666666666666666,0.36716417910447763,0.0889739663093415,No,0
0.0,0.0,0.0,0.0,0.06944444444444445,0.0,0.5,0.0,0.0,1.0,0.0,0.0,1.0,1.0,0.0,1.0,0.3333333333333333,0.32537313432835824,0.2954058192955589,No,0
0.0,0.0,0.0,0.0,0.06944444444444445,1.0,1.0,0.0,0.0,1.0,0.0,0.0,0.0,1.0,0.0,1.0,0.6666666666666666,0.4552238805970149,0.4885145482388974,No,0
0.0,0.0,1.0,1.0,0.013888888888888888,1.0,0.0,0.5,0.0,0.0,0.0,0.0,0.0,0.0,0.0,1.0,1.0,0.5059701492537313,0.8330781010719754,Yes,0
0.0,0.0,1.0,1.0,1.0,1.0,1.0,0.0,1.0,1.0,1.0,1.0,1.0,0.0,1.0,0.0,0.0,0.6164179104477612,0.7222052067381317,No,0
0.0,0.0,0.0,0.0,0.3333333333333333,1.0,0.0,0.0,0.0,0.0,1.0,0.0,0.0,0.0,0.0,1.0,0.3333333333333333,0.308955223880597,0.06523736600306279,No,0
0.0,0.0,1.0,0.0,0.5833333333333333,1.0,1.0,0.0,1.0,0.0,1.0,1.0,1.0,1.0,1.0,0.0,0.3333333333333333,0.6577114427860695,0.47396630934150075,No,0
0.0,0.0,0.0,0.0,0.05555555555555555,1.0,0.0,1.0,0.5,0.5,0.5,0.5,0.5,0.5,0.0,0.0,1.0,0.01791044776119402,0.9388973966309341,No,0
1.0,0.0,0.0,0.0,0.9444444444444444,1.0,1.0,0.5,1.0,1.0,1.0,1.0,1.0,1.0,0.5,1.0,0.3333333333333333,0.9845771144278607,0.9241960183767228,No,3
0.0,0.0,1.0,1.0,0.4583333333333333,1.0,0.0,1.0,0.5,0.5,0.5,0.5,0.5,0.5,0.5,0.0,1.0,0.01840796019900498,0.7310872894333843,No,0
0.0,1.0,0.0,0.0,0.013888888888888888,1.0,0.0,0.5,0.0,0.0,0.0,0.0,0.0,0.0,0.0,1.0,0.6666666666666666,0.5109452736318407,0.834303215926493,Yes,0
1.0,0.0,0.0,0.0,0.4305555555555555,1.0,1.0,0.5,0.0,1.0,1.0,0.0,1.0,1.0,0.5,1.0,0.6666666666666666,0.8477611940298507,0.4076569678407351,Yes,3
0.0,0.0,0.0,0.0,0.05555555555555555,1.0,1.0,0.5,0.0,1.0,0.0,0.0,0.0,0.0,0.0,0.0,0.0,0.5940298507462687,0.40597243491577334,Yes,0
1.0,1.0,1.0,0.0,0.9583333333333333,1.0,1.0,0.5,0.0,1.0,1.0,1.0,1.0,1.0,1.0,1.0,0.6666666666666666,0.9124378109452737,0.8947932618683001,No,3
1.0,1.0,0.0,0.0,0.5277777777777778,1.0,1.0,0.5,0.0,0.0,0.0,0.0,1.0,1.0,0.0,0.0,0.6666666666666666,0.7611940298507462,0.48361408882082696,No,3
0.0,0.0,1.0,1.0,0.041666666666666664,1.0,0.0,0.5,0.0,1.0,0.0,1.0,0.0,0.0,0.0,1.0,0.6666666666666666,0.6144278606965173,0.31470137825421135,No,0
0.0,0.0,1.0,1.0,0.6666666666666666,1.0,1.0,0.0,0.0,1.0,0.0,1.0,1.0,1.0,1.0,0.0,0.6666666666666666,0.6109452736318408,0.507197549770291,No,0
0.0,0.0,1.0,0.0,0.20833333333333331,1.0,1.0,1.0,0.5,0.5,0.5,0.5,0.5,0.5,1.0,0.0,1.0,0.06915422885572137,0.5068912710566615,No,0
0.0,0.0,0.0,0.0,0.3472222222222222,1.0,0.0,1.0,0.5,0.5,0.5,0.5,0.5,0.5,0.5,0.0,0.3333333333333333,0.01641791044776117,0.675344563552833,No,0
0.0,1.0,0.0,0.0,0.013888888888888888,1.0,0.0,0.5,0.0,0.0,0.0,0.0,1.0,0.0,0.0,0.0,0.6666666666666666,0.5990049751243781,0.9050535987748851,Yes,0
0.0,0.0,0.0,0.0,0.6666666666666666,0.0,0.5,0.0,1.0,1.0,0.0,0.0,1.0,0.0,0.0,1.0,0.6666666666666666,0.2641791044776119,0.2655436447166922,No,0
1.0,0.0,0.0,0.0,0.013888888888888888,1.0,0.0,1.0,0.5,0.5,0.5,0.5,0.5,0.5,0.0,0.0,1.0,0.020398009950248763,0.2468606431852986,No,3
1.0,0.0,0.0,0.0,0.013888888888888888,1.0,0.0,1.0,0.5,0.5,0.5,0.5,0.5,0.5,0.0,0.0,0.6666666666666666,0.009452736318407956,0.22649310872894332,No,3
0.0,0.0,0.0,0.0,0.5138888888888888,1.0,0.0,0.5,0.0,1.0,1.0,0.0,0.0,0.0,0.5,0.0,0.6666666666666666,0.6149253731343283,0.4004594180704441,No,0
1.0,1.0,1.0,0.0,0.9166666666666666,1.0,1.0,0.5,0.0,1.0,1.0,1.0,1.0,1.0,0.5,1.0,0.0,0.8865671641791043,0.8493108728943338,No,3
0.0,0.0,1.0,0.0,0.3611111111111111,0.0,0.5,0.0,1.0,1.0,1.0,0.0,1.0,0.0,0.5,0.0,0.0,0.2945273631840796,0.05436447166921899,No,0
1.0,0.0,1.0,0.0,0.875,1.0,0.0,0.0,1.0,1.0,0.0,1.0,1.0,0.0,0.5,0.0,0.3333333333333333,0.5228855721393034,0.5779479326186829,No,3
1.0,0.0,0.0,0.0,0.1388888888888889,0.0,0.5,0.0,0.0,0.0,1.0,0.0,0.0,0.0,0.0,0.0,1.0,0.11194029850746268,0.33736600306278713,Yes,3
0.0,0.0,0.0,0.0,0.027777777777777776,1.0,0.0,0.0,1.0,0.0,0.0,0.0,1.0,1.0,0.0,1.0,0.6666666666666666,0.5223880597014925,0.13016845329249616,Yes,0
1.0,1.0,1.0,0.0,0.25,1.0,0.0,0.0,1.0,0.0,0.0,0.0,0.0,1.0,0.0,1.0,0.3333333333333333,0.40646766169154225,0.0038284839203675345,No,3
0.0,0.0,1.0,0.0,0.8888888888888888,1.0,1.0,1.0,0.5,0.5,0.5,0.5,0.5,0.5,1.0,0.0,1.0,0.072636815920398,0.18637059724349156,No,0
0.0,1.0,0.0,0.0,0.125,1.0,1.0,0.5,0.0,0.0,0.0,0.0,0.0,1.0,0.0,1.0,0.6666666666666666,0.6587064676616915,0.8940275650842266,Yes,0
0.0,0.0,0.0,1.0,0.38888888888888884,1.0,0.0,1.0,0.5,0.5,0.5,0.5,0.5,0.5,0.0,0.0,1.0,0.019900497512437804,0.6839203675344563,No,0
0.0,0.0,0.0,0.0,0.013888888888888888,1.0,0.0,0.5,0.0,0.0,1.0,0.0,0.0,0.0,0.0,0.0,0.6666666666666666,0.5701492537313433,0.8840735068912711,No,0
1.0,0.0,0.0,0.0,0.05555555555555555,1.0,1.0,0.5,0.0,0.0,0.0,0.0,0.0,1.0,0.0,1.0,0.6666666666666666,0.6706467661691543,0.44931087289433386,Yes,3
1.0,1.0,0.0,0.0,0.5277777777777778,1.0,0.0,0.0,0.0,1.0,1.0,1.0,1.0,0.0,0.5,1.0,0.3333333333333333,0.5164179104477612,0.3283307810107197,Yes,3
1.0,0.0,1.0,0.0,0.9166666666666666,1.0,1.0,0.5,0.0,1.0,1.0,0.0,0.0,1.0,0.5,0.0,0.6666666666666666,0.7666666666666666,0.7771822358346094,No,3
0.0,0.0,0.0,0.0,0.013888888888888888,1.0,0.0,0.5,0.0,0.0,0.0,0.0,0.0,0.0,0.0,1.0,0.6666666666666666,0.5174129353233831,0.8431852986217457,No,0
0.0,0.0,1.0,0.0,0.25,1.0,0.0,0.0,0.0,0.0,0.0,1.0,0.0,0.0,0.0,1.0,1.0,0.3189054726368159,0.9710566615620214,No,0
1.0,1.0,0.0,0.0,0.7083333333333333,1.0,1.0,0.5,0.0,0.0,1.0,0.0,1.0,1.0,0.0,1.0,0.6666666666666666,0.7915422885572139,0.6373660030627871,Yes,3
1.0,0.0,1.0,1.0,0.0,1.0,0.0,1.0,0.5,0.5,0.5,0.5,0.5,0.5,1.0,0.0,1.0,0.015920398009950265,0.0,No,3
1.0,0.0,0.0,0.0,0.013888888888888888,1.0,0.0,0.0,0.0,0.0,0.0,0.0,0.0,0.0,0.0,0.0,1.0,0.27910447761194024,0.5981623277182235,Yes,3
1.0,0.0,0.0,1.0,0.16666666666666666,1.0,0.0,1.0,0.5,0.5,0.5,0.5,0.5,0.5,1.0,0.0,0.0,0.010945273631840807,0.2675344563552833,No,3
0.0,0.0,0.0,0.0,0.5694444444444444,1.0,1.0,0.5,0.0,1.0,1.0,0.0,1.0,1.0,0.0,1.0,0.6666666666666666,0.8761194029850746,0.5773353751914242,Yes,0
1.0,0.0,0.0,0.0,0.16666666666666666,1.0,1.0,1.0,0.5,0.5,0.5,0.5,0.5,0.5,0.0,0.0,0.6666666666666666,0.06716417910447761,0.4197549770290965,No,3
0.0,0.0,1.0,1.0,0.7638888888888888,1.0,0.0,1.0,0.5,0.5,0.5,0.5,0.5,0.5,1.0,0.0,1.0,0.020398009950248763,0.02343032159264931,No,0
0.0,0.0,0.0,0.0,0.09722222222222221,1.0,1.0,0.5,0.0,0.0,0.0,0.0,0.0,0.0,0.0,1.0,0.6666666666666666,0.5681592039800994,0.7153139356814702,No,0
0.0,0.0,0.0,0.0,0.16666666666666666,1.0,0.0,0.5,0.0,0.0,1.0,1.0,0.0,1.0,0.0,1.0,0.6666666666666666,0.7079601990049752,0.02909647779479326,Yes,0
0.0,0.0,1.0,1.0,0.9444444444444444,1.0,1.0,0.0,1.0,1.0,1.0,1.0,1.0,1.0,1.0,0.0,0.3333333333333333,0.6940298507462687,0.7696784073506892,No,0
0.0,1.0,0.0,0.0,0.06944444444444445,1.0,1.0,0.5,0.0,0.0,0.0,0.0,1.0,0.0,0.0,1.0,0.3333333333333333,0.645771144278607,0.5799387442572741,Yes,0
0.0,1.0,0.0,0.0,0.6805555555555555,1.0,0.0,0.0,0.0,0.0,0.0,0.0,0.0,0.0,0.0,0.0,1.0,0.254228855721393,0.2656967840735069,No,0
1.0,0.0,0.0,0.0,0.5555555555555556,0.0,0.5,0.0,1.0,1.0,1.0,0.0,1.0,1.0,0.5,0.0,0.3333333333333333,0.435820895522388,0.33261868300153136,No,3
0.0,0.0,0.0,0.0,0.2222222222222222,1.0,0.0,1.0,0.5,0.5,0.5,0.5,0.5,0.5,0.5,0.0,0.0,0.01840796019900498,0.4229709035222052,No,0
1.0,0.0,0.0,0.0,0.1388888888888889,1.0,1.0,0.5,0.0,0.0,0.0,0.0,0.0,0.0,0.0,1.0,1.0,0.5562189054726369,0.9295558958652373,Yes,3
0.0,0.0,1.0,0.0,1.0,1.0,1.0,0.5,0.0,1.0,1.0,0.0,1.0,1.0,0.5,1.0,0.6666666666666666,0.8268656716417909,0.8699846860643186,No,0
0.0,1.0,0.0,0.0,0.027777777777777776,1.0,1.0,0.5,0.0,0.0,0.0,0.0,0.0,1.0,0.0,1.0,0.6666666666666666,0.6547263681592039,0.21868300153139356,No,0
1.0,0.0,1.0,1.0,0.3194444444444444,1.0,0.0,1.0,0.5,0.5,0.5,0.5,0.5,0.5,1.0,0.0,1.0,0.026368159203980085,0.5920367534456356,No,3
0.0,1.0,0.0,0.0,0.986111111111111,1.0,1.0,0.5,0.0,1.0,1.0,0.0,1.0,1.0,0.5,1.0,0.6666666666666666,0.8721393034825872,0.8860643185298621,No,0
0.0,0.0,1.0,0.0,0.15277777777777776,1.0,1.0,0.5,0.0,0.0,1.0,0.0,1.0,1.0,0.0,1.0,0.6666666666666666,0.808457711442786,0.016385911179173047,Yes,0
1.0,0.0,0.0,0.0,0.013888888888888888,1.0,0.0,0.0,0.0,0.0,0.0,0.0,0.0,0.0,0.0,1.0,1.0,0.2577114427860696,0.572281776416539,Yes,3
0.0,0.0,0.0,0.0,0.2222222222222222,1.0,0.0,0.0,0.0,1.0,0.0,1.0,0.0,0.0,0.0,1.0,1.0,0.354726368159204,0.942572741194487,Yes,0
0.0,0.0,0.0,0.0,0.013888888888888888,1.0,1.0,0.5,0.0,0.0,0.0,0.0,0.0,1.0,0.0,1.0,1.0,0.6686567164179105,0.9509954058192955,Yes,0
1.0,0.0,1.0,0.0,0.16666666666666666,1.0,0.0,0.5,0.0,1.0,0.0,0.0,0.0,1.0,0.0,1.0,0.3333333333333333,0.6646766169154228,0.9998468606431853,No,3
0.0,0.0,0.0,0.0,0.75,0.0,0.5,0.0,1.0,0.0,0.0,1.0,0.0,1.0,0.5,0.0,0.0,0.2572139303482587,0.30704441041347624,No,0
0.0,0.0,1.0,0.0,0.9444444444444444,1.0,1.0,0.5,0.0,1.0,1.0,1.0,0.0,0.0,1.0,0.0,0.3333333333333333,0.7159203980099502,0.7791730474732006,No,0
0.0,0.0,1.0,1.0,0.05555555555555555,1.0,1.0,0.0,0.0,0.0,0.0,0.0,0.0,0.0,0.0,0.0,1.0,0.32437810945273626,0.31041347626339966,Yes,0
0.0,0.0,0.0,1.0,0.013888888888888888,1.0,0.0,0.0,0.0,0.0,1.0,0.0,0.0,1.0,0.0,0.0,0.6666666666666666,0.4074626865671642,0.741500765696784,Yes,0
1.0,0.0,0.0,0.0,0.375,1.0,0.0,0.0,1.0,0.0,0.0,1.0,0.0,0.0,0.0,0.0,1.0,0.3502487562189055,0.13078101071975498,No,3
1.0,0.0,0.0,0.0,0.29166666666666663,1.0,0.0,1.0,0.5,0.5,0.5,0.5,0.5,0.5,0.0,1.0,1.0,0.01691542288557213,0.5447166921898928,No,3
1.0,0.0,0.0,0.0,0.18055555555555555,1.0,0.0,0.5,0.0,0.0,1.0,0.0,1.0,0.0,0.0,1.0,0.6666666666666666,0.6462686567164179,0.018529862174578866,Yes,3
0.0,1.0,0.0,0.0,0.8888888888888888,1.0,1.0,0.0,0.0,1.0,1.0,1.0,0.0,1.0,0.0,0.0,0.3333333333333333,0.5611940298507463,0.6294027565084227,No,0
0.0,0.0,0.0,0.0,0.013888888888888888,1.0,0.0,0.0,1.0,1.0,0.0,0.0,0.0,0.0,0.0,1.0,0.6666666666666666,0.36467661691542286,0.6879019908116386,Yes,0
1.0,0.0,1.0,0.0,0.7916666666666666,0.0,0.5,0.0,0.0,1.0,1.0,1.0,1.0,1.0,1.0,1.0,0.0,0.390547263681592,0.4352220520673813,No,3
0.0,0.0,1.0,0.0,0.29166666666666663,1.0,1.0,0.5,1.0,0.0,1.0,0.0,1.0,1.0,0.0,1.0,0.6666666666666666,0.8522388059701492,0.2894333843797856,Yes,0
1.0,0.0,0.0,0.0,0.2638888888888889,1.0,0.0,1.0,0.5,0.5,0.5,0.5,0.5,0.5,1.0,0.0,1.0,0.013930348258706454,0.47457886676875954,No,3
1.0,0.0,1.0,0.0,0.4305555555555555,1.0,0.0,0.5,0.0,0.0,1.0,0.0,1.0,1.0,0.5,1.0,0.6666666666666666,0.7517412935323382,0.3889739663093415,No,3
1.0,0.0,0.0,0.0,0.7222222222222222,1.0,1.0,0.0,1.0,1.0,1.0,1.0,1.0,1.0,1.0,1.0,1.0,0.7064676616915423,0.603062787136294,No,3
0.0,0.0,0.0,0.0,0.6388888888888888,1.0,1.0,0.5,0.0,1.0,1.0,0.0,0.0,1.0,0.5,1.0,0.6666666666666666,0.755223880597015,0.5747320061255743,No,0
0.0,1.0,0.0,0.0,0.15277777777777776,1.0,1.0,0.0,1.0,0.0,0.0,0.0,0.0,0.0,0.0,1.0,0.6666666666666666,0.3716417910447761,0.7329249617151607,No,0
0.0,0.0,1.0,1.0,0.736111111111111,0.0,0.5,0.0,1.0,1.0,1.0,0.0,0.0,1.0,0.0,1.0,0.0,0.3029850746268657,0.32787136294027563,No,0
0.0,0.0,1.0,1.0,0.15277777777777776,1.0,0.0,1.0,0.5,0.5,0.5,0.5,0.5,0.5,0.0,1.0,1.0,0.009950248756218888,0.20612557427258804,Yes,0
1.0,1.0,0.0,0.0,0.7916666666666666,1.0,1.0,0.5,0.0,1.0,0.0,1.0,1.0,1.0,0.0,1.0,0.0,0.8621890547263681,0.7425727411944869,No,3
0.0,1.0,0.0,0.0,0.027777777777777776,1.0,1.0,0.5,0.0,0.0,0.0,0.0,0.0,0.0,0.0,1.0,1.0,0.5691542288557214,0.1577335375191424,Yes,0
0.0,1.0,0.0,0.0,0.027777777777777776,1.0,0.0,0.0,1.0,1.0,0.0,0.0,0.0,0.0,0.0,0.0,1.0,0.3641791044776119,0.012098009188361408,Yes,0
0.0,0.0,1.0,1.0,0.986111111111111,1.0,0.0,1.0,0.5,0.5,0.5,0.5,0.5,0.5,1.0,0.0,0.0,0.01641791044776117,0.10796324655436447,No,0
0.0,0.0,1.0,1.0,0.013888888888888888,1.0,0.0,1.0,0.5,0.5,0.5,0.5,0.5,0.5,0.0,1.0,1.0,0.011442786069651711,0.22695252679938743,No,0
1.0,0.0,1.0,0.0,0.9444444444444444,1.0,1.0,1.0,0.5,0.5,0.5,0.5,0.5,0.5,1.0,0.0,0.3333333333333333,0.06766169154228854,0.1684532924961715,No,3
1.0,0.0,1.0,0.0,1.0,1.0,0.0,0.0,1.0,1.0,1.0,1.0,1.0,1.0,1.0,0.0,1.0,0.6587064676616915,0.7557427258805512,No,3
0.0,0.0,0.0,0.0,0.027777777777777776,1.0,0.0,1.0,0.5,0.5,0.5,0.5,0.5,0.5,0.0,0.0,1.0,0.010447761194029848,0.5728943338437978,No,0
1.0,1.0,1.0,0.0,0.013888888888888888,1.0,1.0,0.5,0.0,0.0,0.0,0.0,1.0,1.0,0.0,1.0,0.6666666666666666,0.7646766169154228,0.9865237366003062,Yes,3
0.0,0.0,0.0,0.0,0.5694444444444444,1.0,0.0,0.0,1.0,0.0,1.0,1.0,1.0,1.0,0.5,1.0,0.0,0.6129353233830845,0.44180704441041346,No,0
1.0,0.0,1.0,1.0,1.0,1.0,1.0,1.0,0.5,0.5,0.5,0.5,0.5,0.5,1.0,0.0,0.3333333333333333,0.072636815920398,0.22036753445635526,No,3
1.0,0.0,1.0,0.0,0.08333333333333333,1.0,1.0,0.5,0.0,0.0,0.0,0.0,0.0,0.0,0.0,1.0,0.6666666666666666,0.5696517412935324,0.5693721286370597,Yes,3
0.0,0.0,1.0,1.0,0.05555555555555555,1.0,0.0,0.5,0.0,0.0,1.0,0.0,0.0,0.0,0.0,1.0,0.6666666666666666,0.5522388059701492,0.4330781010719755,Yes,0
1.0,0.0,0.0,0.0,0.16666666666666666,1.0,1.0,0.5,0.0,0.0,0.0,0.0,1.0,1.0,0.0,1.0,0.6666666666666666,0.7741293532338308,0.04333843797856049,Yes,3
0.0,0.0,1.0,0.0,0.8055555555555555,1.0,1.0,0.0,1.0,0.0,0.0,1.0,0.0,1.0,0.5,1.0,0.6666666666666666,0.49900497512437814,0.5199081163859112,No,0
0.0,0.0,0.0,0.0,0.09722222222222221,1.0,0.0,1.0,0.5,0.5,0.5,0.5,0.5,0.5,0.0,0.0,1.0,0.023880597014925342,0.15145482388973966,No,0
0.0,0.0,1.0,0.0,0.9027777777777777,1.0,0.0,0.0,1.0,0.0,1.0,0.0,0.0,0.0,0.0,1.0,1.0,0.36716417910447763,0.48499234303215927,No,0
1.0,0.0,0.0,0.0,0.013888888888888888,1.0,0.0,0.5,0.0,0.0,0.0,0.0,0.0,0.0,0.0,1.0,1.0,0.5208955223880596,0.8442572741194486,No,3
1.0,0.0,1.0,0.0,0.7777777777777777,1.0,0.0,1.0,0.5,0.5,0.5,0.5,0.5,0.5,0.5,0.0,0.3333333333333333,0.01691542288557213,0.03690658499234303,No,3
1.0,0.0,0.0,0.0,0.05555555555555555,1.0,0.0,1.0,0.5,0.5,0.5,0.5,0.5,0.5,0.0,0.0,1.0,0.007462686567164173,0.8675344563552833,No,3
0.0,0.0,1.0,1.0,0.8055555555555555,1.0,0.0,0.0,0.0,0.0,0.0,0.0,0.0,0.0,0.5,1.0,1.0,0.2572139303482587,0.314854517611026,No,0
1.0,0.0,1.0,0.0,0.861111111111111,1.0,1.0,0.5,0.0,0.0,1.0,1.0,1.0,1.0,1.0,1.0,0.0,0.8890547263681591,0.8361408882082695,No,3
1.0,0.0,0.0,0.0,0.3611111111111111,1.0,1.0,0.0,1.0,1.0,0.0,0.0,0.0,0.0,0.5,0.0,0.6666666666666666,0.4308457711442786,0.15834609494640123,No,3
1.0,0.0,0.0,0.0,0.861111111111111,1.0,1.0,0.5,1.0,1.0,1.0,0.0,0.0,0.0,0.0,0.0,0.0,0.7208955223880598,0.7081163859111792,No,3
0.0,0.0,1.0,1.0,0.8055555555555555,1.0,0.0,0.5,1.0,1.0,0.0,0.0,1.0,1.0,0.5,0.0,0.3333333333333333,0.8059701492537313,0.7370597243491577,No,0
0.0,0.0,1.0,0.0,0.9444444444444444,1.0,1.0,0.0,1.0,1.0,1.0,1.0,1.0,1.0,1.0,1.0,0.6666666666666666,0.7308457711442786,0.7920367534456355,No,0
0.0,0.0,1.0,1.0,0.8472222222222222,1.0,1.0,0.5,1.0,1.0,1.0,0.0,0.0,1.0,0.5,1.0,0.3333333333333333,0.8203980099502487,0.7545176110260337,No,0
0.0,0.0,0.0,0.0,0.5833333333333333,1.0,1.0,0.0,0.0,0.0,1.0,1.0,1.0,1.0,1.0,1.0,0.3333333333333333,0.5990049751243781,0.44854517611026035,No,0
1.0,0.0,0.0,0.0,0.25,1.0,1.0,0.5,0.0,0.0,0.0,0.0,1.0,0.0,0.0,0.0,0.0,0.6572139303482587,0.14808575803981622,No,3
0.0,0.0,0.0,0.0,0.7777777777777777,1.0,0.0,1.0,0.5,0.5,0.5,0.5,0.5,0.5,1.0,1.0,0.0,0.012935323383084563,0.02465543644716692,No,0
0.0,0.0,0.0,0.0,0.05555555555555555,1.0,1.0,0.5,0.0,1.0,0.0,0.0,0.0,1.0,0.0,1.0,0.6666666666666666,0.7034825870646766,0.4710566615620214,Yes,0
0.0,0.0,0.0,0.0,0.05555555555555555,1.0,0.0,1.0,0.5,0.5,0.5,0.5,0.5,0.5,0.0,0.0,0.3333333333333333,0.021890547263681587,0.9344563552833077,No,0
0.0,0.0,0.0,1.0,0.4861111111111111,1.0,0.0,0.0,1.0,1.0,0.0,0.0,0.0,0.0,0.5,0.0,0.3333333333333333,0.3716417910447761,0.25206738131699846,No,0
0.0,0.0,1.0,1.0,0.8888888888888888,1.0,1.0,0.5,1.0,0.0,0.0,1.0,0.0,0.0,0.0,1.0,0.0,0.682089552238806,0.6816232771822358,No,0
0.0,0.0,0.0,0.0,0.4305555555555555,1.0,0.0,1.0,0.5,0.5,0.5,0.5,0.5,0.5,0.5,0.0,1.0,0.026865671641791017,0.8261868300153139,No,0
0.0,1.0,1.0,0.0,0.9305555555555555,1.0,0.0,1.0,0.5,0.5,0.5,0.5,0.5,0.5,1.0,1.0,0.0,0.01791044776119402,0.07350689127105665,No,0
0.0,0.0,0.0,0.0,0.05555555555555555,1.0,0.0,0.0,0.0,1.0,0.0,0.0,0.0,0.0,0.0,0.0,0.3333333333333333,0.32288557213930347,0.14150076569678408,Yes,0
0.0,1.0,1.0,0.0,0.9722222222222222,1.0,1.0,0.5,1.0,1.0,1.0,1.0,1.0,1.0,1.0,1.0,0.6666666666666666,0.9492537313432835,0.9,No,0
1.0,0.0,0.0,0.0,0.041666666666666664,1.0,0.0,0.0,0.0,0.0,0.0,0.0,1.0,0.0,0.0,0.0,0.3333333333333333,0.34975124378109446,0.2226646248085758,Yes,3
1.0,1.0,1.0,0.0,0.736111111111111,1.0,1.0,0.5,0.0,1.0,0.0,0.0,1.0,1.0,0.0,1.0,0.6666666666666666,0.8323383084577115,0.704594180704441,Yes,3
1.0,0.0,1.0,1.0,0.027777777777777776,1.0,0.0,0.0,1.0,1.0,0.0,1.0,0.0,0.0,1.0,0.0,1.0,0.4104477611940298,0.08407350689127105,No,3
0.0,0.0,1.0,1.0,0.40277777777777773,1.0,0.0,0.5,0.0,0.0,0.0,0.0,1.0,1.0,0.0,1.0,0.3333333333333333,0.6920398009950248,0.34747320061255743,No,0
0.0,0.0,0.0,0.0,0.6527777777777778,0.0,0.5,0.0,1.0,0.0,1.0,1.0,0.0,0.0,1.0,0.0,1.0,0.23532338308457706,0.222052067381317,No,0
0.0,0.0,1.0,1.0,0.9444444444444444,1.0,1.0,0.5,0.0,0.0,0.0,0.0,1.0,0.0,0.5,1.0,0.6666666666666666,0.6442786069651741,0.7191424196018377,Yes,0
1.0,0.0,0.0,1.0,0.16666666666666666,1.0,0.0,0.0,1.0,0.0,0.0,0.0,1.0,1.0,0.0,1.0,1.0,0.5134328358208955,0.9437978560490046,No,3
0.0,0.0,1.0,1.0,0.1111111111111111,1.0,0.0,0.0,0.0,1.0,0.0,1.0,0.0,0.0,0.0,0.0,0.0,0.3786069651741293,0.5243491577335375,No,0
1.0,0.0,1.0,0.0,0.75,1.0,1.0,0.5,1.0,1.0,1.0,0.0,1.0,1.0,0.0,0.0,0.6666666666666666,0.908457711442786,0.7647779479326187,No,3
1.0,0.0,1.0,1.0,0.9583333333333333,1.0,0.0,0.5,0.0,1.0,0.0,1.0,1.0,0.0,1.0,1.0,1.0,0.7353233830845771,0.7966309341500766,No,3
0.0,0.0,0.0,0.0,0.3611111111111111,1.0,1.0,0.0,1.0,1.0,0.0,0.0,1.0,0.0,0.0,1.0,0.0,0.5099502487562189,0.20643185298621744,No,0
0.0,0.0,1.0,0.0,1.0,1.0,1.0,0.5,1.0,1.0,1.0,1.0,0.0,0.0,1.0,1.0,0.0,0.7835820895522387,0.8535987748851455,No,0
0.0,0.0,0.0,0.0,0.9722222222222222,0.0,0.5,0.0,1.0,0.0,1.0,1.0,1.0,1.0,1.0,1.0,0.0,0.39900497512437816,0.5509954058192955,No,0
1.0,0.0,0.0,1.0,0.013888888888888888,1.0,0.0,0.0,1.0,0.0,0.0,0.0,0.0,0.0,0.0,0.0,1.0,0.3218905472636816,0.6479326186830016,Yes,3
1.0,0.0,0.0,0.0,0.1388888888888889,1.0,0.0,0.5,0.0,0.0,0.0,0.0,1.0,1.0,0.0,1.0,0.6666666666666666,0.708955223880597,0.9565084226646248,Yes,3
0.0,0.0,1.0,1.0,0.38888888888888884,1.0,0.0,0.5,0.0,0.0,0.0,0.0,0.0,0.0,0.5,1.0,0.0,0.518905472636816,0.24471669218989278,No,0
1.0,0.0,0.0,0.0,0.013888888888888888,1.0,0.0,0.5,0.0,0.0,0.0,0.0,0.0,0.0,0.0,1.0,0.6666666666666666,0.5129353233830846,0.8349157733537519,Yes,3
0.0,0.0,1.0,0.0,0.29166666666666663,1.0,1.0,0.5,0.0,0.0,0.0,0.0,1.0,1.0,0.0,1.0,0.6666666666666666,0.7567164179104477,0.23721286370597242,No,0
1.0,1.0,1.0,0.0,0.7083333333333333,1.0,1.0,0.5,1.0,0.0,1.0,0.0,1.0,0.0,0.0,1.0,0.0,0.7517412935323382,0.6163859111791731,Yes,3
0.0,0.0,1.0,1.0,0.736111111111111,1.0,0.0,1.0,0.5,0.5,0.5,0.5,0.5,0.5,0.5,0.0,0.0,0.012935323383084563,0.002450229709035222,No,0
1.0,0.0,0.0,1.0,0.736111111111111,1.0,0.0,0.5,1.0,1.0,1.0,0.0,0.0,1.0,0.5,0.0,0.6666666666666666,0.7731343283582089,0.6532924961715161,No,3
1.0,0.0,1.0,0.0,0.3333333333333333,1.0,1.0,0.5,0.0,0.0,1.0,0.0,1.0,1.0,0.0,1.0,0.6666666666666666,0.8238805970149253,0.3110260336906585,Yes,3
0.0,0.0,1.0,0.0,0.9722222222222222,1.0,1.0,0.0,1.0,1.0,1.0,1.0,1.0,1.0,1.0,1.0,0.3333333333333333,0.7616915422885572,0.8292496171516079,No,0
1.0,0.0,0.0,0.0,0.8472222222222222,1.0,1.0,0.5,1.0,1.0,1.0,0.0,1.0,1.0,0.5,1.0,0.6666666666666666,0.890547263681592,0.7993874425727412,No,3
0.0,0.0,0.0,0.0,0.15277777777777776,1.0,0.0,0.0,1.0,0.0,0.0,1.0,0.0,0.0,0.5,1.0,1.0,0.36169154228855727,0.7704441041347626,No,0
1.0,0.0,0.0,0.0,0.027777777777777776,1.0,0.0,0.5,0.0,0.0,0.0,0.0,0.0,0.0,0.0,1.0,0.3333333333333333,0.5278606965174129,0.1563552833078101,No,3
1.0,0.0,0.0,0.0,0.3472222222222222,1.0,0.0,1.0,0.5,0.5,0.5,0.5,0.5,0.5,0.5,1.0,0.0,0.01243781094527363,0.6638591117917304,No,3
0.0,0.0,0.0,0.0,0.5694444444444444,1.0,1.0,0.0,0.0,1.0,0.0,0.0,0.0,0.0,0.5,1.0,0.3333333333333333,0.3786069651741293,0.30627871362940273,No,0
1.0,0.0,1.0,0.0,0.25,1.0,1.0,0.5,0.0,0.0,0.0,0.0,1.0,1.0,0.0,1.0,0.6666666666666666,0.7606965174129353,0.18116385911179173,Yes,3
1.0,1.0,1.0,0.0,1.0,1.0,1.0,0.5,0.0,1.0,1.0,0.0,1.0,1.0,1.0,1.0,0.0,0.854726368159204,0.8977029096477794,Yes,3
0.0,0.0,1.0,1.0,0.986111111111111,1.0,1.0,0.0,1.0,1.0,1.0,1.0,1.0,1.0,1.0,1.0,0.3333333333333333,0.7194029850746269,0.7750382848392037,No,0
0.0,0.0,1.0,1.0,0.4722222222222222,1.0,0.0,0.0,1.0,1.0,1.0,0.0,0.0,0.0,0.5,1.0,1.0,0.4233830845771144,0.2563552833078101,No,0
1.0,0.0,0.0,0.0,0.40277777777777773,1.0,0.0,0.5,0.0,0.0,1.0,1.0,1.0,1.0,0.0,1.0,0.3333333333333333,0.8014925373134327,0.3727411944869831,No,3
1.0,1.0,1.0,0.0,0.5555555555555556,1.0,0.0,0.5,1.0,1.0,1.0,1.0,1.0,0.0,0.5,1.0,0.3333333333333333,0.7950248756218906,0.5373660030627871,No,3
1.0,0.0,1.0,0.0,0.5,0.0,0.5,0.0,1.0,0.0,1.0,0.0,0.0,0.0,0.5,0.0,1.0,0.17014925373134326,0.0888208269525268,No,3
0.0,0.0,1.0,0.0,0.6388888888888888,1.0,1.0,0.5,0.0,1.0,0.0,1.0,1.0,1.0,0.5,1.0,0.6666666666666666,0.8447761194029851,0.5973966309341501,No,0
0.0,0.0,0.0,0.0,0.8055555555555555,1.0,1.0,0.5,1.0,1.0,1.0,0.0,1.0,1.0,0.5,1.0,0.6666666666666666,0.890547263681592,0.7837672281776417,No,0
1.0,0.0,0.0,0.0,0.5416666666666666,1.0,1.0,0.5,0.0,1.0,0.0,0.0,0.0,0.0,0.5,0.0,0.3333333333333333,0.6283582089552239,0.42848392036753447,No,3
1.0,0.0,1.0,1.0,0.05555555555555555,1.0,0.0,0.0,0.0,0.0,0.0,1.0,0.0,1.0,0.0,0.0,0.3333333333333333,0.4298507462686567,0.29571209800918835,Yes,3
0.0,0.0,1.0,1.0,0.7222222222222222,1.0,1.0,0.5,0.0,1.0,1.0,0.0,1.0,0.0,0.5,1.0,0.3333333333333333,0.7706467661691543,0.6445635528330781,No,0
1.0,1.0,1.0,0.0,0.9722222222222222,1.0,1.0,0.5,0.0,1.0,1.0,0.0,1.0,1.0,0.5,1.0,0.6666666666666666,0.8611940298507462,0.8687595712098009,No,3
1.0,1.0,1.0,0.0,0.9027777777777777,1.0,0.0,0.5,0.0,0.0,0.0,0.0,0.0,0.0,0.5,1.0,0.0,0.5243781094527363,0.5946401225114855,No,3
1.0,0.0,0.0,0.0,0.013888888888888888,1.0,0.0,0.0,0.0,0.0,0.0,0.0,0.0,0.0,0.0,1.0,1.0,0.2656716417910448,0.5742725880551302,No,3
0.0,0.0,1.0,0.0,0.9722222222222222,1.0,1.0,0.5,0.0,0.0,1.0,0.0,1.0,1.0,0.5,1.0,0.6666666666666666,0.7900497512437811,0.8407350689127105,No,0
0.0,1.0,1.0,1.0,0.40277777777777773,0.0,0.5,0.0,0.0,1.0,1.0,0.0,0.0,0.0,0.0,1.0,1.0,0.1731343283582089,0.008422664624808576,No,0
1.0,0.0,0.0,0.0,0.013888888888888888,1.0,0.0,0.5,0.0,0.0,0.0,0.0,1.0,1.0,0.0,1.0,0.6666666666666666,0.7194029850746269,0.9684532924961715,Yes,3
0.0,0.0,0.0,0.0,0.9305555555555555,1.0,1.0,0.0,1.0,0.0,1.0,1.0,1.0,1.0,1.0,1.0,1.0,0.6666666666666666,0.7222052067381317,No,0
0.0,0.0,0.0,0.0,0.013888888888888888,1.0,0.0,1.0,0.5,0.5,0.5,0.5,0.5,0.5,0.0,1.0,1.0,0.01243781094527363,0.22725880551301683,No,0
0.0,0.0,0.0,0.0,0.3611111111111111,1.0,0.0,0.5,0.0,0.0,0.0,0.0,1.0,1.0,0.0,1.0,0.0,0.7019900497512437,0.29249617151607965,Yes,0
0.0,0.0,1.0,1.0,0.41666666666666663,1.0,1.0,1.0,0.5,0.5,0.5,0.5,0.5,0.5,1.0,1.0,1.0,0.0681592039800995,0.9124042879019908,No,0
0.0,0.0,1.0,0.0,0.6666666666666666,1.0,0.0,0.5,0.0,0.0,1.0,1.0,1.0,1.0,0.0,1.0,0.3333333333333333,0.8139303482587064,0.625114854517611,No,0
0.0,0.0,1.0,1.0,0.7638888888888888,1.0,0.0,0.0,1.0,1.0,0.0,0.0,0.0,0.0,0.0,0.0,0.6666666666666666,0.372636815920398,0.4171516079632465,No,0
1.0,0.0,0.0,0.0,0.09722222222222221,1.0,1.0,0.5,0.0,0.0,0.0,0.0,0.0,1.0,0.0,1.0,1.0,0.6661691542288557,0.7548238897396631,Yes,3
1.0,0.0,0.0,0.0,0.5138888888888888,1.0,1.0,0.5,1.0,0.0,0.0,0.0,1.0,0.0,0.0,1.0,0.6666666666666666,0.7253731343283583,0.44777947932618684,No,3
0.0,0.0,1.0,0.0,0.4305555555555555,1.0,0.0,0.5,0.0,1.0,0.0,0.0,0.0,1.0,0.0,1.0,0.0,0.6527363184079601,0.3563552833078101,No,0
1.0,0.0,0.0,0.0,0.05555555555555555,1.0,0.0,0.0,0.0,0.0,0.0,0.0,0.0,0.0,0.0,1.0,0.6666666666666666,0.2751243781094527,0.2442572741194487,No,3
1.0,0.0,1.0,1.0,1.0,1.0,1.0,1.0,0.5,0.5,0.5,0.5,0.5,0.5,1.0,1.0,0.3333333333333333,0.0681592039800995,0.20398162327718222,No,3
1.0,1.0,0.0,0.0,0.06944444444444445,1.0,0.0,0.5,0.0,0.0,0.0,0.0,1.0,1.0,0.0,1.0,0.6666666666666666,0.7278606965174129,0.5828483920367534,Yes,3
1.0,0.0,1.0,1.0,0.013888888888888888,1.0,0.0,1.0,0.5,0.5,0.5,0.5,0.5,0.5,0.0,0.0,1.0,0.014427860696517386,0.22787136294027566,No,3
0.0,1.0,0.0,0.0,0.20833333333333331,1.0,0.0,0.5,0.0,0.0,0.0,0.0,1.0,1.0,0.0,1.0,0.6666666666666666,0.7288557213930348,0.11225114854517611,No,0
1.0,0.0,1.0,1.0,0.1111111111111111,1.0,0.0,0.0,1.0,0.0,0.0,0.0,0.0,0.0,0.0,1.0,0.3333333333333333,0.32885572139303476,0.5362940275650843,No,3
0.0,0.0,0.0,0.0,0.4861111111111111,1.0,0.0,1.0,0.5,0.5,0.5,0.5,0.5,0.5,0.5,0.0,1.0,0.028358208955223896,0.8776416539050536,No,0
0.0,1.0,0.0,0.0,0.7777777777777777,1.0,1.0,0.5,0.0,1.0,1.0,0.0,1.0,1.0,0.0,0.0,0.6666666666666666,0.8606965174129354,0.7367534456355284,No,0
1.0,0.0,1.0,0.0,0.5833333333333333,1.0,1.0,0.5,0.0,0.0,1.0,1.0,1.0,1.0,0.0,1.0,0.0,0.8746268656716417,0.5879019908116385,Yes,3
1.0,1.0,1.0,1.0,0.9027777777777777,1.0,1.0,0.5,1.0,1.0,0.0,0.0,0.0,0.0,0.0,1.0,0.6666666666666666,0.6716417910447761,0.7196018376722818,No,3
0.0,0.0,1.0,1.0,0.027777777777777776,1.0,0.0,1.0,0.5,0.5,0.5,0.5,0.5,0.5,0.5,0.0,1.0,0.020398009950248763,0.413323124042879,No,0
1.0,1.0,1.0,0.0,0.9027777777777777,1.0,1.0,0.5,1.0,0.0,0.0,0.0,1.0,1.0,0.5,1.0,0.6666666666666666,0.8208955223880597,0.811791730474732,No,3
0.0,0.0,0.0,0.0,0.25,1.0,1.0,0.5,0.0,0.0,0.0,0.0,0.0,0.0,0.0,1.0,0.6666666666666666,0.5562189054726369,0.09632465543644717,No,0
0.0,0.0,0.0,0.0,0.3194444444444444,1.0,1.0,0.0,1.0,0.0,1.0,0.0,1.0,1.0,0.5,1.0,0.6666666666666666,0.6,0.21516079632465543,No,0
0.0,0.0,0.0,0.0,0.05555555555555555,1.0,0.0,0.0,0.0,0.0,0.0,0.0,0.0,0.0,0.0,1.0,1.0,0.2691542288557213,0.24012251148545175,Yes,0
1.0,0.0,1.0,0.0,0.9722222222222222,1.0,0.0,1.0,0.5,0.5,0.5,0.5,0.5,0.5,1.0,0.0,0.3333333333333333,0.015920398009950265,0.1228177641653905,No,3
0.0,0.0,0.0,0.0,0.05555555555555555,1.0,1.0,0.0,0.0,0.0,0.0,0.0,0.0,0.0,0.0,0.0,0.6666666666666666,0.32288557213930347,0.26952526799387444,No,0
1.0,0.0,0.0,0.0,0.2638888888888889,1.0,0.0,0.0,0.0,0.0,0.0,0.0,0.0,0.0,0.0,1.0,0.0,0.26616915422885573,0.9580398162327718,No,3
0.0,0.0,0.0,0.0,0.25,1.0,0.0,0.5,0.0,1.0,1.0,0.0,0.0,0.0,0.0,0.0,0.6666666666666666,0.5925373134328358,0.0992343032159265,No,0
0.0,1.0,1.0,0.0,0.5277777777777778,1.0,0.0,0.5,1.0,0.0,0.0,0.0,0.0,1.0,0.0,1.0,0.6666666666666666,0.6487562189054726,0.41898928024502297,No,0
1.0,0.0,0.0,0.0,0.027777777777777776,1.0,1.0,0.5,0.0,0.0,0.0,0.0,0.0,0.0,0.0,1.0,0.3333333333333333,0.5472636815920398,0.08698315467075038,Yes,3
1.0,0.0,0.0,0.0,0.6527777777777778,1.0,1.0,0.5,1.0,1.0,0.0,0.0,1.0,0.0,0.5,0.0,0.0,0.7616915422885572,0.5915773353751914,No,3
0.0,0.0,1.0,1.0,0.7222222222222222,1.0,0.0,1.0,0.5,0.5,0.5,0.5,0.5,0.5,1.0,0.0,0.0,0.01840796019900498,0.023124042879019906,No,0
1.0,0.0,0.0,0.0,0.125,1.0,1.0,0.0,0.0,0.0,0.0,0.0,0.0,1.0,0.0,0.0,1.0,0.4144278606965174,0.6895865237366002,No,3
0.0,0.0,1.0,0.0,0.3611111111111111,1.0,1.0,0.0,1.0,1.0,1.0,1.0,1.0,1.0,0.5,1.0,0.3333333333333333,0.7149253731343282,0.29846860643185297,No,0
1.0,0.0,1.0,1.0,0.1111111111111111,1.0,0.0,0.0,0.0,0.0,1.0,0.0,0.0,0.0,0.0,1.0,0.6666666666666666,0.3263681592039801,0.5427258805513017,Yes,3
1.0,0.0,1.0,0.0,0.611111111111111,1.0,0.0,0.0,0.0,1.0,1.0,1.0,1.0,0.0,0.5,1.0,0.6666666666666666,0.5243781094527363,0.4332312404287902,No,3
0.0,0.0,0.0,0.0,0.041666666666666664,0.0,0.5,0.0,0.0,1.0,0.0,0.0,0.0,0.0,0.0,0.0,1.0,0.10895522388059697,0.9955589586523736,No,0
1.0,0.0,0.0,0.0,0.027777777777777776,1.0,0.0,0.0,0.0,0.0,0.0,0.0,0.0,0.0,0.0,1.0,0.0,0.282089552238806,0.9598774885145482,No,3
0.0,0.0,1.0,1.0,0.125,1.0,1.0,0.5,0.0,0.0,0.0,0.0,1.0,0.0,0.0,1.0,0.0,0.6676616915422885,0.8871362940275651,Yes,0
1.0,1.0,0.0,0.0,0.013888888888888888,1.0,1.0,0.5,0.0,0.0,0.0,0.0,0.0,0.0,0.0,1.0,0.6666666666666666,0.5681592039800994,0.8836140888208269,Yes,3
1.0,0.0,0.0,0.0,0.3472222222222222,1.0,0.0,0.5,1.0,0.0,0.0,0.0,0.0,0.0,0.0,0.0,0.0,0.5577114427860697,0.23813169984686064,No,3
0.0,1.0,1.0,0.0,0.027777777777777776,1.0,0.0,0.5,0.0,0.0,0.0,0.0,0.0,0.0,0.0,1.0,0.6666666666666666,0.507960199004975,0.14655436447166922,No,0
1.0,0.0,0.0,0.0,0.5972222222222222,1.0,0.0,0.5,1.0,0.0,0.0,0.0,0.0,0.0,0.0,1.0,0.6666666666666666,0.5666666666666667,0.4254211332312404,Yes,3
0.0,0.0,0.0,0.0,0.013888888888888888,1.0,0.0,1.0,0.5,0.5,0.5,0.5,0.5,0.5,0.0,0.0,1.0,0.026368159203980085,0.24869831546707502,Yes,0
0.0,0.0,1.0,0.0,0.8055555555555555,1.0,1.0,0.5,0.0,1.0,1.0,0.0,0.0,1.0,0.5,1.0,0.6666666666666666,0.7567164179104477,0.7113323124042878,No,0
0.0,0.0,1.0,1.0,0.8194444444444444,1.0,1.0,0.0,1.0,0.0,1.0,1.0,1.0,0.0,1.0,1.0,1.0,0.5791044776119403,0.5885145482388974,No,0
1.0,0.0,0.0,0.0,0.611111111111111,0.0,0.5,0.0,1.0,0.0,1.0,0.0,1.0,1.0,0.5,1.0,0.6666666666666666,0.35572139303482586,0.32052067381316995,No,3
1.0,0.0,0.0,0.0,0.9166666666666666,1.0,1.0,0.5,0.0,1.0,0.0,1.0,1.0,1.0,0.5,1.0,0.6666666666666666,0.8557213930348259,0.8297090352220521,No,3
1.0,0.0,1.0,1.0,0.9444444444444444,1.0,0.0,1.0,0.5,0.5,0.5,0.5,0.5,0.5,1.0,0.0,0.0,0.01691542288557213,0.10428790199081163,No,3
1.0,0.0,0.0,0.0,0.125,0.0,0.5,0.0,0.0,0.0,0.0,0.0,0.0,0.0,0.0,1.0,0.6666666666666666,0.06666666666666665,0.22909647779479325,No,3
1.0,0.0,0.0,0.0,0.2638888888888889,1.0,1.0,0.5,1.0,0.0,1.0,0.0,0.0,0.0,0.0,1.0,0.6666666666666666,0.6616915422885572,0.17320061255742725,No,3
1.0,0.0,0.0,0.0,0.05555555555555555,1.0,0.0,1.0,0.5,0.5,0.5,0.5,0.5,0.5,0.0,0.0,1.0,0.014925373134328346,0.9049004594180704,No,3
0.0,0.0,0.0,0.0,0.9722222222222222,1.0,1.0,0.5,1.0,1.0,1.0,1.0,1.0,1.0,1.0,1.0,0.0,0.9492537313432835,0.9173047473200612,No,0
1.0,0.0,0.0,0.0,0.013888888888888888,1.0,0.0,0.0,0.0,0.0,0.0,0.0,0.0,0.0,0.0,1.0,1.0,0.2651741293532338,0.5741194486983154,No,3
0.0,0.0,0.0,0.0,0.1111111111111111,1.0,1.0,0.5,0.0,0.0,0.0,0.0,0.0,0.0,0.0,1.0,0.6666666666666666,0.5671641791044776,0.7280245022970904,No,0
1.0,0.0,0.0,0.0,0.736111111111111,1.0,1.0,1.0,0.5,0.5,0.5,0.5,0.5,0.5,1.0,0.0,1.0,0.06318407960199005,0.0784073506891271,No,3
1.0,1.0,0.0,0.0,0.7083333333333333,1.0,1.0,1.0,0.5,0.5,0.5,0.5,0.5,0.5,0.5,0.0,0.0,0.06716417910447761,0.07274119448698316,No,3
1.0,0.0,1.0,1.0,0.15277777777777776,1.0,0.0,1.0,0.5,0.5,0.5,0.5,0.5,0.5,0.0,0.0,0.0,0.026865671641791017,0.3557427258805513,No,3
1.0,0.0,1.0,1.0,0.8333333333333333,1.0,1.0,0.5,1.0,0.0,1.0,1.0,1.0,1.0,1.0,1.0,0.6666666666666666,0.9189054726368159,0.8047473200612557,No,3
1.0,0.0,0.0,0.0,0.2361111111111111,1.0,0.0,0.0,1.0,1.0,0.0,0.0,0.0,0.0,0.0,1.0,0.3333333333333333,0.37064676616915426,0.981010719754977,No,3
1.0,0.0,0.0,0.0,0.041666666666666664,1.0,0.0,0.0,0.0,0.0,0.0,0.0,0.0,0.0,0.0,1.0,0.6666666666666666,0.24925373134328355,0.06416539050535988,Yes,3
1.0,0.0,1.0,0.0,0.9722222222222222,1.0,0.0,0.5,1.0,1.0,1.0,1.0,1.0,1.0,0.5,1.0,0.0,0.9079601990049752,0.8865237366003063,Yes,3
1.0,0.0,0.0,0.0,0.013888888888888888,1.0,0.0,1.0,0.5,0.5,0.5,0.5,0.5,0.5,0.0,0.0,1.0,0.011940298507462671,0.22710566615620215,No,3
1.0,1.0,0.0,0.0,0.5972222222222222,1.0,1.0,0.5,0.0,0.0,0.0,0.0,1.0,0.0,0.0,1.0,0.6666666666666666,0.6626865671641791,0.48208269525267994,No,3
0.0,0.0,1.0,0.0,0.2222222222222222,1.0,0.0,1.0,0.5,0.5,0.5,0.5,0.5,0.5,0.0,0.0,1.0,0.013432835820895522,0.41776416539050537,No,0
0.0,0.0,1.0,1.0,0.7916666666666666,1.0,0.0,0.0,1.0,1.0,0.0,0.0,0.0,0.0,0.5,0.0,0.6666666666666666,0.3502487562189055,0.4064318529862174,No,0
1.0,0.0,1.0,1.0,0.5138888888888888,1.0,0.0,1.0,0.5,0.5,0.5,0.5,0.5,0.5,0.5,0.0,0.3333333333333333,0.015422885572139305,0.8202143950995405,No,3
0.0,0.0,1.0,0.0,1.0,1.0,1.0,0.5,1.0,1.0,1.0,1.0,1.0,1.0,1.0,0.0,0.3333333333333333,0.9338308457711443,0.9185298621745789,No,0
0.0,1.0,0.0,0.0,0.15277777777777776,1.0,1.0,0.5,0.0,0.0,0.0,0.0,0.0,1.0,0.0,1.0,0.3333333333333333,0.6621890547263681,0.9704441041347626,Yes,0
0.0,1.0,1.0,0.0,0.6944444444444444,1.0,1.0,0.5,0.0,1.0,1.0,0.0,1.0,0.0,0.0,1.0,0.6666666666666666,0.7641791044776118,0.6321592649310873,Yes,0
1.0,1.0,0.0,0.0,0.06944444444444445,1.0,0.0,0.0,0.0,0.0,1.0,0.0,0.0,0.0,0.0,0.0,0.6666666666666666,0.31940298507462683,0.30735068912710567,Yes,3
1.0,0.0,1.0,0.0,0.013888888888888888,1.0,1.0,0.5,0.0,0.0,0.0,0.0,0.0,0.0,0.0,1.0,0.0,0.5606965174129352,0.8762633996937212,Yes,3
1.0,0.0,0.0,0.0,0.2222222222222222,1.0,0.0,1.0,0.5,0.5,0.5,0.5,0.5,0.5,0.0,1.0,1.0,0.014427860696517386,0.4540581929555896,Yes,3
1.0,1.0,1.0,0.0,0.027777777777777776,1.0,0.0,0.5,0.0,0.0,1.0,0.0,0.0,0.0,0.0,1.0,0.6666666666666666,0.5567164179104478,0.1116385911179173,No,3
0.0,0.0,0.0,0.0,0.2361111111111111,1.0,1.0,0.0,0.0,0.0,1.0,1.0,1.0,0.0,0.0,1.0,1.0,0.5049751243781094,0.03139356814701378,No,0
0.0,0.0,0.0,0.0,0.2222222222222222,1.0,0.0,1.0,0.5,0.5,0.5,0.5,0.5,0.5,0.5,0.0,0.3333333333333333,0.010945273631840807,0.3900459418070444,No,0
0.0,0.0,0.0,0.0,0.20833333333333331,1.0,0.0,0.0,0.0,0.0,1.0,0.0,0.0,1.0,0.0,1.0,0.6666666666666666,0.4099502487562189,0.9661562021439509,Yes,0
0.0,0.0,0.0,0.0,0.1388888888888889,1.0,0.0,1.0,0.5,0.5,0.5,0.5,0.5,0.5,0.5,1.0,1.0,0.015422885572139305,0.24257274119448696,No,0
0.0,0.0,0.0,1.0,0.6388888888888888,1.0,0.0,0.5,1.0,1.0,0.0,1.0,1.0,1.0,0.5,1.0,0.0,0.8651741293532339,0.6240428790199081,Yes,0
1.0,0.0,1.0,1.0,0.8888888888888888,1.0,1.0,0.5,0.0,1.0,1.0,1.0,1.0,1.0,1.0,1.0,0.3333333333333333,0.9049751243781096,0.8180704441041348,No,3
0.0,0.0,0.0,0.0,0.013888888888888888,1.0,1.0,0.5,0.0,1.0,0.0,0.0,0.0,0.0,0.0,1.0,1.0,0.6059701492537314,0.9131699846860643,No,0
1.0,0.0,1.0,1.0,0.3472222222222222,1.0,0.0,0.0,0.0,1.0,1.0,0.0,0.0,0.0,0.5,0.0,1.0,0.3522388059701492,0.09862174578866768,No,3
1.0,0.0,1.0,1.0,0.986111111111111,1.0,0.0,0.5,1.0,1.0,1.0,1.0,1.0,0.0,1.0,0.0,0.3333333333333333,0.8154228855721393,0.8617151607963246,No,3
1.0,0.0,0.0,0.0,0.1111111111111111,1.0,0.0,0.0,0.0,0.0,0.0,0.0,0.0,0.0,0.0,1.0,1.0,0.2676616915422885,0.5698315467075038,Yes,3
0.0,0.0,1.0,1.0,1.0,1.0,0.0,0.5,1.0,1.0,1.0,1.0,1.0,1.0,1.0,1.0,0.0,0.899502487562189,0.9009188361408882,No,0
0.0,0.0,1.0,0.0,0.6805555555555555,0.0,0.5,0.0,1.0,0.0,0.0,0.0,1.0,0.0,0.0,0.0,0.0,0.22288557213930343,0.2598774885145482,No,0
1.0,0.0,1.0,1.0,0.40277777777777773,0.0,0.5,0.0,1.0,1.0,1.0,1.0,0.0,1.0,0.5,1.0,0.3333333333333333,0.36915422885572136,0.1695252679938744,No,3
1.0,0.0,1.0,0.0,1.0,1.0,1.0,0.5,1.0,1.0,1.0,1.0,0.0,1.0,1.0,0.0,0.0,0.8691542288557214,0.8906584992343032,No,3
1.0,0.0,1.0,0.0,0.4305555555555555,1.0,1.0,0.5,0.0,1.0,1.0,0.0,1.0,0.0,0.0,0.0,0.6666666666666666,0.7517412935323382,0.4007656967840735,Yes,3
0.0,0.0,0.0,0.0,0.6944444444444444,1.0,1.0,0.5,0.0,0.0,0.0,0.0,1.0,1.0,0.0,1.0,0.6666666666666666,0.7706467661691543,0.612251148545176,No,0
1.0,0.0,1.0,0.0,0.986111111111111,1.0,1.0,0.0,1.0,0.0,1.0,1.0,1.0,1.0,1.0,0.0,0.6666666666666666,0.6462686567164179,0.7653905053598775,No,3
1.0,1.0,1.0,0.0,0.9722222222222222,1.0,1.0,0.0,1.0,1.0,1.0,1.0,1.0,1.0,1.0,0.0,0.3333333333333333,0.7144278606965173,0.7839203675344564,No,3
1.0,0.0,0.0,0.0,0.986111111111111,1.0,1.0,0.5,1.0,0.0,0.0,1.0,0.0,1.0,0.5,0.0,0.3333333333333333,0.7900497512437811,0.8124042879019908,No,3
1.0,0.0,1.0,1.0,0.8472222222222222,1.0,0.0,0.0,1.0,1.0,1.0,1.0,0.0,0.0,1.0,1.0,0.0,0.4955223880597014,0.5442572741194487,No,3
1.0,0.0,0.0,0.0,0.4444444444444444,1.0,0.0,0.5,0.0,0.0,0.0,1.0,1.0,1.0,0.0,1.0,0.6666666666666666,0.7756218905472637,0.4237366003062787,Yes,3
0.0,0.0,0.0,1.0,0.013888888888888888,1.0,0.0,0.5,0.0,0.0,0.0,0.0,0.0,1.0,0.0,1.0,0.6666666666666666,0.6104477611940298,0.9142419601837672,Yes,0
1.0,0.0,0.0,0.0,0.9444444444444444,1.0,1.0,0.5,1.0,1.0,1.0,0.0,0.0,1.0,1.0,1.0,0.0,0.8343283582089552,0.8577335375191424,No,3
1.0,0.0,0.0,0.0,0.861111111111111,1.0,1.0,1.0,0.5,0.5,0.5,0.5,0.5,0.5,1.0,0.0,0.0,0.051243781094527346,0.1214395099540582,No,3
0.0,0.0,0.0,1.0,0.09722222222222221,1.0,0.0,0.5,0.0,0.0,0.0,0.0,0.0,0.0,0.0,1.0,0.6666666666666666,0.5253731343283582,0.611791730474732,No,0
1.0,0.0,0.0,0.0,0.2777777777777778,1.0,1.0,0.5,0.0,0.0,0.0,0.0,1.0,0.0,0.0,1.0,0.6666666666666666,0.6666666666666666,0.1905053598774885,Yes,3
1.0,0.0,1.0,1.0,0.08333333333333333,1.0,0.0,1.0,0.5,0.5,0.5,0.5,0.5,0.5,0.5,0.0,1.0,0.011940298507462671,0.03828483920367534,No,3
0.0,1.0,0.0,0.0,0.4583333333333333,0.0,0.5,0.0,1.0,1.0,1.0,0.0,1.0,1.0,0.0,1.0,0.0,0.4099502487562189,0.2232771822358346,No,0
1.0,0.0,1.0,1.0,0.38888888888888884,1.0,1.0,0.5,0.0,0.0,0.0,0.0,1.0,1.0,0.5,0.0,0.0,0.735820895522388,0.3404287901990812,No,3
1.0,0.0,0.0,0.0,0.375,1.0,0.0,1.0,0.5,0.5,0.5,0.5,0.5,0.5,1.0,0.0,0.3333333333333333,0.015920398009950265,0.6096477794793261,No,3
1.0,0.0,0.0,0.0,0.09722222222222221,1.0,0.0,0.0,0.0,0.0,0.0,0.0,0.0,0.0,0.0,0.0,1.0,0.2552238805970149,0.3687595712098009,No,3
1.0,0.0,0.0,0.0,0.3611111111111111,1.0,1.0,0.5,0.0,0.0,0.0,1.0,0.0,0.0,0.0,1.0,0.6666666666666666,0.6194029850746269,0.26294027565084227,Yes,3
1.0,1.0,0.0,0.0,0.06944444444444445,1.0,1.0,0.5,0.0,1.0,0.0,0.0,0.0,1.0,0.0,1.0,0.6666666666666666,0.7119402985074627,0.6509954058192955,Yes,3
1.0,1.0,0.0,0.0,0.41666666666666663,1.0,1.0,0.5,1.0,0.0,0.0,0.0,0.0,1.0,0.0,1.0,0.3333333333333333,0.7189054726368159,0.3436447166921899,No,3
1.0,0.0,0.0,0.0,0.875,1.0,1.0,0.5,0.0,1.0,0.0,0.0,0.0,1.0,0.5,0.0,0.3333333333333333,0.718407960199005,0.7352220520673813,No,3
1.0,0.0,0.0,0.0,0.013888888888888888,1.0,0.0,0.0,0.0,1.0,0.0,0.0,0.0,0.0,0.0,1.0,0.6666666666666666,0.3233830845771144,0.6483920367534456,Yes,3
0.0,0.0,0.0,1.0,0.736111111111111,1.0,1.0,0.0,0.0,1.0,1.0,1.0,1.0,1.0,0.5,1.0,0.6666666666666666,0.6601990049751243,0.5781010719754976,No,0
0.0,0.0,1.0,1.0,0.19444444444444442,1.0,0.0,0.5,0.0,1.0,0.0,1.0,0.0,1.0,0.0,1.0,0.3333333333333333,0.7104477611940299,0.05819295558958652,Yes,0
0.0,0.0,0.0,0.0,0.29166666666666663,1.0,0.0,0.5,0.0,1.0,0.0,1.0,1.0,1.0,0.0,1.0,0.0,0.8049751243781095,0.23859111791730475,No,0
1.0,0.0,0.0,0.0,0.2361111111111111,1.0,0.0,1.0,0.5,0.5,0.5,0.5,0.5,0.5,0.5,0.0,1.0,0.01691542288557213,0.41347626339969373,No,3
1.0,0.0,1.0,1.0,0.2222222222222222,1.0,0.0,1.0,0.5,0.5,0.5,0.5,0.5,0.5,1.0,0.0,1.0,0.02238805970149252,0.38407350689127107,No,3
0.0,0.0,0.0,0.0,0.4861111111111111,1.0,0.0,0.0,0.0,0.0,1.0,0.0,0.0,1.0,0.0,1.0,0.6666666666666666,0.43631840796019905,0.2644716692189893,No,0
0.0,1.0,0.0,0.0,0.4444444444444444,1.0,0.0,0.5,0.0,0.0,0.0,0.0,0.0,1.0,0.0,1.0,0.6666666666666666,0.6094527363184079,0.3551301684532925,No,0
0.0,0.0,1.0,1.0,0.38888888888888884,1.0,0.0,1.0,0.5,0.5,0.5,0.5,0.5,0.5,0.0,1.0,0.0,0.012935323383084563,0.6905053598774885,No,0
0.0,0.0,0.0,0.0,0.013888888888888888,1.0,0.0,1.0,0.5,0.5,0.5,0.5,0.5,0.5,0.0,1.0,1.0,0.020895522388059695,0.2470137825421133,No,0
1.0,0.0,0.0,0.0,0.8194444444444444,0.0,0.5,0.0,0.0,0.0,0.0,1.0,1.0,1.0,0.0,1.0,0.6666666666666666,0.33283582089552244,0.398468606431853,No,3
0.0,0.0,1.0,1.0,1.0,1.0,1.0,1.0,0.5,0.5,0.5,0.5,0.5,0.5,0.5,1.0,0.0,0.05024875621890548,0.1675344563552833,No,0
1.0,0.0,0.0,0.0,0.5,1.0,0.0,0.0,0.0,1.0,0.0,1.0,0.0,1.0,0.5,1.0,1.0,0.46915422885572144,0.32848392036753443,Yes,3
0.0,0.0,0.0,0.0,0.5555555555555556,1.0,0.0,0.0,1.0,1.0,0.0,0.0,1.0,0.0,0.0,0.0,1.0,0.46616915422885563,0.342572741194487,No,0
1.0,0.0,1.0,1.0,0.5555555555555556,1.0,1.0,0.5,0.0,0.0,1.0,0.0,0.0,0.0,0.0,1.0,0.6666666666666666,0.6263681592039801,0.43782542113323125,No,3
0.0,0.0,0.0,1.0,0.125,1.0,0.0,0.0,0.0,0.0,1.0,1.0,1.0,1.0,0.0,1.0,1.0,0.5437810945273632,0.7980091883614089,Yes,0
1.0,0.0,1.0,1.0,0.875,1.0,0.0,0.0,1.0,1.0,1.0,1.0,1.0,0.0,1.0,0.0,0.3333333333333333,0.5597014925373134,0.6059724349157734,No,3
0.0,0.0,0.0,0.0,0.041666666666666664,1.0,0.0,0.5,0.0,0.0,0.0,0.0,1.0,0.0,0.0,1.0,0.6666666666666666,0.6194029850746269,0.2993874425727412,No,0
1.0,0.0,1.0,1.0,0.5555555555555556,0.0,0.5,0.0,0.0,1.0,1.0,1.0,1.0,1.0,0.5,0.0,1.0,0.41840796019900495,0.3214395099540582,No,3
1.0,0.0,1.0,0.0,0.1111111111111111,1.0,0.0,0.5,1.0,0.0,0.0,0.0,0.0,0.0,0.0,1.0,1.0,0.5646766169154228,0.8039816232771823,No,3
1.0,1.0,1.0,0.0,0.4722222222222222,1.0,0.0,0.5,1.0,0.0,0.0,1.0,1.0,0.0,0.5,0.0,1.0,0.7154228855721393,0.41623277182235835,No,3
1.0,0.0,0.0,0.0,0.06944444444444445,0.0,0.5,0.0,1.0,0.0,1.0,1.0,0.0,0.0,0.0,0.0,1.0,0.21641791044776115,0.28514548238897397,Yes,3
1.0,1.0,0.0,0.0,0.125,1.0,1.0,0.5,0.0,1.0,0.0,0.0,1.0,1.0,0.0,1.0,0.3333333333333333,0.8079601990049752,0.9747320061255742,Yes,3
1.0,0.0,1.0,0.0,0.125,1.0,1.0,0.0,0.0,1.0,1.0,0.0,0.0,1.0,0.0,1.0,0.3333333333333333,0.5054726368159204,0.8003062787136294,No,3
1.0,0.0,1.0,1.0,0.4305555555555555,1.0,1.0,0.0,0.0,0.0,0.0,0.0,0.0,1.0,0.0,0.0,0.0,0.41243781094527365,0.2111791730474732,No,3
0.0,0.0,1.0,0.0,0.6944444444444444,1.0,0.0,1.0,0.5,0.5,0.5,0.5,0.5,0.5,0.5,1.0,0.0,0.015920398009950265,0.9845329249617152,No,0
0.0,0.0,0.0,0.0,0.027777777777777776,1.0,0.0,0.5,1.0,1.0,0.0,1.0,0.0,0.0,0.0,1.0,0.6666666666666666,0.6766169154228856,0.20826952526799386,Yes,0
0.0,0.0,0.0,0.0,0.013888888888888888,1.0,0.0,0.0,0.0,0.0,0.0,0.0,0.0,0.0,0.0,1.0,0.6666666666666666,0.27263681592039796,0.5851454823889739,Yes,0
1.0,0.0,0.0,0.0,0.1111111111111111,1.0,0.0,0.5,0.0,0.0,0.0,0.0,0.0,0.0,0.0,1.0,1.0,0.5159203980099502,0.7007656967840735,Yes,3
0.0,0.0,0.0,0.0,0.125,0.0,0.5,0.0,0.0,1.0,0.0,0.0,0.0,1.0,0.0,0.0,0.6666666666666666,0.22388059701492535,0.47595712098009185,No,0
0.0,1.0,0.0,0.0,0.027777777777777776,1.0,0.0,0.5,0.0,0.0,0.0,0.0,0.0,0.0,0.0,1.0,0.0,0.5169154228855721,0.043797856049004595,Yes,0
0.0,0.0,0.0,0.0,0.041666666666666664,1.0,0.0,0.0,1.0,1.0,0.0,0.0,0.0,0.0,0.0,0.0,0.6666666666666666,0.36915422885572136,0.17243491577335374,Yes,0
1.0,0.0,1.0,0.0,0.3472222222222222,1.0,0.0,0.5,0.0,0.0,0.0,1.0,1.0,1.0,0.0,1.0,0.3333333333333333,0.7706467661691543,0.3019908116385911,No,3
1.0,1.0,0.0,0.0,0.013888888888888888,1.0,0.0,0.0,0.0,0.0,0.0,0.0,0.0,0.0,0.0,0.0,0.6666666666666666,0.27910447761194024,0.5981623277182235,No,3
0.0,0.0,1.0,1.0,0.625,1.0,1.0,0.0,1.0,1.0,1.0,1.0,1.0,0.0,0.0,0.0,1.0,0.6273631840796019,0.4696784073506891,No,0
1.0,1.0,1.0,1.0,0.7083333333333333,1.0,1.0,0.5,0.0,1.0,1.0,0.0,0.0,0.0,0.0,1.0,0.6666666666666666,0.6562189054726368,0.5424196018376722,Yes,3
0.0,0.0,1.0,1.0,0.7638888888888888,1.0,0.0,1.0,0.5,0.5,0.5,0.5,0.5,0.5,0.0,0.0,0.3333333333333333,0.01741293532338306,0.025880551301684533,No,0
0.0,0.0,0.0,0.0,0.5277777777777778,1.0,1.0,0.0,1.0,1.0,1.0,0.0,0.0,0.0,0.0,1.0,0.0,0.47661691542288565,0.333843797856049,No,0
1.0,0.0,0.0,0.0,0.027777777777777776,1.0,0.0,0.0,0.0,0.0,0.0,0.0,0.0,0.0,0.0,0.0,1.0,0.2746268656716418,0.9272588055130169,Yes,3
1.0,0.0,1.0,1.0,0.5277777777777778,1.0,0.0,1.0,0.5,0.5,0.5,0.5,0.5,0.5,0.0,0.0,0.6666666666666666,0.013432835820895522,0.85895865237366,No,3
1.0,0.0,0.0,0.0,0.4722222222222222,1.0,0.0,0.0,0.0,1.0,0.0,0.0,0.0,0.0,0.0,1.0,0.6666666666666666,0.3139303482587064,0.1903522205206738,No,3
0.0,0.0,1.0,0.0,0.9722222222222222,1.0,1.0,0.5,0.0,0.0,1.0,0.0,1.0,1.0,0.5,1.0,0.6666666666666666,0.8308457711442786,0.850229709035222,No,0
0.0,0.0,0.0,0.0,0.18055555555555555,1.0,0.0,0.0,1.0,0.0,0.0,1.0,0.0,0.0,0.5,0.0,1.0,0.36716417910447763,0.8785604900459418,No,0
1.0,0.0,0.0,0.0,0.5416666666666666,1.0,1.0,0.5,0.0,0.0,0.0,0.0,0.0,0.0,0.0,0.0,0.6666666666666666,0.5671641791044776,0.4003062787136294,Yes,3
0.0,0.0,0.0,0.0,0.8472222222222222,1.0,1.0,0.5,0.0,1.0,1.0,0.0,1.0,1.0,0.5,1.0,0.6666666666666666,0.8527363184079603,0.7917304747320061,No,0
0.0,0.0,0.0,0.0,0.16666666666666666,1.0,1.0,0.5,0.0,0.0,1.0,0.0,1.0,1.0,0.0,1.0,0.0,0.8149253731343283,0.047013782542113323,Yes,0
1.0,0.0,0.0,0.0,0.5694444444444444,1.0,0.0,0.5,0.0,1.0,0.0,1.0,1.0,1.0,1.0,1.0,0.3333333333333333,0.8099502487562189,0.5520673813169985,No,3
1.0,0.0,0.0,0.0,0.29166666666666663,1.0,1.0,0.5,0.0,0.0,0.0,0.0,0.0,0.0,0.0,1.0,0.6666666666666666,0.5517412935323384,0.15298621745788668,No,3
1.0,1.0,0.0,0.0,0.7638888888888888,0.0,0.5,0.0,0.0,0.0,1.0,0.0,1.0,1.0,0.5,1.0,0.0,0.31641791044776113,0.36493108728943335,No,3
1.0,0.0,1.0,0.0,0.9583333333333333,0.0,0.5,0.0,1.0,0.0,1.0,1.0,1.0,1.0,1.0,0.0,0.0,0.417910447761194,0.5307810107197549,No,3
1.0,1.0,1.0,1.0,0.3611111111111111,1.0,1.0,0.5,0.0,1.0,1.0,0.0,1.0,1.0,0.0,0.0,0.6666666666666666,0.8706467661691543,0.36049004594180706,Yes,3
0.0,1.0,1.0,0.0,0.9583333333333333,1.0,0.0,0.5,1.0,1.0,0.0,0.0,0.0,1.0,0.5,0.0,0.3333333333333333,0.6870646766169154,0.7580398162327718,No,0
0.0,1.0,1.0,0.0,0.25,0.0,0.5,0.0,0.0,0.0,1.0,0.0,1.0,1.0,0.0,1.0,0.6666666666666666,0.29950248756218906,0.9286370597243492,Yes,0
1.0,0.0,1.0,1.0,0.6527777777777778,1.0,1.0,0.0,0.0,1.0,0.0,0.0,0.0,0.0,0.0,0.0,0.6666666666666666,0.35820895522388063,0.3356814701378254,No,3
0.0,0.0,1.0,1.0,1.0,1.0,0.0,0.0,1.0,1.0,1.0,1.0,1.0,1.0,1.0,0.0,0.0,0.6671641791044776,0.7658499234303215,No,0
1.0,1.0,1.0,0.0,0.4583333333333333,0.0,0.5,0.0,0.0,1.0,1.0,1.0,1.0,0.0,0.0,1.0,0.6666666666666666,0.31592039800995025,0.19479326186830015,No,3
0.0,0.0,1.0,1.0,0.027777777777777776,0.0,0.5,0.0,0.0,0.0,0.0,0.0,0.0,0.0,0.0,1.0,1.0,0.061194029850746234,0.4768759571209801,Yes,0
0.0,0.0,1.0,1.0,1.0,1.0,1.0,0.0,1.0,1.0,1.0,1.0,1.0,1.0,1.0,0.0,0.3333333333333333,0.7233830845771144,0.8101071975497702,No,0
1.0,1.0,1.0,0.0,0.5138888888888888,1.0,0.0,0.5,0.0,0.0,0.0,0.0,0.0,0.0,0.0,1.0,0.0,0.5373134328358209,0.34165390505359877,No,3
0.0,1.0,1.0,1.0,0.861111111111111,1.0,1.0,0.5,0.0,1.0,1.0,0.0,0.0,1.0,0.0,1.0,0.3333333333333333,0.7746268656716417,0.7546707503828484,No,0
0.0,0.0,1.0,0.0,0.986111111111111,1.0,0.0,1.0,0.5,0.5,0.5,0.5,0.5,0.5,1.0,0.0,0.3333333333333333,0.015920398009950265,0.10490045941807044,No,0
1.0,0.0,0.0,1.0,0.3194444444444444,1.0,0.0,0.0,0.0,1.0,0.0,1.0,0.0,0.0,0.0,1.0,0.0,0.3686567164179104,0.07917304747320061,No,3
0.0,0.0,0.0,0.0,0.2222222222222222,1.0,0.0,1.0,0.5,0.5,0.5,0.5,0.5,0.5,0.5,0.0,1.0,0.01840796019900498,0.39127105666156203,No,0
1.0,0.0,0.0,0.0,0.125,1.0,0.0,0.0,1.0,0.0,1.0,1.0,1.0,0.0,0.0,1.0,1.0,0.5099502487562189,0.7999999999999999,No,3
1.0,0.0,1.0,1.0,0.2361111111111111,1.0,1.0,1.0,0.5,0.5,0.5,0.5,0.5,0.5,1.0,1.0,1.0,0.06865671641791044,0.5382848392036753,No,3
0.0,0.0,0.0,0.0,0.05555555555555555,1.0,0.0,1.0,0.5,0.5,0.5,0.5,0.5,0.5,0.0,0.0,0.0,0.026865671641791017,0.9511485451761102,Yes,0
0.0,1.0,1.0,0.0,0.013888888888888888,1.0,0.0,0.0,1.0,0.0,0.0,0.0,0.0,0.0,0.0,1.0,0.6666666666666666,0.3114427860696517,0.6341500765696784,Yes,0
0.0,0.0,1.0,0.0,0.3333333333333333,1.0,1.0,0.5,0.0,0.0,1.0,0.0,0.0,0.0,0.0,1.0,1.0,0.6109452736318408,0.2335375191424196,No,0
0.0,1.0,0.0,0.0,0.013888888888888888,1.0,0.0,0.5,0.0,0.0,0.0,0.0,0.0,0.0,0.0,1.0,0.6666666666666666,0.5273631840796019,0.8526799387442573,No,0
1.0,1.0,0.0,0.0,1.0,1.0,1.0,0.5,1.0,1.0,1.0,1.0,1.0,1.0,1.0,0.0,0.0,0.9507462686567164,0.9084226646248086,No,3
0.0,0.0,1.0,0.0,1.0,1.0,1.0,1.0,0.5,0.5,0.5,0.5,0.5,0.5,1.0,0.0,0.6666666666666666,0.06268656716417911,0.19464012251148544,No,0
0.0,0.0,0.0,1.0,0.15277777777777776,1.0,0.0,1.0,0.5,0.5,0.5,0.5,0.5,0.5,0.0,0.0,0.3333333333333333,0.014427860696517386,0.27166921898928026,No,0
1.0,0.0,0.0,0.0,0.125,1.0,0.0,1.0,0.5,0.5,0.5,0.5,0.5,0.5,0.0,0.0,1.0,0.019900497512437804,0.2003062787136294,Yes,3
0.0,1.0,1.0,0.0,0.027777777777777776,1.0,0.0,0.0,0.0,1.0,0.0,0.0,0.0,0.0,0.0,0.0,0.3333333333333333,0.31741293532338305,0.04364471669218989,Yes,0
0.0,1.0,1.0,0.0,0.8333333333333333,1.0,1.0,0.5,0.0,0.0,1.0,0.0,1.0,1.0,0.5,1.0,0.3333333333333333,0.818407960199005,0.7552833078101072,No,0
1.0,1.0,1.0,0.0,0.40277777777777773,1.0,1.0,0.5,0.0,1.0,1.0,0.0,0.0,1.0,0.0,1.0,0.6666666666666666,0.772636815920398,0.36508422664624807,Yes,3
0.0,0.0,0.0,0.0,0.6805555555555555,1.0,0.0,0.0,0.0,0.0,1.0,1.0,1.0,1.0,1.0,1.0,0.0,0.5592039800995025,0.4909647779479326,No,0
0.0,1.0,0.0,0.0,0.41666666666666663,1.0,1.0,0.5,0.0,1.0,1.0,0.0,1.0,1.0,0.0,1.0,0.6666666666666666,0.854228855721393,0.4151607963246554,No,0
0.0,0.0,1.0,0.0,0.736111111111111,1.0,0.0,1.0,0.5,0.5,0.5,0.5,0.5,0.5,0.5,0.0,0.3333333333333333,0.007960199004975133,0.9975497702909647,No,0
1.0,0.0,0.0,1.0,0.5416666666666666,1.0,1.0,1.0,0.5,0.5,0.5,0.5,0.5,0.5,1.0,0.0,1.0,0.06716417910447761,0.0015313935681470136,No,3
0.0,0.0,0.0,0.0,0.125,1.0,0.0,1.0,0.5,0.5,0.5,0.5,0.5,0.5,0.0,0.0,1.0,0.007960199004975133,0.1562021439509954,No,0
1.0,0.0,0.0,0.0,0.5416666666666666,1.0,0.0,0.5,0.0,0.0,1.0,1.0,0.0,0.0,0.5,0.0,0.6666666666666666,0.6333333333333334,0.42894333843797855,No,3
1.0,1.0,0.0,0.0,0.1111111111111111,1.0,0.0,0.5,0.0,0.0,0.0,0.0,0.0,0.0,0.0,1.0,0.6666666666666666,0.5119402985074627,0.7231240428790199,No,3
0.0,0.0,1.0,1.0,0.7083333333333333,1.0,1.0,0.5,0.0,0.0,1.0,0.0,0.0,1.0,0.5,1.0,0.6666666666666666,0.7154228855721393,0.5944869831546707,No,0
1.0,0.0,1.0,1.0,0.986111111111111,1.0,1.0,1.0,0.5,0.5,0.5,0.5,0.5,0.5,1.0,0.0,0.3333333333333333,0.07064676616915422,0.21562021439509954,No,3
1.0,1.0,0.0,0.0,0.986111111111111,1.0,1.0,1.0,0.5,0.5,0.5,0.5,0.5,0.5,1.0,1.0,1.0,0.06368159203980098,0.19785604900459416,No,3
0.0,1.0,1.0,0.0,0.9722222222222222,1.0,0.0,1.0,0.5,0.5,0.5,0.5,0.5,0.5,1.0,1.0,0.3333333333333333,0.012935323383084563,0.13093415007656967,No,0
0.0,1.0,0.0,0.0,0.013888888888888888,0.0,0.5,0.0,0.0,0.0,0.0,0.0,0.0,0.0,0.0,0.0,0.6666666666666666,0.06965174129353235,0.32955589586523737,Yes,0
1.0,0.0,1.0,0.0,0.5277777777777778,0.0,0.5,0.0,1.0,1.0,0.0,1.0,1.0,1.0,1.0,1.0,0.0,0.41542288557213924,0.2777947932618683,No,3
0.0,0.0,1.0,0.0,0.38888888888888884,1.0,0.0,0.5,0.0,1.0,1.0,0.0,0.0,1.0,0.0,0.0,0.3333333333333333,0.7129353233830846,0.31868300153139356,No,0
0.0,0.0,1.0,0.0,0.4444444444444444,1.0,0.0,1.0,0.5,0.5,0.5,0.5,0.5,0.5,0.0,0.0,0.0,0.011442786069651711,0.7906584992343032,No,0
1.0,1.0,1.0,0.0,0.6805555555555555,1.0,0.0,0.0,0.0,1.0,0.0,0.0,0.0,0.0,1.0,0.0,1.0,0.3139303482587064,0.3114854517611026,No,3
0.0,0.0,1.0,1.0,0.5138888888888888,1.0,1.0,1.0,0.5,0.5,0.5,0.5,0.5,0.5,1.0,1.0,0.0,0.05820895522388059,0.9562021439509953,No,0
0.0,0.0,0.0,0.0,0.1388888888888889,1.0,0.0,0.0,0.0,0.0,1.0,1.0,0.0,0.0,0.0,0.0,0.6666666666666666,0.35820895522388063,0.7355283307810107,No,0
1.0,0.0,1.0,0.0,0.9305555555555555,1.0,1.0,0.5,1.0,1.0,1.0,0.0,1.0,1.0,0.5,0.0,0.3333333333333333,0.9119402985074626,0.870750382848392,No,3
1.0,0.0,0.0,0.0,0.09722222222222221,0.0,0.5,0.0,0.0,0.0,1.0,1.0,0.0,0.0,0.5,1.0,0.3333333333333333,0.17164179104477612,0.3269525267993874,No,3
0.0,0.0,0.0,0.0,0.7083333333333333,1.0,0.0,0.5,0.0,0.0,0.0,0.0,1.0,1.0,0.5,0.0,0.3333333333333333,0.68955223880597,0.5814701378254211,No,0
0.0,0.0,0.0,0.0,0.125,1.0,0.0,0.0,0.0,0.0,0.0,0.0,0.0,0.0,0.0,0.0,0.6666666666666666,0.2676616915422885,0.5448698315467075,Yes,0
0.0,0.0,0.0,0.0,0.125,1.0,0.0,0.5,0.0,0.0,0.0,0.0,1.0,1.0,0.0,1.0,1.0,0.6980099502487562,0.9111791730474732,No,0
1.0,0.0,0.0,0.0,0.05555555555555555,1.0,0.0,0.0,0.0,0.0,0.0,1.0,0.0,0.0,0.0,1.0,1.0,0.32388059701492533,0.2529862174578867,No,3
1.0,0.0,1.0,0.0,0.986111111111111,1.0,1.0,0.5,1.0,1.0,1.0,0.0,1.0,0.0,1.0,1.0,0.6666666666666666,0.8034825870646766,0.8418070444104134,No,3
0.0,0.0,1.0,1.0,0.6944444444444444,1.0,1.0,0.5,0.0,0.0,0.0,0.0,1.0,0.0,0.0,1.0,0.0,0.6582089552238807,0.5372128637059724,Yes,0
0.0,1.0,1.0,1.0,0.3333333333333333,1.0,0.0,0.5,0.0,0.0,1.0,0.0,1.0,1.0,1.0,1.0,0.6666666666666666,0.7791044776119402,0.29096477794793263,No,0
1.0,0.0,1.0,0.0,0.3055555555555555,1.0,0.0,0.0,1.0,0.0,0.0,0.0,1.0,0.0,0.5,1.0,0.0,0.4129353233830846,0.10336906584992343,No,3
1.0,0.0,0.0,0.0,0.611111111111111,1.0,1.0,0.5,1.0,1.0,1.0,0.0,1.0,1.0,0.0,1.0,0.6666666666666666,0.9278606965174129,0.6378254211332313,No,3
0.0,0.0,1.0,1.0,0.4583333333333333,1.0,1.0,1.0,0.5,0.5,0.5,0.5,0.5,0.5,0.0,0.0,0.0,0.05970149253731341,0.9442572741194487,No,0
0.0,0.0,0.0,0.0,0.013888888888888888,1.0,1.0,0.5,0.0,0.0,0.0,0.0,0.0,0.0,0.0,1.0,0.6666666666666666,0.5656716417910447,0.8833078101071975,Yes,0
0.0,0.0,1.0,0.0,0.75,1.0,1.0,0.0,0.0,0.0,0.0,0.0,1.0,1.0,0.5,1.0,0.3333333333333333,0.5164179104477612,0.4905053598774885,Yes,0
1.0,0.0,0.0,0.0,0.5833333333333333,1.0,1.0,0.5,0.0,1.0,0.0,0.0,1.0,1.0,0.0,1.0,0.6666666666666666,0.8308457711442786,0.5572741194486983,Yes,3
0.0,0.0,0.0,0.0,0.013888888888888888,1.0,0.0,0.0,0.0,0.0,0.0,0.0,0.0,0.0,0.0,0.0,0.6666666666666666,0.2741293532338308,0.585604900459418,Yes,0
0.0,0.0,0.0,0.0,0.013888888888888888,1.0,0.0,1.0,0.5,0.5,0.5,0.5,0.5,0.5,0.0,0.0,1.0,0.02238805970149252,0.24747320061255743,No,0
1.0,0.0,0.0,0.0,0.41666666666666663,1.0,0.0,0.0,1.0,1.0,0.0,1.0,1.0,0.0,0.5,0.0,0.6666666666666666,0.518905472636816,0.2566615620214395,No,3
0.0,0.0,0.0,0.0,0.013888888888888888,0.0,0.5,0.0,0.0,0.0,0.0,1.0,0.0,0.0,0.0,0.0,1.0,0.12238805970149252,0.39724349157733535,No,0
1.0,0.0,1.0,1.0,0.2222222222222222,1.0,1.0,0.0,1.0,1.0,0.0,1.0,1.0,1.0,0.0,0.0,0.6666666666666666,0.6631840796019901,0.1111791730474732,No,3
1.0,0.0,0.0,0.0,0.013888888888888888,1.0,0.0,1.0,0.5,0.5,0.5,0.5,0.5,0.5,0.0,1.0,1.0,0.01840796019900498,0.2462480857580398,Yes,3
1.0,0.0,1.0,0.0,0.125,0.0,0.5,0.0,0.0,0.0,0.0,1.0,1.0,0.0,0.0,0.0,1.0,0.22288557213930343,0.4367534456355283,Yes,3
1.0,1.0,1.0,0.0,0.6388888888888888,1.0,1.0,0.5,0.0,0.0,1.0,0.0,1.0,1.0,0.0,1.0,0.6666666666666666,0.8233830845771145,0.6065849923430321,Yes,3
1.0,0.0,0.0,0.0,0.013888888888888888,1.0,0.0,0.5,0.0,0.0,0.0,0.0,0.0,0.0,0.0,1.0,0.6666666666666666,0.5059701492537313,0.8330781010719754,Yes,3
1.0,0.0,1.0,0.0,0.986111111111111,1.0,0.0,0.0,1.0,0.0,0.0,1.0,0.0,0.0,1.0,0.0,0.0,0.3606965174129353,0.49678407350689124,No,3
1.0,0.0,0.0,0.0,0.5972222222222222,1.0,1.0,0.5,0.0,0.0,0.0,0.0,0.0,0.0,0.0,1.0,0.3333333333333333,0.5681592039800994,0.4203675344563553,No,3
1.0,0.0,1.0,0.0,0.6944444444444444,0.0,0.5,0.0,1.0,0.0,0.0,1.0,1.0,0.0,0.5,1.0,0.0,0.2606965174129353,0.27626339969372127,No,3
0.0,0.0,0.0,0.0,0.18055555555555555,1.0,1.0,0.5,0.0,0.0,0.0,0.0,0.0,0.0,0.0,1.0,1.0,0.5646766169154228,0.9996937212863706,Yes,0
1.0,0.0,1.0,1.0,0.2638888888888889,1.0,0.0,0.5,0.0,1.0,0.0,1.0,1.0,1.0,0.5,0.0,0.0,0.8134328358208955,0.2243491577335375,Yes,3
0.0,0.0,0.0,0.0,0.5694444444444444,1.0,1.0,0.5,0.0,0.0,1.0,0.0,1.0,1.0,0.0,0.0,0.0,0.7940298507462686,0.5218989280245023,No,0
0.0,1.0,0.0,0.0,0.013888888888888888,1.0,0.0,0.5,0.0,0.0,0.0,0.0,0.0,0.0,0.0,1.0,0.6666666666666666,0.5263681592039802,0.8523736600306279,Yes,0
0.0,0.0,0.0,0.0,0.3333333333333333,0.0,0.5,0.0,0.0,1.0,1.0,0.0,1.0,1.0,0.0,1.0,0.3333333333333333,0.35721393034825866,0.06753445635528331,Yes,0
0.0,0.0,1.0,0.0,0.5555555555555556,1.0,1.0,0.0,0.0,1.0,0.0,0.0,1.0,0.0,0.5,0.0,0.0,0.45422885572139304,0.34961715160796325,No,0
0.0,0.0,1.0,1.0,0.041666666666666664,1.0,1.0,0.0,0.0,1.0,1.0,0.0,1.0,0.0,0.0,1.0,0.0,0.5064676616915423,0.3041347626339969,No,0
0.0,0.0,0.0,0.0,0.5138888888888888,1.0,1.0,0.0,1.0,0.0,0.0,0.0,1.0,0.0,0.5,0.0,0.0,0.46169154228855724,0.3035222052067381,No,0
0.0,0.0,1.0,1.0,0.9305555555555555,1.0,1.0,0.5,1.0,0.0,1.0,1.0,1.0,1.0,1.0,1.0,0.3333333333333333,0.9004975124378108,0.8580398162327718,Yes,0
0.0,0.0,1.0,1.0,0.4444444444444444,1.0,1.0,0.5,0.0,1.0,0.0,0.0,1.0,1.0,0.0,1.0,0.6666666666666666,0.8019900497512437,0.4105666156202144,No,0
0.0,0.0,1.0,0.0,0.08333333333333333,1.0,0.0,0.0,0.0,0.0,0.0,1.0,0.0,0.0,0.0,1.0,0.6666666666666666,0.30746268656716413,0.3600306278713629,Yes,0
0.0,0.0,1.0,1.0,0.4444444444444444,1.0,1.0,0.5,1.0,0.0,0.0,0.0,1.0,0.0,0.0,0.0,0.6666666666666666,0.7099502487562188,0.3842266462480857,No,0
0.0,0.0,0.0,0.0,0.8194444444444444,1.0,1.0,0.5,0.0,1.0,1.0,0.0,0.0,0.0,0.0,1.0,0.6666666666666666,0.6467661691542288,0.6421133231240429,No,0
0.0,0.0,1.0,0.0,0.41666666666666663,1.0,0.0,0.0,0.0,1.0,1.0,1.0,0.0,1.0,0.5,0.0,0.0,0.5174129353233831,0.2787136294027565,No,0
1.0,0.0,0.0,1.0,0.2777777777777778,1.0,0.0,1.0,0.5,0.5,0.5,0.5,0.5,0.5,0.0,1.0,0.6666666666666666,0.011442786069651711,0.49280245022970903,Yes,3
0.0,0.0,1.0,1.0,0.375,1.0,1.0,1.0,0.5,0.5,0.5,0.5,0.5,0.5,1.0,0.0,0.6666666666666666,0.062189054726368154,0.892802450229709,No,0
0.0,1.0,0.0,0.0,0.2777777777777778,1.0,1.0,0.5,1.0,0.0,0.0,0.0,0.0,0.0,0.0,1.0,0.6666666666666666,0.6059701492537314,0.1444104134762634,Yes,0
1.0,0.0,0.0,1.0,0.125,1.0,0.0,1.0,0.5,0.5,0.5,0.5,0.5,0.5,0.5,0.0,1.0,0.01840796019900498,0.22909647779479325,No,3
0.0,0.0,1.0,1.0,0.9444444444444444,1.0,1.0,0.0,1.0,1.0,1.0,0.0,1.0,0.0,0.5,1.0,0.3333333333333333,0.5447761194029851,0.6640122511485451,No,0
0.0,0.0,1.0,1.0,0.9583333333333333,1.0,1.0,0.0,1.0,0.0,0.0,1.0,0.0,0.0,1.0,0.0,0.3333333333333333,0.4293532338308458,0.5312404287901991,No,0
1.0,0.0,0.0,0.0,0.3611111111111111,1.0,1.0,0.5,0.0,0.0,1.0,1.0,0.0,0.0,0.0,1.0,1.0,0.6572139303482587,0.29418070444104133,No,3
1.0,0.0,1.0,1.0,0.9583333333333333,1.0,0.0,1.0,0.5,0.5,0.5,0.5,0.5,0.5,1.0,0.0,0.0,0.01641791044776117,0.09892802450229708,No,3
1.0,0.0,0.0,0.0,0.15277777777777776,1.0,0.0,1.0,0.5,0.5,0.5,0.5,0.5,0.5,1.0,0.0,1.0,0.021393034825870627,0.2980091883614089,No,3
1.0,0.0,0.0,0.0,0.013888888888888888,1.0,1.0,0.0,0.0,0.0,0.0,0.0,0.0,0.0,0.0,0.0,1.0,0.3233830845771144,0.6483920367534456,No,3
1.0,0.0,1.0,1.0,0.1388888888888889,1.0,0.0,1.0,0.5,0.5,0.5,0.5,0.5,0.5,0.5,0.0,1.0,0.021890547263681587,0.3162327718223583,No,3
0.0,0.0,1.0,1.0,0.7638888888888888,1.0,1.0,0.0,1.0,1.0,0.0,1.0,0.0,1.0,0.5,1.0,0.0,0.572139303482587,0.5565084226646247,No,0
1.0,0.0,0.0,0.0,0.611111111111111,1.0,0.0,0.0,1.0,0.0,0.0,1.0,1.0,0.0,0.5,0.0,0.6666666666666666,0.46915422885572144,0.3684532924961715,No,3
1.0,1.0,1.0,0.0,0.6388888888888888,1.0,0.0,0.5,0.0,0.0,0.0,0.0,0.0,1.0,0.0,1.0,0.6666666666666666,0.618407960199005,0.477947932618683,Yes,3
1.0,0.0,1.0,1.0,0.9583333333333333,1.0,0.0,0.0,1.0,1.0,1.0,0.0,0.0,0.0,1.0,1.0,0.0,0.4129353233830846,0.5326186830015314,No,3
1.0,1.0,0.0,0.0,0.15277777777777776,1.0,0.0,0.5,0.0,0.0,0.0,0.0,0.0,1.0,0.0,1.0,0.6666666666666666,0.599502487562189,0.9606431852986217,No,3
0.0,0.0,1.0,0.0,0.15277777777777776,1.0,1.0,0.5,0.0,1.0,0.0,0.0,1.0,1.0,0.0,1.0,0.6666666666666666,0.8333333333333334,0.04226646248085758,Yes,0
1.0,0.0,0.0,0.0,0.40277777777777773,1.0,0.0,0.0,0.0,0.0,1.0,0.0,0.0,0.0,0.0,0.0,0.0,0.3054726368159204,0.09019908116385911,No,3
0.0,0.0,1.0,0.0,0.7916666666666666,1.0,1.0,0.5,1.0,0.0,0.0,0.0,1.0,1.0,0.0,1.0,0.6666666666666666,0.8099502487562189,0.6975497702909648,No,0
1.0,0.0,0.0,0.0,0.38888888888888884,1.0,0.0,1.0,0.5,0.5,0.5,0.5,0.5,0.5,0.5,0.0,0.3333333333333333,0.0,0.6831546707503828,No,3
0.0,0.0,0.0,0.0,0.5833333333333333,1.0,0.0,0.0,1.0,0.0,1.0,0.0,0.0,0.0,0.0,0.0,0.3333333333333333,0.3611940298507462,0.3223583460949464,No,0
0.0,0.0,0.0,0.0,0.027777777777777776,1.0,0.0,1.0,0.5,0.5,0.5,0.5,0.5,0.5,0.0,0.0,1.0,0.023880597014925342,0.49892802450229706,Yes,0
1.0,0.0,0.0,1.0,0.3194444444444444,0.0,0.5,0.0,1.0,1.0,0.0,1.0,0.0,0.0,0.5,0.0,0.0,0.22288557213930343,0.9854517611026034,No,3
0.0,0.0,1.0,1.0,0.25,1.0,0.0,1.0,0.5,0.5,0.5,0.5,0.5,0.5,0.0,0.0,1.0,0.021890547263681587,0.47320061255742724,No,0
1.0,0.0,1.0,1.0,0.861111111111111,1.0,1.0,1.0,0.5,0.5,0.5,0.5,0.5,0.5,0.5,0.0,0.0,0.06517412935323383,0.1339969372128637,No,3
0.0,0.0,0.0,0.0,0.013888888888888888,1.0,0.0,0.5,0.0,0.0,0.0,0.0,0.0,0.0,0.0,1.0,1.0,0.5228855721393034,0.8448698315467075,Yes,0
1.0,0.0,0.0,0.0,0.2222222222222222,1.0,1.0,0.5,0.0,0.0,0.0,1.0,0.0,1.0,0.0,1.0,0.3333333333333333,0.7044776119402985,0.12725880551301685,Yes,3
0.0,0.0,0.0,0.0,0.041666666666666664,1.0,1.0,0.5,0.0,0.0,0.0,0.0,1.0,1.0,0.0,1.0,0.6666666666666666,0.7796019900497512,0.38529862174578866,Yes,0
1.0,0.0,0.0,0.0,0.9305555555555555,1.0,1.0,0.0,1.0,1.0,1.0,1.0,1.0,1.0,0.5,1.0,0.0,0.7019900497512437,0.7424196018376723,No,3
1.0,0.0,0.0,0.0,0.861111111111111,1.0,0.0,1.0,0.5,0.5,0.5,0.5,0.5,0.5,1.0,1.0,0.3333333333333333,0.01791044776119402,0.056967840735068914,No,3
0.0,0.0,1.0,0.0,0.7916666666666666,1.0,1.0,0.5,0.0,1.0,1.0,0.0,1.0,1.0,0.0,1.0,0.3333333333333333,0.8582089552238806,0.7439509954058193,Yes,0
1.0,0.0,0.0,0.0,0.027777777777777776,1.0,0.0,0.5,0.0,0.0,0.0,0.0,0.0,0.0,0.0,1.0,0.6666666666666666,0.5129353233830846,0.13001531393568147,No,3
0.0,0.0,1.0,1.0,0.3194444444444444,1.0,1.0,0.0,1.0,0.0,1.0,1.0,1.0,0.0,1.0,1.0,0.0,0.5860696517412936,0.19632465543644717,No,0
0.0,0.0,0.0,1.0,0.3472222222222222,0.0,0.5,0.0,1.0,0.0,0.0,1.0,0.0,0.0,1.0,0.0,0.0,0.16716417910447756,0.9477794793261868,No,0
0.0,1.0,0.0,0.0,1.0,1.0,1.0,0.5,0.0,1.0,1.0,1.0,1.0,1.0,1.0,1.0,0.0,0.8940298507462686,0.9035222052067381,No,0
0.0,0.0,1.0,0.0,0.027777777777777776,1.0,1.0,0.5,0.0,0.0,0.0,0.0,1.0,0.0,0.0,1.0,0.6666666666666666,0.6547263681592039,0.09433384379785605,No,0
0.0,0.0,0.0,0.0,0.1111111111111111,1.0,0.0,1.0,0.5,0.5,0.5,0.5,0.5,0.5,0.5,1.0,0.0,0.019402985074626844,0.11209800918836141,No,0
0.0,0.0,0.0,0.0,0.06944444444444445,1.0,1.0,0.0,0.0,0.0,0.0,0.0,0.0,0.0,0.0,1.0,1.0,0.3218905472636816,0.3271056661562021,Yes,0
1.0,0.0,0.0,0.0,0.4861111111111111,0.0,0.5,0.0,0.0,0.0,1.0,0.0,1.0,1.0,0.0,0.0,0.6666666666666666,0.3079601990049751,0.18392036753445634,No,3
1.0,0.0,0.0,0.0,0.3333333333333333,1.0,1.0,1.0,0.5,0.5,0.5,0.5,0.5,0.5,0.5,0.0,0.6666666666666666,0.06318407960199005,0.7436447166921899,No,3
0.0,0.0,1.0,1.0,0.027777777777777776,1.0,0.0,0.5,0.0,0.0,0.0,0.0,0.0,0.0,0.0,1.0,0.6666666666666666,0.5313432835820896,0.09800918836140887,No,0
1.0,0.0,1.0,1.0,1.0,1.0,1.0,0.5,1.0,1.0,1.0,1.0,0.0,1.0,1.0,1.0,0.3333333333333333,0.8621890547263681,0.9013782542113323,No,3
0.0,0.0,0.0,0.0,0.5694444444444444,1.0,1.0,0.5,1.0,1.0,1.0,1.0,1.0,0.0,0.0,1.0,0.6666666666666666,0.8781094527363184,0.557886676875957,No,0
1.0,0.0,0.0,1.0,0.05555555555555555,1.0,0.0,0.0,1.0,0.0,0.0,0.0,0.0,0.0,0.0,0.0,0.6666666666666666,0.309452736318408,0.2770290964777948,Yes,3
1.0,0.0,0.0,0.0,0.3611111111111111,1.0,0.0,0.5,0.0,1.0,0.0,0.0,0.0,0.0,0.5,0.0,0.0,0.5696517412935324,0.2522205206738132,No,3
1.0,0.0,0.0,0.0,0.09722222222222221,1.0,0.0,0.5,0.0,1.0,0.0,0.0,1.0,1.0,0.0,1.0,0.6666666666666666,0.7562189054726368,0.8130168453292496,Yes,3
0.0,0.0,1.0,0.0,0.013888888888888888,1.0,0.0,0.5,0.0,0.0,0.0,0.0,0.0,0.0,0.0,1.0,0.6666666666666666,0.5044776119402985,0.8243491577335375,Yes,0
0.0,0.0,1.0,1.0,0.05555555555555555,1.0,1.0,0.0,0.0,1.0,0.0,1.0,0.0,0.0,0.0,1.0,1.0,0.40049751243781095,0.2874425727411945,No,0
1.0,0.0,0.0,0.0,0.6666666666666666,1.0,0.0,0.0,0.0,1.0,1.0,1.0,1.0,1.0,1.0,0.0,0.3333333333333333,0.6034825870646766,0.49571209800918836,No,3
1.0,1.0,0.0,0.0,0.027777777777777776,1.0,1.0,0.5,0.0,0.0,0.0,0.0,1.0,1.0,0.0,1.0,0.6666666666666666,0.7522388059701491,0.23981623277182235,Yes,3
0.0,1.0,1.0,0.0,0.16666666666666666,1.0,0.0,0.0,1.0,0.0,1.0,1.0,1.0,1.0,0.5,1.0,0.6666666666666666,0.6064676616915423,0.9846860643185298,No,0
1.0,0.0,1.0,0.0,0.8333333333333333,1.0,1.0,0.5,1.0,0.0,1.0,1.0,1.0,1.0,0.0,1.0,0.0,0.9074626865671641,0.8035222052067381,No,3
1.0,0.0,0.0,0.0,0.7638888888888888,1.0,0.0,0.0,1.0,0.0,1.0,1.0,0.0,0.0,1.0,1.0,0.6666666666666666,0.4074626865671642,0.4223583460949464,No,3
1.0,0.0,0.0,0.0,0.013888888888888888,0.0,0.5,0.0,0.0,0.0,0.0,1.0,0.0,0.0,0.0,0.0,1.0,0.10845771144278604,0.38330781010719756,No,3
1.0,0.0,0.0,0.0,0.013888888888888888,1.0,0.0,1.0,0.5,0.5,0.5,0.5,0.5,0.5,0.0,0.0,1.0,0.01791044776119402,0.24609494640122512,No,3
1.0,0.0,0.0,0.0,0.05555555555555555,1.0,1.0,0.5,0.0,0.0,0.0,0.0,0.0,0.0,0.0,1.0,0.6666666666666666,0.5751243781094527,0.4231240428790199,Yes,3
1.0,0.0,0.0,0.0,0.013888888888888888,0.0,0.5,0.0,0.0,0.0,0.0,0.0,0.0,0.0,0.0,1.0,1.0,0.061691542288557194,0.3124042879019908,Yes,3
0.0,0.0,0.0,0.0,0.5833333333333333,1.0,0.0,0.0,0.0,0.0,1.0,1.0,0.0,1.0,1.0,0.0,0.3333333333333333,0.48009950248756217,0.3673813169984686,No,0
0.0,0.0,0.0,0.0,0.013888888888888888,1.0,0.0,0.0,1.0,0.0,0.0,0.0,0.0,0.0,0.0,0.0,0.0,0.3114427860696517,0.6341500765696784,No,0
1.0,0.0,0.0,0.0,0.09722222222222221,1.0,1.0,0.5,0.0,0.0,1.0,0.0,1.0,0.0,0.0,1.0,0.3333333333333333,0.707462686567164,0.7813169984686064,Yes,3
1.0,0.0,0.0,0.0,0.041666666666666664,1.0,0.0,0.5,0.0,0.0,1.0,0.0,0.0,0.0,0.0,1.0,0.3333333333333333,0.5507462686567164,0.29969372128637056,No,3
0.0,0.0,1.0,0.0,1.0,1.0,1.0,0.0,1.0,1.0,1.0,0.0,1.0,1.0,1.0,1.0,0.3333333333333333,0.6407960199004975,0.7434915773353752,No,0
1.0,0.0,0.0,0.0,0.20833333333333331,1.0,1.0,0.0,0.0,0.0,0.0,0.0,0.0,0.0,0.0,1.0,0.6666666666666666,0.30597014925373134,0.882542113323124,No,3
1.0,0.0,1.0,0.0,0.05555555555555555,1.0,0.0,0.5,0.0,0.0,0.0,0.0,1.0,0.0,0.0,1.0,0.6666666666666666,0.617910447761194,0.4084226646248086,Yes,3
0.0,0.0,0.0,0.0,0.15277777777777776,1.0,1.0,1.0,0.5,0.5,0.5,0.5,0.5,0.5,0.5,0.0,0.6666666666666666,0.06915422885572137,0.3217457886676876,No,0
0.0,0.0,0.0,0.0,0.06944444444444445,1.0,1.0,1.0,0.5,0.5,0.5,0.5,0.5,0.5,0.0,0.0,1.0,0.07164179104477608,0.09509954058192956,No,0
0.0,1.0,0.0,0.0,0.013888888888888888,1.0,0.0,0.0,1.0,0.0,1.0,0.0,0.0,0.0,0.0,1.0,0.6666666666666666,0.37363184079601985,0.6993874425727412,Yes,0
1.0,0.0,1.0,0.0,1.0,1.0,1.0,0.5,1.0,0.0,1.0,1.0,1.0,1.0,1.0,1.0,0.3333333333333333,0.9218905472636817,0.9355283307810107,No,3
0.0,0.0,1.0,0.0,0.7638888888888888,1.0,1.0,0.5,0.0,1.0,0.0,0.0,0.0,0.0,0.0,1.0,0.3333333333333333,0.5920398009950248,0.5569678407350689,No,0
0.0,0.0,1.0,1.0,0.5555555555555556,1.0,1.0,1.0,0.5,0.5,0.5,0.5,0.5,0.5,0.0,1.0,0.6666666666666666,0.07910447761194028,0.022817764165390504,No,0
0.0,0.0,1.0,0.0,0.7916666666666666,1.0,0.0,1.0,0.5,0.5,0.5,0.5,0.5,0.5,1.0,0.0,0.0,0.01641791044776117,0.03430321592649311,No,0
1.0,0.0,0.0,0.0,0.013888888888888888,1.0,0.0,0.5,0.0,0.0,0.0,0.0,1.0,0.0,0.0,1.0,0.6666666666666666,0.6049751243781094,0.9128637059724349,Yes,3
1.0,0.0,1.0,0.0,0.013888888888888888,1.0,0.0,0.5,1.0,0.0,0.0,0.0,1.0,1.0,0.0,1.0,0.6666666666666666,0.763681592039801,0.9862174578866768,Yes,3
0.0,0.0,0.0,0.0,0.013888888888888888,0.0,0.5,0.0,0.0,0.0,0.0,0.0,0.0,0.0,0.0,0.0,1.0,0.06915422885572137,0.32940275650842266,Yes,0
1.0,1.0,1.0,1.0,0.7222222222222222,1.0,1.0,0.0,0.0,1.0,1.0,0.0,1.0,1.0,0.5,1.0,0.6666666666666666,0.6228855721393034,0.5330781010719755,No,3
1.0,1.0,0.0,0.0,0.5694444444444444,1.0,1.0,0.5,0.0,0.0,1.0,0.0,1.0,1.0,0.0,1.0,0.6666666666666666,0.7975124378109453,0.5477794793261868,Yes,3
1.0,0.0,1.0,0.0,0.5972222222222222,1.0,0.0,0.0,0.0,0.0,0.0,0.0,1.0,0.0,0.5,1.0,1.0,0.3791044776119403,0.3108728943338438,No,3
0.0,0.0,1.0,1.0,0.6527777777777778,1.0,0.0,1.0,0.5,0.5,0.5,0.5,0.5,0.5,1.0,0.0,0.0,0.010447761194029848,0.9656967840735069,No,0
1.0,0.0,0.0,0.0,0.041666666666666664,1.0,1.0,0.0,0.0,0.0,0.0,0.0,0.0,0.0,0.0,0.0,0.0,0.31990049751243776,0.10183767228177641,No,3
1.0,1.0,1.0,1.0,0.9166666666666666,1.0,1.0,0.0,1.0,1.0,1.0,1.0,1.0,0.0,1.0,0.0,0.3333333333333333,0.6084577114427862,0.6635528330781011,Yes,3
1.0,0.0,1.0,1.0,0.7638888888888888,1.0,0.0,0.0,0.0,0.0,1.0,1.0,0.0,0.0,1.0,1.0,0.3333333333333333,0.3681592039800995,0.41485451761102604,No,3
1.0,0.0,0.0,0.0,0.40277777777777773,1.0,0.0,1.0,0.5,0.5,0.5,0.5,0.5,0.5,0.5,0.0,1.0,0.008457711442786064,0.6770290964777947,No,3
0.0,0.0,0.0,1.0,0.16666666666666666,1.0,1.0,0.5,0.0,0.0,0.0,0.0,1.0,0.0,0.0,1.0,0.6666666666666666,0.6547263681592039,0.9918836140888208,No,0
0.0,0.0,1.0,0.0,0.9166666666666666,1.0,1.0,0.5,0.0,1.0,1.0,0.0,1.0,1.0,0.0,1.0,0.6666666666666666,0.8651741293532339,0.8376722817764165,No,0
1.0,1.0,0.0,0.0,0.4861111111111111,1.0,1.0,0.5,0.0,0.0,1.0,0.0,1.0,1.0,0.0,1.0,0.6666666666666666,0.827363184079602,0.4635528330781011,Yes,3
1.0,1.0,1.0,0.0,0.1388888888888889,1.0,1.0,0.5,0.0,0.0,1.0,0.0,0.0,1.0,0.0,1.0,0.6666666666666666,0.7119402985074627,0.9728943338437979,Yes,3
1.0,0.0,1.0,1.0,0.375,1.0,1.0,0.5,0.0,0.0,0.0,0.0,0.0,0.0,0.0,1.0,0.0,0.572139303482587,0.2336906584992343,No,3
0.0,0.0,0.0,0.0,0.8055555555555555,1.0,0.0,0.5,0.0,0.0,0.0,1.0,1.0,1.0,0.0,1.0,0.6666666666666666,0.7666666666666666,0.7346094946401225,No,0
1.0,0.0,1.0,0.0,0.75,1.0,0.0,0.5,1.0,1.0,1.0,1.0,1.0,1.0,1.0,0.0,0.0,0.9104477611940299,0.7644716692189892,Yes,3
1.0,0.0,0.0,0.0,0.125,1.0,0.0,1.0,0.5,0.5,0.5,0.5,0.5,0.5,0.0,0.0,1.0,0.015920398009950265,0.2006125574272588,No,3
1.0,0.0,0.0,0.0,0.027777777777777776,1.0,0.0,1.0,0.5,0.5,0.5,0.5,0.5,0.5,0.5,0.0,0.3333333333333333,0.010447761194029848,0.3715160796324655,Yes,3
1.0,0.0,0.0,0.0,0.08333333333333333,1.0,0.0,0.5,0.0,0.0,0.0,0.0,0.0,0.0,0.0,1.0,0.6666666666666666,0.5059701492537313,0.5660030627871363,No,3
0.0,1.0,0.0,0.0,0.3611111111111111,1.0,0.0,0.5,0.0,0.0,0.0,0.0,1.0,1.0,0.0,1.0,0.6666666666666666,0.7263681592039801,0.30535987748851456,Yes,0
0.0,0.0,0.0,0.0,0.125,1.0,0.0,1.0,0.5,0.5,0.5,0.5,0.5,0.5,0.0,0.0,1.0,0.019900497512437804,0.21883614088820827,No,0
1.0,0.0,1.0,0.0,0.1111111111111111,1.0,0.0,0.0,0.0,1.0,1.0,0.0,0.0,0.0,0.0,1.0,1.0,0.36318407960199006,0.5784073506891271,No,3
1.0,0.0,0.0,0.0,0.16666666666666666,1.0,0.0,0.5,0.0,0.0,0.0,0.0,1.0,0.0,0.0,1.0,0.6666666666666666,0.6288557213930348,0.9724349157733537,No,3
0.0,0.0,0.0,0.0,0.20833333333333331,1.0,1.0,0.0,0.0,0.0,0.0,0.0,0.0,0.0,0.0,1.0,0.6666666666666666,0.30696517412935326,0.8225114854517611,Yes,0
1.0,0.0,1.0,0.0,0.5972222222222222,1.0,1.0,0.0,1.0,0.0,1.0,0.0,1.0,1.0,0.5,1.0,0.6666666666666666,0.6164179104477612,0.47534456355283305,No,3
1.0,0.0,0.0,0.0,0.5833333333333333,1.0,1.0,0.5,0.0,0.0,0.0,1.0,1.0,1.0,0.0,1.0,0.6666666666666666,0.8164179104477611,0.5522205206738131,No,3
0.0,0.0,0.0,0.0,0.4305555555555555,1.0,1.0,0.0,1.0,0.0,1.0,1.0,0.0,0.0,0.0,0.0,0.3333333333333333,0.46766169154228854,0.2457886676875957,Yes,0
0.0,0.0,0.0,1.0,0.9166666666666666,1.0,1.0,0.5,1.0,0.0,1.0,1.0,0.0,0.0,1.0,1.0,0.3333333333333333,0.7233830845771144,0.7453292496171516,No,0
0.0,1.0,0.0,0.0,0.25,1.0,1.0,0.5,0.0,1.0,0.0,1.0,0.0,0.0,0.0,1.0,0.6666666666666666,0.6686567164179105,0.14058192955589585,Yes,0
1.0,0.0,0.0,0.0,0.013888888888888888,1.0,0.0,1.0,0.5,0.5,0.5,0.5,0.5,0.5,0.0,0.0,1.0,0.01741293532338306,0.2459418070444104,No,3
1.0,0.0,1.0,0.0,0.8472222222222222,1.0,1.0,0.5,0.0,1.0,0.0,1.0,1.0,0.0,1.0,1.0,0.6666666666666666,0.7547263681592039,0.7147013782542113,Yes,3
1.0,0.0,0.0,0.0,0.1388888888888889,1.0,1.0,0.5,0.0,1.0,0.0,0.0,0.0,0.0,0.0,0.0,0.6666666666666666,0.6129353233830845,0.9191424196018376,No,3
1.0,1.0,0.0,0.0,0.013888888888888888,1.0,0.0,0.5,0.0,0.0,0.0,0.0,0.0,0.0,0.0,1.0,0.6666666666666666,0.5313432835820896,0.8531393568147013,Yes,3
0.0,1.0,0.0,0.0,0.25,1.0,0.0,0.5,0.0,1.0,0.0,0.0,0.0,0.0,0.0,1.0,0.6666666666666666,0.5502487562189055,0.09969372128637059,No,0
1.0,0.0,1.0,0.0,0.3333333333333333,1.0,1.0,0.5,0.0,1.0,1.0,0.0,1.0,1.0,0.0,1.0,0.6666666666666666,0.8597014925373135,0.3362940275650842,Yes,3
0.0,0.0,1.0,1.0,0.041666666666666664,1.0,0.0,1.0,0.5,0.5,0.5,0.5,0.5,0.5,0.0,0.0,1.0,0.010447761194029848,0.6875957120980092,No,0
1.0,0.0,0.0,0.0,0.6944444444444444,1.0,0.0,1.0,0.5,0.5,0.5,0.5,0.5,0.5,0.5,0.0,0.3333333333333333,0.018905472636815884,0.9964777947932618,No,3
1.0,0.0,1.0,1.0,0.013888888888888888,1.0,0.0,0.0,0.0,0.0,0.0,0.0,0.0,0.0,0.0,0.0,0.6666666666666666,0.2616915422885572,0.5732006125574273,No,3
1.0,0.0,0.0,0.0,0.027777777777777776,1.0,0.0,0.0,1.0,0.0,0.0,1.0,0.0,0.0,0.0,1.0,1.0,0.36019900497512436,0.9597243491577335,No,3
1.0,0.0,0.0,0.0,0.2361111111111111,1.0,0.0,1.0,0.5,0.5,0.5,0.5,0.5,0.5,0.5,1.0,0.0,0.013930348258706454,0.466156202143951,No,3
1.0,0.0,1.0,1.0,0.9583333333333333,1.0,1.0,0.5,0.0,1.0,1.0,0.0,1.0,1.0,1.0,1.0,0.6666666666666666,0.86318407960199,0.8667687595712098,No,3
1.0,0.0,1.0,0.0,1.0,1.0,1.0,0.0,1.0,1.0,1.0,1.0,1.0,1.0,1.0,1.0,0.3333333333333333,0.7009950248756219,0.7803981623277182,No,3
0.0,0.0,0.0,0.0,0.041666666666666664,1.0,1.0,0.5,0.0,0.0,0.0,0.0,0.0,0.0,0.0,1.0,0.6666666666666666,0.5572139303482587,0.2650842266462481,Yes,0
1.0,1.0,1.0,1.0,0.6944444444444444,1.0,1.0,0.0,1.0,1.0,1.0,0.0,0.0,1.0,1.0,1.0,0.0,0.5661691542288557,0.5012251148545176,No,3
0.0,0.0,0.0,0.0,0.736111111111111,1.0,0.0,1.0,0.5,0.5,0.5,0.5,0.5,0.5,1.0,0.0,1.0,0.019900497512437804,0.014088820826952526,No,0
0.0,0.0,1.0,0.0,0.8055555555555555,1.0,1.0,0.5,1.0,1.0,0.0,1.0,1.0,1.0,1.0,1.0,0.3333333333333333,0.9039800995024875,0.7894333843797856,No,0
1.0,0.0,0.0,0.0,0.6388888888888888,0.0,0.5,0.0,1.0,0.0,0.0,0.0,0.0,0.0,0.5,1.0,0.0,0.12437810945273631,0.1349157733537519,No,3
1.0,1.0,1.0,0.0,1.0,1.0,1.0,0.5,1.0,1.0,1.0,1.0,1.0,1.0,0.0,1.0,0.3333333333333333,0.9417910447761194,0.9257274119448698,No,3
0.0,1.0,0.0,0.0,0.013888888888888888,1.0,1.0,0.5,0.0,0.0,0.0,0.0,0.0,0.0,0.0,1.0,0.6666666666666666,0.5567164179104478,0.8751914241960184,Yes,0
0.0,0.0,1.0,1.0,0.08333333333333333,1.0,1.0,0.5,0.0,1.0,1.0,0.0,1.0,0.0,0.0,1.0,1.0,0.754228855721393,0.6652373660030627,No,0
1.0,0.0,1.0,0.0,1.0,1.0,1.0,0.0,1.0,1.0,1.0,1.0,0.0,1.0,1.0,0.0,0.0,0.6029850746268656,0.7286370597243491,No,3
1.0,0.0,0.0,0.0,0.05555555555555555,1.0,0.0,0.0,0.0,0.0,0.0,0.0,0.0,1.0,0.0,1.0,1.0,0.3686567164179104,0.30903522205206735,No,3
0.0,0.0,1.0,1.0,0.7222222222222222,1.0,0.0,1.0,0.5,0.5,0.5,0.5,0.5,0.5,1.0,0.0,1.0,0.010945273631840807,0.010260336906584991,No,0
1.0,0.0,1.0,1.0,0.0,1.0,1.0,1.0,0.5,0.5,0.5,0.5,0.5,0.5,1.0,0.0,1.0,0.07064676616915422,0.0,No,3
0.0,0.0,0.0,0.0,0.027777777777777776,1.0,0.0,1.0,0.5,0.5,0.5,0.5,0.5,0.5,0.5,0.0,1.0,0.021890547263681587,0.4508422664624808,No,0
0.0,0.0,1.0,0.0,0.9027777777777777,1.0,0.0,1.0,0.5,0.5,0.5,0.5,0.5,0.5,1.0,0.0,0.0,0.010945273631840807,0.0891271056661562,No,0
1.0,1.0,1.0,0.0,0.5972222222222222,1.0,1.0,0.5,0.0,1.0,0.0,0.0,1.0,1.0,0.0,1.0,0.6666666666666666,0.8233830845771145,0.5704441041347627,Yes,3
1.0,0.0,1.0,0.0,0.05555555555555555,1.0,1.0,0.5,0.0,1.0,0.0,0.0,1.0,1.0,0.0,1.0,0.6666666666666666,0.8154228855721393,0.5499234303215926,Yes,3
1.0,1.0,1.0,0.0,0.3472222222222222,1.0,1.0,0.5,1.0,0.0,0.0,0.0,0.0,1.0,0.5,1.0,0.6666666666666666,0.7044776119402985,0.27427258805513016,Yes,3
0.0,0.0,1.0,0.0,0.7083333333333333,1.0,1.0,0.0,0.0,1.0,0.0,1.0,1.0,1.0,0.5,1.0,0.3333333333333333,0.600995024875622,0.5168453292496171,No,0
1.0,0.0,0.0,0.0,0.16666666666666666,1.0,1.0,0.0,0.0,0.0,1.0,0.0,1.0,1.0,0.0,0.0,0.0,0.5621890547263682,0.936906584992343,No,3
0.0,0.0,1.0,1.0,0.7916666666666666,1.0,0.0,0.0,1.0,0.0,0.0,0.0,1.0,1.0,0.5,1.0,0.0,0.5159203980099502,0.5131699846860643,Yes,0
0.0,0.0,1.0,1.0,0.3333333333333333,1.0,0.0,1.0,0.5,0.5,0.5,0.5,0.5,0.5,0.5,0.0,1.0,0.01641791044776117,0.6822358346094947,No,0
0.0,0.0,1.0,0.0,0.8888888888888888,1.0,1.0,0.0,0.0,0.0,1.0,1.0,0.0,0.0,0.5,0.0,0.0,0.39900497512437816,0.49418070444104134,No,0
0.0,0.0,0.0,0.0,0.05555555555555555,1.0,0.0,0.5,0.0,1.0,1.0,1.0,1.0,1.0,0.5,1.0,0.6666666666666666,0.8696517412935324,0.5765696784073506,Yes,0
0.0,0.0,0.0,0.0,0.3611111111111111,1.0,1.0,0.5,0.0,0.0,1.0,0.0,1.0,1.0,0.0,1.0,0.0,0.818407960199005,0.3442572741194487,No,0
0.0,0.0,1.0,1.0,0.20833333333333331,1.0,0.0,1.0,0.5,0.5,0.5,0.5,0.5,0.5,0.0,0.0,1.0,0.01791044776119402,0.3759571209800919,No,0
1.0,1.0,1.0,0.0,0.8888888888888888,1.0,1.0,1.0,0.5,0.5,0.5,0.5,0.5,0.5,1.0,0.0,0.3333333333333333,0.07363184079601987,0.19249617151607962,No,3
1.0,1.0,1.0,0.0,0.5,1.0,1.0,0.5,0.0,1.0,0.0,0.0,1.0,1.0,0.0,1.0,0.6666666666666666,0.7786069651741293,0.4555895865237366,Yes,3
0.0,0.0,1.0,0.0,0.375,1.0,1.0,0.5,0.0,0.0,0.0,0.0,1.0,1.0,0.0,0.0,0.3333333333333333,0.763681592039801,0.3238897396630934,No,0
1.0,1.0,1.0,0.0,0.013888888888888888,1.0,0.0,0.5,0.0,0.0,0.0,0.0,0.0,0.0,0.0,0.0,1.0,0.5233830845771144,0.8450229709035222,Yes,3
0.0,0.0,0.0,0.0,0.4861111111111111,1.0,1.0,0.0,1.0,0.0,1.0,1.0,1.0,1.0,0.5,1.0,0.3333333333333333,0.6736318407960199,0.4143950995405819,Yes,0
1.0,0.0,0.0,0.0,0.05555555555555555,1.0,0.0,0.5,0.0,0.0,1.0,0.0,0.0,0.0,0.0,1.0,0.6666666666666666,0.5537313432835821,0.3721286370597243,Yes,3
0.0,0.0,1.0,1.0,0.1111111111111111,1.0,0.0,0.0,0.0,0.0,0.0,0.0,0.0,0.0,0.0,1.0,0.6666666666666666,0.27064676616915423,0.5364471669218989,No,0
1.0,0.0,0.0,0.0,0.1388888888888889,1.0,0.0,1.0,0.5,0.5,0.5,0.5,0.5,0.5,0.0,1.0,0.3333333333333333,0.01741293532338306,0.2428790199081164,No,3
0.0,0.0,0.0,0.0,0.027777777777777776,1.0,0.0,0.0,0.0,1.0,0.0,0.0,0.0,0.0,0.0,0.0,1.0,0.3079601990049751,0.009800918836140888,No,0
0.0,0.0,1.0,0.0,0.8055555555555555,1.0,1.0,0.5,1.0,1.0,1.0,0.0,1.0,1.0,1.0,1.0,0.0,0.9074626865671641,0.7678407350689127,Yes,0
1.0,0.0,1.0,0.0,0.7083333333333333,1.0,0.0,0.0,1.0,1.0,1.0,1.0,1.0,1.0,1.0,1.0,0.3333333333333333,0.6467661691542288,0.5339969372128637,No,3
0.0,0.0,1.0,1.0,0.6388888888888888,1.0,0.0,1.0,0.5,0.5,0.5,0.5,0.5,0.5,1.0,1.0,1.0,0.009950248756218888,0.9566615620214395,No,0
1.0,0.0,0.0,0.0,0.013888888888888888,1.0,0.0,1.0,0.5,0.5,0.5,0.5,0.5,0.5,0.0,1.0,0.0,0.013930348258706454,0.22771822358346094,No,3
1.0,0.0,0.0,0.0,0.6388888888888888,1.0,1.0,0.5,0.0,0.0,0.0,0.0,0.0,0.0,0.0,0.0,0.0,0.5427860696517413,0.43292496171516076,No,3
0.0,0.0,1.0,0.0,0.6944444444444444,1.0,1.0,0.5,1.0,1.0,0.0,1.0,1.0,1.0,0.0,1.0,0.0,0.9094527363184081,0.6885145482388974,No,0
1.0,0.0,1.0,1.0,0.736111111111111,1.0,0.0,0.0,0.0,1.0,0.0,1.0,1.0,0.0,0.0,0.0,0.3333333333333333,0.46517412935323377,0.4468606431852986,No,3
1.0,0.0,1.0,0.0,0.8472222222222222,1.0,1.0,0.5,0.0,1.0,1.0,1.0,1.0,1.0,0.0,1.0,0.6666666666666666,0.953731343283582,0.8566615620214395,No,3
1.0,0.0,0.0,0.0,0.06944444444444445,1.0,0.0,1.0,0.5,0.5,0.5,0.5,0.5,0.5,0.0,0.0,0.0,0.023880597014925342,0.9790199081163858,No,3
1.0,0.0,0.0,0.0,0.6527777777777778,1.0,0.0,0.0,1.0,1.0,1.0,1.0,1.0,1.0,0.5,1.0,0.0,0.6835820895522388,0.5411944869831546,No,3
0.0,0.0,0.0,0.0,0.75,1.0,1.0,0.5,0.0,1.0,1.0,0.0,1.0,0.0,0.5,1.0,0.0,0.7611940298507462,0.6603369065849923,No,0
1.0,0.0,0.0,1.0,0.2638888888888889,0.0,0.5,0.0,0.0,0.0,0.0,0.0,0.0,0.0,0.0,1.0,0.3333333333333333,0.07064676616915422,0.7166921898928025,No,3
0.0,0.0,0.0,1.0,0.3611111111111111,1.0,0.0,0.5,0.0,1.0,1.0,1.0,1.0,1.0,1.0,1.0,0.6666666666666666,0.8676616915422884,0.3606431852986217,No,0
1.0,0.0,1.0,1.0,0.9722222222222222,1.0,1.0,1.0,0.5,0.5,0.5,0.5,0.5,0.5,1.0,0.0,1.0,0.07114427860696515,0.2012251148545176,No,3
1.0,0.0,1.0,0.0,0.2361111111111111,1.0,1.0,0.5,0.0,1.0,1.0,0.0,1.0,1.0,0.0,1.0,0.6666666666666666,0.8388059701492537,0.19280245022970902,No,3
0.0,0.0,0.0,0.0,0.41666666666666663,1.0,1.0,0.5,0.0,1.0,0.0,0.0,1.0,1.0,0.0,1.0,0.6666666666666666,0.8154228855721393,0.39509954058192953,Yes,0
0.0,0.0,0.0,1.0,0.013888888888888888,1.0,1.0,1.0,0.5,0.5,0.5,0.5,0.5,0.5,0.0,0.0,1.0,0.057213930348258696,0.3116385911179173,No,0
0.0,0.0,1.0,1.0,0.2638888888888889,1.0,1.0,1.0,0.5,0.5,0.5,0.5,0.5,0.5,1.0,0.0,1.0,0.07313432835820893,0.626646248085758,No,0
0.0,0.0,1.0,0.0,0.3611111111111111,1.0,0.0,0.0,0.0,1.0,1.0,0.0,1.0,1.0,1.0,1.0,0.3333333333333333,0.5497512437810945,0.23047473200612556,No,0
0.0,0.0,1.0,1.0,0.29166666666666663,1.0,0.0,0.5,0.0,1.0,0.0,0.0,0.0,0.0,0.0,1.0,0.0,0.5552238805970149,0.15528330781010719,Yes,0
1.0,0.0,1.0,0.0,0.6944444444444444,1.0,1.0,0.5,0.0,1.0,0.0,0.0,1.0,1.0,0.5,1.0,0.6666666666666666,0.7960199004975124,0.6272588055130168,No,3
0.0,0.0,1.0,0.0,0.9444444444444444,0.0,0.5,0.0,1.0,0.0,1.0,0.0,1.0,1.0,0.5,1.0,0.6666666666666666,0.3597014925373134,0.4911179173047473,No,0
1.0,0.0,0.0,0.0,0.041666666666666664,1.0,1.0,0.5,0.0,0.0,1.0,0.0,1.0,1.0,0.0,1.0,0.0,0.8288557213930349,0.39448698315467073,Yes,3
1.0,0.0,1.0,1.0,0.125,1.0,0.0,0.5,0.0,0.0,1.0,1.0,1.0,1.0,0.0,0.0,0.6666666666666666,0.8442786069651741,0.9931087289433385,No,3
0.0,0.0,1.0,1.0,0.7083333333333333,0.0,0.5,0.0,1.0,0.0,0.0,1.0,0.0,0.0,1.0,0.0,0.0,0.15870646766169155,0.2010719754977029,No,0
0.0,0.0,0.0,0.0,0.125,1.0,0.0,0.0,0.0,0.0,0.0,0.0,0.0,0.0,0.0,1.0,0.6666666666666666,0.2537313432835821,0.5303215926493109,No,0
1.0,1.0,1.0,1.0,0.5694444444444444,1.0,1.0,0.5,0.0,1.0,1.0,1.0,1.0,1.0,0.5,1.0,0.6666666666666666,0.9323383084577114,0.5914241960183767,Yes,3
1.0,0.0,0.0,0.0,0.3055555555555555,1.0,1.0,0.5,0.0,1.0,0.0,0.0,1.0,1.0,0.0,1.0,0.6666666666666666,0.8199004975124379,0.31516079632465543,No,3
0.0,0.0,1.0,1.0,0.29166666666666663,0.0,0.5,0.0,1.0,0.0,1.0,0.0,1.0,1.0,0.5,1.0,0.6666666666666666,0.37512437810945276,0.04532924961715161,Yes,0
1.0,0.0,1.0,1.0,0.986111111111111,1.0,1.0,0.5,1.0,1.0,1.0,1.0,1.0,1.0,1.0,1.0,0.0,0.9731343283582089,0.9387442572741194,No,3
1.0,0.0,0.0,0.0,0.013888888888888888,1.0,0.0,0.0,0.0,0.0,0.0,0.0,0.0,0.0,0.0,0.0,0.6666666666666666,0.2736318407960199,0.5854517611026033,Yes,3
1.0,0.0,1.0,1.0,0.3611111111111111,1.0,1.0,0.0,0.0,0.0,1.0,1.0,1.0,1.0,0.5,1.0,0.3333333333333333,0.6343283582089552,0.26217457886676876,No,3
1.0,0.0,1.0,0.0,0.986111111111111,1.0,1.0,0.0,1.0,1.0,0.0,1.0,0.0,0.0,1.0,0.0,0.0,0.4666666666666667,0.6067381316998468,No,3
1.0,0.0,0.0,0.0,0.05555555555555555,1.0,0.0,0.0,0.0,0.0,0.0,0.0,0.0,0.0,0.0,1.0,0.3333333333333333,0.2641791044776119,0.19663093415007657,No,3
0.0,0.0,0.0,0.0,0.16666666666666666,1.0,1.0,0.5,1.0,0.0,0.0,0.0,0.0,0.0,0.0,1.0,0.6666666666666666,0.6124378109452736,0.0010719754977029097,No,0
0.0,0.0,1.0,0.0,0.25,1.0,1.0,0.5,0.0,0.0,0.0,1.0,1.0,0.0,0.0,1.0,0.6666666666666666,0.7024875621890546,0.16064318529862173,No,0
0.0,0.0,0.0,0.0,0.041666666666666664,1.0,1.0,0.5,0.0,0.0,0.0,0.0,0.0,0.0,0.0,1.0,0.6666666666666666,0.564179104477612,0.267687595712098,No,0
0.0,1.0,1.0,0.0,1.0,1.0,1.0,0.5,1.0,1.0,0.0,0.0,1.0,1.0,0.5,1.0,0.0,0.881592039800995,0.896937212863706,No,0
1.0,0.0,0.0,0.0,0.15277777777777776,1.0,0.0,0.5,0.0,1.0,0.0,0.0,0.0,0.0,0.0,0.0,0.6666666666666666,0.564179104477612,0.9312404287901991,Yes,3
0.0,0.0,0.0,0.0,0.013888888888888888,1.0,0.0,0.5,0.0,0.0,0.0,0.0,0.0,1.0,0.0,0.0,0.3333333333333333,0.6159203980099502,0.9211332312404288,Yes,0
1.0,0.0,0.0,0.0,0.18055555555555555,1.0,0.0,1.0,0.5,0.5,0.5,0.5,0.5,0.5,0.5,0.0,0.3333333333333333,0.010447761194029848,0.3431852986217458,No,3
0.0,0.0,1.0,0.0,1.0,1.0,1.0,0.5,0.0,1.0,1.0,1.0,1.0,1.0,0.5,1.0,0.6666666666666666,0.9054726368159204,0.9292496171516079,Yes,0
1.0,0.0,1.0,0.0,0.5833333333333333,1.0,1.0,0.0,1.0,0.0,0.0,0.0,0.0,0.0,0.5,0.0,0.3333333333333333,0.37661691542288556,0.3096477794793262,No,3
0.0,0.0,0.0,0.0,0.2361111111111111,1.0,0.0,1.0,0.5,0.5,0.5,0.5,0.5,0.5,0.0,0.0,0.3333333333333333,0.014427860696517386,0.45114854517611025,No,0
0.0,1.0,0.0,0.0,0.09722222222222221,1.0,0.0,0.0,0.0,1.0,0.0,0.0,0.0,0.0,0.0,1.0,1.0,0.32885572139303476,0.5482388973966309,No,0
0.0,0.0,1.0,0.0,0.9444444444444444,1.0,1.0,0.5,1.0,1.0,1.0,1.0,1.0,1.0,1.0,0.0,1.0,0.998507462686567,0.9203675344563552,No,0
1.0,0.0,1.0,1.0,0.7777777777777777,1.0,1.0,1.0,0.5,0.5,0.5,0.5,0.5,0.5,1.0,0.0,0.0,0.05870646766169152,0.11301684532924962,No,3
0.0,0.0,1.0,1.0,0.5277777777777778,1.0,0.0,1.0,0.5,0.5,0.5,0.5,0.5,0.5,0.5,0.0,1.0,0.020398009950248763,0.8826952526799388,No,0
0.0,0.0,1.0,1.0,1.0,1.0,1.0,0.5,1.0,1.0,1.0,1.0,1.0,1.0,1.0,1.0,0.6666666666666666,0.9676616915422885,0.9473200612557428,No,0
0.0,0.0,0.0,0.0,0.6666666666666666,1.0,1.0,1.0,0.5,0.5,0.5,0.5,0.5,0.5,0.5,0.0,0.3333333333333333,0.06766169154228854,0.04915773353751914,No,0
0.0,1.0,1.0,0.0,0.7222222222222222,1.0,1.0,0.5,1.0,1.0,1.0,0.0,1.0,1.0,0.0,1.0,0.6666666666666666,0.9039800995024875,0.7159264931087289,No,0
0.0,0.0,1.0,1.0,0.4861111111111111,1.0,0.0,1.0,0.5,0.5,0.5,0.5,0.5,0.5,0.5,0.0,1.0,0.013930348258706454,0.8509954058192956,No,0
1.0,0.0,1.0,0.0,0.9305555555555555,1.0,1.0,0.5,0.0,1.0,1.0,1.0,1.0,1.0,1.0,1.0,0.0,0.9258706467661691,0.889739663093415,No,3
0.0,0.0,0.0,0.0,0.013888888888888888,0.0,0.5,0.0,1.0,0.0,0.0,0.0,0.0,0.0,0.0,0.0,1.0,0.11592039800995024,0.38376722817764164,No,0
1.0,0.0,0.0,0.0,0.736111111111111,1.0,0.0,0.5,0.0,1.0,0.0,1.0,0.0,0.0,0.0,1.0,1.0,0.6203980099502486,0.5656967840735069,No,3
1.0,0.0,1.0,1.0,0.4722222222222222,1.0,0.0,1.0,0.5,0.5,0.5,0.5,0.5,0.5,0.0,0.0,1.0,0.025373134328358193,0.785145482388974,No,3
0.0,0.0,0.0,0.0,0.041666666666666664,0.0,0.5,0.0,0.0,0.0,0.0,0.0,1.0,0.0,0.0,0.0,0.3333333333333333,0.16865671641791047,0.024502297090352218,Yes,0
0.0,0.0,1.0,0.0,0.013888888888888888,1.0,0.0,0.5,0.0,0.0,0.0,0.0,1.0,0.0,0.0,0.0,0.6666666666666666,0.6024875621890546,0.9053598774885145,Yes,0
1.0,0.0,0.0,0.0,0.2638888888888889,1.0,0.0,0.5,0.0,0.0,1.0,1.0,1.0,0.0,0.0,0.0,1.0,0.7134328358208956,0.18024502297090353,No,3
0.0,1.0,1.0,0.0,0.8333333333333333,1.0,1.0,0.5,1.0,1.0,1.0,1.0,1.0,1.0,1.0,1.0,0.0,0.9731343283582089,0.8370597243491578,No,0
1.0,0.0,0.0,0.0,0.15277777777777776,1.0,0.0,1.0,0.5,0.5,0.5,0.5,0.5,0.5,1.0,0.0,0.3333333333333333,0.012935323383084563,0.28499234303215926,No,3
0.0,0.0,0.0,0.0,0.6527777777777778,1.0,1.0,0.5,0.0,1.0,1.0,0.0,1.0,1.0,0.0,1.0,0.6666666666666666,0.8771144278606965,0.6611026033690658,Yes,0
1.0,0.0,0.0,0.0,0.25,1.0,0.0,0.0,1.0,0.0,0.0,0.0,0.0,0.0,0.0,0.0,0.6666666666666666,0.30995024875621885,0.9607963246554364,Yes,3
0.0,0.0,1.0,1.0,0.8333333333333333,1.0,1.0,0.5,1.0,1.0,1.0,1.0,1.0,1.0,1.0,0.0,0.3333333333333333,0.9651741293532338,0.8192955589586524,No,0
1.0,0.0,1.0,0.0,1.0,1.0,1.0,1.0,0.5,0.5,0.5,0.5,0.5,0.5,1.0,0.0,0.3333333333333333,0.06517412935323383,0.2217457886676876,No,3
1.0,0.0,0.0,0.0,0.5416666666666666,1.0,0.0,1.0,0.5,0.5,0.5,0.5,0.5,0.5,0.5,0.0,1.0,0.01641791044776117,0.9157733537519143,No,3
0.0,0.0,1.0,0.0,0.8194444444444444,1.0,0.0,0.5,1.0,0.0,1.0,0.0,0.0,0.0,0.5,1.0,0.3333333333333333,0.6268656716417911,0.6021439509954059,No,0
1.0,0.0,1.0,1.0,0.027777777777777776,1.0,0.0,0.5,0.0,0.0,0.0,0.0,0.0,0.0,0.0,0.0,1.0,0.5144278606965175,0.12189892802450229,No,3
1.0,1.0,0.0,0.0,0.013888888888888888,1.0,0.0,0.5,0.0,0.0,0.0,0.0,0.0,0.0,0.0,0.0,0.6666666666666666,0.5059701492537313,0.8330781010719754,Yes,3
1.0,0.0,1.0,1.0,0.2777777777777778,1.0,0.0,0.5,0.0,0.0,0.0,0.0,1.0,1.0,0.0,1.0,0.6666666666666666,0.7159203980099502,0.1990811638591118,Yes,3
0.0,0.0,0.0,0.0,0.08333333333333333,1.0,1.0,0.5,0.0,0.0,0.0,0.0,1.0,1.0,0.0,1.0,0.0,0.7492537313432835,0.6846860643185299,Yes,0
1.0,0.0,0.0,0.0,0.986111111111111,1.0,1.0,0.5,0.0,0.0,1.0,1.0,0.0,0.0,1.0,1.0,0.3333333333333333,0.6781094527363184,0.770750382848392,No,3
0.0,0.0,1.0,0.0,0.3333333333333333,1.0,1.0,0.0,1.0,1.0,1.0,0.0,0.0,0.0,0.0,0.0,1.0,0.47810945273631833,0.15359877488514548,No,0
1.0,1.0,1.0,0.0,0.9305555555555555,1.0,1.0,0.5,0.0,0.0,0.0,0.0,1.0,1.0,0.0,1.0,0.3333333333333333,0.7601990049751244,0.760490045941807,No,3
1.0,0.0,0.0,0.0,0.013888888888888888,1.0,0.0,0.5,0.0,0.0,0.0,0.0,0.0,1.0,0.0,1.0,1.0,0.6228855721393034,0.9223583460949464,Yes,3
0.0,0.0,1.0,1.0,0.6666666666666666,1.0,1.0,0.5,0.0,0.0,0.0,0.0,0.0,1.0,0.5,1.0,1.0,0.6348258706467661,0.527718223583461,Yes,0
0.0,0.0,1.0,0.0,0.5138888888888888,1.0,1.0,0.0,0.0,1.0,0.0,1.0,0.0,1.0,0.5,0.0,1.0,0.535820895522388,0.35344563552833075,No,0
1.0,0.0,0.0,0.0,0.15277777777777776,0.0,0.5,0.0,0.0,1.0,1.0,0.0,0.0,0.0,0.0,0.0,1.0,0.16368159203980104,0.501990811638591,No,3
1.0,0.0,1.0,0.0,0.041666666666666664,1.0,0.0,1.0,0.5,0.5,0.5,0.5,0.5,0.5,0.0,1.0,0.3333333333333333,0.02288557213930348,0.6584992343032159,Yes,3
0.0,0.0,1.0,0.0,0.25,1.0,0.0,0.5,0.0,0.0,1.0,0.0,1.0,1.0,0.0,1.0,0.3333333333333333,0.7731343283582089,0.19387442572741193,No,0
1.0,0.0,1.0,1.0,0.6944444444444444,1.0,0.0,0.0,0.0,0.0,0.0,0.0,0.0,0.0,0.5,1.0,0.0,0.2641791044776119,0.28575803981623277,No,3
0.0,0.0,1.0,1.0,0.9305555555555555,1.0,1.0,0.5,1.0,0.0,1.0,1.0,1.0,1.0,0.5,1.0,0.6666666666666666,0.9069651741293533,0.8658499234303215,No,0
0.0,0.0,1.0,0.0,0.3472222222222222,1.0,0.0,0.0,1.0,1.0,0.0,1.0,0.0,1.0,0.0,1.0,1.0,0.5253731343283582,0.2130168453292496,No,0
0.0,1.0,0.0,0.0,0.027777777777777776,1.0,1.0,0.5,0.0,0.0,1.0,0.0,0.0,0.0,0.0,1.0,0.6666666666666666,0.6,0.1352220520673813,Yes,0
1.0,0.0,0.0,0.0,0.125,1.0,0.0,1.0,0.5,0.5,0.5,0.5,0.5,0.5,0.0,0.0,0.3333333333333333,0.014427860696517386,0.20627871362940275,No,3
0.0,0.0,0.0,1.0,0.1388888888888889,0.0,0.5,0.0,1.0,1.0,0.0,1.0,0.0,0.0,0.5,0.0,1.0,0.21890547263681592,0.5361408882082696,No,0
0.0,0.0,1.0,0.0,0.9722222222222222,1.0,0.0,1.0,0.5,0.5,0.5,0.5,0.5,0.5,1.0,0.0,0.3333333333333333,0.015920398009950265,0.09142419601837672,No,0
1.0,0.0,0.0,0.0,0.125,1.0,0.0,0.0,1.0,0.0,1.0,1.0,0.0,1.0,0.0,1.0,0.0,0.49751243781094523,0.7281776416539051,No,3
0.0,0.0,0.0,0.0,0.05555555555555555,1.0,0.0,1.0,0.5,0.5,0.5,0.5,0.5,0.5,0.0,1.0,0.3333333333333333,0.018905472636815884,0.823583460949464,No,0
0.0,0.0,0.0,0.0,0.027777777777777776,1.0,0.0,0.0,1.0,0.0,0.0,0.0,0.0,0.0,0.0,0.0,1.0,0.32537313432835824,0.06401225114854517,No,0
0.0,0.0,0.0,1.0,0.013888888888888888,1.0,0.0,0.5,0.0,0.0,0.0,0.0,0.0,1.0,0.0,0.0,0.6666666666666666,0.600995024875622,0.9052067381316998,Yes,0
1.0,0.0,0.0,0.0,0.2638888888888889,0.0,0.5,0.0,0.0,0.0,0.0,0.0,0.0,0.0,0.0,1.0,0.0,0.06865671641791044,0.6064318529862175,No,3
1.0,0.0,1.0,1.0,0.09722222222222221,1.0,0.0,1.0,0.5,0.5,0.5,0.5,0.5,0.5,0.0,1.0,0.0,0.019900497512437804,0.19188361408882082,No,3
1.0,0.0,0.0,0.0,0.013888888888888888,1.0,0.0,0.0,0.0,0.0,0.0,0.0,0.0,0.0,0.0,1.0,0.6666666666666666,0.24527363184079598,0.5497702909647779,Yes,3
1.0,1.0,0.0,0.0,0.013888888888888888,1.0,0.0,0.0,0.0,0.0,0.0,0.0,0.0,0.0,0.0,0.0,0.6666666666666666,0.2562189054726368,0.571822358346095,No,3
0.0,0.0,1.0,1.0,0.125,1.0,0.0,1.0,0.5,0.5,0.5,0.5,0.5,0.5,0.5,0.0,1.0,0.019900497512437804,0.1877488514548239,No,0
0.0,0.0,0.0,0.0,0.041666666666666664,0.0,0.5,0.0,1.0,0.0,0.0,1.0,0.0,0.0,0.0,0.0,1.0,0.15920398009950248,0.10872894333843798,Yes,0
0.0,0.0,0.0,0.0,0.125,0.0,0.5,0.0,1.0,0.0,1.0,1.0,1.0,1.0,0.0,0.0,1.0,0.40049751243781095,0.6865237366003063,Yes,0
0.0,0.0,0.0,0.0,0.06944444444444445,1.0,0.0,0.0,1.0,0.0,1.0,0.0,0.0,0.0,0.0,0.0,0.3333333333333333,0.37363184079601985,0.39739663093415006,No,0
0.0,0.0,1.0,1.0,0.7777777777777777,1.0,0.0,0.5,0.0,0.0,0.0,0.0,1.0,1.0,0.5,0.0,0.0,0.7029850746268657,0.6436447166921899,No,0
0.0,0.0,0.0,1.0,0.25,1.0,1.0,0.0,1.0,0.0,0.0,0.0,0.0,0.0,0.0,0.0,1.0,0.3920398009950249,0.9980091883614088,No,0
1.0,1.0,0.0,0.0,0.6805555555555555,1.0,1.0,0.5,0.0,0.0,0.0,0.0,1.0,1.0,0.0,1.0,0.6666666666666666,0.7756218905472637,0.6113323124042879,Yes,3
1.0,0.0,1.0,0.0,0.9722222222222222,1.0,1.0,0.0,1.0,1.0,1.0,1.0,1.0,0.0,1.0,0.0,1.0,0.6059701492537314,0.7035222052067381,No,3
0.0,0.0,0.0,0.0,1.0,1.0,1.0,0.5,0.0,1.0,1.0,1.0,1.0,1.0,1.0,1.0,0.3333333333333333,0.8935323383084576,0.9070444104134763,No,0
0.0,1.0,0.0,0.0,0.08333333333333333,1.0,0.0,0.5,0.0,0.0,1.0,0.0,0.0,0.0,0.0,0.0,0.6666666666666666,0.5587064676616916,0.5649310872894334,Yes,0
1.0,1.0,1.0,0.0,0.2361111111111111,1.0,1.0,0.5,0.0,0.0,0.0,0.0,1.0,1.0,0.0,1.0,0.6666666666666666,0.7616915422885572,0.1546707503828484,No,3
1.0,0.0,1.0,0.0,0.40277777777777773,0.0,0.5,0.0,0.0,0.0,0.0,0.0,1.0,1.0,0.0,1.0,0.6666666666666666,0.2751243781094527,0.09203675344563553,No,3
0.0,0.0,1.0,0.0,0.08333333333333333,1.0,1.0,0.5,0.0,1.0,1.0,0.0,1.0,1.0,0.0,1.0,0.6666666666666666,0.8661691542288558,0.6935681470137826,Yes,0
1.0,0.0,1.0,0.0,0.875,1.0,1.0,0.5,0.0,0.0,1.0,0.0,1.0,1.0,1.0,0.0,0.6666666666666666,0.8393034825870646,0.7790199081163859,No,3
1.0,0.0,1.0,0.0,0.2222222222222222,1.0,1.0,0.5,0.0,0.0,0.0,0.0,0.0,0.0,0.0,1.0,0.0,0.553233830845771,0.07917304747320061,Yes,3
1.0,0.0,0.0,0.0,0.8194444444444444,1.0,0.0,0.0,0.0,0.0,1.0,0.0,0.0,1.0,0.5,1.0,0.0,0.42885572139303485,0.4819295558958652,No,3
0.0,0.0,0.0,0.0,0.041666666666666664,1.0,0.0,0.0,0.0,0.0,1.0,0.0,1.0,0.0,0.0,0.0,0.6666666666666666,0.3910447761194029,0.16339969372128638,No,0
0.0,0.0,0.0,0.0,0.1111111111111111,0.0,0.5,0.0,0.0,1.0,0.0,0.0,0.0,0.0,0.0,1.0,1.0,0.10945273631840796,0.2906584992343032,No,0
0.0,1.0,1.0,0.0,0.09722222222222221,1.0,1.0,0.5,0.0,0.0,0.0,0.0,0.0,1.0,0.0,1.0,0.6666666666666666,0.6597014925373134,0.7947932618683001,Yes,0
0.0,0.0,0.0,0.0,0.9444444444444444,1.0,0.0,1.0,0.5,0.5,0.5,0.5,0.5,0.5,1.0,0.0,0.3333333333333333,0.013432835820895522,0.12496171516079632,No,0
0.0,0.0,1.0,1.0,0.9444444444444444,1.0,1.0,0.5,1.0,0.0,1.0,1.0,1.0,1.0,1.0,0.0,0.3333333333333333,0.9303482587064676,0.8854517611026034,No,0
0.0,1.0,1.0,0.0,0.7222222222222222,1.0,1.0,0.5,0.0,1.0,1.0,0.0,1.0,1.0,0.5,1.0,0.6666666666666666,0.8781094527363184,0.7130168453292496,No,0
1.0,0.0,1.0,1.0,1.0,1.0,1.0,0.5,1.0,1.0,0.0,1.0,1.0,1.0,1.0,1.0,0.3333333333333333,0.8900497512437812,0.9162327718223583,No,3
0.0,0.0,1.0,0.0,0.4444444444444444,1.0,0.0,1.0,0.5,0.5,0.5,0.5,0.5,0.5,0.5,0.0,1.0,0.010447761194029848,0.7445635528330781,No,0
0.0,0.0,1.0,0.0,1.0,1.0,0.0,1.0,0.5,0.5,0.5,0.5,0.5,0.5,1.0,0.0,0.0,0.01791044776119402,0.11944869831546708,No,0
1.0,0.0,1.0,1.0,0.013888888888888888,1.0,0.0,0.5,0.0,0.0,0.0,0.0,0.0,0.0,0.0,1.0,0.3333333333333333,0.5144278606965175,0.835375191424196,No,3
1.0,0.0,1.0,1.0,0.5833333333333333,1.0,0.0,0.0,1.0,0.0,0.0,1.0,0.0,1.0,0.5,0.0,0.3333333333333333,0.4522388059701493,0.367687595712098,No,3
0.0,0.0,0.0,0.0,0.3472222222222222,1.0,1.0,1.0,0.5,0.5,0.5,0.5,0.5,0.5,1.0,0.0,0.3333333333333333,0.06467661691542287,0.8364471669218989,Yes,0
1.0,0.0,0.0,0.0,0.625,1.0,0.0,0.0,1.0,0.0,0.0,0.0,0.0,0.0,0.0,1.0,0.0,0.3248756218905472,0.2967840735068913,No,3
0.0,0.0,1.0,1.0,0.5972222222222222,0.0,0.5,0.0,1.0,0.0,1.0,1.0,1.0,1.0,0.5,1.0,0.3333333333333333,0.4194029850746268,0.3505359877488514,No,0
1.0,0.0,1.0,0.0,0.5138888888888888,1.0,1.0,0.0,1.0,0.0,1.0,0.0,1.0,1.0,0.5,0.0,1.0,0.6069651741293532,0.38575803981623275,No,3
0.0,1.0,0.0,0.0,0.2777777777777778,1.0,1.0,0.5,0.0,0.0,0.0,0.0,0.0,1.0,0.0,1.0,0.3333333333333333,0.672139303482587,0.1888208269525268,Yes,0
0.0,0.0,0.0,0.0,0.05555555555555555,0.0,0.5,0.0,0.0,0.0,0.0,0.0,0.0,0.0,0.0,1.0,0.6666666666666666,0.061691542288557194,0.955895865237366,Yes,0
1.0,0.0,1.0,0.0,0.875,1.0,0.0,0.5,1.0,1.0,1.0,1.0,1.0,1.0,1.0,1.0,0.3333333333333333,0.9139303482587063,0.8150076569678407,No,3
1.0,0.0,0.0,0.0,0.041666666666666664,1.0,0.0,0.5,0.0,0.0,0.0,0.0,1.0,1.0,0.0,0.0,1.0,0.7208955223880598,0.30765696784073504,No,3
1.0,0.0,1.0,1.0,0.9166666666666666,1.0,1.0,1.0,0.5,0.5,0.5,0.5,0.5,0.5,1.0,1.0,0.3333333333333333,0.07014925373134329,0.17748851454823888,No,3
1.0,0.0,0.0,0.0,0.38888888888888884,1.0,1.0,0.5,0.0,1.0,1.0,0.0,1.0,1.0,0.0,1.0,0.6666666666666666,0.8701492537313432,0.394333843797856,Yes,3
0.0,1.0,0.0,0.0,0.1111111111111111,1.0,1.0,0.5,0.0,0.0,0.0,0.0,0.0,1.0,0.0,0.0,0.6666666666666666,0.6661691542288557,0.8384379785604901,No,0
1.0,0.0,0.0,1.0,0.986111111111111,1.0,1.0,1.0,0.5,0.5,0.5,0.5,0.5,0.5,1.0,0.0,1.0,0.06069651741293533,0.17427258805513016,No,3
1.0,0.0,0.0,0.0,0.013888888888888888,0.0,0.5,0.0,0.0,0.0,0.0,0.0,0.0,0.0,0.0,1.0,0.6666666666666666,0.05970149253731341,0.3120980091883614,Yes,3
0.0,0.0,1.0,1.0,1.0,1.0,1.0,1.0,0.5,0.5,0.5,0.5,0.5,0.5,1.0,0.0,0.0,0.0681592039800995,0.21807044410413476,No,0
1.0,1.0,1.0,0.0,0.2222222222222222,1.0,0.0,0.0,1.0,1.0,0.0,0.0,0.0,0.0,0.0,1.0,0.0,0.3611940298507462,0.9359877488514547,No,3
1.0,0.0,1.0,0.0,0.9166666666666666,1.0,1.0,0.5,1.0,1.0,1.0,1.0,0.0,0.0,1.0,0.0,1.0,0.7796019900497512,0.7918836140888208,No,3
0.0,0.0,0.0,0.0,0.15277777777777776,1.0,1.0,0.5,0.0,0.0,0.0,0.0,0.0,0.0,0.0,1.0,0.6666666666666666,0.5796019900497512,0.9439509954058193,Yes,0
1.0,0.0,0.0,0.0,0.7083333333333333,1.0,1.0,0.0,1.0,1.0,1.0,1.0,1.0,0.0,0.5,1.0,0.3333333333333333,0.6258706467661692,0.5388973966309342,No,3
0.0,0.0,0.0,1.0,0.1111111111111111,0.0,0.5,0.0,1.0,0.0,0.0,0.0,0.0,1.0,0.0,1.0,0.6666666666666666,0.2014925373134328,0.43920367534456356,No,0
1.0,0.0,0.0,0.0,0.19444444444444442,1.0,0.0,0.5,0.0,0.0,0.0,0.0,1.0,1.0,0.0,1.0,0.6666666666666666,0.7427860696517413,0.09372128637059723,No,3
0.0,0.0,0.0,0.0,0.05555555555555555,1.0,1.0,0.5,0.0,1.0,0.0,1.0,0.0,1.0,0.0,1.0,0.6666666666666666,0.7487562189054726,0.4790199081163859,Yes,0
0.0,0.0,0.0,0.0,0.9722222222222222,1.0,1.0,0.0,1.0,1.0,1.0,0.0,1.0,1.0,1.0,0.0,1.0,0.6611940298507463,0.7514548238897396,No,0
0.0,0.0,0.0,1.0,0.9722222222222222,1.0,1.0,0.0,1.0,1.0,0.0,1.0,0.0,0.0,1.0,0.0,0.6666666666666666,0.47512437810945274,0.6329249617151608,No,0
0.0,1.0,1.0,0.0,0.75,1.0,1.0,0.5,0.0,1.0,0.0,0.0,1.0,1.0,0.5,1.0,0.3333333333333333,0.8283582089552238,0.6852986217457886,Yes,0
1.0,0.0,0.0,1.0,0.38888888888888884,1.0,0.0,0.5,1.0,0.0,0.0,0.0,0.0,0.0,0.0,1.0,0.0,0.5636815920398011,0.2591117917304747,Yes,3
1.0,0.0,0.0,0.0,0.3333333333333333,1.0,0.0,1.0,0.5,0.5,0.5,0.5,0.5,0.5,1.0,0.0,1.0,0.02487562189054726,0.629709035222052,No,3
0.0,0.0,1.0,0.0,0.9583333333333333,1.0,0.0,0.0,0.0,1.0,0.0,0.0,0.0,1.0,1.0,1.0,0.3333333333333333,0.4298507462686567,0.5396630934150076,No,0
1.0,0.0,1.0,1.0,0.5833333333333333,1.0,0.0,0.0,1.0,1.0,0.0,0.0,0.0,0.0,0.0,0.0,1.0,0.3606965174129353,0.2972434915773354,No,3
0.0,1.0,0.0,0.0,0.027777777777777776,1.0,0.0,0.5,0.0,0.0,0.0,0.0,0.0,0.0,0.0,1.0,0.6666666666666666,0.5109452736318407,0.08713629402756508,Yes,0
0.0,1.0,0.0,0.0,0.5416666666666666,1.0,1.0,0.5,0.0,0.0,1.0,0.0,1.0,1.0,0.0,1.0,0.6666666666666666,0.8109452736318408,0.528177641653905,No,0
1.0,0.0,1.0,1.0,0.625,1.0,1.0,0.5,0.0,1.0,1.0,1.0,1.0,1.0,1.0,1.0,0.0,0.9104477611940299,0.6356814701378254,No,3
1.0,0.0,1.0,1.0,1.0,1.0,1.0,0.0,1.0,1.0,1.0,1.0,1.0,0.0,1.0,1.0,0.0,0.6228855721393034,0.7237366003062787,No,3
0.0,0.0,0.0,0.0,0.5277777777777778,1.0,0.0,1.0,0.5,0.5,0.5,0.5,0.5,0.5,1.0,0.0,1.0,0.020398009950248763,0.8790199081163859,No,0
1.0,0.0,1.0,0.0,1.0,1.0,1.0,0.0,1.0,1.0,1.0,1.0,0.0,0.0,1.0,1.0,0.0,0.49303482587064673,0.6214395099540582,No,3
1.0,0.0,0.0,0.0,0.013888888888888888,1.0,1.0,1.0,0.5,0.5,0.5,0.5,0.5,0.5,0.0,1.0,1.0,0.057711442786069655,0.311791730474732,Yes,3
1.0,0.0,1.0,1.0,1.0,1.0,0.0,1.0,0.5,0.5,0.5,0.5,0.5,0.5,1.0,1.0,0.3333333333333333,0.015422885572139305,0.11653905053598775,No,3
1.0,0.0,1.0,0.0,0.7638888888888888,1.0,1.0,1.0,0.5,0.5,0.5,0.5,0.5,0.5,1.0,0.0,0.0,0.07412935323383085,0.12603369065849923,No,3
0.0,0.0,1.0,1.0,0.7083333333333333,0.0,0.5,0.0,0.0,0.0,1.0,1.0,1.0,1.0,0.5,1.0,0.6666666666666666,0.3771144278606965,0.38315467075038284,No,0
1.0,0.0,0.0,0.0,0.875,1.0,0.0,0.0,1.0,1.0,1.0,1.0,1.0,1.0,1.0,1.0,0.0,0.6810945273631841,0.6797856049004594,No,3
0.0,0.0,0.0,0.0,0.013888888888888888,1.0,0.0,1.0,0.5,0.5,0.5,0.5,0.5,0.5,0.0,0.0,1.0,0.021393034825870627,0.24716692189892803,No,0
0.0,0.0,1.0,1.0,0.3194444444444444,1.0,0.0,1.0,0.5,0.5,0.5,0.5,0.5,0.5,1.0,1.0,1.0,0.013930348258706454,0.5875957120980092,No,0
0.0,0.0,0.0,0.0,0.013888888888888888,1.0,0.0,0.0,0.0,1.0,0.0,0.0,0.0,0.0,0.0,0.0,0.6666666666666666,0.32139303482587056,0.6477794793261868,Yes,0
0.0,0.0,0.0,0.0,0.027777777777777776,1.0,1.0,0.0,0.0,0.0,0.0,1.0,0.0,0.0,0.0,1.0,1.0,0.3592039800995025,0.04823889739663093,No,0
0.0,1.0,0.0,0.0,0.7222222222222222,1.0,1.0,0.5,1.0,1.0,1.0,0.0,1.0,1.0,0.0,0.0,0.3333333333333333,0.8940298507462686,0.7366003062787136,No,0
0.0,0.0,0.0,0.0,0.5,1.0,1.0,0.0,1.0,0.0,0.0,0.0,0.0,0.0,0.5,0.0,1.0,0.36019900497512436,0.22526799387442573,No,0
0.0,0.0,0.0,0.0,0.013888888888888888,1.0,0.0,0.0,0.0,0.0,0.0,0.0,0.0,0.0,0.0,0.0,1.0,0.26965174129353237,0.5845329249617152,No,0
0.0,0.0,0.0,0.0,0.38888888888888884,1.0,1.0,0.0,1.0,0.0,1.0,0.0,0.0,0.0,0.5,0.0,1.0,0.4054726368159204,0.17411944869831547,No,0
0.0,0.0,1.0,1.0,0.09722222222222221,1.0,0.0,0.0,1.0,1.0,1.0,0.0,1.0,0.0,0.5,0.0,0.6666666666666666,0.5094527363184079,0.6180704441041347,No,0
1.0,0.0,0.0,0.0,0.19444444444444442,1.0,1.0,0.5,0.0,1.0,0.0,0.0,1.0,1.0,0.0,1.0,0.6666666666666666,0.8189054726368158,0.11699846860643184,Yes,3
1.0,1.0,1.0,0.0,1.0,0.0,0.5,0.0,1.0,1.0,1.0,1.0,1.0,1.0,1.0,1.0,0.3333333333333333,0.46467661691542295,0.5934150076569679,No,3
0.0,0.0,1.0,1.0,0.013888888888888888,1.0,0.0,1.0,0.5,0.5,0.5,0.5,0.5,0.5,0.0,1.0,1.0,0.02238805970149252,0.24747320061255743,Yes,0
0.0,0.0,0.0,0.0,0.1388888888888889,1.0,0.0,1.0,0.5,0.5,0.5,0.5,0.5,0.5,0.0,0.0,1.0,0.005970149253731349,0.1686064318529862,No,0
1.0,0.0,0.0,0.0,0.5833333333333333,1.0,0.0,1.0,0.5,0.5,0.5,0.5,0.5,0.5,0.5,0.0,0.0,0.015422885572139305,0.9500765696784074,No,3
0.0,0.0,0.0,0.0,0.09722222222222221,0.0,0.5,0.0,0.0,0.0,0.0,0.0,0.0,0.0,0.0,0.0,0.0,0.06766169154228854,0.225114854517611,No,0
1.0,0.0,0.0,0.0,0.05555555555555555,1.0,0.0,0.5,0.0,0.0,1.0,0.0,0.0,0.0,0.0,1.0,0.0,0.5626865671641791,0.4278713629402756,Yes,3
1.0,0.0,1.0,1.0,1.0,1.0,1.0,0.5,1.0,1.0,1.0,1.0,1.0,1.0,1.0,1.0,0.3333333333333333,0.9557213930348257,0.9252679938744257,No,3
0.0,0.0,1.0,0.0,0.2777777777777778,0.0,0.5,0.0,0.0,0.0,0.0,0.0,0.0,0.0,0.0,1.0,0.6666666666666666,0.061691542288557194,0.623583460949464,Yes,0
1.0,0.0,0.0,0.0,0.875,1.0,0.0,0.5,1.0,1.0,1.0,1.0,1.0,1.0,1.0,0.0,0.3333333333333333,0.9049751243781096,0.8490045941807044,No,3
0.0,0.0,0.0,0.0,0.7777777777777777,0.0,0.5,0.0,1.0,1.0,1.0,1.0,0.0,0.0,1.0,0.0,0.0,0.2666666666666666,0.33966309341500767,No,0
0.0,0.0,0.0,1.0,0.06944444444444445,1.0,0.0,0.0,0.0,0.0,0.0,1.0,0.0,0.0,0.0,1.0,1.0,0.32587064676616917,0.377947932618683,No,0
0.0,0.0,1.0,0.0,1.0,1.0,1.0,0.5,0.0,1.0,1.0,1.0,1.0,1.0,1.0,1.0,0.0,0.9174129353233832,0.919448698315467,No,0
1.0,1.0,1.0,1.0,0.9444444444444444,1.0,1.0,0.5,0.0,1.0,1.0,0.0,0.0,0.0,0.0,1.0,0.6666666666666666,0.6606965174129353,0.718989280245023,No,3
1.0,0.0,1.0,1.0,0.9305555555555555,1.0,0.0,0.0,1.0,1.0,0.0,1.0,0.0,0.0,0.5,0.0,1.0,0.4159203980099502,0.5222052067381316,No,3
1.0,0.0,1.0,1.0,0.1111111111111111,1.0,0.0,0.0,0.0,0.0,0.0,0.0,0.0,0.0,0.0,0.0,0.0,0.2626865671641791,0.4871362940275651,No,3
1.0,0.0,1.0,1.0,0.7222222222222222,1.0,1.0,0.5,0.0,1.0,0.0,1.0,0.0,1.0,0.0,1.0,0.0,0.7462686567164178,0.6018376722817764,No,3
0.0,0.0,1.0,1.0,0.25,1.0,0.0,1.0,0.5,0.5,0.5,0.5,0.5,0.5,0.0,1.0,1.0,0.019900497512437804,0.524655436447167,No,0
0.0,0.0,1.0,1.0,0.8194444444444444,1.0,1.0,1.0,0.5,0.5,0.5,0.5,0.5,0.5,1.0,0.0,1.0,0.07164179104477608,0.14747320061255742,No,0
0.0,0.0,0.0,0.0,0.8333333333333333,1.0,0.0,1.0,0.5,0.5,0.5,0.5,0.5,0.5,1.0,0.0,1.0,0.023383084577114438,0.028024502297090352,No,0
1.0,0.0,0.0,0.0,0.09722222222222221,1.0,1.0,0.5,0.0,0.0,0.0,0.0,1.0,1.0,0.0,1.0,0.6666666666666666,0.7547263681592039,0.8464012251148545,No,3
1.0,0.0,1.0,1.0,0.8194444444444444,0.0,0.5,0.0,1.0,0.0,1.0,0.0,0.0,0.0,0.5,0.0,1.0,0.16467661691542285,0.2431852986217458,No,3
1.0,0.0,0.0,0.0,0.6388888888888888,0.0,0.5,0.0,1.0,0.0,1.0,1.0,1.0,1.0,1.0,1.0,0.0,0.42288557213930345,0.3822358346094946,No,3
1.0,0.0,0.0,0.0,0.06944444444444445,1.0,0.0,0.0,0.0,1.0,0.0,0.0,0.0,0.0,0.0,1.0,0.6666666666666666,0.3293532338308458,0.3473200612557427,No,3
1.0,1.0,1.0,0.0,0.8194444444444444,0.0,0.5,0.0,1.0,0.0,1.0,1.0,1.0,1.0,1.0,1.0,0.3333333333333333,0.45572139303482584,0.509188361408882,No,3
0.0,0.0,1.0,0.0,0.9722222222222222,1.0,1.0,0.0,0.0,1.0,1.0,1.0,1.0,1.0,1.0,1.0,0.0,0.6621890547263681,0.7431852986217458,No,0
0.0,0.0,0.0,0.0,0.19444444444444442,1.0,0.0,0.5,0.0,0.0,0.0,0.0,0.0,0.0,0.0,1.0,0.3333333333333333,0.5248756218905473,0.9727411944869832,Yes,0
0.0,0.0,0.0,0.0,0.611111111111111,1.0,1.0,0.0,0.0,0.0,0.0,0.0,0.0,0.0,0.0,1.0,1.0,0.31741293532338305,0.2690658499234303,No,0
0.0,0.0,1.0,0.0,0.8888888888888888,1.0,1.0,0.5,1.0,0.0,1.0,0.0,1.0,0.0,1.0,1.0,0.3333333333333333,0.7597014925373133,0.7465543644716692,No,0
0.0,0.0,1.0,1.0,0.8055555555555555,0.0,0.5,0.0,1.0,0.0,1.0,1.0,1.0,1.0,1.0,0.0,1.0,0.4129353233830846,0.4796324655436447,No,0
0.0,1.0,1.0,0.0,0.6388888888888888,1.0,1.0,0.5,0.0,0.0,0.0,1.0,1.0,1.0,0.5,0.0,0.6666666666666666,0.8159203980099502,0.6165390505359877,No,0
1.0,1.0,1.0,0.0,0.8055555555555555,1.0,1.0,0.5,0.0,1.0,0.0,0.0,1.0,1.0,0.0,1.0,0.6666666666666666,0.8024875621890547,0.7303215926493108,No,3
0.0,0.0,1.0,0.0,1.0,1.0,1.0,0.5,0.0,1.0,0.0,0.0,1.0,1.0,1.0,1.0,0.3333333333333333,0.790547263681592,0.8298621745788668,No,0
0.0,1.0,0.0,0.0,0.41666666666666663,0.0,0.5,0.0,0.0,0.0,1.0,0.0,1.0,0.0,0.0,1.0,0.6666666666666666,0.2194029850746268,0.04931087289433384,Yes,0
1.0,1.0,0.0,0.0,0.15277777777777776,1.0,1.0,0.0,1.0,1.0,0.0,0.0,0.0,0.0,0.0,0.0,0.0,0.417910447761194,0.8084226646248085,No,3
0.0,1.0,0.0,0.0,0.4722222222222222,0.0,0.5,0.0,0.0,1.0,1.0,0.0,1.0,1.0,0.0,1.0,0.6666666666666666,0.37810945273631835,0.19770290964777948,No,0
1.0,0.0,0.0,0.0,0.75,0.0,0.5,0.0,1.0,1.0,0.0,0.0,0.0,1.0,1.0,0.0,0.0,0.27810945273631843,0.31852986217457885,No,3
0.0,0.0,0.0,0.0,0.041666666666666664,0.0,0.5,0.0,0.0,1.0,0.0,0.0,1.0,1.0,0.0,1.0,0.6666666666666666,0.3218905472636816,0.15099540581929555,Yes,0
0.0,0.0,1.0,1.0,1.0,1.0,1.0,1.0,0.5,0.5,0.5,0.5,0.5,0.5,1.0,0.0,1.0,0.06616915422885569,0.21837672281776416,No,0
0.0,0.0,1.0,1.0,0.5555555555555556,1.0,1.0,0.5,0.0,0.0,1.0,1.0,0.0,0.0,0.0,1.0,0.6666666666666666,0.6626865671641791,0.43950995405819293,Yes,0
0.0,0.0,1.0,1.0,0.027777777777777776,1.0,0.0,0.0,0.0,0.0,0.0,0.0,1.0,1.0,0.0,0.0,1.0,0.47213930348258704,0.09448698315467075,Yes,0
1.0,0.0,1.0,1.0,0.75,1.0,1.0,0.0,0.0,0.0,1.0,0.0,0.0,1.0,1.0,0.0,0.3333333333333333,0.4487562189054727,0.45176110260336905,No,3
0.0,0.0,0.0,0.0,0.19444444444444442,1.0,0.0,0.0,1.0,0.0,0.0,0.0,0.0,0.0,0.0,0.0,0.0,0.3169154228855721,0.851761102603369,No,0
0.0,0.0,0.0,0.0,0.013888888888888888,1.0,0.0,0.5,0.0,0.0,0.0,0.0,0.0,0.0,0.0,0.0,0.6666666666666666,0.5199004975124378,0.8439509954058193,Yes,0
0.0,0.0,0.0,0.0,0.1388888888888889,1.0,1.0,0.5,0.0,1.0,1.0,0.0,0.0,1.0,0.0,1.0,0.6666666666666666,0.7621890547263681,0.9880551301684533,Yes,0
0.0,0.0,0.0,0.0,0.013888888888888888,1.0,0.0,0.0,1.0,0.0,0.0,0.0,0.0,0.0,0.0,0.0,0.6666666666666666,0.31741293532338305,0.647166921898928,No,0
1.0,0.0,0.0,0.0,0.013888888888888888,1.0,0.0,1.0,0.5,0.5,0.5,0.5,0.5,0.5,0.0,0.0,1.0,0.014925373134328346,0.22802450229709034,Yes,3
1.0,0.0,0.0,0.0,0.7777777777777777,1.0,1.0,0.0,1.0,1.0,0.0,1.0,0.0,0.0,0.5,1.0,0.0,0.46169154228855724,0.48437978560490047,No,3
0.0,0.0,1.0,0.0,0.9444444444444444,1.0,0.0,0.0,1.0,1.0,0.0,1.0,1.0,1.0,1.0,1.0,0.0,0.6104477611940298,0.7016845329249617,No,0
0.0,0.0,1.0,1.0,0.19444444444444442,1.0,0.0,1.0,0.5,0.5,0.5,0.5,0.5,0.5,0.5,1.0,1.0,0.01243781094527363,0.3612557427258805,No,0
1.0,0.0,1.0,1.0,0.9444444444444444,1.0,0.0,0.5,1.0,0.0,0.0,1.0,1.0,1.0,1.0,1.0,0.6666666666666666,0.8089552238805969,0.8107197549770291,No,3
1.0,1.0,1.0,0.0,0.7638888888888888,1.0,1.0,0.5,0.0,0.0,0.0,0.0,0.0,0.0,0.0,1.0,0.6666666666666666,0.554726368159204,0.5304747320061256,No,3
0.0,0.0,0.0,0.0,0.2222222222222222,0.0,0.5,0.0,1.0,0.0,0.0,0.0,1.0,0.0,0.0,1.0,0.6666666666666666,0.20547263681592037,0.8094946401225115,No,0
1.0,1.0,0.0,0.0,0.125,1.0,0.0,0.5,0.0,0.0,0.0,0.0,0.0,1.0,0.0,1.0,0.6666666666666666,0.6099502487562188,0.8600306278713629,No,3
1.0,0.0,1.0,1.0,0.19444444444444442,1.0,0.0,0.0,1.0,1.0,0.0,0.0,1.0,0.0,0.0,1.0,0.6666666666666666,0.4696517412935324,0.9820826952526799,Yes,3
1.0,1.0,1.0,0.0,0.8055555555555555,1.0,1.0,0.5,0.0,0.0,1.0,0.0,1.0,1.0,0.0,1.0,0.6666666666666666,0.800497512437811,0.7339969372128636,Yes,3
1.0,0.0,0.0,0.0,0.736111111111111,0.0,0.5,0.0,1.0,1.0,0.0,0.0,0.0,1.0,0.0,1.0,0.0,0.27910447761194024,0.33675344563552834,No,3
1.0,0.0,1.0,0.0,0.9722222222222222,1.0,1.0,0.5,1.0,1.0,1.0,0.0,1.0,0.0,1.0,1.0,0.3333333333333333,0.8069651741293532,0.8381316998468606,No,3
0.0,1.0,1.0,1.0,0.19444444444444442,1.0,1.0,0.5,0.0,0.0,0.0,0.0,1.0,1.0,0.0,1.0,0.6666666666666666,0.771641791044776,0.09678407350689126,No,0
1.0,0.0,1.0,1.0,0.3055555555555555,1.0,0.0,0.0,1.0,0.0,1.0,1.0,1.0,0.0,0.5,1.0,0.0,0.49004975124378103,0.15007656967840735,Yes,3
0.0,0.0,1.0,0.0,0.1388888888888889,1.0,1.0,0.5,1.0,0.0,0.0,0.0,0.0,0.0,0.0,1.0,0.3333333333333333,0.5960199004975125,0.895405819295559,No,0
0.0,0.0,1.0,1.0,0.40277777777777773,1.0,1.0,1.0,0.5,0.5,0.5,0.5,0.5,0.5,1.0,0.0,1.0,0.07810945273631842,0.8367534456355283,No,0
0.0,0.0,0.0,0.0,0.013888888888888888,1.0,0.0,0.5,0.0,0.0,0.0,0.0,0.0,0.0,0.0,1.0,0.6666666666666666,0.5109452736318407,0.834303215926493,Yes,0
1.0,0.0,1.0,0.0,0.6805555555555555,1.0,1.0,0.0,1.0,0.0,1.0,1.0,1.0,1.0,0.5,0.0,0.6666666666666666,0.6577114427860695,0.5310872894333843,Yes,3
0.0,1.0,1.0,0.0,0.9444444444444444,1.0,1.0,0.5,0.0,1.0,0.0,0.0,1.0,1.0,0.0,1.0,0.6666666666666666,0.8154228855721393,0.8286370597243491,Yes,0
0.0,0.0,0.0,0.0,0.013888888888888888,1.0,0.0,0.5,0.0,0.0,0.0,0.0,1.0,0.0,0.0,0.0,0.6666666666666666,0.5950248756218905,0.904594180704441,Yes,0
0.0,0.0,0.0,0.0,0.41666666666666663,0.0,0.5,0.0,0.0,0.0,0.0,1.0,0.0,1.0,0.5,1.0,0.3333333333333333,0.2199004975124378,0.053139356814701375,No,0
0.0,0.0,1.0,0.0,1.0,1.0,1.0,0.0,1.0,1.0,1.0,1.0,1.0,0.0,1.0,0.0,0.3333333333333333,0.6064676616915423,0.6883614088820826,No,0
0.0,0.0,0.0,0.0,0.1388888888888889,1.0,0.0,1.0,0.5,0.5,0.5,0.5,0.5,0.5,0.0,1.0,1.0,0.026368159203980085,0.3245022970903522,No,0
1.0,0.0,0.0,0.0,0.09722222222222221,1.0,1.0,0.5,0.0,0.0,0.0,0.0,0.0,0.0,0.0,0.0,0.6666666666666666,0.5507462686567164,0.6670750382848392,Yes,3
0.0,0.0,0.0,0.0,0.125,1.0,1.0,0.5,0.0,0.0,0.0,0.0,0.0,0.0,0.0,1.0,0.6666666666666666,0.5621890547263682,0.8496171516079633,Yes,0
0.0,0.0,0.0,1.0,0.013888888888888888,1.0,0.0,0.0,1.0,0.0,0.0,0.0,0.0,0.0,0.0,0.0,1.0,0.31492537313432833,0.6350689127105666,No,0
0.0,0.0,0.0,0.0,0.2777777777777778,1.0,1.0,0.0,0.0,1.0,0.0,1.0,0.0,1.0,0.0,1.0,0.3333333333333333,0.5039800995024876,0.10245022970903522,No,0
0.0,0.0,0.0,0.0,0.013888888888888888,1.0,0.0,1.0,0.5,0.5,0.5,0.5,0.5,0.5,0.0,1.0,1.0,0.019900497512437804,0.24670750382848392,No,0
0.0,0.0,0.0,0.0,0.40277777777777773,1.0,1.0,0.5,0.0,0.0,0.0,0.0,0.0,0.0,0.0,1.0,0.3333333333333333,0.5746268656716418,0.2833078101071975,No,0
1.0,0.0,0.0,0.0,0.013888888888888888,1.0,0.0,0.5,0.0,0.0,0.0,1.0,0.0,0.0,0.0,0.0,0.6666666666666666,0.554726368159204,0.8748851454823889,No,3
1.0,0.0,0.0,0.0,0.041666666666666664,1.0,0.0,0.5,1.0,0.0,0.0,1.0,0.0,0.0,0.0,1.0,1.0,0.6373134328358209,0.2693721286370597,No,3
0.0,0.0,0.0,0.0,0.2777777777777778,1.0,0.0,0.5,1.0,0.0,1.0,0.0,1.0,0.0,0.0,1.0,0.0,0.7079601990049752,0.22113323124042877,No,0
1.0,0.0,0.0,1.0,0.8888888888888888,1.0,0.0,0.5,0.0,1.0,0.0,1.0,1.0,1.0,0.0,1.0,0.3333333333333333,0.8049751243781095,0.7705972434915773,No,3
1.0,0.0,0.0,0.0,0.013888888888888888,1.0,0.0,1.0,0.5,0.5,0.5,0.5,0.5,0.5,0.0,1.0,1.0,0.019402985074626844,0.2465543644716692,Yes,3
0.0,0.0,0.0,0.0,0.08333333333333333,0.0,0.5,0.0,1.0,0.0,0.0,0.0,0.0,0.0,0.0,0.0,0.0,0.11144278606965174,0.16339969372128638,No,0
1.0,0.0,1.0,0.0,0.6944444444444444,1.0,0.0,1.0,0.5,0.5,0.5,0.5,0.5,0.5,1.0,0.0,0.6666666666666666,0.015422885572139305,0.004594180704441041,No,3
1.0,0.0,0.0,0.0,0.08333333333333333,1.0,0.0,0.0,1.0,0.0,0.0,0.0,0.0,1.0,0.0,1.0,0.0,0.4069651741293532,0.4465543644716692,No,3
1.0,0.0,1.0,1.0,0.09722222222222221,1.0,0.0,0.0,0.0,0.0,0.0,0.0,0.0,0.0,0.0,0.0,0.6666666666666666,0.26368159203980096,0.4427258805513017,No,3
1.0,0.0,1.0,1.0,1.0,1.0,1.0,0.5,0.0,0.0,1.0,0.0,0.0,1.0,1.0,1.0,0.3333333333333333,0.7218905472636815,0.7987748851454823,No,3
1.0,0.0,1.0,0.0,0.1111111111111111,1.0,0.0,0.0,0.0,1.0,0.0,0.0,0.0,0.0,0.0,1.0,0.0,0.3114427860696517,0.514854517611026,No,3
0.0,0.0,1.0,1.0,0.9305555555555555,1.0,1.0,0.5,1.0,0.0,0.0,1.0,1.0,1.0,1.0,0.0,0.3333333333333333,0.8800995024875623,0.8460949464012251,No,0
0.0,1.0,1.0,0.0,0.3333333333333333,1.0,1.0,0.5,0.0,0.0,0.0,0.0,1.0,1.0,0.0,1.0,0.6666666666666666,0.7492537313432835,0.2911179173047473,Yes,0
0.0,0.0,1.0,0.0,1.0,1.0,1.0,0.5,1.0,1.0,0.0,0.0,0.0,1.0,1.0,1.0,0.3333333333333333,0.7582089552238807,0.836906584992343,No,0
1.0,0.0,1.0,1.0,0.4583333333333333,1.0,0.0,1.0,0.5,0.5,0.5,0.5,0.5,0.5,0.5,1.0,0.0,0.011940298507462671,0.7528330781010719,No,3
1.0,0.0,0.0,0.0,0.027777777777777776,0.0,0.5,0.0,0.0,0.0,0.0,0.0,0.0,0.0,0.0,1.0,0.6666666666666666,0.06766169154228854,0.7099540581929555,Yes,3
1.0,0.0,1.0,0.0,0.9722222222222222,1.0,0.0,0.0,1.0,1.0,0.0,1.0,0.0,1.0,1.0,0.0,1.0,0.49452736318407964,0.6039816232771822,No,3
0.0,0.0,0.0,0.0,0.3055555555555555,1.0,0.0,0.0,0.0,1.0,1.0,0.0,1.0,0.0,0.5,0.0,0.0,0.46766169154228854,0.12511485451761103,No,0
0.0,0.0,0.0,0.0,0.8194444444444444,1.0,1.0,0.5,1.0,1.0,1.0,0.0,0.0,1.0,0.0,1.0,0.0,0.8079601990049752,0.7131699846860643,No,0
1.0,0.0,0.0,0.0,0.5,1.0,0.0,1.0,0.5,0.5,0.5,0.5,0.5,0.5,0.5,1.0,0.3333333333333333,0.020895522388059695,0.8385911179173047,No,3
0.0,0.0,1.0,1.0,0.7083333333333333,1.0,0.0,1.0,0.5,0.5,0.5,0.5,0.5,0.5,1.0,0.0,1.0,0.01691542288557213,0.00903522205206738,No,0
1.0,0.0,1.0,0.0,0.736111111111111,1.0,1.0,0.0,1.0,0.0,1.0,1.0,1.0,0.0,0.5,0.0,0.0,0.5885572139303483,0.5439509954058193,No,3
0.0,0.0,1.0,1.0,0.2777777777777778,1.0,0.0,1.0,0.5,0.5,0.5,0.5,0.5,0.5,0.5,0.0,0.0,0.014427860696517386,0.5166921898928024,No,0
1.0,0.0,1.0,0.0,0.875,1.0,0.0,0.5,1.0,0.0,1.0,0.0,1.0,1.0,1.0,0.0,0.3333333333333333,0.8104477611940298,0.783614088820827,No,3
0.0,0.0,0.0,0.0,0.5555555555555556,1.0,0.0,0.5,0.0,1.0,0.0,0.0,0.0,0.0,0.0,0.0,0.3333333333333333,0.5626865671641791,0.39341500765696785,No,0
1.0,0.0,0.0,0.0,0.4861111111111111,1.0,0.0,1.0,0.5,0.5,0.5,0.5,0.5,0.5,0.5,1.0,1.0,0.008955223880596996,0.7874425727411944,No,3
1.0,0.0,1.0,1.0,0.3611111111111111,1.0,0.0,0.5,0.0,0.0,0.0,0.0,0.0,1.0,0.5,0.0,0.0,0.6039800995024875,0.2555895865237366,No,3
1.0,1.0,1.0,0.0,0.375,1.0,1.0,0.5,0.0,1.0,1.0,0.0,0.0,1.0,0.0,1.0,0.6666666666666666,0.7691542288557214,0.3321592649310873,Yes,3
1.0,0.0,0.0,1.0,0.736111111111111,1.0,0.0,0.0,1.0,1.0,0.0,1.0,0.0,0.0,0.5,0.0,0.3333333333333333,0.44378109452736314,0.45375191424196015,No,3
1.0,1.0,1.0,0.0,0.4722222222222222,1.0,0.0,0.5,0.0,0.0,0.0,0.0,0.0,0.0,0.0,0.0,0.3333333333333333,0.5303482587064676,0.31791730474732005,No,3
0.0,1.0,1.0,0.0,0.2638888888888889,1.0,1.0,0.5,0.0,0.0,0.0,0.0,1.0,1.0,0.0,1.0,0.6666666666666666,0.7631840796019901,0.19693721286370597,No,0
1.0,0.0,1.0,0.0,0.5972222222222222,1.0,0.0,0.5,1.0,1.0,1.0,0.0,0.0,0.0,0.0,1.0,0.3333333333333333,0.6751243781094527,0.47136294027565084,No,3
1.0,0.0,1.0,1.0,0.08333333333333333,1.0,0.0,1.0,0.5,0.5,0.5,0.5,0.5,0.5,0.0,0.0,1.0,0.012935323383084563,0.062174578866768755,No,3
1.0,0.0,0.0,1.0,0.7777777777777777,1.0,1.0,1.0,0.5,0.5,0.5,0.5,0.5,0.5,1.0,1.0,1.0,0.06517412935323383,0.11975497702909647,No,3
1.0,0.0,0.0,0.0,0.7916666666666666,0.0,0.5,0.0,0.0,1.0,0.0,0.0,1.0,0.0,0.0,1.0,0.6666666666666666,0.20945273631840794,0.2669218989280245,Yes,3
1.0,0.0,1.0,1.0,0.4722222222222222,1.0,0.0,0.5,0.0,0.0,1.0,0.0,1.0,0.0,0.0,1.0,1.0,0.6547263681592039,0.3848392036753446,No,3
0.0,0.0,0.0,0.0,0.1388888888888889,0.0,0.5,0.0,0.0,1.0,0.0,1.0,0.0,0.0,0.0,0.0,0.6666666666666666,0.17910447761194026,0.4926493108728943,No,0
0.0,0.0,0.0,0.0,0.013888888888888888,1.0,0.0,1.0,0.5,0.5,0.5,0.5,0.5,0.5,0.0,1.0,1.0,0.019900497512437804,0.24670750382848392,Yes,0
0.0,0.0,0.0,0.0,0.18055555555555555,0.0,0.5,0.0,0.0,0.0,0.0,0.0,0.0,0.0,0.0,1.0,0.6666666666666666,0.056218905472636804,0.3977029096477795,Yes,0
1.0,0.0,0.0,0.0,0.7777777777777777,1.0,1.0,0.5,0.0,1.0,0.0,0.0,1.0,1.0,0.0,0.0,0.6666666666666666,0.799502487562189,0.7078101071975498,No,3
0.0,0.0,1.0,0.0,0.7638888888888888,1.0,1.0,0.5,0.0,1.0,1.0,0.0,1.0,1.0,0.0,1.0,0.3333333333333333,0.8497512437810945,0.7180704441041348,No,0
0.0,0.0,1.0,1.0,0.5,1.0,1.0,0.0,1.0,1.0,1.0,1.0,1.0,1.0,1.0,1.0,0.3333333333333333,0.7427860696517413,0.44900459418070443,No,0
1.0,0.0,1.0,0.0,0.6527777777777778,1.0,0.0,1.0,0.5,0.5,0.5,0.5,0.5,0.5,0.5,0.0,0.0,0.01641791044776117,0.9842266462480858,No,3
0.0,0.0,1.0,1.0,0.16666666666666666,1.0,0.0,1.0,0.5,0.5,0.5,0.5,0.5,0.5,0.0,1.0,0.3333333333333333,0.01840796019900498,0.2995405819295559,No,0
0.0,0.0,0.0,0.0,0.013888888888888888,1.0,0.0,0.5,0.0,0.0,1.0,0.0,1.0,0.0,0.0,1.0,0.6666666666666666,0.6686567164179105,0.9509954058192955,Yes,0
1.0,1.0,0.0,0.0,0.3333333333333333,1.0,1.0,0.5,0.0,1.0,0.0,0.0,0.0,0.0,0.0,1.0,0.6666666666666666,0.6194029850746269,0.26263399693721284,No,3
0.0,0.0,0.0,0.0,0.875,1.0,1.0,0.5,0.0,1.0,0.0,0.0,1.0,1.0,0.5,0.0,0.0,0.8124378109452737,0.7669218989280244,Yes,0
0.0,1.0,0.0,0.0,0.4861111111111111,0.0,0.5,0.0,0.0,0.0,1.0,0.0,1.0,0.0,0.0,1.0,0.6666666666666666,0.21492537313432836,0.1231240428790199,No,0
0.0,0.0,0.0,0.0,0.9305555555555555,1.0,0.0,0.0,1.0,1.0,0.0,1.0,0.0,0.0,0.5,0.0,0.3333333333333333,0.4203980099502488,0.5070444104134763,No,0
1.0,0.0,0.0,0.0,0.3472222222222222,1.0,1.0,0.5,0.0,0.0,0.0,0.0,0.0,1.0,0.0,1.0,0.6666666666666666,0.6621890547263681,0.2565084226646248,Yes,3
1.0,0.0,0.0,0.0,0.29166666666666663,1.0,1.0,0.5,1.0,0.0,1.0,0.0,1.0,1.0,0.0,0.0,1.0,0.8517412935323382,0.28315467075038286,No,3
0.0,0.0,0.0,0.0,0.18055555555555555,1.0,0.0,0.0,1.0,1.0,0.0,1.0,0.0,1.0,0.0,0.0,0.0,0.49303482587064673,0.9468606431852986,No,0
1.0,0.0,1.0,0.0,0.4861111111111111,1.0,1.0,0.5,0.0,0.0,0.0,0.0,0.0,0.0,0.0,1.0,0.6666666666666666,0.5666666666666667,0.3418070444104135,Yes,3
1.0,1.0,1.0,0.0,0.986111111111111,1.0,1.0,1.0,0.5,0.5,0.5,0.5,0.5,0.5,1.0,0.0,0.0,0.06567164179104479,0.22955589586523736,No,3
0.0,0.0,0.0,0.0,0.40277777777777773,1.0,0.0,1.0,0.5,0.5,0.5,0.5,0.5,0.5,0.0,0.0,0.3333333333333333,0.010945273631840807,0.7537519142419602,No,0
1.0,0.0,1.0,0.0,0.986111111111111,0.0,0.5,0.0,0.0,1.0,0.0,0.0,1.0,1.0,1.0,0.0,0.6666666666666666,0.309452736318408,0.4669218989280245,Yes,3
1.0,1.0,1.0,0.0,0.09722222222222221,1.0,0.0,0.5,0.0,0.0,0.0,0.0,1.0,1.0,0.0,1.0,0.6666666666666666,0.7039800995024875,0.757427258805513,No,3
0.0,1.0,0.0,0.0,0.7916666666666666,0.0,0.5,0.0,0.0,1.0,1.0,0.0,1.0,1.0,0.0,1.0,0.6666666666666666,0.3656716417910447,0.41209800918836137,No,0
1.0,0.0,1.0,0.0,0.9027777777777777,1.0,1.0,0.0,1.0,0.0,1.0,1.0,0.0,1.0,1.0,0.0,0.0,0.5761194029850747,0.639969372128637,No,3
1.0,0.0,0.0,0.0,0.375,1.0,0.0,1.0,0.5,0.5,0.5,0.5,0.5,0.5,0.5,0.0,1.0,0.020398009950248763,0.7467075038284839,No,3
1.0,0.0,0.0,0.0,0.08333333333333333,1.0,1.0,0.5,0.0,0.0,0.0,0.0,0.0,0.0,0.0,1.0,0.6666666666666666,0.5636815920398011,0.6081163859111791,Yes,3
0.0,1.0,0.0,0.0,1.0,1.0,1.0,0.5,1.0,1.0,1.0,1.0,1.0,1.0,1.0,1.0,0.3333333333333333,0.9860696517412934,0.9476263399693721,No,0
1.0,0.0,0.0,0.0,0.013888888888888888,1.0,0.0,1.0,0.5,0.5,0.5,0.5,0.5,0.5,0.0,1.0,1.0,0.014925373134328346,0.22802450229709034,No,3
1.0,0.0,0.0,0.0,0.15277777777777776,1.0,0.0,0.0,0.0,0.0,0.0,0.0,0.0,0.0,0.0,0.0,0.3333333333333333,0.2681592039800995,0.6387442572741194,No,3
1.0,0.0,1.0,1.0,0.5416666666666666,1.0,1.0,1.0,0.5,0.5,0.5,0.5,0.5,0.5,1.0,0.0,1.0,0.06915422885572137,0.9963246554364471,No,3
0.0,1.0,0.0,0.0,0.8194444444444444,1.0,1.0,0.5,1.0,1.0,1.0,0.0,0.0,0.0,0.0,1.0,0.6666666666666666,0.7114427860696517,0.69739663093415,No,0
1.0,0.0,0.0,0.0,0.3611111111111111,1.0,0.0,0.0,1.0,0.0,0.0,1.0,1.0,1.0,0.5,0.0,0.0,0.5646766169154228,0.23078101071975496,No,3
1.0,1.0,0.0,0.0,0.027777777777777776,1.0,0.0,0.0,0.0,0.0,1.0,0.0,0.0,0.0,0.0,0.0,1.0,0.3154228855721393,0.020520673813169982,No,3
0.0,0.0,1.0,1.0,1.0,0.0,0.5,0.0,1.0,1.0,1.0,1.0,1.0,1.0,1.0,0.0,0.0,0.47213930348258704,0.595865237366003,No,0
1.0,0.0,1.0,0.0,0.9027777777777777,1.0,1.0,0.0,1.0,1.0,1.0,0.0,0.0,0.0,0.5,0.0,0.3333333333333333,0.48557213930348253,0.5618683001531394,No,3
1.0,0.0,1.0,1.0,1.0,1.0,1.0,0.5,0.0,1.0,1.0,1.0,1.0,1.0,1.0,0.0,0.3333333333333333,0.9218905472636817,0.9166921898928024,No,3
1.0,0.0,0.0,0.0,0.08333333333333333,1.0,1.0,0.5,0.0,0.0,0.0,1.0,0.0,1.0,0.0,1.0,0.0,0.6935323383084577,0.6695252679938744,No,3
1.0,1.0,0.0,0.0,0.4444444444444444,1.0,0.0,1.0,0.5,0.5,0.5,0.5,0.5,0.5,0.5,0.0,0.3333333333333333,0.015422885572139305,0.7387442572741194,No,3
0.0,0.0,1.0,0.0,0.6944444444444444,1.0,1.0,0.0,0.0,0.0,1.0,0.0,1.0,1.0,0.5,0.0,0.0,0.5716417910447761,0.5078101071975497,No,0
1.0,0.0,1.0,0.0,0.8472222222222222,0.0,0.5,0.0,1.0,0.0,1.0,1.0,1.0,1.0,1.0,1.0,1.0,0.43681592039800987,0.49693721286370596,No,3
0.0,0.0,0.0,0.0,0.20833333333333331,1.0,0.0,0.5,0.0,1.0,1.0,0.0,1.0,1.0,0.0,1.0,0.6666666666666666,0.8258706467661691,0.12894333843797856,Yes,0
1.0,0.0,1.0,0.0,1.0,1.0,1.0,0.5,1.0,1.0,1.0,1.0,1.0,1.0,1.0,0.0,0.0,0.9641791044776119,0.9430321592649311,No,3
1.0,0.0,0.0,0.0,0.125,1.0,0.0,1.0,0.5,0.5,0.5,0.5,0.5,0.5,0.0,1.0,1.0,0.006965174129353213,0.21669218989280245,Yes,3
0.0,0.0,0.0,0.0,0.013888888888888888,1.0,0.0,1.0,0.5,0.5,0.5,0.5,0.5,0.5,0.0,0.0,1.0,0.01243781094527363,0.22725880551301683,No,0
0.0,0.0,0.0,0.0,0.16666666666666666,1.0,1.0,0.5,0.0,0.0,0.0,0.0,0.0,1.0,0.0,1.0,0.6666666666666666,0.6796019900497512,0.019448698315467073,No,0
0.0,0.0,0.0,0.0,0.5138888888888888,0.0,0.5,0.0,0.0,0.0,0.0,1.0,0.0,0.0,0.0,0.0,0.3333333333333333,0.10298507462686568,0.994333843797856,Yes,0
1.0,0.0,1.0,1.0,0.8472222222222222,1.0,0.0,1.0,0.5,0.5,0.5,0.5,0.5,0.5,0.5,0.0,1.0,0.021393034825870627,0.06355283307810107,No,3
1.0,0.0,1.0,1.0,0.25,1.0,0.0,1.0,0.5,0.5,0.5,0.5,0.5,0.5,0.5,0.0,0.0,0.015422885572139305,0.45390505359877487,No,3
1.0,0.0,0.0,1.0,0.29166666666666663,1.0,0.0,0.0,0.0,0.0,0.0,0.0,0.0,0.0,0.0,0.0,1.0,0.27263681592039796,0.9961715160796324,No,3
1.0,0.0,1.0,1.0,0.9444444444444444,0.0,0.5,0.0,1.0,1.0,1.0,1.0,0.0,1.0,1.0,1.0,1.0,0.37960199004975126,0.516385911179173,No,3
1.0,1.0,0.0,0.0,0.16666666666666666,1.0,1.0,0.5,0.0,0.0,0.0,0.0,0.0,0.0,0.0,1.0,0.3333333333333333,0.5477611940298507,0.9376722817764165,No,3
0.0,1.0,0.0,0.0,0.027777777777777776,0.0,0.5,0.0,0.0,0.0,0.0,0.0,0.0,0.0,0.0,0.0,0.6666666666666666,0.06069651741293533,0.5349157733537518,Yes,0
0.0,0.0,1.0,0.0,0.861111111111111,1.0,1.0,0.5,0.0,0.0,1.0,0.0,1.0,1.0,0.0,1.0,0.6666666666666666,0.8268656716417909,0.7698315467075038,No,0
0.0,1.0,0.0,0.0,0.40277777777777773,1.0,1.0,0.5,0.0,0.0,0.0,1.0,1.0,1.0,0.0,0.0,0.6666666666666666,0.8,0.3784073506891271,Yes,0
1.0,0.0,0.0,1.0,0.013888888888888888,0.0,0.5,0.0,0.0,1.0,0.0,1.0,0.0,0.0,0.0,0.0,1.0,0.1527363184079602,0.43828483920367534,No,3
1.0,1.0,1.0,0.0,0.06944444444444445,1.0,1.0,0.5,0.0,0.0,1.0,0.0,0.0,0.0,0.0,1.0,0.0,0.6134328358208956,0.4549770290964778,Yes,3
0.0,0.0,0.0,0.0,0.013888888888888888,1.0,0.0,1.0,0.5,0.5,0.5,0.5,0.5,0.5,0.0,0.0,0.6666666666666666,0.024378109452736302,0.24808575803981622,No,0
1.0,0.0,0.0,1.0,0.861111111111111,1.0,1.0,0.5,0.0,0.0,1.0,1.0,1.0,1.0,1.0,1.0,0.6666666666666666,0.8537313432835821,0.8056661562021439,No,3
0.0,0.0,1.0,1.0,0.5,1.0,0.0,1.0,0.5,0.5,0.5,0.5,0.5,0.5,1.0,0.0,0.0,0.019900497512437804,0.8592649310872894,No,0
0.0,1.0,0.0,0.0,0.38888888888888884,1.0,1.0,0.5,0.0,0.0,1.0,1.0,1.0,1.0,0.0,1.0,0.6666666666666666,0.8462686567164178,0.3820826952526799,Yes,0
0.0,0.0,1.0,1.0,0.9583333333333333,1.0,1.0,0.0,1.0,1.0,0.0,1.0,1.0,0.0,0.5,0.0,0.3333333333333333,0.5517412935323384,0.6318529862174579,No,0
0.0,0.0,1.0,0.0,0.15277777777777776,1.0,1.0,0.5,1.0,0.0,0.0,1.0,1.0,0.0,0.0,1.0,0.3333333333333333,0.7756218905472637,0.06263399693721286,Yes,0
0.0,0.0,1.0,0.0,0.875,1.0,1.0,0.5,0.0,1.0,1.0,1.0,1.0,1.0,0.0,1.0,0.6666666666666666,0.9004975124378108,0.8300153139356814,No,0
1.0,0.0,0.0,0.0,0.3194444444444444,1.0,0.0,1.0,0.5,0.5,0.5,0.5,0.5,0.5,0.5,0.0,0.0,0.018905472636815884,0.5301684532924962,No,3
1.0,0.0,0.0,0.0,0.1388888888888889,1.0,0.0,1.0,0.5,0.5,0.5,0.5,0.5,0.5,0.0,0.0,0.3333333333333333,0.014925373134328346,0.26125574272588054,No,3
0.0,0.0,1.0,0.0,0.986111111111111,1.0,1.0,1.0,0.5,0.5,0.5,0.5,0.5,0.5,1.0,1.0,0.3333333333333333,0.07661691542288557,0.20673813169984687,No,0
0.0,1.0,0.0,0.0,0.625,1.0,1.0,0.0,1.0,0.0,0.0,1.0,0.0,1.0,0.0,1.0,0.6666666666666666,0.5154228855721392,0.40750382848392036,No,0
0.0,0.0,1.0,1.0,0.9722222222222222,1.0,1.0,1.0,0.5,0.5,0.5,0.5,0.5,0.5,1.0,0.0,1.0,0.057711442786069655,0.19754977029096477,No,0
0.0,0.0,0.0,1.0,0.3055555555555555,1.0,1.0,0.5,0.0,0.0,0.0,0.0,0.0,1.0,0.0,1.0,0.6666666666666666,0.6616915422885572,0.2099540581929556,No,0
0.0,0.0,1.0,1.0,0.7222222222222222,1.0,1.0,1.0,0.5,0.5,0.5,0.5,0.5,0.5,1.0,0.0,1.0,0.04776119402985074,0.07151607963246553,No,0
1.0,0.0,1.0,0.0,0.7638888888888888,1.0,1.0,0.5,0.0,0.0,1.0,1.0,1.0,1.0,0.5,1.0,0.6666666666666666,0.854726368159204,0.7261868300153139,Yes,3
0.0,0.0,0.0,0.0,0.9027777777777777,0.0,0.5,0.0,1.0,0.0,1.0,1.0,1.0,1.0,1.0,0.0,0.3333333333333333,0.4149253731343284,0.5140888208269525,No,0
0.0,0.0,1.0,1.0,1.0,1.0,0.0,1.0,0.5,0.5,0.5,0.5,0.5,0.5,1.0,0.0,0.0,0.012935323383084563,0.13124042879019907,No,0
1.0,0.0,1.0,0.0,0.1388888888888889,1.0,0.0,1.0,0.5,0.5,0.5,0.5,0.5,0.5,0.5,0.0,0.0,0.013432835820895522,0.22496171516079633,No,3
0.0,0.0,0.0,1.0,0.09722222222222221,1.0,0.0,1.0,0.5,0.5,0.5,0.5,0.5,0.5,0.5,0.0,1.0,0.01791044776119402,0.9905053598774884,No,0
1.0,1.0,0.0,0.0,0.06944444444444445,1.0,0.0,0.5,0.0,1.0,0.0,0.0,0.0,1.0,0.0,1.0,0.6666666666666666,0.6696517412935323,0.5333843797856049,No,3
0.0,0.0,1.0,1.0,0.3333333333333333,1.0,1.0,0.0,1.0,0.0,1.0,0.0,1.0,1.0,1.0,0.0,0.3333333333333333,0.6004975124378109,0.21546707503828483,No,0
0.0,0.0,1.0,1.0,1.0,1.0,1.0,0.5,1.0,1.0,1.0,1.0,1.0,1.0,1.0,1.0,0.3333333333333333,0.980597014925373,0.9483920367534456,No,0
1.0,0.0,0.0,0.0,0.29166666666666663,0.0,0.5,0.0,1.0,0.0,0.0,1.0,1.0,0.0,0.0,1.0,1.0,0.25174129353233826,0.003981623277182236,No,3
1.0,0.0,1.0,0.0,0.9583333333333333,0.0,0.5,0.0,0.0,1.0,1.0,1.0,1.0,1.0,0.5,1.0,0.3333333333333333,0.4233830845771144,0.5560490045941807,No,3
1.0,0.0,1.0,1.0,0.611111111111111,1.0,0.0,0.0,0.0,1.0,0.0,1.0,0.0,0.0,0.0,1.0,0.0,0.36467661691542286,0.3372128637059724,No,3
0.0,1.0,1.0,1.0,0.8472222222222222,1.0,1.0,0.0,0.0,0.0,1.0,0.0,1.0,0.0,0.5,1.0,0.6666666666666666,0.4671641791044776,0.518989280245023,No,0
1.0,1.0,0.0,0.0,0.3333333333333333,1.0,1.0,0.5,0.0,1.0,1.0,0.0,1.0,1.0,0.0,1.0,0.3333333333333333,0.8427860696517412,0.32802450229709035,Yes,3
0.0,0.0,0.0,0.0,0.013888888888888888,1.0,0.0,0.5,0.0,0.0,0.0,0.0,1.0,1.0,0.0,0.0,0.6666666666666666,0.7199004975124377,0.9686064318529862,Yes,0
0.0,0.0,0.0,0.0,0.08333333333333333,1.0,0.0,0.0,0.0,0.0,0.0,1.0,0.0,0.0,0.0,1.0,0.0,0.32388059701492533,0.381010719754977,Yes,0
1.0,0.0,0.0,0.0,0.05555555555555555,1.0,1.0,0.5,0.0,1.0,0.0,0.0,0.0,1.0,0.0,1.0,0.6666666666666666,0.7144278606965173,0.48560490045941807,Yes,3
1.0,0.0,1.0,0.0,1.0,1.0,1.0,0.5,0.0,1.0,1.0,1.0,1.0,1.0,1.0,1.0,0.6666666666666666,0.8950248756218905,0.9079632465543644,No,3
1.0,0.0,0.0,0.0,1.0,1.0,1.0,0.0,1.0,1.0,1.0,1.0,1.0,1.0,1.0,0.0,0.0,0.7338308457711442,0.8090352220520673,No,3
1.0,1.0,1.0,0.0,0.19444444444444442,1.0,1.0,0.5,0.0,0.0,0.0,0.0,0.0,0.0,0.0,1.0,0.6666666666666666,0.5656716417910447,0.004747320061255743,No,3
1.0,0.0,0.0,0.0,0.09722222222222221,1.0,1.0,1.0,0.5,0.5,0.5,0.5,0.5,0.5,0.0,1.0,0.0,0.06766169154228854,0.144104134762634,No,3
0.0,0.0,0.0,0.0,0.6666666666666666,1.0,0.0,0.5,0.0,1.0,0.0,0.0,0.0,0.0,0.5,0.0,0.6666666666666666,0.5661691542288557,0.49601837672281773,No,0
1.0,0.0,1.0,1.0,0.7638888888888888,1.0,0.0,1.0,0.5,0.5,0.5,0.5,0.5,0.5,0.5,0.0,1.0,0.01243781094527363,0.008728943338437978,No,3
1.0,0.0,0.0,0.0,0.013888888888888888,1.0,0.0,1.0,0.5,0.5,0.5,0.5,0.5,0.5,0.0,0.0,0.3333333333333333,0.010447761194029848,0.22679938744257275,No,3
1.0,0.0,0.0,0.0,0.625,1.0,0.0,0.5,1.0,1.0,1.0,1.0,1.0,1.0,0.5,0.0,0.3333333333333333,0.9348258706467661,0.6526799387442572,No,3
1.0,0.0,0.0,0.0,0.041666666666666664,1.0,0.0,0.5,0.0,0.0,0.0,0.0,0.0,0.0,0.0,1.0,1.0,0.517910447761194,0.2793261868300153,No,3
0.0,0.0,1.0,0.0,0.986111111111111,1.0,0.0,1.0,0.5,0.5,0.5,0.5,0.5,0.5,1.0,0.0,1.0,0.013432835820895522,0.11745788667687596,No,0
1.0,0.0,1.0,0.0,0.1111111111111111,1.0,0.0,1.0,0.5,0.5,0.5,0.5,0.5,0.5,0.0,0.0,1.0,0.019900497512437804,0.15758039816232772,No,3
0.0,0.0,1.0,0.0,0.041666666666666664,1.0,1.0,0.5,0.0,0.0,0.0,0.0,0.0,0.0,0.0,1.0,0.6666666666666666,0.5731343283582089,0.33935681470137824,Yes,0
1.0,0.0,1.0,1.0,0.9583333333333333,1.0,0.0,0.0,1.0,1.0,0.0,1.0,1.0,1.0,1.0,0.0,0.0,0.6208955223880598,0.7044410413476263,No,3
1.0,0.0,1.0,1.0,0.013888888888888888,1.0,0.0,0.5,0.0,0.0,0.0,0.0,0.0,0.0,0.0,1.0,0.6666666666666666,0.5,0.8237366003062787,Yes,3
0.0,1.0,1.0,0.0,1.0,1.0,1.0,0.5,1.0,1.0,1.0,1.0,1.0,1.0,1.0,1.0,0.3333333333333333,0.9701492537313433,0.9479326186830015,No,0
1.0,0.0,0.0,0.0,0.15277777777777776,1.0,0.0,0.5,1.0,0.0,0.0,0.0,0.0,0.0,0.0,1.0,0.6666666666666666,0.5497512437810945,0.9160796324655436,Yes,3
1.0,0.0,0.0,0.0,0.986111111111111,1.0,1.0,0.0,1.0,1.0,1.0,1.0,0.0,1.0,1.0,0.0,0.0,0.6203980099502486,0.7212863705972434,No,3
0.0,0.0,0.0,0.0,0.013888888888888888,1.0,0.0,0.5,0.0,0.0,0.0,0.0,0.0,0.0,0.0,1.0,1.0,0.5144278606965175,0.835375191424196,Yes,0
0.0,0.0,1.0,0.0,0.4583333333333333,0.0,0.5,0.0,1.0,0.0,1.0,1.0,1.0,1.0,1.0,0.0,0.0,0.41094527363184075,0.25191424196018375,No,0
0.0,0.0,0.0,0.0,0.2222222222222222,1.0,0.0,1.0,0.5,0.5,0.5,0.5,0.5,0.5,0.5,0.0,1.0,0.007960199004975133,0.4341500765696784,No,0
0.0,1.0,1.0,0.0,0.7777777777777777,1.0,1.0,0.5,1.0,1.0,1.0,1.0,0.0,0.0,0.5,0.0,0.6666666666666666,0.7701492537313434,0.695865237366003,No,0
0.0,0.0,0.0,0.0,0.013888888888888888,1.0,0.0,1.0,0.5,0.5,0.5,0.5,0.5,0.5,0.0,0.0,0.3333333333333333,0.01691542288557213,0.22863705972434914,No,0
1.0,0.0,0.0,0.0,0.06944444444444445,1.0,0.0,0.0,0.0,0.0,1.0,0.0,1.0,1.0,0.0,1.0,0.6666666666666666,0.5154228855721392,0.4583460949464012,Yes,3
1.0,0.0,1.0,1.0,0.7916666666666666,1.0,0.0,1.0,0.5,0.5,0.5,0.5,0.5,0.5,0.5,0.0,1.0,0.011442786069651711,0.01868300153139357,No,3
1.0,0.0,1.0,1.0,0.7777777777777777,0.0,0.5,0.0,0.0,1.0,1.0,0.0,0.0,0.0,0.5,1.0,0.3333333333333333,0.17761194029850746,0.24134762633996937,No,3
1.0,0.0,0.0,0.0,0.1111111111111111,1.0,1.0,0.5,0.0,1.0,1.0,0.0,1.0,0.0,0.0,1.0,0.6666666666666666,0.753731343283582,0.9012251148545176,Yes,3
0.0,0.0,1.0,1.0,0.3055555555555555,1.0,0.0,0.0,1.0,1.0,1.0,0.0,0.0,0.0,0.0,0.0,1.0,0.426865671641791,0.11852986217457886,Yes,0
0.0,0.0,0.0,0.0,0.013888888888888888,1.0,0.0,1.0,0.5,0.5,0.5,0.5,0.5,0.5,0.0,0.0,1.0,0.014925373134328346,0.22802450229709034,No,0
0.0,0.0,0.0,1.0,0.5555555555555556,1.0,0.0,0.0,1.0,0.0,0.0,1.0,1.0,0.0,0.0,1.0,0.3333333333333333,0.45621890547263677,0.323583460949464,No,0
1.0,0.0,1.0,1.0,0.6388888888888888,1.0,0.0,1.0,0.5,0.5,0.5,0.5,0.5,0.5,1.0,0.0,0.3333333333333333,0.014925373134328346,0.9540581929555896,No,3
1.0,0.0,1.0,1.0,0.875,1.0,0.0,1.0,0.5,0.5,0.5,0.5,0.5,0.5,1.0,0.0,1.0,0.014427860696517386,0.07779479326186829,No,3
1.0,0.0,1.0,1.0,0.9444444444444444,1.0,1.0,0.5,1.0,1.0,1.0,0.0,1.0,1.0,1.0,1.0,0.6666666666666666,0.9149253731343284,0.8813169984686064,No,3
1.0,0.0,1.0,1.0,0.9583333333333333,1.0,0.0,0.5,1.0,1.0,0.0,1.0,1.0,1.0,1.0,1.0,0.3333333333333333,0.8766169154228854,0.8649310872894334,No,3
0.0,0.0,1.0,0.0,0.7777777777777777,1.0,1.0,0.5,0.0,1.0,1.0,1.0,0.0,0.0,0.0,0.0,0.6666666666666666,0.7194029850746269,0.6595712098009188,No,0
0.0,0.0,1.0,1.0,0.1388888888888889,1.0,0.0,0.0,0.0,1.0,1.0,0.0,0.0,1.0,0.5,1.0,1.0,0.4741293532338309,0.8065849923430322,No,0
1.0,0.0,0.0,0.0,0.875,1.0,1.0,0.5,1.0,1.0,1.0,1.0,1.0,0.0,0.5,0.0,0.3333333333333333,0.8582089552238806,0.8058192955589586,No,3
0.0,0.0,1.0,1.0,0.3333333333333333,0.0,0.5,0.0,1.0,1.0,1.0,1.0,0.0,1.0,1.0,1.0,1.0,0.34079601990049746,0.058039816232771824,No,0
0.0,0.0,0.0,0.0,0.2638888888888889,1.0,1.0,0.0,0.0,0.0,1.0,0.0,0.0,0.0,0.0,1.0,1.0,0.37661691542288556,0.010872894333843797,No,0
1.0,0.0,1.0,1.0,0.3055555555555555,1.0,1.0,0.5,0.0,0.0,1.0,0.0,1.0,0.0,0.0,1.0,0.6666666666666666,0.7014925373134329,0.2234303215926493,No,3
1.0,0.0,1.0,0.0,0.40277777777777773,1.0,1.0,0.5,1.0,1.0,0.0,0.0,0.0,0.0,0.0,1.0,0.6666666666666666,0.6587064676616915,0.3241960183767228,Yes,3
1.0,0.0,1.0,0.0,0.18055555555555555,1.0,1.0,0.0,0.0,0.0,1.0,0.0,1.0,1.0,0.5,1.0,1.0,0.5676616915422885,0.9966309341500765,Yes,3
0.0,0.0,1.0,0.0,0.9722222222222222,1.0,1.0,1.0,0.5,0.5,0.5,0.5,0.5,0.5,1.0,1.0,0.0,0.0771144278606965,0.24992343032159264,No,0
0.0,0.0,1.0,0.0,0.6805555555555555,1.0,0.0,0.5,0.0,1.0,1.0,0.0,1.0,1.0,0.0,0.0,0.6666666666666666,0.8074626865671642,0.6514548238897396,No,0
0.0,1.0,1.0,0.0,0.5972222222222222,1.0,1.0,0.5,1.0,0.0,1.0,1.0,1.0,1.0,0.5,1.0,1.0,0.908457711442786,0.6249617151607963,Yes,0
0.0,0.0,0.0,0.0,0.041666666666666664,1.0,0.0,1.0,0.5,0.5,0.5,0.5,0.5,0.5,0.0,1.0,1.0,0.013432835820895522,0.7419601837672282,Yes,0
1.0,0.0,1.0,1.0,0.5833333333333333,1.0,0.0,0.0,0.0,0.0,1.0,1.0,1.0,1.0,0.5,0.0,0.6666666666666666,0.546268656716418,0.41010719754977026,No,3
1.0,0.0,0.0,0.0,0.7916666666666666,1.0,0.0,0.0,0.0,1.0,0.0,1.0,0.0,0.0,0.5,1.0,1.0,0.3621890547263681,0.41745788667687594,No,3
1.0,1.0,0.0,0.0,0.027777777777777776,1.0,0.0,0.0,1.0,0.0,1.0,0.0,1.0,0.0,0.0,0.0,0.0,0.4791044776119403,0.9836140888208269,Yes,3
0.0,0.0,1.0,0.0,1.0,1.0,1.0,0.5,1.0,1.0,1.0,1.0,1.0,1.0,1.0,1.0,0.3333333333333333,0.9681592039800994,0.9407350689127105,No,0
0.0,1.0,0.0,0.0,0.6388888888888888,1.0,1.0,0.5,0.0,1.0,1.0,0.0,1.0,1.0,0.0,1.0,0.6666666666666666,0.8577114427860696,0.6289433384379786,No,0
1.0,1.0,1.0,0.0,0.9166666666666666,1.0,1.0,0.5,0.0,0.0,0.0,1.0,1.0,1.0,0.0,1.0,0.3333333333333333,0.8139303482587064,0.8301684532924961,Yes,3
1.0,0.0,0.0,0.0,0.861111111111111,1.0,1.0,0.5,1.0,1.0,0.0,1.0,0.0,1.0,0.5,0.0,0.6666666666666666,0.8333333333333334,0.7996937212863706,Yes,3
0.0,0.0,1.0,0.0,1.0,1.0,1.0,0.0,1.0,1.0,1.0,1.0,1.0,1.0,1.0,1.0,0.0,0.7253731343283583,0.8091883614088821,No,0
1.0,0.0,1.0,1.0,0.4861111111111111,1.0,0.0,0.5,0.0,1.0,0.0,1.0,1.0,0.0,0.5,1.0,0.6666666666666666,0.7109452736318408,0.42082695252679936,No,3
1.0,0.0,1.0,0.0,0.2361111111111111,1.0,1.0,0.5,1.0,1.0,1.0,0.0,0.0,0.0,0.0,0.0,0.3333333333333333,0.7159203980099502,0.12863705972434916,Yes,3
0.0,0.0,1.0,0.0,1.0,1.0,1.0,0.0,1.0,1.0,1.0,1.0,1.0,1.0,1.0,1.0,0.6666666666666666,0.7378109452736319,0.8218989280245023,No,0
0.0,0.0,1.0,1.0,0.38888888888888884,1.0,0.0,1.0,0.5,0.5,0.5,0.5,0.5,0.5,0.5,0.0,1.0,0.01641791044776117,0.6903522205206738,No,0
1.0,0.0,1.0,0.0,0.7777777777777777,1.0,1.0,1.0,0.5,0.5,0.5,0.5,0.5,0.5,1.0,1.0,0.3333333333333333,0.06865671641791044,0.09081163859111792,Yes,3
0.0,0.0,0.0,0.0,0.4305555555555555,1.0,1.0,0.5,0.0,0.0,0.0,1.0,0.0,0.0,0.0,1.0,0.3333333333333333,0.6129353233830845,0.3137825421133231,Yes,0
1.0,0.0,0.0,0.0,0.625,1.0,0.0,1.0,0.5,0.5,0.5,0.5,0.5,0.5,0.5,0.0,0.0,0.005970149253731349,0.9586523736600306,No,3
0.0,0.0,0.0,0.0,0.013888888888888888,1.0,1.0,1.0,0.5,0.5,0.5,0.5,0.5,0.5,0.0,1.0,1.0,0.07462686567164178,0.3303215926493109,No,0
0.0,0.0,0.0,0.0,0.027777777777777776,1.0,0.0,0.0,0.0,1.0,0.0,0.0,0.0,0.0,0.0,1.0,1.0,0.3119402985074627,0.04150076569678407,Yes,0
0.0,0.0,0.0,0.0,0.08333333333333333,1.0,0.0,1.0,0.5,0.5,0.5,0.5,0.5,0.5,0.0,1.0,1.0,0.026865671641791017,0.026952526799387443,No,0
0.0,0.0,1.0,0.0,0.6666666666666666,1.0,0.0,0.5,0.0,1.0,1.0,0.0,1.0,1.0,0.5,1.0,0.6666666666666666,0.7840796019900497,0.608728943338438,No,0
1.0,0.0,1.0,1.0,0.3472222222222222,1.0,1.0,1.0,0.5,0.5,0.5,0.5,0.5,0.5,0.0,1.0,0.0,0.07114427860696515,0.6944869831546707,No,3
1.0,0.0,1.0,1.0,0.8888888888888888,1.0,0.0,1.0,0.5,0.5,0.5,0.5,0.5,0.5,1.0,1.0,0.0,0.014427860696517386,0.0770290964777948,No,3
1.0,0.0,0.0,0.0,0.6944444444444444,0.0,0.5,0.0,1.0,1.0,0.0,0.0,0.0,0.0,0.0,1.0,1.0,0.16666666666666663,0.20137825421133232,No,3
0.0,0.0,1.0,1.0,0.7222222222222222,1.0,1.0,0.5,0.0,0.0,1.0,0.0,1.0,1.0,0.5,0.0,0.0,0.8258706467661691,0.6793261868300153,No,0
1.0,1.0,1.0,0.0,0.05555555555555555,1.0,0.0,0.5,0.0,0.0,0.0,0.0,0.0,0.0,0.0,1.0,0.6666666666666666,0.5169154228855721,0.37182235834609495,No,3
0.0,1.0,0.0,0.0,0.4444444444444444,1.0,0.0,0.5,0.0,0.0,0.0,0.0,1.0,1.0,0.0,0.0,0.6666666666666666,0.7233830845771144,0.38300153139356813,No,0
1.0,0.0,1.0,1.0,0.625,1.0,1.0,0.0,1.0,1.0,0.0,1.0,1.0,0.0,1.0,0.0,0.3333333333333333,0.553233830845771,0.4482388973966309,No,3
1.0,0.0,1.0,0.0,0.125,1.0,1.0,0.5,1.0,0.0,0.0,0.0,0.0,1.0,0.0,1.0,0.6666666666666666,0.6945273631840796,0.9229709035222052,No,3
0.0,1.0,1.0,0.0,0.9166666666666666,1.0,1.0,0.5,0.0,0.0,1.0,1.0,1.0,1.0,0.5,1.0,0.3333333333333333,0.872636815920398,0.8401225114854517,Yes,0
1.0,0.0,0.0,1.0,0.041666666666666664,1.0,1.0,0.5,0.0,0.0,1.0,0.0,0.0,1.0,0.0,0.0,0.6666666666666666,0.7323383084577114,0.34088820826952526,Yes,3
0.0,0.0,0.0,0.0,0.75,1.0,0.0,1.0,0.5,0.5,0.5,0.5,0.5,0.5,1.0,0.0,1.0,0.01840796019900498,0.02358346094946401,No,0
0.0,0.0,1.0,1.0,0.013888888888888888,0.0,0.5,0.0,0.0,0.0,0.0,1.0,1.0,0.0,0.0,0.0,0.6666666666666666,0.21741293532338307,0.5226646248085758,Yes,0
0.0,0.0,1.0,1.0,0.8888888888888888,1.0,1.0,0.5,1.0,1.0,0.0,1.0,1.0,1.0,1.0,0.0,0.0,0.9159203980099503,0.8421133231240429,No,0
0.0,1.0,0.0,0.0,0.4305555555555555,1.0,1.0,0.5,0.0,0.0,0.0,0.0,0.0,0.0,0.0,1.0,0.6666666666666666,0.5537313432835821,0.28376722817764166,Yes,0
0.0,0.0,0.0,0.0,0.19444444444444442,1.0,0.0,0.5,0.0,0.0,0.0,0.0,1.0,1.0,0.0,1.0,1.0,0.7119402985074627,0.03751914241960184,Yes,0
0.0,0.0,0.0,0.0,0.16666666666666666,1.0,0.0,0.5,1.0,0.0,0.0,0.0,1.0,0.0,0.5,1.0,0.3333333333333333,0.6656716417910448,0.9950995405819295,No,0
1.0,1.0,1.0,0.0,0.9305555555555555,1.0,0.0,0.0,1.0,1.0,0.0,1.0,0.0,0.0,0.5,1.0,0.0,0.4248756218905473,0.5376722817764166,No,3
0.0,0.0,1.0,1.0,0.4861111111111111,1.0,1.0,0.0,1.0,0.0,1.0,1.0,1.0,0.0,0.0,0.0,0.6666666666666666,0.5373134328358209,0.34058192955589583,Yes,0
0.0,0.0,0.0,0.0,0.625,1.0,1.0,0.0,1.0,0.0,0.0,1.0,0.0,1.0,1.0,0.0,1.0,0.5502487562189055,0.4448698315467075,No,0
1.0,0.0,0.0,0.0,0.1388888888888889,1.0,0.0,0.0,0.0,0.0,0.0,0.0,0.0,0.0,0.0,0.0,1.0,0.2761194029850746,0.6388973966309341,No,3
0.0,1.0,0.0,0.0,0.40277777777777773,1.0,1.0,0.0,1.0,1.0,0.0,0.0,0.0,0.0,0.0,1.0,0.0,0.4009950248756219,0.18744257274119447,No,0
0.0,0.0,0.0,0.0,0.3333333333333333,1.0,1.0,1.0,0.5,0.5,0.5,0.5,0.5,0.5,0.5,0.0,0.0,0.06318407960199005,0.7572741194486983,No,0
1.0,0.0,1.0,1.0,0.9166666666666666,1.0,0.0,1.0,0.5,0.5,0.5,0.5,0.5,0.5,1.0,1.0,1.0,0.014925373134328346,0.09586523736600305,No,3
1.0,0.0,0.0,0.0,0.7083333333333333,1.0,0.0,0.5,1.0,0.0,0.0,0.0,1.0,0.0,0.5,0.0,1.0,0.6776119402985074,0.5571209800918836,No,3
0.0,0.0,1.0,0.0,0.625,1.0,1.0,1.0,0.5,0.5,0.5,0.5,0.5,0.5,1.0,0.0,1.0,0.07213930348258707,0.03568147013782542,No,0
0.0,0.0,1.0,0.0,0.6805555555555555,1.0,0.0,1.0,0.5,0.5,0.5,0.5,0.5,0.5,0.5,0.0,0.3333333333333333,0.007462686567164173,0.9744257274119449,No,0
0.0,0.0,1.0,0.0,0.40277777777777773,1.0,0.0,1.0,0.5,0.5,0.5,0.5,0.5,0.5,1.0,1.0,1.0,0.012935323383084563,0.6686064318529862,No,0
1.0,0.0,1.0,1.0,0.5555555555555556,1.0,1.0,0.5,1.0,1.0,0.0,1.0,1.0,1.0,0.0,1.0,0.3333333333333333,0.9139303482587063,0.5807044410413477,No,3
0.0,1.0,0.0,0.0,0.5138888888888888,1.0,1.0,0.5,0.0,0.0,0.0,0.0,1.0,1.0,0.0,1.0,0.6666666666666666,0.7791044776119402,0.47488514548238897,Yes,0
1.0,0.0,0.0,0.0,0.3472222222222222,1.0,0.0,0.5,0.0,0.0,0.0,0.0,0.0,0.0,0.0,0.0,0.6666666666666666,0.5124378109452736,0.1891271056661562,No,3
0.0,0.0,0.0,0.0,0.3055555555555555,0.0,0.5,0.0,0.0,0.0,1.0,0.0,1.0,1.0,0.0,1.0,0.6666666666666666,0.3218905472636816,0.0222052067381317,No,0
1.0,0.0,0.0,0.0,1.0,0.0,0.5,0.0,1.0,1.0,1.0,1.0,1.0,1.0,1.0,1.0,0.0,0.47114427860696506,0.5954058192955589,No,3
0.0,0.0,0.0,0.0,0.09722222222222221,0.0,0.5,0.0,0.0,1.0,0.0,0.0,0.0,1.0,0.0,1.0,0.3333333333333333,0.21741293532338307,0.3875957120980092,Yes,0
1.0,0.0,1.0,1.0,0.4583333333333333,1.0,0.0,0.0,0.0,1.0,1.0,1.0,1.0,1.0,1.0,0.0,0.3333333333333333,0.635323383084577,0.3450229709035222,No,3
0.0,0.0,0.0,0.0,0.3194444444444444,1.0,0.0,0.5,0.0,1.0,0.0,1.0,0.0,0.0,0.0,1.0,1.0,0.6054726368159203,0.20168453292496172,No,0
1.0,1.0,0.0,0.0,0.3333333333333333,1.0,1.0,0.5,0.0,1.0,0.0,0.0,1.0,1.0,0.0,1.0,0.6666666666666666,0.8258706467661691,0.3203675344563553,Yes,3
0.0,0.0,0.0,0.0,0.013888888888888888,1.0,0.0,0.5,0.0,0.0,0.0,0.0,1.0,0.0,0.0,0.0,0.6666666666666666,0.6099502487562188,0.9140888208269525,Yes,0
1.0,0.0,0.0,0.0,0.9583333333333333,1.0,1.0,0.0,1.0,1.0,1.0,1.0,1.0,1.0,1.0,0.0,1.0,0.7203980099502488,0.7825421133231241,No,3
0.0,0.0,0.0,1.0,0.041666666666666664,1.0,0.0,1.0,0.5,0.5,0.5,0.5,0.5,0.5,0.5,1.0,0.3333333333333333,0.02288557213930348,0.7202143950995405,No,0
1.0,0.0,0.0,0.0,0.7777777777777777,1.0,0.0,0.0,0.0,1.0,0.0,1.0,1.0,1.0,0.5,1.0,0.0,0.572139303482587,0.5581929555895865,No,3
1.0,0.0,0.0,0.0,0.9027777777777777,1.0,1.0,0.5,1.0,0.0,1.0,1.0,1.0,1.0,0.5,1.0,0.3333333333333333,0.9129353233830845,0.8572741194486982,No,3
1.0,0.0,1.0,0.0,0.986111111111111,1.0,0.0,1.0,0.5,0.5,0.5,0.5,0.5,0.5,0.5,0.0,0.6666666666666666,0.025870646766169153,0.14854517611026033,No,3
0.0,1.0,0.0,0.0,0.19444444444444442,1.0,1.0,0.5,0.0,0.0,1.0,0.0,0.0,0.0,0.0,1.0,0.0,0.617910447761194,0.016998468606431852,No,0
0.0,0.0,0.0,0.0,0.027777777777777776,1.0,0.0,0.5,0.0,0.0,0.0,0.0,0.0,0.0,0.0,1.0,0.6666666666666666,0.5164179104477612,0.06431852986217458,No,0
0.0,0.0,0.0,0.0,0.4444444444444444,1.0,1.0,0.5,0.0,0.0,0.0,0.0,1.0,0.0,0.5,0.0,0.6666666666666666,0.6547263681592039,0.369218989280245,Yes,0
1.0,0.0,0.0,0.0,0.5555555555555556,1.0,0.0,0.0,1.0,0.0,1.0,0.0,0.0,1.0,0.0,0.0,0.6666666666666666,0.4895522388059702,0.36431852986217456,No,3
1.0,0.0,0.0,0.0,0.013888888888888888,1.0,0.0,1.0,0.5,0.5,0.5,0.5,0.5,0.5,0.0,0.0,0.3333333333333333,0.02487562189054726,0.24823889739663094,No,3
1.0,0.0,0.0,0.0,0.013888888888888888,1.0,0.0,0.5,0.0,0.0,0.0,0.0,1.0,1.0,0.0,1.0,0.6666666666666666,0.7049751243781094,0.9641653905053599,Yes,3
0.0,0.0,0.0,0.0,0.09722222222222221,1.0,0.0,0.5,0.0,0.0,0.0,0.0,0.0,0.0,0.0,1.0,1.0,0.5139303482587065,0.6437978560490045,No,0
0.0,0.0,1.0,0.0,0.20833333333333331,1.0,1.0,0.0,0.0,0.0,0.0,0.0,0.0,0.0,0.0,1.0,0.6666666666666666,0.32686567164179103,0.8540581929555896,No,0
0.0,0.0,1.0,1.0,0.2361111111111111,1.0,1.0,0.5,1.0,0.0,1.0,0.0,1.0,0.0,0.0,0.0,0.6666666666666666,0.7577114427860697,0.16294027565084226,Yes,0
1.0,0.0,0.0,0.0,0.2638888888888889,1.0,0.0,0.5,0.0,1.0,1.0,0.0,0.0,0.0,0.0,1.0,0.6666666666666666,0.5970149253731343,0.1355283307810107,Yes,3
1.0,0.0,0.0,0.0,0.986111111111111,1.0,1.0,1.0,0.5,0.5,0.5,0.5,0.5,0.5,1.0,0.0,0.0,0.072636815920398,0.22557427258805512,No,3
0.0,0.0,1.0,1.0,0.75,1.0,1.0,0.0,1.0,0.0,0.0,1.0,0.0,0.0,1.0,0.0,0.0,0.41542288557213924,0.43629402756508423,No,0
1.0,0.0,1.0,0.0,0.4305555555555555,1.0,1.0,0.5,1.0,1.0,0.0,1.0,0.0,0.0,0.0,1.0,0.3333333333333333,0.7194029850746269,0.38728943338437977,No,3
0.0,0.0,0.0,0.0,0.15277777777777776,1.0,0.0,0.5,1.0,0.0,0.0,0.0,0.0,0.0,0.0,0.0,0.6666666666666666,0.5786069651741294,0.9444104134762634,No,0
0.0,1.0,0.0,0.0,0.25,1.0,0.0,0.5,0.0,0.0,1.0,0.0,0.0,1.0,0.0,1.0,0.6666666666666666,0.663681592039801,0.12603369065849923,No,0
0.0,1.0,0.0,0.0,1.0,1.0,1.0,0.5,1.0,1.0,0.0,1.0,1.0,1.0,1.0,1.0,0.0,0.9139303482587063,0.9016845329249616,No,0
0.0,1.0,0.0,0.0,0.986111111111111,1.0,1.0,0.5,0.0,1.0,0.0,0.0,1.0,1.0,0.0,1.0,0.3333333333333333,0.8099502487562189,0.8387442572741194,No,0
1.0,1.0,0.0,0.0,0.06944444444444445,0.0,0.5,0.0,0.0,0.0,1.0,1.0,1.0,0.0,0.0,0.0,0.3333333333333333,0.27014925373134324,0.2696784073506891,No,3
1.0,0.0,1.0,0.0,0.5277777777777778,1.0,1.0,0.0,0.0,0.0,1.0,1.0,0.0,1.0,0.5,0.0,0.3333333333333333,0.5049751243781094,0.3554364471669219,No,3
1.0,0.0,0.0,1.0,0.06944444444444445,1.0,0.0,0.0,0.0,0.0,0.0,1.0,0.0,0.0,0.0,1.0,0.0,0.3024875621890547,0.30459418070444105,No,3
1.0,1.0,0.0,0.0,0.027777777777777776,1.0,0.0,0.0,0.0,0.0,0.0,0.0,0.0,0.0,0.0,1.0,0.6666666666666666,0.2577114427860696,0.9754977029096478,Yes,3
0.0,1.0,0.0,0.0,0.7222222222222222,1.0,1.0,0.0,1.0,0.0,1.0,0.0,0.0,0.0,1.0,0.0,0.0,0.41393034825870645,0.4136294027565084,No,0
0.0,1.0,0.0,0.0,0.1111111111111111,1.0,1.0,0.5,0.0,0.0,0.0,0.0,0.0,0.0,0.0,1.0,0.6666666666666666,0.572139303482587,0.7586523736600306,Yes,0
0.0,0.0,0.0,0.0,0.9444444444444444,1.0,1.0,0.0,0.0,1.0,1.0,0.0,1.0,1.0,1.0,1.0,0.6666666666666666,0.6208955223880598,0.6826952526799387,No,0
1.0,0.0,1.0,1.0,0.9583333333333333,1.0,0.0,1.0,0.5,0.5,0.5,0.5,0.5,0.5,0.5,1.0,0.3333333333333333,0.02288557213930348,0.11316998468606432,No,3
0.0,0.0,1.0,0.0,0.5833333333333333,1.0,1.0,0.0,1.0,1.0,0.0,1.0,0.0,0.0,0.0,1.0,0.3333333333333333,0.4791044776119403,0.36309341500765696,No,0
0.0,0.0,0.0,0.0,0.6944444444444444,1.0,0.0,0.5,0.0,1.0,0.0,1.0,1.0,1.0,1.0,1.0,1.0,0.8154228855721393,0.6537519142419602,No,0
0.0,0.0,0.0,0.0,0.013888888888888888,1.0,0.0,1.0,0.5,0.5,0.5,0.5,0.5,0.5,0.0,1.0,1.0,0.008457711442786064,0.22618683001531392,Yes,0
1.0,1.0,1.0,0.0,0.013888888888888888,1.0,1.0,0.5,1.0,0.0,0.0,0.0,0.0,0.0,0.0,1.0,0.6666666666666666,0.617412935323383,0.9215926493108728,Yes,3
1.0,0.0,1.0,0.0,0.4583333333333333,1.0,0.0,0.0,0.0,0.0,0.0,0.0,0.0,0.0,0.0,1.0,0.3333333333333333,0.2616915422885572,0.13108728943338438,No,3
0.0,0.0,0.0,0.0,0.09722222222222221,1.0,0.0,1.0,0.5,0.5,0.5,0.5,0.5,0.5,0.0,0.0,1.0,0.020895522388059695,0.13843797856049003,No,0
1.0,0.0,1.0,1.0,0.8888888888888888,1.0,1.0,0.5,1.0,1.0,1.0,0.0,0.0,0.0,0.0,1.0,0.6666666666666666,0.7318407960199005,0.7479326186830015,No,3
0.0,0.0,0.0,0.0,0.013888888888888888,1.0,0.0,0.5,0.0,0.0,1.0,0.0,0.0,0.0,0.0,1.0,0.6666666666666666,0.5636815920398011,0.8765696784073507,Yes,0
1.0,0.0,0.0,0.0,0.8194444444444444,1.0,0.0,1.0,0.5,0.5,0.5,0.5,0.5,0.5,1.0,1.0,0.0,0.019402985074626844,0.05482388973966309,No,3
0.0,0.0,1.0,0.0,0.08333333333333333,1.0,1.0,0.0,0.0,0.0,0.0,0.0,0.0,0.0,0.0,0.0,0.6666666666666666,0.31940298507462683,0.41791730474732003,No,0
0.0,0.0,0.0,0.0,0.041666666666666664,1.0,0.0,1.0,0.5,0.5,0.5,0.5,0.5,0.5,0.0,0.0,1.0,0.00547263681592039,0.7096477794793261,No,0
0.0,0.0,1.0,0.0,0.20833333333333331,1.0,0.0,1.0,0.5,0.5,0.5,0.5,0.5,0.5,0.0,0.0,0.3333333333333333,0.021890547263681587,0.43920367534456356,No,0
1.0,0.0,1.0,1.0,0.18055555555555555,1.0,0.0,0.0,0.0,0.0,0.0,0.0,1.0,1.0,0.5,1.0,0.6666666666666666,0.4626865671641791,0.96156202143951,No,3
0.0,0.0,0.0,0.0,0.3194444444444444,1.0,1.0,0.5,0.0,1.0,0.0,0.0,1.0,1.0,0.0,1.0,0.3333333333333333,0.800497512437811,0.288208269525268,No,0
1.0,1.0,1.0,0.0,0.4305555555555555,1.0,1.0,0.5,1.0,0.0,0.0,0.0,1.0,0.0,0.0,0.0,0.6666666666666666,0.708457711442786,0.37289433384379783,No,3
1.0,0.0,0.0,0.0,0.40277777777777773,1.0,0.0,0.0,1.0,1.0,0.0,1.0,0.0,0.0,0.5,1.0,0.6666666666666666,0.4029850746268656,0.18269525267993875,No,3
0.0,0.0,1.0,0.0,0.6805555555555555,1.0,0.0,1.0,0.5,0.5,0.5,0.5,0.5,0.5,0.5,0.0,0.3333333333333333,0.024378109452736302,0.010566615620214395,No,0
0.0,0.0,1.0,0.0,0.7777777777777777,1.0,1.0,0.5,0.0,0.0,0.0,0.0,1.0,0.0,0.0,1.0,0.0,0.6701492537313432,0.6358346094946401,No,0
0.0,0.0,0.0,0.0,0.875,1.0,1.0,0.0,1.0,1.0,1.0,1.0,0.0,1.0,1.0,1.0,0.3333333333333333,0.617412935323383,0.6465543644716693,No,0
1.0,0.0,1.0,0.0,0.875,1.0,1.0,0.0,0.0,0.0,1.0,1.0,1.0,1.0,1.0,0.0,0.3333333333333333,0.6124378109452736,0.6529862174578867,No,3
1.0,1.0,1.0,1.0,0.3333333333333333,1.0,1.0,0.5,1.0,0.0,0.0,0.0,0.0,0.0,0.0,1.0,0.6666666666666666,0.6129353233830845,0.21791730474732005,No,3
1.0,1.0,1.0,0.0,0.5,1.0,0.0,0.0,0.0,0.0,1.0,1.0,0.0,0.0,0.5,0.0,0.3333333333333333,0.3567164179104477,0.2450229709035222,No,3
0.0,1.0,0.0,0.0,0.125,1.0,0.0,0.5,0.0,0.0,0.0,0.0,1.0,0.0,0.0,1.0,0.6666666666666666,0.6228855721393034,0.8852986217457887,Yes,0
1.0,0.0,0.0,0.0,0.041666666666666664,0.0,0.5,0.0,0.0,0.0,0.0,0.0,0.0,0.0,0.0,0.0,0.6666666666666666,0.06467661691542287,0.8064318529862174,Yes,3
0.0,0.0,1.0,0.0,0.29166666666666663,1.0,0.0,0.0,1.0,0.0,1.0,1.0,1.0,1.0,0.5,0.0,1.0,0.6233830845771144,0.18637059724349156,No,0
1.0,0.0,1.0,1.0,0.18055555555555555,1.0,1.0,1.0,0.5,0.5,0.5,0.5,0.5,0.5,0.5,0.0,0.0,0.062189054726368154,0.4548238897396631,No,3
1.0,0.0,1.0,1.0,0.013888888888888888,1.0,0.0,1.0,0.5,0.5,0.5,0.5,0.5,0.5,0.0,1.0,0.0,0.018905472636815884,0.24640122511485452,No,3
0.0,0.0,1.0,1.0,0.3472222222222222,1.0,0.0,1.0,0.5,0.5,0.5,0.5,0.5,0.5,0.5,0.0,1.0,0.01791044776119402,0.6672281776416539,No,0
1.0,0.0,1.0,1.0,0.986111111111111,1.0,0.0,1.0,0.5,0.5,0.5,0.5,0.5,0.5,1.0,1.0,0.0,0.013432835820895522,0.10719754977029096,No,3
1.0,0.0,0.0,0.0,0.9166666666666666,1.0,1.0,0.5,1.0,1.0,1.0,1.0,1.0,1.0,0.5,1.0,0.0,0.9557213930348257,0.8738131699846861,No,3
0.0,0.0,0.0,0.0,0.625,1.0,0.0,0.5,1.0,1.0,0.0,0.0,1.0,1.0,0.5,1.0,0.6666666666666666,0.8164179104477611,0.5822358346094946,No,0
0.0,0.0,1.0,0.0,0.3055555555555555,1.0,0.0,0.5,0.0,0.0,0.0,0.0,1.0,0.0,0.0,1.0,0.3333333333333333,0.6144278606965173,0.18437978560490045,No,0
0.0,0.0,1.0,0.0,0.9305555555555555,1.0,0.0,1.0,0.5,0.5,0.5,0.5,0.5,0.5,0.5,1.0,0.0,0.025870646766169153,0.09096477794793262,No,0
0.0,0.0,1.0,0.0,0.9444444444444444,1.0,1.0,0.5,0.0,0.0,1.0,0.0,1.0,0.0,1.0,1.0,0.0,0.7134328358208956,0.7496171516079633,No,0
0.0,0.0,1.0,1.0,0.0,1.0,0.0,1.0,0.5,0.5,0.5,0.5,0.5,0.5,1.0,0.0,1.0,0.01741293532338306,0.0,No,0
0.0,1.0,0.0,0.0,0.6805555555555555,1.0,1.0,0.5,0.0,0.0,1.0,0.0,0.0,1.0,0.0,1.0,0.3333333333333333,0.7223880597014924,0.588208269525268,Yes,0
0.0,1.0,0.0,0.0,0.05555555555555555,1.0,1.0,0.0,0.0,0.0,0.0,0.0,0.0,0.0,0.0,0.0,1.0,0.3034825870646766,0.2032159264931087,No,0
1.0,0.0,1.0,0.0,0.875,1.0,1.0,0.0,1.0,1.0,1.0,1.0,0.0,1.0,0.5,0.0,0.3333333333333333,0.6144278606965173,0.6542113323124042,No,3
0.0,0.0,1.0,0.0,0.027777777777777776,1.0,0.0,0.5,0.0,1.0,1.0,0.0,0.0,0.0,0.0,0.0,0.0,0.6114427860696517,0.17228177641653905,Yes,0
1.0,0.0,0.0,0.0,0.29166666666666663,1.0,0.0,1.0,0.5,0.5,0.5,0.5,0.5,0.5,0.5,1.0,1.0,0.020895522388059695,0.5519142419601838,No,3
1.0,0.0,1.0,1.0,0.7638888888888888,1.0,0.0,0.0,1.0,1.0,0.0,1.0,0.0,0.0,1.0,0.0,0.0,0.3910447761194029,0.40551301684532925,Yes,3
1.0,0.0,0.0,1.0,0.013888888888888888,1.0,0.0,1.0,0.5,0.5,0.5,0.5,0.5,0.5,0.0,1.0,1.0,0.019900497512437804,0.24670750382848392,No,3
0.0,0.0,0.0,0.0,0.2361111111111111,1.0,0.0,1.0,0.5,0.5,0.5,0.5,0.5,0.5,1.0,0.0,1.0,0.011442786069651711,0.47442572741194483,No,0
1.0,0.0,0.0,0.0,0.41666666666666663,1.0,1.0,0.5,1.0,0.0,0.0,0.0,1.0,1.0,0.0,1.0,0.0,0.8174129353233831,0.3886676875957121,No,3
1.0,0.0,1.0,1.0,0.3055555555555555,1.0,0.0,0.0,1.0,1.0,0.0,1.0,0.0,0.0,0.0,1.0,1.0,0.3950248756218906,0.07656967840735068,No,3
0.0,0.0,0.0,0.0,0.125,1.0,0.0,0.0,0.0,0.0,0.0,1.0,1.0,0.0,0.0,1.0,0.0,0.4104477611940298,0.6791730474732006,No,0
1.0,0.0,1.0,1.0,0.013888888888888888,1.0,0.0,1.0,0.5,0.5,0.5,0.5,0.5,0.5,0.0,0.0,1.0,0.009452736318407956,0.22649310872894332,No,3
0.0,0.0,1.0,0.0,0.29166666666666663,1.0,1.0,0.5,0.0,0.0,0.0,0.0,0.0,1.0,0.0,1.0,0.6666666666666666,0.6791044776119403,0.20750382848392035,Yes,0
1.0,0.0,0.0,0.0,0.2638888888888889,1.0,1.0,0.0,0.0,0.0,1.0,1.0,0.0,0.0,0.0,0.0,0.6666666666666666,0.41094527363184075,0.042113323124042874,No,3
0.0,0.0,1.0,1.0,0.9583333333333333,1.0,1.0,0.5,0.0,1.0,1.0,0.0,1.0,1.0,0.0,1.0,0.6666666666666666,0.8527363184079603,0.8799387442572741,Yes,0
1.0,1.0,0.0,0.0,0.013888888888888888,0.0,0.5,0.0,0.0,0.0,0.0,0.0,0.0,0.0,0.0,1.0,0.6666666666666666,0.0681592039800995,0.32909647779479323,Yes,3
0.0,0.0,1.0,0.0,1.0,1.0,1.0,0.5,1.0,1.0,1.0,1.0,1.0,0.0,1.0,1.0,0.0,0.8527363184079603,0.8891271056661562,No,0
1.0,0.0,1.0,1.0,0.9722222222222222,1.0,1.0,0.0,1.0,0.0,1.0,0.0,1.0,0.0,1.0,0.0,0.3333333333333333,0.5044776119402985,0.6272588055130168,No,3
0.0,0.0,0.0,0.0,0.9166666666666666,1.0,1.0,0.5,1.0,1.0,1.0,1.0,0.0,1.0,0.0,1.0,0.0,0.8442786069651741,0.8059724349157733,No,0
0.0,0.0,1.0,1.0,0.09722222222222221,0.0,0.5,0.0,0.0,0.0,0.0,0.0,0.0,0.0,0.0,1.0,0.6666666666666666,0.06417910447761191,0.13506891271056662,No,0
0.0,1.0,1.0,1.0,0.6388888888888888,1.0,1.0,0.5,1.0,1.0,0.0,1.0,1.0,1.0,0.0,1.0,0.6666666666666666,0.9149253731343284,0.6442572741194487,No,0
1.0,0.0,0.0,0.0,0.5416666666666666,0.0,0.5,0.0,1.0,1.0,0.0,1.0,1.0,0.0,0.0,1.0,0.3333333333333333,0.3054726368159204,0.2228177641653905,Yes,3
0.0,0.0,1.0,1.0,0.4444444444444444,1.0,1.0,0.0,0.0,1.0,1.0,0.0,0.0,0.0,0.0,0.0,0.0,0.4398009950248757,0.2569678407350689,No,0
1.0,0.0,0.0,0.0,0.3333333333333333,1.0,0.0,0.5,0.0,1.0,1.0,0.0,0.0,1.0,0.0,1.0,0.6666666666666666,0.7094527363184079,0.2759571209800919,No,3
1.0,0.0,1.0,1.0,0.08333333333333333,1.0,0.0,0.5,0.0,1.0,0.0,0.0,0.0,1.0,0.0,1.0,0.3333333333333333,0.6497512437810945,0.6182235834609494,Yes,3
0.0,0.0,0.0,0.0,0.5138888888888888,1.0,1.0,0.0,1.0,1.0,1.0,1.0,1.0,0.0,0.0,1.0,0.3333333333333333,0.6034825870646766,0.3937212863705972,No,0
1.0,0.0,0.0,1.0,0.1111111111111111,1.0,0.0,1.0,0.5,0.5,0.5,0.5,0.5,0.5,0.0,0.0,1.0,0.020895522388059695,0.2004594180704441,No,3
0.0,0.0,1.0,1.0,1.0,1.0,1.0,0.0,1.0,0.0,1.0,0.0,1.0,0.0,1.0,1.0,0.0,0.5293532338308458,0.6517611026033691,No,0
1.0,1.0,1.0,0.0,0.986111111111111,0.0,0.5,0.0,1.0,1.0,1.0,1.0,0.0,0.0,1.0,0.0,0.3333333333333333,0.2796019900497512,0.4457886676875957,No,3
0.0,0.0,1.0,0.0,0.2222222222222222,1.0,0.0,0.5,0.0,1.0,0.0,0.0,1.0,1.0,0.0,1.0,0.0,0.7601990049751244,0.13062787136294027,No,0
0.0,0.0,1.0,0.0,0.7916666666666666,0.0,0.5,0.0,1.0,0.0,1.0,1.0,0.0,1.0,0.0,1.0,0.0,0.31492537313432833,0.3693721286370597,No,0
1.0,0.0,0.0,0.0,0.9166666666666666,1.0,1.0,1.0,0.5,0.5,0.5,0.5,0.5,0.5,0.5,0.0,0.0,0.07164179104477608,0.18315467075038283,No,3
0.0,1.0,0.0,0.0,0.2361111111111111,1.0,0.0,0.5,0.0,1.0,1.0,0.0,1.0,0.0,0.0,1.0,0.6666666666666666,0.7054726368159204,0.13690658499234304,Yes,0
0.0,0.0,0.0,1.0,0.29166666666666663,1.0,0.0,1.0,0.5,0.5,0.5,0.5,0.5,0.5,0.0,0.0,1.0,0.02487562189054726,0.5886676875957121,No,0
1.0,0.0,1.0,0.0,0.9166666666666666,1.0,1.0,0.0,1.0,1.0,1.0,0.0,0.0,0.0,1.0,1.0,0.3333333333333333,0.4761194029850746,0.5762633996937213,No,3
0.0,0.0,1.0,0.0,0.2361111111111111,1.0,1.0,0.0,0.0,1.0,0.0,0.0,1.0,1.0,0.0,1.0,0.0,0.5686567164179105,0.08989280245022971,No,0
1.0,0.0,0.0,1.0,0.013888888888888888,1.0,0.0,0.5,0.0,0.0,0.0,0.0,0.0,0.0,0.0,1.0,1.0,0.5194029850746269,0.8437978560490046,Yes,3
1.0,0.0,1.0,0.0,0.8055555555555555,1.0,0.0,0.0,1.0,1.0,1.0,0.0,0.0,0.0,0.5,0.0,0.3333333333333333,0.41840796019900495,0.47258805513016844,Yes,3
0.0,0.0,1.0,1.0,0.1111111111111111,1.0,0.0,1.0,0.5,0.5,0.5,0.5,0.5,0.5,0.0,0.0,0.3333333333333333,0.027860696517412936,0.10903522205206738,No,0
1.0,0.0,0.0,0.0,0.375,1.0,0.0,0.0,1.0,0.0,1.0,1.0,1.0,0.0,0.5,0.0,0.3333333333333333,0.508457711442786,0.2333843797856049,No,3
1.0,0.0,1.0,0.0,0.4722222222222222,1.0,1.0,0.5,0.0,1.0,0.0,0.0,0.0,1.0,0.0,0.0,1.0,0.7024875621890546,0.39785604900459415,No,3
1.0,0.0,0.0,0.0,0.41666666666666663,1.0,0.0,0.5,0.0,1.0,0.0,0.0,1.0,1.0,0.5,1.0,0.0,0.7835820895522387,0.4016845329249617,No,3
1.0,0.0,0.0,0.0,0.4583333333333333,1.0,0.0,0.0,0.0,1.0,1.0,0.0,1.0,0.0,0.0,1.0,0.3333333333333333,0.4791044776119403,0.2879019908116386,No,3
1.0,0.0,0.0,1.0,0.013888888888888888,0.0,0.5,0.0,0.0,0.0,0.0,0.0,0.0,0.0,0.0,0.0,0.6666666666666666,0.06467661691542287,0.3128637059724349,Yes,3
1.0,0.0,1.0,1.0,0.19444444444444442,1.0,1.0,0.0,1.0,1.0,0.0,0.0,0.0,1.0,0.0,0.0,1.0,0.5069651741293533,0.9848392036753445,No,3
0.0,0.0,0.0,1.0,0.2222222222222222,1.0,1.0,0.5,0.0,0.0,0.0,1.0,0.0,0.0,0.5,1.0,0.3333333333333333,0.6094527363184079,0.07396630934150077,No,0
0.0,0.0,0.0,0.0,0.6805555555555555,1.0,0.0,0.5,0.0,0.0,1.0,1.0,1.0,1.0,1.0,0.0,0.3333333333333333,0.8199004975124379,0.6382848392036753,No,0
1.0,0.0,1.0,1.0,0.2638888888888889,1.0,1.0,0.5,0.0,0.0,1.0,1.0,1.0,1.0,0.0,0.0,0.6666666666666666,0.8462686567164178,0.25145482388973966,Yes,3
0.0,0.0,1.0,1.0,0.9722222222222222,1.0,1.0,0.0,1.0,1.0,1.0,1.0,1.0,0.0,1.0,0.0,0.0,0.6114427860696517,0.7263399693721286,No,0
0.0,0.0,1.0,1.0,0.4444444444444444,1.0,0.0,0.0,1.0,1.0,0.0,1.0,0.0,0.0,0.0,0.0,0.0,0.4293532338308458,0.21990811638591118,No,0
0.0,0.0,0.0,0.0,0.25,1.0,0.0,0.5,0.0,0.0,0.0,0.0,0.0,0.0,0.0,1.0,0.6666666666666666,0.5129353233830846,0.06248085758039816,No,0
1.0,0.0,0.0,0.0,0.5138888888888888,0.0,0.5,0.0,1.0,1.0,0.0,1.0,0.0,0.0,1.0,1.0,1.0,0.22189054726368157,0.10934150076569678,No,3
0.0,0.0,0.0,0.0,0.05555555555555555,1.0,1.0,0.5,0.0,0.0,0.0,0.0,0.0,0.0,0.0,1.0,0.6666666666666666,0.5711442786069653,0.4010719754977029,No,0
0.0,0.0,1.0,0.0,0.2222222222222222,1.0,1.0,0.5,1.0,1.0,1.0,0.0,0.0,0.0,0.0,0.0,0.6666666666666666,0.7208955223880598,0.10352220520673813,No,0
1.0,0.0,1.0,0.0,0.2361111111111111,1.0,1.0,0.5,0.0,1.0,0.0,0.0,0.0,0.0,0.0,1.0,0.0,0.6194029850746269,0.09356814701378253,No,3
0.0,0.0,0.0,1.0,0.2638888888888889,1.0,0.0,0.0,1.0,1.0,1.0,0.0,0.0,0.0,0.0,1.0,0.6666666666666666,0.42139303482587065,0.08300153139356814,No,0
1.0,0.0,1.0,0.0,0.8333333333333333,1.0,1.0,0.5,0.0,0.0,1.0,0.0,1.0,1.0,1.0,0.0,0.3333333333333333,0.8248756218905472,0.7592649310872894,No,3
1.0,0.0,1.0,1.0,0.7083333333333333,1.0,1.0,1.0,0.5,0.5,0.5,0.5,0.5,0.5,1.0,1.0,1.0,0.06666666666666665,0.06278713629402756,No,3
1.0,0.0,1.0,1.0,0.38888888888888884,1.0,0.0,1.0,0.5,0.5,0.5,0.5,0.5,0.5,1.0,1.0,0.3333333333333333,0.020398009950248763,0.6300153139356814,No,3
1.0,0.0,0.0,0.0,0.5972222222222222,1.0,0.0,0.0,0.0,1.0,0.0,0.0,0.0,1.0,1.0,1.0,0.6666666666666666,0.41542288557213924,0.336906584992343,No,3
1.0,0.0,1.0,0.0,0.5833333333333333,1.0,0.0,1.0,0.5,0.5,0.5,0.5,0.5,0.5,1.0,0.0,0.6666666666666666,0.019900497512437804,0.9434915773353751,No,3
1.0,0.0,0.0,0.0,0.041666666666666664,1.0,0.0,0.5,0.0,0.0,0.0,0.0,1.0,0.0,0.0,1.0,0.6666666666666666,0.599502487562189,0.31607963246554366,Yes,3
0.0,0.0,0.0,0.0,0.013888888888888888,1.0,0.0,0.0,0.0,0.0,0.0,0.0,0.0,0.0,0.0,0.0,1.0,0.26368159203980096,0.573813169984686,No,0
0.0,0.0,0.0,0.0,0.041666666666666664,1.0,0.0,1.0,0.5,0.5,0.5,0.5,0.5,0.5,0.0,0.0,1.0,0.015920398009950265,0.7797856049004593,Yes,0
0.0,0.0,0.0,0.0,0.875,1.0,1.0,0.5,1.0,1.0,1.0,0.0,1.0,0.0,1.0,0.0,0.3333333333333333,0.7935323383084577,0.7733537519142419,No,0
1.0,1.0,0.0,0.0,0.041666666666666664,1.0,0.0,0.5,0.0,0.0,0.0,0.0,1.0,0.0,0.0,1.0,0.6666666666666666,0.6134328358208956,0.3447166921898928,Yes,3
1.0,0.0,1.0,0.0,0.9444444444444444,1.0,1.0,0.5,1.0,1.0,0.0,1.0,1.0,1.0,0.0,1.0,0.6666666666666666,0.8900497512437812,0.8695252679938744,No,3
0.0,1.0,0.0,0.0,0.41666666666666663,1.0,1.0,0.5,0.0,1.0,0.0,0.0,1.0,1.0,0.0,1.0,0.6666666666666666,0.8104477611940298,0.39264931087289434,Yes,0
0.0,0.0,0.0,0.0,0.8333333333333333,1.0,1.0,0.5,0.0,1.0,1.0,0.0,1.0,1.0,1.0,0.0,0.6666666666666666,0.8601990049751244,0.784073506891271,No,0
1.0,0.0,0.0,0.0,0.20833333333333331,1.0,1.0,0.0,0.0,1.0,0.0,1.0,0.0,0.0,0.0,1.0,0.3333333333333333,0.4014925373134328,0.982542113323124,Yes,3
1.0,1.0,0.0,0.0,0.625,1.0,1.0,0.5,0.0,0.0,0.0,0.0,1.0,1.0,0.0,1.0,0.0,0.7527363184079602,0.5502297090352221,No,3
0.0,0.0,1.0,0.0,0.9722222222222222,1.0,0.0,0.0,1.0,1.0,1.0,1.0,1.0,1.0,1.0,0.0,0.3333333333333333,0.6786069651741293,0.7470137825421133,No,0
1.0,0.0,1.0,0.0,0.1388888888888889,1.0,1.0,0.5,0.0,0.0,1.0,0.0,1.0,1.0,0.0,1.0,0.6666666666666666,0.7985074626865671,0.011791730474732006,Yes,3
1.0,0.0,0.0,0.0,0.05555555555555555,1.0,0.0,1.0,0.5,0.5,0.5,0.5,0.5,0.5,0.0,0.0,1.0,0.011442786069651711,0.9787136294027565,No,3
0.0,0.0,0.0,0.0,0.013888888888888888,1.0,0.0,0.0,0.0,0.0,1.0,0.0,0.0,0.0,0.0,1.0,1.0,0.3203980099502488,0.6474732006125574,Yes,0
0.0,0.0,1.0,0.0,0.9444444444444444,1.0,1.0,1.0,0.5,0.5,0.5,0.5,0.5,0.5,1.0,1.0,0.3333333333333333,0.06666666666666665,0.16523736600306277,No,0
1.0,0.0,1.0,1.0,0.3055555555555555,1.0,0.0,0.5,1.0,0.0,0.0,0.0,0.0,0.0,0.0,0.0,0.0,0.5646766169154228,0.15696784073506892,No,3
1.0,0.0,1.0,1.0,0.5277777777777778,1.0,1.0,0.5,0.0,1.0,1.0,0.0,1.0,0.0,0.0,1.0,0.6666666666666666,0.7601990049751244,0.47947932618683,Yes,3
0.0,0.0,0.0,0.0,0.013888888888888888,1.0,1.0,0.5,0.0,1.0,0.0,0.0,1.0,1.0,0.0,1.0,0.3333333333333333,0.8159203980099502,0.00030627871362940275,Yes,0
1.0,0.0,1.0,0.0,0.25,1.0,0.0,0.5,0.0,0.0,1.0,1.0,0.0,0.0,0.0,0.0,0.6666666666666666,0.5965174129353233,0.13200612557427258,No,3
1.0,0.0,0.0,0.0,0.40277777777777773,1.0,0.0,0.5,0.0,0.0,0.0,1.0,1.0,1.0,0.0,1.0,0.6666666666666666,0.7557213930348259,0.345635528330781,No,3
0.0,0.0,0.0,0.0,0.2222222222222222,1.0,1.0,0.5,0.0,0.0,1.0,0.0,0.0,1.0,0.0,1.0,0.6666666666666666,0.6985074626865672,0.11868300153139356,Yes,0
1.0,0.0,0.0,0.0,0.013888888888888888,1.0,0.0,0.5,0.0,0.0,0.0,0.0,0.0,0.0,0.0,1.0,0.6666666666666666,0.5134328358208955,0.8350689127105666,Yes,3
1.0,0.0,0.0,0.0,0.16666666666666666,1.0,0.0,0.5,1.0,0.0,1.0,0.0,0.0,0.0,0.0,0.0,0.0,0.6313432835820896,0.9551301684532925,Yes,3
1.0,0.0,0.0,0.0,0.4305555555555555,0.0,0.5,0.0,0.0,0.0,1.0,0.0,1.0,1.0,0.5,1.0,0.6666666666666666,0.31641791044776113,0.1450229709035222,No,3
1.0,0.0,0.0,0.0,0.05555555555555555,1.0,0.0,0.5,0.0,0.0,0.0,0.0,0.0,1.0,0.0,1.0,0.6666666666666666,0.6134328358208956,0.43169984686064317,Yes,3
0.0,0.0,1.0,0.0,0.6666666666666666,1.0,1.0,0.0,0.0,0.0,1.0,1.0,0.0,1.0,0.5,1.0,1.0,0.5104477611940298,0.4554364471669219,No,0
0.0,0.0,0.0,0.0,0.20833333333333331,1.0,1.0,1.0,0.5,0.5,0.5,0.5,0.5,0.5,0.0,1.0,0.3333333333333333,0.07114427860696515,0.5217457886676876,Yes,0
1.0,0.0,0.0,0.0,0.6944444444444444,1.0,0.0,0.5,1.0,1.0,1.0,1.0,0.0,0.0,0.5,1.0,0.3333333333333333,0.7149253731343282,0.5938744257274119,No,3
1.0,0.0,0.0,0.0,0.09722222222222221,1.0,0.0,0.0,0.0,0.0,0.0,0.0,0.0,0.0,0.0,1.0,0.0,0.2626865671641791,0.42909647779479326,No,3
1.0,1.0,1.0,0.0,0.5694444444444444,1.0,1.0,0.5,1.0,0.0,1.0,0.0,0.0,0.0,0.0,1.0,0.0,0.6517412935323383,0.4359877488514548,Yes,3
1.0,0.0,1.0,1.0,0.9444444444444444,1.0,0.0,0.5,1.0,0.0,1.0,0.0,0.0,0.0,1.0,0.0,0.3333333333333333,0.617910447761194,0.6854517611026033,No,3
0.0,1.0,1.0,0.0,0.3611111111111111,1.0,1.0,0.5,0.0,0.0,1.0,0.0,1.0,1.0,0.0,1.0,0.0,0.7945273631840796,0.332312404287902,No,0
1.0,0.0,0.0,0.0,0.7916666666666666,0.0,0.5,0.0,0.0,0.0,1.0,1.0,1.0,1.0,1.0,0.0,0.3333333333333333,0.34925373134328364,0.4113323124042879,No,3
0.0,0.0,0.0,0.0,0.041666666666666664,1.0,0.0,1.0,0.5,0.5,0.5,0.5,0.5,0.5,0.0,0.0,0.6666666666666666,0.012935323383084563,0.7627871362940275,No,0
0.0,0.0,0.0,0.0,0.013888888888888888,1.0,0.0,1.0,0.5,0.5,0.5,0.5,0.5,0.5,0.0,0.0,1.0,0.026368159203980085,0.24869831546707502,Yes,0
1.0,0.0,1.0,1.0,0.2638888888888889,1.0,0.0,0.0,1.0,0.0,0.0,0.0,0.0,0.0,0.5,1.0,0.0,0.3054726368159204,0.9886676875957121,No,3
0.0,0.0,0.0,0.0,0.041666666666666664,1.0,0.0,0.0,0.0,0.0,0.0,0.0,1.0,0.0,0.0,1.0,0.6666666666666666,0.3577114427860697,0.11179173047473201,No,0
0.0,0.0,0.0,0.0,0.8194444444444444,1.0,1.0,1.0,0.5,0.5,0.5,0.5,0.5,0.5,1.0,0.0,0.6666666666666666,0.061691542288557194,0.13583460949464013,No,0
0.0,0.0,1.0,0.0,0.013888888888888888,1.0,0.0,0.5,0.0,0.0,0.0,0.0,0.0,0.0,0.0,1.0,1.0,0.5089552238805971,0.833843797856049,Yes,0
1.0,0.0,1.0,0.0,0.5833333333333333,0.0,0.5,0.0,1.0,0.0,0.0,0.0,1.0,0.0,0.0,1.0,0.0,0.217910447761194,0.1681470137825421,No,3
0.0,0.0,0.0,0.0,0.09722222222222221,1.0,1.0,0.5,0.0,0.0,0.0,0.0,0.0,0.0,0.0,1.0,0.6666666666666666,0.5636815920398011,0.6888208269525268,Yes,0
1.0,0.0,1.0,0.0,0.9305555555555555,1.0,1.0,1.0,0.5,0.5,0.5,0.5,0.5,0.5,1.0,0.0,0.3333333333333333,0.07313432835820893,0.20199081163859112,No,3
1.0,0.0,0.0,0.0,0.013888888888888888,1.0,0.0,0.5,0.0,0.0,0.0,0.0,0.0,0.0,0.0,1.0,0.6666666666666666,0.5184079601990049,0.8434915773353752,No,3
1.0,0.0,1.0,0.0,0.9166666666666666,1.0,1.0,0.0,1.0,1.0,1.0,1.0,1.0,1.0,1.0,0.0,0.0,0.7308457711442786,0.7600306278713629,No,3
0.0,0.0,0.0,0.0,0.8472222222222222,1.0,1.0,0.5,0.0,0.0,1.0,0.0,0.0,1.0,0.0,0.0,1.0,0.7059701492537314,0.7,No,0
1.0,0.0,1.0,1.0,0.05555555555555555,1.0,1.0,1.0,0.5,0.5,0.5,0.5,0.5,0.5,0.5,0.0,0.3333333333333333,0.05820895522388059,0.8673813169984685,No,3
0.0,1.0,1.0,0.0,0.5833333333333333,1.0,0.0,0.5,1.0,0.0,0.0,0.0,0.0,0.0,0.0,1.0,0.3333333333333333,0.5562189054726369,0.42955589586523735,Yes,0
0.0,0.0,1.0,1.0,0.8888888888888888,1.0,1.0,0.0,0.0,1.0,0.0,0.0,0.0,0.0,0.5,1.0,0.0,0.35422885572139307,0.45038284839203674,No,0
0.0,1.0,1.0,0.0,0.75,1.0,1.0,0.5,1.0,1.0,1.0,1.0,1.0,1.0,0.5,1.0,0.0,0.9686567164179104,0.7926493108728944,No,0
1.0,0.0,0.0,0.0,0.013888888888888888,1.0,0.0,1.0,0.5,0.5,0.5,0.5,0.5,0.5,0.0,1.0,0.3333333333333333,0.014925373134328346,0.22802450229709034,No,3
1.0,0.0,1.0,1.0,0.75,1.0,1.0,1.0,0.5,0.5,0.5,0.5,0.5,0.5,1.0,1.0,0.0,0.057711442786069655,0.06462480857580398,No,3
0.0,0.0,0.0,1.0,0.25,1.0,1.0,1.0,0.5,0.5,0.5,0.5,0.5,0.5,1.0,0.0,0.3333333333333333,0.07014925373134329,0.5924961715160796,No,0
1.0,0.0,0.0,0.0,0.041666666666666664,1.0,0.0,0.5,0.0,1.0,0.0,0.0,0.0,1.0,0.0,0.0,0.6666666666666666,0.6572139303482587,0.3042879019908116,No,3
0.0,0.0,0.0,0.0,0.013888888888888888,1.0,0.0,0.5,0.0,0.0,0.0,0.0,0.0,0.0,0.0,1.0,0.6666666666666666,0.5159203980099502,0.8427258805513017,Yes,0
0.0,0.0,1.0,1.0,1.0,1.0,1.0,0.0,1.0,1.0,1.0,1.0,1.0,1.0,1.0,0.0,0.3333333333333333,0.7114427860696517,0.806125574272588,No,0
1.0,1.0,1.0,0.0,0.8333333333333333,1.0,0.0,0.5,0.0,1.0,1.0,0.0,1.0,1.0,0.5,1.0,0.6666666666666666,0.7930348258706468,0.737978560490046,No,3
0.0,0.0,1.0,1.0,0.15277777777777776,1.0,0.0,1.0,0.5,0.5,0.5,0.5,0.5,0.5,0.5,1.0,1.0,0.01741293532338306,0.23950995405819295,No,0
0.0,0.0,0.0,1.0,0.16666666666666666,1.0,1.0,0.5,1.0,0.0,0.0,0.0,0.0,0.0,0.0,1.0,0.6666666666666666,0.5975124378109452,0.9712098009188361,Yes,0
1.0,0.0,1.0,1.0,0.8472222222222222,1.0,0.0,0.5,0.0,1.0,1.0,1.0,1.0,1.0,0.5,0.0,0.3333333333333333,0.8522388059701492,0.7941807044410413,No,3
0.0,0.0,0.0,0.0,0.5416666666666666,1.0,0.0,1.0,0.5,0.5,0.5,0.5,0.5,0.5,1.0,0.0,0.3333333333333333,0.024378109452736302,0.8938744257274119,No,0
1.0,0.0,0.0,0.0,0.7638888888888888,1.0,1.0,0.5,0.0,0.0,0.0,0.0,1.0,1.0,0.0,1.0,0.6666666666666666,0.781592039800995,0.6765696784073507,Yes,3
0.0,0.0,0.0,0.0,0.2361111111111111,1.0,1.0,0.5,1.0,1.0,0.0,0.0,1.0,0.0,0.0,1.0,0.6666666666666666,0.7577114427860697,0.16569678407350688,Yes,0
1.0,0.0,0.0,0.0,0.5138888888888888,1.0,0.0,1.0,0.5,0.5,0.5,0.5,0.5,0.5,0.5,0.0,0.3333333333333333,0.018905472636815884,0.9088820826952526,No,3
0.0,0.0,1.0,0.0,1.0,1.0,1.0,1.0,0.5,0.5,0.5,0.5,0.5,0.5,1.0,1.0,1.0,0.0771144278606965,0.1987748851454824,No,0
1.0,1.0,1.0,0.0,1.0,1.0,1.0,0.0,0.0,1.0,1.0,1.0,1.0,0.0,1.0,0.0,0.3333333333333333,0.5880597014925373,0.686676875957121,No,3
0.0,0.0,0.0,0.0,0.1111111111111111,1.0,0.0,0.0,1.0,0.0,0.0,1.0,0.0,1.0,0.0,0.0,0.0,0.47562189054726367,0.7258805513016845,No,0
0.0,0.0,1.0,1.0,0.3055555555555555,1.0,0.0,1.0,0.5,0.5,0.5,0.5,0.5,0.5,0.0,0.0,1.0,0.01641791044776117,0.5234303215926494,No,0
0.0,0.0,0.0,0.0,0.013888888888888888,1.0,0.0,0.5,0.0,1.0,0.0,0.0,1.0,0.0,0.0,0.0,0.6666666666666666,0.6572139303482587,0.9451761102603369,Yes,0
0.0,0.0,0.0,0.0,0.5277777777777778,1.0,1.0,0.0,0.0,1.0,0.0,1.0,0.0,1.0,0.0,0.0,0.3333333333333333,0.49651741293532337,0.35283307810107195,No,0
1.0,0.0,0.0,1.0,0.2361111111111111,1.0,0.0,0.0,0.0,1.0,1.0,1.0,1.0,1.0,0.5,0.0,0.6666666666666666,0.6228855721393034,0.12679938744257274,No,3
0.0,1.0,0.0,0.0,0.9722222222222222,1.0,1.0,0.0,0.0,1.0,1.0,1.0,1.0,0.0,1.0,1.0,0.0,0.5696517412935324,0.6689127105666156,No,0
0.0,1.0,1.0,1.0,1.0,1.0,1.0,0.0,1.0,1.0,1.0,1.0,1.0,1.0,1.0,0.0,0.3333333333333333,0.7383084577114428,0.7932618683001531,Yes,0
0.0,0.0,0.0,0.0,0.38888888888888884,1.0,0.0,0.5,0.0,0.0,0.0,0.0,0.0,1.0,0.0,1.0,0.6666666666666666,0.6203980099502486,0.2877488514548239,No,0
0.0,0.0,0.0,0.0,0.20833333333333331,1.0,0.0,0.5,0.0,1.0,0.0,0.0,1.0,0.0,0.0,1.0,0.0,0.6462686567164179,0.038897396630934146,No,0
1.0,0.0,1.0,1.0,1.0,1.0,1.0,0.0,1.0,1.0,1.0,1.0,1.0,1.0,1.0,1.0,0.0,0.68955223880597,0.7950995405819296,No,3
0.0,1.0,1.0,0.0,0.15277777777777776,1.0,1.0,0.5,0.0,0.0,1.0,0.0,1.0,1.0,0.0,1.0,0.6666666666666666,0.8089552238805969,0.03920367534456355,Yes,0
1.0,1.0,0.0,0.0,0.1111111111111111,1.0,1.0,0.5,0.0,0.0,1.0,0.0,0.0,0.0,0.0,1.0,0.6666666666666666,0.6268656716417911,0.7373660030627871,Yes,3
0.0,0.0,1.0,0.0,0.7916666666666666,1.0,1.0,0.5,0.0,1.0,1.0,1.0,1.0,1.0,0.5,1.0,0.0,0.9069651741293533,0.7759571209800918,No,0
1.0,0.0,1.0,1.0,0.013888888888888888,1.0,0.0,1.0,0.5,0.5,0.5,0.5,0.5,0.5,0.0,0.0,0.0,0.01691542288557213,0.22863705972434914,Yes,3
0.0,0.0,1.0,0.0,0.6388888888888888,0.0,0.5,0.0,1.0,1.0,0.0,0.0,1.0,0.0,0.0,0.0,0.6666666666666666,0.2716417910447761,0.2583460949464012,No,0
1.0,0.0,1.0,0.0,0.41666666666666663,1.0,0.0,1.0,0.5,0.5,0.5,0.5,0.5,0.5,0.5,0.0,0.3333333333333333,0.024378109452736302,0.7382848392036753,No,3
1.0,1.0,1.0,0.0,0.1388888888888889,1.0,0.0,0.5,1.0,0.0,0.0,0.0,0.0,0.0,0.0,0.0,0.6666666666666666,0.5676616915422885,0.8615620214395099,No,3
1.0,0.0,1.0,0.0,0.3194444444444444,1.0,1.0,0.5,1.0,1.0,1.0,0.0,1.0,0.0,0.0,1.0,0.6666666666666666,0.8059701492537313,0.2758039816232772,Yes,3
1.0,0.0,0.0,0.0,0.4444444444444444,1.0,0.0,0.5,1.0,1.0,1.0,0.0,0.0,1.0,0.0,1.0,0.3333333333333333,0.7477611940298508,0.39418070444104136,No,3
1.0,0.0,0.0,0.0,0.18055555555555555,1.0,0.0,0.5,1.0,0.0,0.0,0.0,0.0,0.0,0.0,1.0,0.3333333333333333,0.5522388059701492,0.9889739663093414,No,3
0.0,0.0,0.0,0.0,0.5416666666666666,1.0,0.0,0.5,0.0,0.0,1.0,1.0,0.0,0.0,1.0,1.0,0.6666666666666666,0.618905472636816,0.42618683001531393,Yes,0
0.0,0.0,0.0,0.0,0.611111111111111,1.0,0.0,0.5,0.0,1.0,1.0,0.0,1.0,0.0,0.0,1.0,0.3333333333333333,0.6955223880597016,0.5200612557427259,No,0
1.0,1.0,0.0,0.0,0.125,1.0,0.0,0.0,0.0,0.0,0.0,1.0,0.0,0.0,0.0,0.0,1.0,0.3079601990049751,0.581010719754977,No,3
0.0,0.0,1.0,0.0,0.9305555555555555,1.0,0.0,1.0,0.5,0.5,0.5,0.5,0.5,0.5,1.0,0.0,1.0,0.013930348258706454,0.09264931087289432,No,0
1.0,0.0,1.0,1.0,0.125,1.0,1.0,0.5,0.0,0.0,1.0,0.0,0.0,0.0,0.0,1.0,0.0,0.607960199004975,0.8075038284839203,Yes,3
0.0,0.0,0.0,0.0,0.20833333333333331,1.0,1.0,0.5,0.0,1.0,0.0,0.0,0.0,0.0,0.0,1.0,0.6666666666666666,0.6119402985074627,0.0332312404287902,Yes,0
0.0,0.0,1.0,0.0,0.986111111111111,1.0,1.0,0.5,0.0,1.0,1.0,0.0,1.0,1.0,1.0,1.0,0.0,0.8646766169154229,0.8889739663093414,No,0
1.0,0.0,0.0,0.0,0.013888888888888888,1.0,0.0,0.0,0.0,0.0,0.0,1.0,0.0,0.0,0.0,0.0,0.3333333333333333,0.30597014925373134,0.6333843797856049,No,3
0.0,0.0,1.0,1.0,0.41666666666666663,1.0,1.0,0.5,0.0,0.0,1.0,0.0,1.0,1.0,0.0,1.0,0.6666666666666666,0.8139303482587064,0.40535987748851454,Yes,0
1.0,0.0,0.0,0.0,0.013888888888888888,1.0,0.0,0.5,0.0,0.0,0.0,0.0,0.0,0.0,0.0,1.0,0.6666666666666666,0.508457711442786,0.8336906584992343,Yes,3
1.0,0.0,1.0,0.0,0.2361111111111111,0.0,0.5,0.0,0.0,1.0,0.0,0.0,1.0,1.0,0.0,1.0,1.0,0.3139303482587064,0.9436447166921899,No,3
0.0,0.0,0.0,0.0,0.041666666666666664,1.0,0.0,0.5,0.0,0.0,0.0,1.0,0.0,1.0,0.0,0.0,0.6666666666666666,0.672139303482587,0.36156202143950994,Yes,0
1.0,0.0,1.0,1.0,0.9305555555555555,1.0,1.0,0.0,1.0,0.0,1.0,0.0,1.0,1.0,1.0,1.0,0.6666666666666666,0.6114427860696517,0.6776416539050536,Yes,3
1.0,0.0,0.0,0.0,0.013888888888888888,1.0,0.0,1.0,0.5,0.5,0.5,0.5,0.5,0.5,0.0,0.0,0.0,0.026865671641791017,0.24885145482388973,No,3
0.0,1.0,0.0,0.0,0.013888888888888888,1.0,1.0,0.0,0.0,0.0,0.0,0.0,0.0,0.0,0.0,0.0,1.0,0.32139303482587056,0.6477794793261868,Yes,0
0.0,1.0,1.0,0.0,0.4444444444444444,1.0,1.0,0.5,0.0,0.0,1.0,0.0,0.0,0.0,0.0,0.0,1.0,0.6074626865671642,0.3411944869831547,No,0
1.0,0.0,1.0,1.0,0.5694444444444444,1.0,0.0,1.0,0.5,0.5,0.5,0.5,0.5,0.5,0.5,0.0,0.0,0.01243781094527363,0.9192955589586523,No,3
1.0,0.0,1.0,0.0,0.013888888888888888,1.0,0.0,0.5,0.0,0.0,0.0,0.0,1.0,0.0,0.0,1.0,0.6666666666666666,0.6199004975124378,0.922052067381317,Yes,3
0.0,0.0,0.0,0.0,0.013888888888888888,1.0,0.0,0.0,0.0,0.0,0.0,0.0,0.0,0.0,0.0,0.0,0.0,0.2577114427860696,0.572281776416539,No,0
0.0,0.0,1.0,1.0,0.16666666666666666,1.0,1.0,0.5,0.0,1.0,1.0,0.0,0.0,0.0,0.0,1.0,0.6666666666666666,0.6592039800995024,0.973813169984686,Yes,0
1.0,0.0,1.0,1.0,0.861111111111111,1.0,1.0,0.5,1.0,1.0,0.0,0.0,1.0,1.0,0.0,1.0,0.6666666666666666,0.8681592039800995,0.7967840735068913,No,3
0.0,0.0,0.0,0.0,0.3055555555555555,1.0,0.0,0.5,0.0,1.0,0.0,0.0,0.0,1.0,0.0,1.0,1.0,0.6572139303482587,0.21730474732006125,Yes,0
0.0,0.0,0.0,1.0,0.2361111111111111,1.0,1.0,0.5,0.0,1.0,1.0,1.0,0.0,0.0,0.0,1.0,0.3333333333333333,0.7407960199004975,0.15267993874425728,No,0
0.0,0.0,1.0,1.0,1.0,1.0,1.0,1.0,0.5,0.5,0.5,0.5,0.5,0.5,1.0,1.0,0.0,0.07960199004975121,0.2439509954058193,No,0
1.0,0.0,1.0,1.0,0.7777777777777777,1.0,1.0,0.5,0.0,1.0,0.0,1.0,1.0,0.0,0.0,1.0,0.3333333333333333,0.7830845771144279,0.691271056661562,No,3
0.0,0.0,0.0,0.0,0.125,1.0,0.0,1.0,0.5,0.5,0.5,0.5,0.5,0.5,0.0,1.0,0.3333333333333333,0.021890547263681587,0.1326186830015314,No,0
1.0,0.0,1.0,0.0,1.0,1.0,1.0,0.5,1.0,1.0,1.0,1.0,1.0,1.0,1.0,1.0,0.0,0.9706467661691541,0.947166921898928,No,3
1.0,0.0,0.0,0.0,0.2777777777777778,1.0,0.0,0.5,1.0,1.0,1.0,1.0,1.0,1.0,0.0,1.0,0.0,0.8950248756218905,0.2811638591117917,No,3
1.0,0.0,1.0,1.0,0.2638888888888889,1.0,0.0,1.0,0.5,0.5,0.5,0.5,0.5,0.5,1.0,0.0,1.0,0.019402985074626844,0.5065849923430321,No,3
1.0,0.0,0.0,0.0,0.027777777777777776,1.0,0.0,0.5,0.0,0.0,0.0,0.0,0.0,0.0,0.0,1.0,0.6666666666666666,0.4925373134328358,0.04578866768759571,Yes,3
1.0,0.0,0.0,0.0,0.736111111111111,0.0,0.5,0.0,0.0,0.0,1.0,1.0,1.0,1.0,0.5,0.0,0.3333333333333333,0.36467661691542286,0.4050535987748851,No,3
0.0,1.0,0.0,0.0,0.375,1.0,1.0,0.5,0.0,0.0,0.0,0.0,0.0,1.0,0.0,1.0,0.6666666666666666,0.6666666666666666,0.29494640122511484,Yes,0
1.0,0.0,0.0,0.0,0.08333333333333333,1.0,0.0,1.0,0.5,0.5,0.5,0.5,0.5,0.5,0.0,0.0,0.0,0.018905472636815884,0.08407350689127105,No,3
1.0,0.0,1.0,1.0,0.125,1.0,1.0,0.5,0.0,0.0,1.0,0.0,1.0,0.0,0.5,1.0,0.6666666666666666,0.717412935323383,0.8966309341500766,No,3
0.0,0.0,1.0,1.0,0.1111111111111111,1.0,1.0,0.0,0.0,1.0,0.0,0.0,0.0,0.0,0.0,0.0,0.6666666666666666,0.3731343283582089,0.5802450229709035,No,0
0.0,0.0,1.0,1.0,0.986111111111111,1.0,1.0,0.5,1.0,1.0,1.0,1.0,1.0,1.0,1.0,0.0,0.0,0.9587064676616915,0.9289433384379785,No,0
0.0,0.0,0.0,0.0,0.1388888888888889,1.0,1.0,0.5,0.0,1.0,0.0,0.0,0.0,0.0,0.0,1.0,0.0,0.6149253731343283,0.9395099540581929,Yes,0
1.0,0.0,0.0,0.0,0.013888888888888888,1.0,0.0,1.0,0.5,0.5,0.5,0.5,0.5,0.5,0.0,0.0,1.0,0.01741293532338306,0.2459418070444104,Yes,3
0.0,0.0,1.0,0.0,0.986111111111111,0.0,0.5,0.0,1.0,1.0,1.0,1.0,1.0,1.0,0.5,0.0,0.0,0.48308457711442776,0.6075038284839204,No,0
1.0,0.0,1.0,0.0,0.9444444444444444,1.0,0.0,0.5,0.0,1.0,0.0,1.0,1.0,1.0,0.5,1.0,0.6666666666666666,0.8164179104477611,0.8191424196018376,No,3
1.0,0.0,0.0,0.0,0.4722222222222222,1.0,1.0,0.5,0.0,1.0,0.0,1.0,1.0,1.0,0.0,1.0,0.6666666666666666,0.8666666666666666,0.4695252679938744,No,3
1.0,0.0,0.0,0.0,0.3611111111111111,1.0,0.0,0.5,0.0,1.0,1.0,1.0,0.0,0.0,0.5,1.0,0.6666666666666666,0.6661691542288557,0.27549770290964776,No,3
0.0,0.0,0.0,0.0,0.3055555555555555,1.0,0.0,0.0,1.0,0.0,0.0,0.0,0.0,0.0,0.0,1.0,0.3333333333333333,0.3039800995024875,0.015773353751914243,Yes,0
1.0,0.0,0.0,0.0,0.09722222222222221,1.0,0.0,1.0,0.5,0.5,0.5,0.5,0.5,0.5,0.0,1.0,1.0,0.006965174129353213,0.08422664624808575,No,3
0.0,0.0,1.0,0.0,0.2777777777777778,1.0,0.0,0.5,0.0,0.0,0.0,0.0,0.0,0.0,0.0,1.0,0.0,0.5129353233830846,0.14992343032159264,No,0
0.0,0.0,1.0,0.0,0.8333333333333333,1.0,1.0,0.5,0.0,1.0,1.0,0.0,1.0,1.0,0.0,1.0,0.6666666666666666,0.8746268656716417,0.7911179173047473,No,0
1.0,0.0,1.0,1.0,1.0,1.0,0.0,1.0,0.5,0.5,0.5,0.5,0.5,0.5,1.0,0.0,0.6666666666666666,0.02288557213930348,0.1226646248085758,No,3
0.0,1.0,1.0,0.0,1.0,1.0,1.0,0.5,0.0,1.0,1.0,0.0,1.0,1.0,0.5,1.0,0.3333333333333333,0.8706467661691543,0.8944869831546707,No,0
1.0,0.0,0.0,0.0,0.05555555555555555,1.0,1.0,1.0,0.5,0.5,0.5,0.5,0.5,0.5,0.0,0.0,1.0,0.06965174129353235,0.0035222052067381314,No,3
1.0,0.0,1.0,1.0,0.2222222222222222,1.0,0.0,1.0,0.5,0.5,0.5,0.5,0.5,0.5,0.0,0.0,0.6666666666666666,0.014925373134328346,0.4165390505359877,No,3
0.0,1.0,1.0,0.0,0.861111111111111,1.0,1.0,0.5,1.0,0.0,1.0,0.0,1.0,1.0,0.5,1.0,0.6666666666666666,0.861691542288557,0.7817764165390505,No,0
0.0,0.0,0.0,0.0,0.1388888888888889,1.0,0.0,0.0,0.0,0.0,0.0,1.0,0.0,1.0,0.0,1.0,1.0,0.4248756218905473,0.7782542113323124,No,0
1.0,0.0,0.0,0.0,0.4305555555555555,1.0,1.0,0.5,0.0,1.0,0.0,0.0,0.0,0.0,0.0,1.0,0.6666666666666666,0.6258706467661692,0.3505359877488514,No,3
0.0,0.0,1.0,0.0,0.986111111111111,1.0,0.0,1.0,0.5,0.5,0.5,0.5,0.5,0.5,1.0,0.0,0.3333333333333333,0.008457711442786064,0.10260336906584992,No,0
1.0,0.0,0.0,0.0,0.8055555555555555,1.0,0.0,1.0,0.5,0.5,0.5,0.5,0.5,0.5,1.0,0.0,1.0,0.025373134328358193,0.05941807044410413,No,3
1.0,0.0,1.0,1.0,0.9722222222222222,1.0,1.0,0.0,1.0,1.0,1.0,1.0,1.0,1.0,1.0,1.0,0.3333333333333333,0.7154228855721393,0.774885145482389,No,3
0.0,0.0,1.0,0.0,0.986111111111111,1.0,1.0,0.0,1.0,1.0,1.0,1.0,1.0,1.0,1.0,0.0,0.6666666666666666,0.7149253731343282,0.7814701378254211,No,0
1.0,1.0,0.0,0.0,0.9583333333333333,1.0,1.0,0.0,1.0,0.0,1.0,1.0,0.0,1.0,1.0,0.0,0.3333333333333333,0.5557213930348258,0.6525267993874425,No,3
0.0,1.0,0.0,0.0,0.013888888888888888,1.0,1.0,0.5,0.0,0.0,0.0,0.0,0.0,1.0,0.0,1.0,0.6666666666666666,0.6646766169154228,0.9505359877488514,Yes,0
0.0,0.0,1.0,1.0,1.0,1.0,1.0,0.5,1.0,1.0,1.0,1.0,1.0,1.0,1.0,1.0,0.0,0.9999999999999999,0.95895865237366,No,0
0.0,0.0,1.0,0.0,0.3611111111111111,1.0,0.0,0.5,0.0,0.0,0.0,1.0,0.0,1.0,0.0,0.0,0.3333333333333333,0.673134328358209,0.2784073506891271,No,0
0.0,0.0,1.0,0.0,0.4583333333333333,1.0,1.0,0.5,0.0,0.0,1.0,1.0,0.0,1.0,0.0,1.0,0.3333333333333333,0.763681592039801,0.39877488514548237,No,0
0.0,0.0,1.0,1.0,0.1388888888888889,1.0,0.0,1.0,0.5,0.5,0.5,0.5,0.5,0.5,1.0,0.0,1.0,0.018905472636815884,0.2800918836140888,No,0
0.0,1.0,0.0,0.0,0.7916666666666666,1.0,1.0,0.5,1.0,0.0,1.0,1.0,0.0,1.0,1.0,0.0,0.3333333333333333,0.8263681592039801,0.7300153139356814,No,0
0.0,0.0,0.0,0.0,0.1388888888888889,1.0,0.0,1.0,0.5,0.5,0.5,0.5,0.5,0.5,0.0,1.0,0.6666666666666666,0.02935323383084576,0.28407350689127103,No,0
0.0,0.0,1.0,1.0,0.5416666666666666,1.0,1.0,1.0,0.5,0.5,0.5,0.5,0.5,0.5,0.5,1.0,1.0,0.05920398009950248,0.9732006125574272,No,0
0.0,0.0,0.0,0.0,0.15277777777777776,1.0,0.0,1.0,0.5,0.5,0.5,0.5,0.5,0.5,0.0,0.0,0.0,0.020398009950248763,0.3228177641653905,No,0
0.0,0.0,1.0,1.0,0.29166666666666663,1.0,0.0,0.5,0.0,1.0,1.0,1.0,1.0,1.0,0.0,1.0,0.6666666666666666,0.8412935323383085,0.2666156202143951,Yes,0
0.0,0.0,1.0,1.0,0.9444444444444444,1.0,1.0,0.0,0.0,1.0,1.0,1.0,1.0,1.0,1.0,0.0,0.0,0.6671641791044776,0.7059724349157733,No,0
1.0,0.0,0.0,0.0,0.25,1.0,1.0,0.5,0.0,0.0,1.0,0.0,1.0,0.0,0.5,1.0,0.3333333333333333,0.7099502487562188,0.16937212863705972,No,3
0.0,0.0,0.0,0.0,0.08333333333333333,1.0,0.0,0.5,0.0,0.0,1.0,1.0,1.0,1.0,0.0,1.0,1.0,0.8129353233830846,0.6955589586523736,Yes,0
1.0,0.0,0.0,0.0,0.25,1.0,1.0,0.0,1.0,0.0,0.0,0.0,0.0,0.0,0.0,0.0,1.0,0.37810945273631835,0.9923430321592649,No,3
0.0,0.0,1.0,1.0,0.7222222222222222,1.0,0.0,0.0,0.0,0.0,1.0,0.0,0.0,0.0,0.5,1.0,0.0,0.32537313432835824,0.3462480857580398,No,0
1.0,0.0,1.0,1.0,0.7777777777777777,1.0,1.0,0.5,1.0,1.0,1.0,1.0,1.0,1.0,1.0,0.0,1.0,0.9711442786069652,0.8032159264931087,No,3
1.0,0.0,0.0,0.0,0.625,1.0,1.0,0.5,0.0,0.0,1.0,1.0,1.0,1.0,0.0,1.0,0.0,0.8497512437810945,0.6151607963246554,No,3
0.0,0.0,0.0,0.0,0.9305555555555555,1.0,1.0,1.0,0.5,0.5,0.5,0.5,0.5,0.5,1.0,1.0,1.0,0.07810945273631842,0.19647779479326186,No,0
1.0,0.0,1.0,0.0,0.041666666666666664,0.0,0.5,0.0,1.0,0.0,0.0,1.0,0.0,0.0,0.0,0.0,1.0,0.16766169154228855,0.0030627871362940273,No,3
1.0,1.0,0.0,0.0,0.9027777777777777,1.0,0.0,0.5,0.0,1.0,1.0,0.0,1.0,1.0,0.0,1.0,0.0,0.8044776119402984,0.7972434915773353,No,3
1.0,0.0,1.0,0.0,0.875,1.0,1.0,0.0,0.0,1.0,0.0,1.0,0.0,1.0,1.0,0.0,1.0,0.48756218905472637,0.5531393568147014,No,3
0.0,0.0,1.0,1.0,0.15277777777777776,1.0,1.0,1.0,0.5,0.5,0.5,0.5,0.5,0.5,1.0,0.0,1.0,0.06716417910447761,0.3975497702909648,No,0
1.0,0.0,0.0,1.0,0.013888888888888888,1.0,0.0,0.0,0.0,0.0,0.0,1.0,0.0,1.0,0.0,1.0,1.0,0.41094527363184075,0.7418070444104135,No,3
1.0,0.0,0.0,0.0,0.7638888888888888,1.0,1.0,0.0,0.0,0.0,1.0,0.0,1.0,1.0,1.0,1.0,0.0,0.5925373134328358,0.5632465543644717,No,3
1.0,0.0,1.0,1.0,0.3472222222222222,1.0,1.0,0.0,0.0,0.0,0.0,1.0,0.0,0.0,0.5,1.0,1.0,0.3666666666666667,0.1318529862174579,No,3
1.0,0.0,1.0,0.0,1.0,1.0,1.0,0.5,1.0,1.0,1.0,1.0,1.0,1.0,0.5,1.0,0.0,0.9905472636815921,0.9594180704441041,Yes,3
0.0,0.0,1.0,0.0,1.0,1.0,1.0,1.0,0.5,0.5,0.5,0.5,0.5,0.5,1.0,1.0,0.3333333333333333,0.05870646766169152,0.19892802450229707,No,0
0.0,0.0,0.0,1.0,0.9027777777777777,0.0,0.5,0.0,0.0,1.0,0.0,1.0,1.0,0.0,1.0,0.0,1.0,0.26865671641791045,0.3883614088820827,No,0
0.0,1.0,0.0,0.0,0.75,1.0,1.0,0.5,0.0,1.0,0.0,0.0,0.0,0.0,0.0,1.0,0.6666666666666666,0.6094527363184079,0.5683001531393568,Yes,0
1.0,0.0,1.0,1.0,0.09722222222222221,1.0,0.0,1.0,0.5,0.5,0.5,0.5,0.5,0.5,0.0,0.0,1.0,0.019900497512437804,0.12404287901990811,No,3
0.0,0.0,1.0,0.0,1.0,1.0,1.0,0.0,1.0,1.0,0.0,1.0,0.0,0.0,1.0,0.0,0.0,0.4626865671641791,0.6215926493108729,No,0
1.0,0.0,1.0,0.0,0.29166666666666663,1.0,0.0,0.0,0.0,0.0,0.0,0.0,1.0,0.0,0.0,0.0,0.0,0.36169154228855727,0.03644716692189893,No,3
0.0,0.0,0.0,0.0,0.027777777777777776,1.0,0.0,1.0,0.5,0.5,0.5,0.5,0.5,0.5,0.0,1.0,0.0,0.024378109452736302,0.511791730474732,No,0
1.0,1.0,0.0,0.0,0.05555555555555555,1.0,0.0,0.5,0.0,0.0,1.0,0.0,1.0,1.0,0.0,1.0,0.6666666666666666,0.7611940298507462,0.5514548238897397,No,3
1.0,0.0,1.0,0.0,0.041666666666666664,1.0,1.0,0.5,0.0,0.0,0.0,1.0,0.0,0.0,0.0,1.0,0.0,0.6109452736318408,0.33200612557427256,Yes,3
1.0,0.0,1.0,0.0,1.0,1.0,1.0,0.5,1.0,1.0,1.0,1.0,1.0,1.0,1.0,0.0,0.3333333333333333,0.9706467661691541,0.9419601837672281,No,3
0.0,0.0,0.0,0.0,0.08333333333333333,1.0,0.0,0.0,1.0,0.0,0.0,0.0,0.0,0.0,0.0,1.0,0.6666666666666666,0.31044776119402984,0.41807044410413474,No,0
1.0,0.0,0.0,0.0,0.7222222222222222,1.0,0.0,0.5,0.0,0.0,1.0,0.0,0.0,1.0,0.0,1.0,0.3333333333333333,0.6522388059701492,0.5644716692189893,No,3
1.0,1.0,1.0,0.0,0.9583333333333333,1.0,1.0,0.5,0.0,1.0,1.0,0.0,0.0,1.0,0.0,1.0,0.0,0.7671641791044775,0.7879019908116386,No,3
1.0,0.0,0.0,0.0,0.1111111111111111,1.0,0.0,0.5,0.0,0.0,1.0,0.0,1.0,1.0,0.0,1.0,0.6666666666666666,0.7606965174129353,0.8770290964777948,Yes,3
0.0,1.0,0.0,0.0,0.1111111111111111,1.0,0.0,0.5,0.0,0.0,1.0,0.0,0.0,0.0,0.0,1.0,0.0,0.5552238805970149,0.7526799387442572,No,0
0.0,1.0,0.0,0.0,0.875,1.0,1.0,0.5,0.0,0.0,1.0,0.0,0.0,1.0,0.0,1.0,0.0,0.7099502487562188,0.7038284839203676,No,0
1.0,0.0,0.0,0.0,0.8333333333333333,1.0,1.0,0.5,1.0,1.0,1.0,1.0,1.0,1.0,0.5,1.0,0.3333333333333333,0.9786069651741293,0.8488514548238897,No,3
0.0,0.0,1.0,0.0,0.16666666666666666,1.0,0.0,0.0,1.0,0.0,0.0,1.0,0.0,0.0,0.0,0.0,0.0,0.3577114427860697,0.8356814701378253,No,0
0.0,0.0,0.0,0.0,0.18055555555555555,1.0,0.0,1.0,0.5,0.5,0.5,0.5,0.5,0.5,0.0,1.0,1.0,0.010447761194029848,0.3699846860643185,No,0
1.0,0.0,0.0,0.0,0.3055555555555555,1.0,1.0,0.0,1.0,1.0,1.0,0.0,0.0,0.0,0.0,0.0,1.0,0.4656716417910447,0.12128637059724348,No,3
1.0,0.0,0.0,0.0,0.06944444444444445,1.0,1.0,0.5,0.0,0.0,1.0,0.0,1.0,0.0,0.0,1.0,0.6666666666666666,0.7388059701492538,0.5891271056661562,Yes,3
0.0,0.0,1.0,1.0,0.013888888888888888,1.0,0.0,1.0,0.5,0.5,0.5,0.5,0.5,0.5,0.0,0.0,1.0,0.011940298507462671,0.22710566615620215,Yes,0
0.0,0.0,1.0,1.0,1.0,1.0,1.0,1.0,0.5,0.5,0.5,0.5,0.5,0.5,1.0,1.0,0.0,0.057711442786069655,0.18468606431852985,No,0
0.0,0.0,0.0,0.0,0.027777777777777776,1.0,0.0,1.0,0.5,0.5,0.5,0.5,0.5,0.5,0.0,0.0,0.0,0.00497512437810943,0.6785604900459418,No,0
0.0,0.0,1.0,1.0,0.5555555555555556,1.0,0.0,1.0,0.5,0.5,0.5,0.5,0.5,0.5,1.0,0.0,0.0,0.018905472636815884,0.9033690658499234,No,0
1.0,0.0,1.0,1.0,0.611111111111111,1.0,0.0,1.0,0.5,0.5,0.5,0.5,0.5,0.5,0.5,0.0,0.0,0.01741293532338306,0.9560490045941806,No,3
1.0,1.0,1.0,0.0,0.986111111111111,1.0,0.0,0.0,1.0,1.0,0.0,1.0,1.0,0.0,0.5,1.0,0.0,0.5248756218905473,0.6499234303215926,No,3
0.0,0.0,0.0,0.0,0.027777777777777776,1.0,1.0,0.5,0.0,0.0,0.0,0.0,0.0,0.0,0.0,1.0,0.6666666666666666,0.5701492537313433,0.17519142419601838,Yes,0
1.0,1.0,0.0,0.0,0.3611111111111111,1.0,1.0,0.5,0.0,0.0,0.0,0.0,1.0,1.0,0.0,1.0,0.6666666666666666,0.7497512437810945,0.3136294027565084,No,3
1.0,0.0,1.0,1.0,0.013888888888888888,1.0,0.0,0.5,0.0,0.0,0.0,0.0,0.0,0.0,0.0,1.0,0.6666666666666666,0.5149253731343283,0.8424196018376723,Yes,3
0.0,0.0,0.0,0.0,0.013888888888888888,0.0,0.5,0.0,0.0,0.0,0.0,0.0,0.0,0.0,0.0,0.0,1.0,0.061194029850746234,0.3122511485451761,No,0
1.0,0.0,1.0,1.0,0.9027777777777777,1.0,0.0,0.0,1.0,0.0,0.0,1.0,1.0,1.0,1.0,1.0,0.0,0.5626865671641791,0.6237366003062786,Yes,3
1.0,0.0,0.0,0.0,0.041666666666666664,1.0,1.0,0.0,0.0,0.0,0.0,1.0,1.0,0.0,0.0,1.0,1.0,0.46766169154228854,0.26324655436447164,No,3
1.0,0.0,0.0,0.0,0.18055555555555555,1.0,0.0,0.0,0.0,0.0,0.0,1.0,0.0,0.0,0.0,1.0,1.0,0.32139303482587056,0.7637059724349158,No,3
0.0,0.0,1.0,0.0,0.4583333333333333,1.0,1.0,0.5,0.0,1.0,1.0,0.0,1.0,1.0,0.0,1.0,0.6666666666666666,0.8572139303482588,0.45191424196018376,Yes,0
0.0,0.0,0.0,0.0,0.013888888888888888,1.0,0.0,0.5,0.0,0.0,0.0,0.0,0.0,0.0,0.0,1.0,1.0,0.5218905472636816,0.844563552833078,No,0
1.0,0.0,1.0,1.0,0.05555555555555555,1.0,0.0,0.0,0.0,0.0,0.0,0.0,0.0,0.0,0.0,0.0,1.0,0.26865671641791045,0.15099540581929555,No,3
1.0,0.0,0.0,0.0,0.027777777777777776,1.0,0.0,0.5,0.0,0.0,0.0,0.0,0.0,0.0,0.0,1.0,0.6666666666666666,0.517910447761194,0.12373660030627871,No,3
1.0,0.0,1.0,0.0,1.0,1.0,1.0,0.5,1.0,1.0,0.0,1.0,1.0,1.0,1.0,1.0,0.3333333333333333,0.9024875621890548,0.9104134762633996,No,3
0.0,0.0,1.0,1.0,0.5138888888888888,1.0,1.0,1.0,0.5,0.5,0.5,0.5,0.5,0.5,0.0,0.0,1.0,0.081592039800995,0.972281776416539,No,0
0.0,0.0,0.0,0.0,0.20833333333333331,1.0,0.0,0.5,1.0,0.0,0.0,0.0,1.0,0.0,0.0,0.0,0.6666666666666666,0.6761194029850747,0.07611026033690658,Yes,0
0.0,0.0,0.0,0.0,0.3194444444444444,1.0,0.0,1.0,0.5,0.5,0.5,0.5,0.5,0.5,0.5,1.0,0.3333333333333333,0.013930348258706454,0.6188361408882083,No,0
0.0,0.0,1.0,1.0,0.41666666666666663,0.0,0.5,0.0,0.0,0.0,0.0,1.0,1.0,1.0,0.0,0.0,0.3333333333333333,0.3278606965174129,0.15451761102603367,Yes,0
0.0,0.0,1.0,1.0,0.5833333333333333,1.0,0.0,1.0,0.5,0.5,0.5,0.5,0.5,0.5,0.5,1.0,0.6666666666666666,0.007960199004975133,0.8926493108728943,No,0
0.0,0.0,0.0,0.0,0.4444444444444444,1.0,1.0,0.0,1.0,0.0,0.0,0.0,1.0,1.0,0.5,0.0,1.0,0.5621890547263682,0.29448698315467076,No,0
0.0,0.0,1.0,1.0,0.3055555555555555,1.0,1.0,0.5,0.0,0.0,0.0,0.0,0.0,0.0,0.0,1.0,0.0,0.572636815920398,0.16539050535987748,No,0
1.0,0.0,1.0,0.0,0.5833333333333333,0.0,0.5,0.0,0.0,0.0,0.0,0.0,0.0,0.0,0.0,1.0,0.3333333333333333,0.0681592039800995,0.029709035222052066,No,3
0.0,0.0,0.0,0.0,0.1111111111111111,1.0,0.0,0.0,0.0,0.0,0.0,0.0,0.0,0.0,0.0,0.0,1.0,0.2606965174129353,0.48744257274119446,No,0
0.0,0.0,1.0,1.0,0.9027777777777777,1.0,1.0,0.5,1.0,0.0,1.0,0.0,1.0,1.0,1.0,1.0,0.3333333333333333,0.8562189054726367,0.8166921898928025,No,0
0.0,0.0,0.0,0.0,0.027777777777777776,1.0,0.0,1.0,0.5,0.5,0.5,0.5,0.5,0.5,0.0,0.0,1.0,0.01243781094527363,0.4131699846860643,Yes,0
0.0,0.0,1.0,1.0,0.9722222222222222,1.0,1.0,0.0,1.0,1.0,1.0,1.0,1.0,1.0,1.0,1.0,0.0,0.7039800995024875,0.7785604900459417,No,0
1.0,0.0,0.0,1.0,0.3055555555555555,1.0,0.0,1.0,0.5,0.5,0.5,0.5,0.5,0.5,0.0,0.0,0.3333333333333333,0.018905472636815884,0.5629402756508423,No,3
0.0,1.0,0.0,0.0,0.05555555555555555,1.0,1.0,0.5,0.0,0.0,0.0,0.0,0.0,0.0,0.0,1.0,0.6666666666666666,0.5636815920398011,0.42771822358346095,Yes,0
0.0,0.0,0.0,0.0,0.027777777777777776,1.0,1.0,0.5,0.0,0.0,0.0,0.0,0.0,0.0,0.0,0.0,0.3333333333333333,0.5636815920398011,0.13231240428790197,Yes,0
0.0,0.0,1.0,1.0,0.9305555555555555,0.0,0.5,0.0,1.0,1.0,0.0,0.0,0.0,0.0,1.0,0.0,0.0,0.1781094527363184,0.318989280245023,No,0
0.0,0.0,0.0,0.0,0.3472222222222222,1.0,0.0,1.0,0.5,0.5,0.5,0.5,0.5,0.5,0.0,1.0,0.3333333333333333,0.009452736318407956,0.6811638591117917,No,0
0.0,0.0,1.0,0.0,0.2777777777777778,1.0,0.0,1.0,0.5,0.5,0.5,0.5,0.5,0.5,0.0,0.0,0.0,0.009950248756218888,0.49341500765696783,No,0
0.0,0.0,0.0,1.0,0.027777777777777776,1.0,0.0,0.0,1.0,0.0,0.0,0.0,0.0,1.0,0.0,1.0,0.3333333333333333,0.42736318407960205,0.06983154670750383,No,0
1.0,0.0,0.0,0.0,0.7083333333333333,1.0,0.0,1.0,0.5,0.5,0.5,0.5,0.5,0.5,1.0,0.0,1.0,0.021890547263681587,0.012557427258805513,No,3
0.0,0.0,1.0,1.0,0.6388888888888888,0.0,0.5,0.0,1.0,1.0,0.0,0.0,0.0,0.0,0.0,0.0,0.0,0.16716417910447756,0.1667687595712098,No,0
0.0,0.0,0.0,0.0,0.3472222222222222,1.0,1.0,0.5,0.0,1.0,0.0,0.0,1.0,1.0,0.0,1.0,0.6666666666666666,0.8159203980099502,0.30980091883614086,Yes,0
1.0,0.0,0.0,1.0,0.18055555555555555,1.0,0.0,0.0,0.0,0.0,0.0,0.0,0.0,0.0,0.0,0.0,1.0,0.2562189054726368,0.8052067381316999,No,3
0.0,1.0,0.0,0.0,0.3472222222222222,1.0,1.0,0.5,1.0,1.0,0.0,0.0,1.0,1.0,0.0,1.0,1.0,0.8412935323383085,0.3546707503828484,Yes,0
1.0,0.0,1.0,1.0,0.3611111111111111,1.0,0.0,0.0,0.0,0.0,1.0,0.0,0.0,0.0,0.5,0.0,1.0,0.31940298507462683,0.07947932618683001,No,3
1.0,0.0,0.0,0.0,0.5972222222222222,1.0,1.0,0.5,0.0,0.0,0.0,1.0,1.0,1.0,0.5,1.0,0.6666666666666666,0.8134328358208955,0.5505359877488515,Yes,3
1.0,0.0,0.0,1.0,0.2638888888888889,1.0,0.0,1.0,0.5,0.5,0.5,0.5,0.5,0.5,0.0,1.0,0.6666666666666666,0.01741293532338306,0.4952526799387442,No,3
1.0,0.0,1.0,0.0,0.1388888888888889,1.0,0.0,0.5,0.0,1.0,0.0,1.0,1.0,1.0,0.0,1.0,0.6666666666666666,0.8119402985074626,0.9978560490045941,Yes,3
0.0,0.0,0.0,1.0,0.027777777777777776,1.0,1.0,0.5,0.0,0.0,0.0,0.0,1.0,1.0,0.0,1.0,0.0,0.7557213930348259,0.2344563552833078,Yes,0
0.0,0.0,1.0,0.0,1.0,1.0,1.0,0.0,1.0,1.0,0.0,1.0,1.0,1.0,1.0,1.0,0.0,0.6781094527363184,0.7584992343032159,No,0
1.0,1.0,0.0,0.0,0.25,1.0,1.0,0.0,1.0,1.0,0.0,0.0,0.0,0.0,0.0,1.0,0.3333333333333333,0.399502487562189,0.9915773353751914,No,3
1.0,1.0,0.0,0.0,0.125,1.0,1.0,0.5,0.0,0.0,0.0,0.0,0.0,1.0,0.0,1.0,0.6666666666666666,0.6527363184079601,0.9153139356814701,Yes,3
0.0,1.0,0.0,0.0,0.375,1.0,1.0,0.5,0.0,0.0,1.0,0.0,0.0,1.0,0.0,0.0,0.3333333333333333,0.6970149253731343,0.3243491577335375,Yes,0
1.0,0.0,0.0,0.0,0.3333333333333333,1.0,1.0,0.5,0.0,0.0,0.0,0.0,1.0,1.0,0.0,1.0,0.6666666666666666,0.7547263681592039,0.3001531393568147,No,3
1.0,0.0,0.0,0.0,0.9583333333333333,1.0,0.0,0.5,0.0,1.0,1.0,1.0,1.0,1.0,0.5,1.0,0.0,0.8537313432835821,0.8650842266462481,Yes,3
0.0,0.0,1.0,0.0,0.6388888888888888,1.0,1.0,0.5,0.0,1.0,1.0,1.0,1.0,1.0,1.0,1.0,0.3333333333333333,0.9019900497512437,0.6269525267993874,No,0
0.0,1.0,0.0,0.0,1.0,1.0,1.0,0.5,1.0,1.0,1.0,1.0,0.0,1.0,1.0,1.0,0.0,0.8870646766169153,0.9018376722817764,No,0
1.0,0.0,1.0,0.0,0.3055555555555555,1.0,0.0,0.5,0.0,0.0,1.0,0.0,1.0,1.0,0.0,1.0,0.3333333333333333,0.7606965174129353,0.23231240428790198,Yes,3
0.0,1.0,1.0,0.0,0.9722222222222222,1.0,1.0,0.5,1.0,0.0,0.0,0.0,0.0,1.0,0.0,1.0,0.6666666666666666,0.7223880597014924,0.7957120980091883,No,0
0.0,0.0,0.0,0.0,0.027777777777777776,1.0,0.0,1.0,0.5,0.5,0.5,0.5,0.5,0.5,0.0,0.0,0.6666666666666666,0.01641791044776117,0.7202143950995405,No,0
1.0,0.0,1.0,0.0,0.4305555555555555,1.0,0.0,0.0,0.0,0.0,1.0,1.0,0.0,1.0,0.0,1.0,0.3333333333333333,0.4791044776119403,0.25252679938744255,No,3
0.0,1.0,1.0,0.0,0.7777777777777777,1.0,1.0,0.5,0.0,0.0,1.0,0.0,1.0,1.0,0.0,1.0,0.0,0.8199004975124379,0.7194486983154671,Yes,0
0.0,0.0,1.0,1.0,0.2222222222222222,1.0,0.0,0.5,1.0,0.0,1.0,0.0,1.0,1.0,0.0,0.0,0.0,0.8203980099502487,0.1448698315467075,No,0
1.0,0.0,0.0,1.0,0.7222222222222222,1.0,1.0,1.0,0.5,0.5,0.5,0.5,0.5,0.5,1.0,0.0,0.3333333333333333,0.07313432835820893,0.09249617151607963,No,3
1.0,0.0,1.0,1.0,0.18055555555555555,1.0,0.0,1.0,0.5,0.5,0.5,0.5,0.5,0.5,0.0,1.0,1.0,0.015920398009950265,0.3335375191424196,No,3
0.0,0.0,0.0,0.0,0.4861111111111111,1.0,0.0,1.0,0.5,0.5,0.5,0.5,0.5,0.5,0.5,0.0,1.0,0.02487562189054726,0.8453292496171516,No,0
0.0,0.0,0.0,0.0,0.8194444444444444,1.0,0.0,0.5,0.0,0.0,1.0,0.0,1.0,1.0,1.0,0.0,0.6666666666666666,0.771641791044776,0.716385911179173,No,0
1.0,0.0,1.0,0.0,1.0,1.0,0.0,0.5,0.0,0.0,1.0,0.0,1.0,1.0,0.0,1.0,0.6666666666666666,0.7601990049751244,0.8186830015313935,No,3
0.0,1.0,1.0,0.0,0.9166666666666666,1.0,1.0,0.0,0.0,1.0,1.0,0.0,1.0,1.0,1.0,1.0,0.0,0.6199004975124378,0.6745788667687596,Yes,0
0.0,0.0,1.0,0.0,0.6805555555555555,1.0,1.0,0.5,1.0,1.0,1.0,1.0,0.0,1.0,1.0,0.0,0.3333333333333333,0.8796019900497513,0.6647779479326187,No,0
0.0,0.0,0.0,0.0,0.027777777777777776,1.0,0.0,0.0,0.0,0.0,0.0,0.0,0.0,0.0,0.0,1.0,1.0,0.2746268656716418,0.014854517611026033,No,0
1.0,1.0,0.0,0.0,0.29166666666666663,1.0,1.0,0.5,0.0,1.0,1.0,0.0,1.0,1.0,0.0,1.0,0.6666666666666666,0.8567164179104477,0.2920367534456355,No,3
1.0,1.0,0.0,0.0,0.75,0.0,0.5,0.0,0.0,1.0,1.0,0.0,1.0,1.0,0.5,1.0,0.6666666666666666,0.37014925373134333,0.39249617151607963,No,3
1.0,1.0,1.0,0.0,0.3333333333333333,1.0,1.0,0.5,1.0,0.0,0.0,0.0,0.0,0.0,0.0,1.0,0.6666666666666666,0.6029850746268656,0.198468606431853,Yes,3
1.0,0.0,0.0,0.0,0.013888888888888888,1.0,1.0,0.0,1.0,1.0,0.0,0.0,0.0,0.0,0.0,0.0,0.6666666666666666,0.426865671641791,0.7629402756508422,No,3
1.0,0.0,0.0,0.0,0.08333333333333333,1.0,0.0,0.5,1.0,1.0,0.0,0.0,0.0,0.0,0.0,1.0,0.6666666666666666,0.6039800995024875,0.6413476263399693,No,3
0.0,0.0,0.0,0.0,0.013888888888888888,1.0,0.0,0.0,0.0,0.0,0.0,0.0,0.0,0.0,0.0,1.0,1.0,0.2606965174129353,0.5730474732006126,Yes,0
1.0,0.0,0.0,1.0,0.6805555555555555,1.0,1.0,0.5,1.0,1.0,1.0,0.0,1.0,1.0,0.5,1.0,0.3333333333333333,0.9049751243781096,0.6773353751914242,No,3
0.0,0.0,1.0,1.0,0.7777777777777777,1.0,0.0,0.0,1.0,1.0,1.0,0.0,0.0,0.0,1.0,1.0,0.3333333333333333,0.4283582089552238,0.4445635528330781,No,0
0.0,1.0,0.0,0.0,0.7777777777777777,1.0,1.0,0.5,1.0,1.0,0.0,0.0,0.0,1.0,0.0,1.0,0.6666666666666666,0.7820895522388059,0.6693721286370597,No,0
0.0,0.0,1.0,1.0,0.08333333333333333,0.0,0.5,0.0,0.0,1.0,1.0,1.0,0.0,0.0,1.0,0.0,1.0,0.22189054726368157,0.27366003062787136,No,0
1.0,0.0,0.0,0.0,0.4444444444444444,1.0,0.0,1.0,0.5,0.5,0.5,0.5,0.5,0.5,0.5,0.0,1.0,0.015422885572139305,0.7598774885145482,No,3
1.0,0.0,1.0,1.0,0.6944444444444444,1.0,1.0,0.5,1.0,1.0,1.0,0.0,1.0,1.0,0.5,1.0,0.6666666666666666,0.8955223880597015,0.6909647779479327,No,3
1.0,0.0,1.0,1.0,0.8055555555555555,1.0,1.0,0.5,0.0,0.0,1.0,1.0,1.0,1.0,0.5,1.0,0.0,0.863681592039801,0.7532924961715161,No,3
0.0,0.0,1.0,1.0,0.9027777777777777,1.0,1.0,0.0,1.0,1.0,1.0,1.0,1.0,1.0,1.0,1.0,1.0,0.718407960199005,0.7474732006125574,No,0
0.0,0.0,0.0,0.0,0.8888888888888888,1.0,1.0,0.0,1.0,1.0,1.0,1.0,1.0,1.0,1.0,1.0,0.3333333333333333,0.6781094527363184,0.692802450229709,No,0
0.0,0.0,1.0,0.0,0.9166666666666666,1.0,1.0,0.0,1.0,1.0,1.0,0.0,0.0,0.0,1.0,0.0,0.0,0.48407960199004973,0.5683001531393568,No,0
1.0,0.0,1.0,0.0,0.5277777777777778,1.0,1.0,0.5,1.0,0.0,1.0,1.0,1.0,1.0,0.5,1.0,0.6666666666666666,0.9199004975124377,0.576416539050536,No,3
0.0,0.0,1.0,0.0,0.2777777777777778,1.0,0.0,1.0,0.5,0.5,0.5,0.5,0.5,0.5,0.5,1.0,1.0,0.01741293532338306,0.5448698315467075,No,0
1.0,0.0,0.0,0.0,0.5,1.0,1.0,0.5,0.0,0.0,0.0,0.0,0.0,1.0,0.0,1.0,0.6666666666666666,0.6631840796019901,0.40781010719754973,Yes,3
1.0,1.0,0.0,0.0,0.8888888888888888,1.0,1.0,0.5,0.0,0.0,1.0,1.0,1.0,1.0,0.5,0.0,0.6666666666666666,0.8343283582089552,0.8125574272588055,No,3
1.0,0.0,0.0,0.0,0.013888888888888888,1.0,0.0,1.0,0.5,0.5,0.5,0.5,0.5,0.5,0.0,0.0,1.0,0.019900497512437804,0.24670750382848392,Yes,3
0.0,0.0,0.0,0.0,0.8333333333333333,1.0,0.0,0.0,0.0,1.0,1.0,1.0,1.0,0.0,0.5,1.0,0.3333333333333333,0.5164179104477612,0.5523736600306278,No,0
1.0,0.0,0.0,0.0,0.013888888888888888,1.0,0.0,0.5,0.0,1.0,0.0,0.0,0.0,0.0,0.0,1.0,0.6666666666666666,0.5582089552238805,0.8756508422664625,Yes,3
0.0,0.0,1.0,1.0,0.6944444444444444,1.0,1.0,0.0,1.0,1.0,1.0,1.0,0.0,1.0,0.5,1.0,0.0,0.6149253731343283,0.5295558958652373,No,0
1.0,0.0,0.0,0.0,0.013888888888888888,1.0,1.0,0.0,0.0,0.0,1.0,1.0,0.0,0.0,0.0,0.0,1.0,0.435820895522388,0.7718223583460949,Yes,3
0.0,0.0,1.0,0.0,1.0,0.0,0.5,0.0,1.0,1.0,1.0,0.0,0.0,1.0,1.0,1.0,0.6666666666666666,0.3079601990049751,0.4750382848392037,No,0
1.0,0.0,1.0,0.0,0.8333333333333333,1.0,0.0,1.0,0.5,0.5,0.5,0.5,0.5,0.5,1.0,1.0,0.0,0.02238805970149252,0.056202143950995403,No,3
1.0,0.0,0.0,0.0,0.6388888888888888,0.0,0.5,0.0,1.0,0.0,1.0,1.0,0.0,0.0,1.0,0.0,1.0,0.1990049751243781,0.19555895865237366,No,3
0.0,0.0,1.0,1.0,0.9583333333333333,0.0,0.5,0.0,0.0,1.0,1.0,0.0,1.0,1.0,1.0,1.0,0.3333333333333333,0.3651741293532338,0.495865237366003,No,0
1.0,1.0,0.0,0.0,0.4305555555555555,1.0,1.0,0.5,0.0,0.0,1.0,1.0,1.0,0.0,0.0,1.0,0.0,0.7796019900497512,0.3802450229709035,No,3
1.0,0.0,1.0,1.0,0.2638888888888889,1.0,0.0,1.0,0.5,0.5,0.5,0.5,0.5,0.5,0.5,0.0,1.0,0.01641791044776117,0.4736600306278714,No,3
0.0,0.0,1.0,1.0,0.986111111111111,1.0,0.0,1.0,0.5,0.5,0.5,0.5,0.5,0.5,1.0,0.0,0.3333333333333333,0.01641791044776117,0.1108728943338438,No,0
1.0,0.0,1.0,0.0,0.16666666666666666,1.0,0.0,0.5,1.0,1.0,1.0,0.0,0.0,0.0,0.0,1.0,0.6666666666666666,0.6601990049751243,0.9898928024502297,No,3
1.0,0.0,1.0,1.0,0.5416666666666666,1.0,0.0,0.0,1.0,0.0,1.0,1.0,1.0,1.0,0.5,0.0,0.3333333333333333,0.6144278606965173,0.423583460949464,Yes,3
1.0,0.0,0.0,0.0,0.611111111111111,1.0,1.0,0.0,0.0,1.0,1.0,1.0,1.0,1.0,0.5,1.0,0.0,0.6666666666666666,0.4891271056661562,No,3
0.0,0.0,1.0,1.0,0.7777777777777777,1.0,1.0,0.0,1.0,1.0,1.0,1.0,1.0,0.0,1.0,0.0,0.3333333333333333,0.6268656716417911,0.6007656967840734,No,0
0.0,0.0,1.0,0.0,1.0,1.0,1.0,0.5,1.0,1.0,1.0,1.0,1.0,1.0,1.0,1.0,0.0,0.9676616915422885,0.9408882082695252,No,0
1.0,0.0,0.0,0.0,0.06944444444444445,1.0,1.0,0.5,0.0,1.0,1.0,0.0,1.0,1.0,0.0,0.0,1.0,0.854228855721393,0.6891271056661562,Yes,3
0.0,0.0,0.0,0.0,0.15277777777777776,1.0,1.0,0.5,1.0,0.0,0.0,0.0,0.0,0.0,0.0,1.0,0.0,0.6044776119402985,0.9782542113323124,No,0
1.0,1.0,1.0,0.0,0.3333333333333333,0.0,0.5,0.0,1.0,0.0,0.0,0.0,0.0,1.0,0.0,0.0,0.0,0.20746268656716416,0.9935681470137825,Yes,3
0.0,1.0,1.0,0.0,0.20833333333333331,1.0,0.0,0.5,0.0,1.0,0.0,0.0,1.0,1.0,0.0,1.0,0.6666666666666666,0.7601990049751244,0.07932618683001531,No,0
1.0,0.0,0.0,0.0,1.0,1.0,0.0,1.0,0.5,0.5,0.5,0.5,0.5,0.5,1.0,1.0,1.0,0.025373134328358193,0.1445635528330781,No,3
1.0,0.0,1.0,0.0,0.7777777777777777,1.0,1.0,0.0,0.0,1.0,1.0,0.0,0.0,0.0,1.0,0.0,0.3333333333333333,0.4104477611940298,0.44977029096477794,No,3
1.0,1.0,0.0,0.0,0.8888888888888888,1.0,0.0,1.0,0.5,0.5,0.5,0.5,0.5,0.5,1.0,1.0,0.0,0.01791044776119402,0.056049004594180704,No,3
0.0,0.0,1.0,0.0,0.4722222222222222,1.0,1.0,0.5,0.0,0.0,1.0,0.0,1.0,1.0,0.0,1.0,0.6666666666666666,0.817910447761194,0.45298621745788664,No,0
1.0,0.0,0.0,0.0,0.027777777777777776,1.0,1.0,0.5,0.0,0.0,0.0,0.0,0.0,0.0,0.0,1.0,0.6666666666666666,0.5796019900497512,0.16630934150076568,Yes,3
1.0,0.0,0.0,0.0,0.4861111111111111,1.0,0.0,1.0,0.5,0.5,0.5,0.5,0.5,0.5,0.5,0.0,0.0,0.023383084577114438,0.8868300153139357,No,3
1.0,0.0,0.0,0.0,0.3055555555555555,1.0,0.0,1.0,0.5,0.5,0.5,0.5,0.5,0.5,0.5,0.0,0.3333333333333333,0.020398009950248763,0.6047473200612558,No,3
1.0,0.0,0.0,0.0,0.06944444444444445,1.0,0.0,0.0,0.0,0.0,0.0,1.0,0.0,0.0,0.0,1.0,0.6666666666666666,0.3079601990049751,0.27212863705972434,Yes,3
1.0,0.0,0.0,0.0,0.125,0.0,0.5,0.0,1.0,1.0,1.0,0.0,0.0,0.0,0.5,0.0,1.0,0.21194029850746265,0.4918836140888208,No,3
1.0,0.0,0.0,0.0,0.15277777777777776,1.0,1.0,1.0,0.5,0.5,0.5,0.5,0.5,0.5,0.0,0.0,0.3333333333333333,0.048756218905472604,0.32189892802450226,Yes,3
1.0,0.0,0.0,0.0,0.3194444444444444,1.0,0.0,1.0,0.5,0.5,0.5,0.5,0.5,0.5,0.5,0.0,1.0,0.021890547263681587,0.622511485451761,No,3
0.0,0.0,1.0,1.0,0.05555555555555555,1.0,0.0,0.5,0.0,0.0,0.0,0.0,0.0,1.0,0.0,0.0,0.6666666666666666,0.6228855721393034,0.401531393568147,Yes,0
1.0,0.0,1.0,0.0,0.9444444444444444,1.0,1.0,1.0,0.5,0.5,0.5,0.5,0.5,0.5,1.0,0.0,0.0,0.06965174129353235,0.1889739663093415,No,3
1.0,0.0,1.0,0.0,0.4583333333333333,1.0,0.0,0.5,0.0,0.0,0.0,0.0,1.0,1.0,0.0,0.0,0.6666666666666666,0.7263681592039801,0.3920367534456355,No,3
1.0,0.0,0.0,0.0,0.4305555555555555,1.0,0.0,0.0,1.0,1.0,1.0,1.0,1.0,0.0,0.0,1.0,0.0,0.5393034825870647,0.2710566615620214,No,3
1.0,0.0,0.0,0.0,0.013888888888888888,1.0,1.0,0.0,0.0,1.0,0.0,1.0,0.0,0.0,0.0,0.0,1.0,0.4164179104477612,0.7520673813169985,Yes,3
0.0,0.0,0.0,0.0,0.7777777777777777,1.0,0.0,1.0,0.5,0.5,0.5,0.5,0.5,0.5,1.0,0.0,0.0,0.014427860696517386,0.015313935681470138,No,0
1.0,0.0,0.0,0.0,0.013888888888888888,1.0,0.0,0.5,0.0,0.0,0.0,0.0,1.0,0.0,0.0,1.0,0.6666666666666666,0.6039800995024875,0.905666156202144,Yes,3
1.0,0.0,1.0,1.0,0.9166666666666666,1.0,0.0,0.0,1.0,1.0,1.0,1.0,1.0,0.0,0.5,1.0,0.6666666666666666,0.5656716417910447,0.650229709035222,No,3
1.0,0.0,1.0,1.0,1.0,1.0,1.0,1.0,0.5,0.5,0.5,0.5,0.5,0.5,1.0,0.0,0.0,0.06716417910447761,0.19096477794793262,No,3
1.0,1.0,0.0,0.0,0.4722222222222222,1.0,0.0,0.5,0.0,0.0,0.0,0.0,0.0,0.0,0.0,0.0,0.3333333333333333,0.5064676616915423,0.292802450229709,No,3
0.0,0.0,1.0,1.0,0.8055555555555555,1.0,0.0,0.5,0.0,1.0,1.0,0.0,1.0,0.0,0.0,1.0,0.6666666666666666,0.7293532338308457,0.7012251148545176,No,0
1.0,0.0,0.0,0.0,0.027777777777777776,1.0,0.0,0.0,0.0,0.0,0.0,0.0,0.0,0.0,0.0,1.0,0.6666666666666666,0.2676616915422885,0.9955589586523736,Yes,3
1.0,0.0,0.0,0.0,0.5138888888888888,0.0,0.5,0.0,0.0,0.0,0.0,0.0,1.0,0.0,1.0,0.0,0.3333333333333333,0.17462686567164176,0.0886676875957121,No,3
0.0,0.0,0.0,0.0,0.986111111111111,1.0,1.0,0.5,1.0,1.0,1.0,1.0,1.0,1.0,1.0,1.0,0.3333333333333333,0.9442786069651742,0.9205206738131699,No,0
1.0,0.0,1.0,1.0,0.013888888888888888,1.0,0.0,1.0,0.5,0.5,0.5,0.5,0.5,0.5,0.5,0.0,0.3333333333333333,0.015920398009950265,0.22833078101071974,No,3
1.0,1.0,1.0,1.0,0.986111111111111,1.0,0.0,1.0,0.5,0.5,0.5,0.5,0.5,0.5,1.0,0.0,0.3333333333333333,0.015422885572139305,0.10750382848392036,No,3
1.0,0.0,1.0,1.0,0.4861111111111111,1.0,0.0,1.0,0.5,0.5,0.5,0.5,0.5,0.5,0.5,0.0,0.6666666666666666,0.01641791044776117,0.8104134762633997,No,3
0.0,0.0,1.0,1.0,0.08333333333333333,1.0,0.0,1.0,0.5,0.5,0.5,0.5,0.5,0.5,0.5,0.0,1.0,0.014427860696517386,0.9833078101071975,No,0
0.0,0.0,0.0,0.0,0.041666666666666664,1.0,0.0,0.5,0.0,0.0,0.0,0.0,1.0,0.0,0.0,1.0,0.6666666666666666,0.6084577114427862,0.31975497702909644,Yes,0
0.0,0.0,1.0,1.0,0.9583333333333333,1.0,0.0,0.0,0.0,1.0,1.0,1.0,0.0,0.0,0.5,0.0,0.0,0.40646766169154225,0.5401225114854518,No,0
1.0,0.0,0.0,0.0,0.611111111111111,0.0,0.5,0.0,0.0,1.0,1.0,0.0,1.0,1.0,0.5,1.0,1.0,0.35522388059701493,0.30842266462480855,Yes,3
0.0,0.0,1.0,0.0,0.736111111111111,1.0,1.0,0.5,0.0,0.0,0.0,1.0,0.0,1.0,0.5,1.0,0.6666666666666666,0.7253731343283583,0.6287901990811638,No,0
0.0,0.0,1.0,0.0,0.3333333333333333,1.0,0.0,0.5,0.0,1.0,1.0,0.0,1.0,1.0,0.0,1.0,0.3333333333333333,0.8064676616915423,0.31837672281776414,Yes,0
0.0,0.0,1.0,0.0,0.06944444444444445,1.0,0.0,0.5,0.0,0.0,0.0,0.0,0.0,0.0,0.0,1.0,0.6666666666666666,0.5044776119402985,0.46600306278713627,No,0
0.0,0.0,0.0,1.0,0.027777777777777776,1.0,0.0,0.0,0.0,1.0,0.0,0.0,0.0,0.0,0.0,0.0,1.0,0.33134328358208953,0.017611026033690656,No,0
1.0,0.0,0.0,1.0,0.861111111111111,1.0,1.0,1.0,0.5,0.5,0.5,0.5,0.5,0.5,1.0,1.0,1.0,0.061194029850746234,0.11607963246554365,No,3
0.0,0.0,1.0,0.0,0.2638888888888889,1.0,0.0,0.5,0.0,0.0,1.0,0.0,1.0,1.0,0.0,1.0,0.6666666666666666,0.781592039800995,0.19326186830015313,No,0
1.0,0.0,0.0,0.0,0.125,1.0,0.0,0.5,0.0,0.0,0.0,0.0,0.0,0.0,0.0,0.0,1.0,0.5154228855721392,0.8033690658499234,No,3
1.0,0.0,0.0,0.0,0.736111111111111,1.0,0.0,1.0,0.5,0.5,0.5,0.5,0.5,0.5,1.0,0.0,0.3333333333333333,0.01243781094527363,0.015007656967840734,No,3
1.0,0.0,0.0,0.0,0.06944444444444445,1.0,0.0,0.5,0.0,0.0,0.0,0.0,0.0,1.0,0.0,0.0,1.0,0.6019900497512437,0.5555895865237366,No,3
0.0,1.0,1.0,1.0,0.986111111111111,1.0,1.0,0.0,1.0,1.0,0.0,0.0,1.0,0.0,0.5,0.0,0.6666666666666666,0.5069651741293533,0.6453292496171515,No,0
0.0,0.0,0.0,0.0,0.013888888888888888,1.0,0.0,1.0,0.5,0.5,0.5,0.5,0.5,0.5,0.0,1.0,1.0,0.012935323383084563,0.22741194486983154,No,0
1.0,0.0,0.0,0.0,0.25,1.0,1.0,0.5,0.0,1.0,0.0,0.0,0.0,0.0,0.0,1.0,0.6666666666666666,0.6208955223880598,0.12833078101071976,Yes,3
1.0,0.0,0.0,0.0,1.0,1.0,1.0,0.5,0.0,1.0,1.0,0.0,1.0,1.0,1.0,1.0,0.6666666666666666,0.8497512437810945,0.8949464012251148,No,3
0.0,0.0,1.0,0.0,0.05555555555555555,1.0,0.0,0.0,1.0,1.0,0.0,0.0,0.0,0.0,0.0,0.0,1.0,0.36268656716417913,0.3042879019908116,No,0
1.0,0.0,0.0,0.0,0.8194444444444444,1.0,1.0,0.0,0.0,0.0,1.0,0.0,0.0,0.0,1.0,0.0,0.3333333333333333,0.35721393034825866,0.41470137825421133,No,3
0.0,0.0,0.0,0.0,0.013888888888888888,1.0,0.0,0.5,0.0,0.0,0.0,0.0,0.0,0.0,0.0,0.0,1.0,0.5258706467661691,0.8522205206738132,Yes,0
0.0,1.0,1.0,0.0,0.4305555555555555,1.0,1.0,0.5,0.0,0.0,0.0,0.0,0.0,1.0,0.0,1.0,0.6666666666666666,0.6626865671641791,0.3493108728943338,No,0
1.0,0.0,1.0,0.0,0.041666666666666664,1.0,0.0,1.0,0.5,0.5,0.5,0.5,0.5,0.5,0.0,0.0,0.0,0.01741293532338306,0.6343032159264931,No,3
0.0,1.0,1.0,0.0,0.9027777777777777,1.0,1.0,0.5,0.0,1.0,1.0,0.0,1.0,1.0,0.5,1.0,0.6666666666666666,0.8756218905472636,0.8404287901990811,Yes,0
1.0,0.0,1.0,0.0,0.6805555555555555,1.0,0.0,0.5,0.0,0.0,1.0,1.0,1.0,1.0,0.5,1.0,0.3333333333333333,0.8059701492537313,0.6393568147013783,No,3
1.0,0.0,0.0,0.0,0.027777777777777776,1.0,0.0,1.0,0.5,0.5,0.5,0.5,0.5,0.5,0.0,0.0,1.0,0.010945273631840807,0.5983154670750382,No,3
0.0,0.0,1.0,0.0,0.736111111111111,1.0,0.0,1.0,0.5,0.5,0.5,0.5,0.5,0.5,0.5,0.0,0.0,0.025373134328358193,0.006584992343032159,Yes,0
0.0,0.0,1.0,0.0,0.7638888888888888,1.0,0.0,0.5,1.0,0.0,0.0,0.0,1.0,1.0,0.5,1.0,0.6666666666666666,0.7611940298507462,0.6759571209800919,No,0
1.0,0.0,1.0,1.0,1.0,1.0,1.0,0.5,1.0,1.0,1.0,1.0,1.0,1.0,1.0,1.0,0.3333333333333333,0.9532338308457712,0.9381316998468606,No,3
0.0,1.0,0.0,0.0,0.5,1.0,1.0,0.5,0.0,0.0,0.0,0.0,0.0,0.0,0.0,1.0,0.0,0.5636815920398011,0.3539050535987749,No,0
0.0,0.0,1.0,1.0,0.1388888888888889,1.0,0.0,1.0,0.5,0.5,0.5,0.5,0.5,0.5,0.0,1.0,0.0,0.015422885572139305,0.23981623277182235,No,0
1.0,1.0,0.0,0.0,0.013888888888888888,1.0,1.0,0.5,0.0,0.0,0.0,0.0,1.0,1.0,0.0,1.0,0.6666666666666666,0.753731343283582,0.9828483920367534,Yes,3
0.0,0.0,1.0,1.0,1.0,1.0,1.0,0.0,1.0,1.0,1.0,1.0,0.0,1.0,1.0,0.0,0.0,0.6228855721393034,0.7350689127105666,No,0
0.0,0.0,0.0,0.0,0.38888888888888884,1.0,0.0,0.0,0.0,1.0,0.0,1.0,0.0,0.0,0.0,0.0,0.0,0.3621890547263681,0.14318529862174578,No,0
1.0,0.0,1.0,0.0,0.5277777777777778,1.0,1.0,0.5,1.0,0.0,0.0,0.0,1.0,0.0,0.0,0.0,0.0,0.7308457711442786,0.4615620214395099,No,3
0.0,0.0,0.0,0.0,0.8472222222222222,1.0,1.0,0.5,1.0,1.0,1.0,1.0,1.0,1.0,0.5,1.0,0.6666666666666666,0.998507462686567,0.8728943338437978,No,0
1.0,0.0,1.0,1.0,0.7222222222222222,1.0,1.0,1.0,0.5,0.5,0.5,0.5,0.5,0.5,1.0,0.0,1.0,0.06268656716417911,0.09188361408882083,No,3
1.0,0.0,0.0,0.0,0.9305555555555555,1.0,0.0,1.0,0.5,0.5,0.5,0.5,0.5,0.5,0.5,1.0,1.0,0.011940298507462671,0.055895865237366005,No,3
0.0,0.0,0.0,1.0,0.4722222222222222,1.0,1.0,0.5,1.0,1.0,1.0,1.0,1.0,1.0,1.0,1.0,0.3333333333333333,0.9741293532338308,0.5162327718223584,No,0
0.0,0.0,0.0,0.0,0.75,1.0,0.0,0.0,1.0,0.0,1.0,1.0,1.0,1.0,1.0,0.0,0.6666666666666666,0.6203980099502486,0.5598774885145482,No,0
0.0,0.0,1.0,0.0,0.013888888888888888,1.0,0.0,1.0,0.5,0.5,0.5,0.5,0.5,0.5,0.0,1.0,0.0,0.020398009950248763,0.2468606431852986,No,0
0.0,1.0,0.0,0.0,0.20833333333333331,1.0,1.0,0.5,0.0,1.0,0.0,0.0,0.0,1.0,0.0,0.0,0.6666666666666666,0.7124378109452736,0.12052067381316998,Yes,0
0.0,0.0,0.0,0.0,0.05555555555555555,1.0,0.0,0.0,0.0,0.0,0.0,0.0,0.0,0.0,0.0,1.0,1.0,0.2761194029850746,0.2343032159264931,Yes,0
0.0,0.0,0.0,0.0,0.125,1.0,0.0,0.0,0.0,1.0,0.0,1.0,1.0,0.0,0.0,0.0,1.0,0.4776119402985074,0.7725880551301685,Yes,0
0.0,0.0,0.0,1.0,0.6388888888888888,1.0,0.0,0.5,0.0,1.0,1.0,0.0,1.0,1.0,0.0,1.0,0.6666666666666666,0.8114427860696517,0.5710566615620214,No,0
0.0,0.0,0.0,0.0,0.3055555555555555,1.0,1.0,0.5,0.0,0.0,0.0,1.0,1.0,0.0,0.0,1.0,0.6666666666666666,0.7139303482587065,0.245635528330781,Yes,0
1.0,0.0,0.0,0.0,0.5277777777777778,1.0,0.0,0.5,0.0,0.0,0.0,0.0,0.0,0.0,0.5,1.0,0.0,0.5194029850746269,0.3439509954058193,Yes,3
0.0,0.0,1.0,1.0,0.7638888888888888,1.0,1.0,0.0,1.0,1.0,0.0,1.0,1.0,0.0,0.5,1.0,0.3333333333333333,0.5646766169154228,0.5508422664624808,No,0
0.0,0.0,0.0,0.0,0.013888888888888888,1.0,0.0,1.0,0.5,0.5,0.5,0.5,0.5,0.5,0.0,0.0,1.0,0.01641791044776117,0.22848392036753445,No,0
1.0,1.0,1.0,0.0,0.8888888888888888,1.0,0.0,0.5,1.0,0.0,1.0,0.0,0.0,0.0,0.5,0.0,0.3333333333333333,0.617412935323383,0.6506891271056662,No,3
1.0,0.0,0.0,1.0,0.736111111111111,1.0,0.0,1.0,0.5,0.5,0.5,0.5,0.5,0.5,1.0,0.0,0.0,0.014925373134328346,0.015467075038284839,Yes,3
0.0,0.0,1.0,0.0,0.8055555555555555,1.0,1.0,0.0,1.0,0.0,1.0,1.0,1.0,1.0,1.0,1.0,0.6666666666666666,0.6572139303482587,0.637978560490046,No,0
1.0,0.0,1.0,0.0,0.7777777777777777,0.0,0.5,0.0,0.0,0.0,1.0,1.0,1.0,1.0,0.5,1.0,0.0,0.3562189054726368,0.3909647779479326,No,3
1.0,0.0,1.0,1.0,1.0,1.0,0.0,0.5,1.0,0.0,1.0,1.0,1.0,1.0,1.0,1.0,0.3333333333333333,0.8621890547263681,0.8892802450229709,No,3
1.0,0.0,0.0,0.0,0.013888888888888888,1.0,0.0,0.0,1.0,0.0,0.0,1.0,0.0,0.0,0.0,1.0,0.6666666666666666,0.35522388059701493,0.6790199081163859,Yes,3
1.0,1.0,1.0,0.0,1.0,1.0,1.0,0.5,0.0,1.0,0.0,0.0,1.0,1.0,0.5,1.0,0.3333333333333333,0.7860696517412935,0.8568147013782542,No,3
1.0,0.0,0.0,0.0,0.3055555555555555,1.0,1.0,0.5,0.0,0.0,0.0,0.0,0.0,1.0,0.0,0.0,0.6666666666666666,0.6447761194029851,0.20535987748851453,No,3
0.0,1.0,0.0,0.0,0.1111111111111111,1.0,1.0,0.5,0.0,1.0,1.0,0.0,1.0,1.0,0.0,1.0,0.6666666666666666,0.8681592039800995,0.9385911179173048,Yes,0
0.0,0.0,0.0,1.0,0.2222222222222222,1.0,0.0,0.5,0.0,0.0,0.0,0.0,1.0,0.0,0.0,1.0,0.6666666666666666,0.6243781094527363,0.08774885145482389,Yes,0
0.0,0.0,0.0,0.0,0.5416666666666666,0.0,0.5,0.0,0.0,1.0,1.0,1.0,0.0,0.0,0.0,0.0,0.0,0.227363184079602,0.16110260336906584,No,0
0.0,0.0,0.0,0.0,0.16666666666666666,1.0,0.0,0.0,0.0,0.0,0.0,0.0,0.0,0.0,0.0,1.0,0.0,0.26616915422885573,0.6725880551301684,No,0
1.0,0.0,1.0,0.0,0.75,1.0,0.0,0.0,1.0,1.0,0.0,0.0,1.0,1.0,1.0,1.0,0.0,0.5601990049751243,0.5488514548238898,No,3
0.0,0.0,0.0,0.0,0.25,0.0,0.5,0.0,1.0,1.0,0.0,1.0,0.0,0.0,0.5,1.0,1.0,0.218407960199005,0.8543644716692189,No,0
1.0,0.0,1.0,0.0,0.4444444444444444,1.0,0.0,0.0,1.0,1.0,0.0,1.0,0.0,1.0,0.5,0.0,1.0,0.5199004975124378,0.2807044410413476,No,3
0.0,0.0,0.0,0.0,0.5694444444444444,1.0,0.0,1.0,0.5,0.5,0.5,0.5,0.5,0.5,0.5,1.0,1.0,0.014925373134328346,0.9255742725880551,No,0
1.0,0.0,1.0,1.0,0.9305555555555555,1.0,1.0,1.0,0.5,0.5,0.5,0.5,0.5,0.5,1.0,0.0,0.0,0.06368159203980098,0.1669218989280245,No,3
1.0,0.0,1.0,0.0,0.9027777777777777,1.0,1.0,0.5,1.0,0.0,1.0,0.0,1.0,1.0,0.0,1.0,0.6666666666666666,0.8557213930348259,0.8248085758039816,No,3
0.0,0.0,0.0,0.0,0.3472222222222222,1.0,1.0,0.0,1.0,1.0,1.0,1.0,1.0,0.0,0.0,1.0,0.0,0.5980099502487561,0.21316998468606432,No,0
0.0,0.0,1.0,1.0,0.013888888888888888,1.0,0.0,0.5,0.0,0.0,0.0,0.0,0.0,0.0,0.0,1.0,0.6666666666666666,0.5129353233830846,0.8349157733537519,Yes,0
0.0,0.0,1.0,0.0,0.9305555555555555,1.0,1.0,0.5,0.0,1.0,1.0,1.0,1.0,1.0,0.5,1.0,0.3333333333333333,0.9099502487562189,0.8715160796324655,No,0
1.0,1.0,0.0,0.0,0.09722222222222221,1.0,1.0,0.5,0.0,0.0,0.0,0.0,0.0,0.0,0.0,0.0,1.0,0.5522388059701492,0.6934150076569678,Yes,3
0.0,1.0,0.0,0.0,0.5972222222222222,0.0,0.5,0.0,1.0,1.0,0.0,0.0,0.0,0.0,0.0,1.0,0.3333333333333333,0.15124378109452735,0.13889739663093414,No,0
0.0,0.0,0.0,0.0,0.3333333333333333,1.0,0.0,0.5,1.0,0.0,0.0,0.0,1.0,1.0,0.0,1.0,0.6666666666666666,0.7597014925373133,0.29464012251148547,No,0
1.0,1.0,0.0,0.0,0.125,1.0,1.0,0.0,1.0,0.0,0.0,0.0,0.0,0.0,0.0,0.0,0.6666666666666666,0.3611940298507462,0.6410413476263399,Yes,3
1.0,0.0,1.0,1.0,0.9583333333333333,1.0,0.0,1.0,0.5,0.5,0.5,0.5,0.5,0.5,1.0,0.0,0.0,0.019402985074626844,0.10413476263399693,No,3
0.0,0.0,0.0,1.0,0.5138888888888888,1.0,0.0,1.0,0.5,0.5,0.5,0.5,0.5,0.5,0.5,0.0,0.0,0.020398009950248763,0.8880551301684533,No,0
1.0,0.0,1.0,1.0,0.2777777777777778,0.0,0.5,0.0,1.0,0.0,1.0,1.0,0.0,0.0,1.0,1.0,0.3333333333333333,0.2104477611940298,0.9361408882082695,No,3
1.0,0.0,0.0,0.0,0.09722222222222221,1.0,0.0,0.5,0.0,0.0,0.0,0.0,0.0,0.0,0.0,0.0,0.0,0.5064676616915423,0.6313935681470138,No,3
0.0,1.0,0.0,0.0,0.5138888888888888,1.0,1.0,0.5,0.0,0.0,0.0,0.0,0.0,0.0,0.0,1.0,0.6666666666666666,0.5771144278606964,0.37641653905053596,Yes,0
0.0,0.0,0.0,0.0,0.06944444444444445,1.0,1.0,0.5,0.0,0.0,0.0,0.0,1.0,1.0,0.0,1.0,1.0,0.7527363184079602,0.628177641653905,Yes,0
1.0,0.0,0.0,0.0,0.5694444444444444,0.0,0.5,0.0,0.0,0.0,1.0,0.0,1.0,1.0,0.5,1.0,0.6666666666666666,0.3293532338308458,0.26018376722817765,No,3
0.0,0.0,0.0,0.0,0.75,1.0,0.0,0.5,1.0,1.0,0.0,0.0,1.0,1.0,0.5,1.0,0.3333333333333333,0.8139303482587064,0.6782542113323123,No,0
0.0,1.0,0.0,0.0,0.041666666666666664,1.0,0.0,0.5,0.0,0.0,0.0,0.0,0.0,0.0,0.0,1.0,0.6666666666666666,0.518905472636816,0.2562021439509954,Yes,0
1.0,1.0,0.0,0.0,0.9583333333333333,1.0,0.0,1.0,0.5,0.5,0.5,0.5,0.5,0.5,1.0,0.0,0.3333333333333333,0.020398009950248763,0.09877488514548238,No,3
0.0,0.0,0.0,0.0,0.736111111111111,1.0,0.0,0.5,0.0,1.0,1.0,1.0,0.0,1.0,0.5,1.0,0.3333333333333333,0.7582089552238807,0.654364471669219,No,0
1.0,0.0,1.0,1.0,0.25,0.0,0.5,0.0,0.0,1.0,1.0,0.0,1.0,0.0,0.5,0.0,0.3333333333333333,0.28009950248756216,0.9297090352220521,No,3
1.0,0.0,1.0,0.0,0.8888888888888888,1.0,0.0,0.5,1.0,1.0,0.0,1.0,1.0,1.0,1.0,1.0,0.3333333333333333,0.8537313432835821,0.8073506891271056,No,3
0.0,0.0,1.0,1.0,0.4305555555555555,1.0,1.0,0.5,0.0,1.0,0.0,0.0,0.0,1.0,0.0,1.0,0.6666666666666666,0.7253731343283583,0.39647779479326184,Yes,0
0.0,0.0,0.0,0.0,0.2777777777777778,0.0,0.5,0.0,0.0,0.0,0.0,0.0,0.0,0.0,0.0,0.0,0.3333333333333333,0.06616915422885569,0.6551301684532925,No,0
1.0,0.0,1.0,1.0,0.7916666666666666,1.0,0.0,0.0,1.0,1.0,0.0,1.0,0.0,0.0,0.5,0.0,1.0,0.4114427860696518,0.46584992343032156,No,3
1.0,1.0,1.0,0.0,0.875,1.0,1.0,0.5,1.0,1.0,1.0,0.0,1.0,1.0,1.0,0.0,0.3333333333333333,0.8980099502487563,0.841500765696784,No,3
1.0,0.0,1.0,1.0,0.18055555555555555,0.0,0.5,0.0,1.0,1.0,0.0,1.0,0.0,0.0,1.0,0.0,1.0,0.22189054726368157,0.7422664624808576,No,3
0.0,1.0,1.0,0.0,0.6666666666666666,1.0,0.0,0.0,0.0,1.0,0.0,0.0,0.0,1.0,0.5,1.0,0.0,0.40497512437810945,0.3695252679938744,No,0
0.0,0.0,0.0,0.0,0.027777777777777776,1.0,0.0,0.5,0.0,0.0,0.0,0.0,0.0,0.0,0.0,1.0,0.6666666666666666,0.5243781094527363,0.10229709035222052,Yes,0
1.0,0.0,1.0,1.0,0.7916666666666666,1.0,0.0,1.0,0.5,0.5,0.5,0.5,0.5,0.5,1.0,0.0,1.0,0.02487562189054726,0.03598774885145482,No,3
1.0,0.0,1.0,0.0,0.986111111111111,1.0,1.0,0.5,0.0,1.0,1.0,1.0,1.0,1.0,0.5,1.0,0.0,0.9442786069651742,0.9182235834609495,No,3
0.0,0.0,1.0,1.0,0.09722222222222221,1.0,1.0,0.0,0.0,0.0,0.0,0.0,0.0,0.0,0.0,0.0,0.6666666666666666,0.3039800995024875,0.46324655436447165,No,0
0.0,0.0,0.0,0.0,0.2222222222222222,1.0,1.0,0.0,0.0,0.0,0.0,0.0,0.0,1.0,0.0,1.0,0.0,0.44577114427860687,0.019601837672281776,No,0
1.0,0.0,1.0,0.0,0.4722222222222222,1.0,1.0,0.5,0.0,0.0,1.0,0.0,1.0,1.0,0.0,0.0,0.6666666666666666,0.8218905472636816,0.4679938744257274,No,3
0.0,0.0,1.0,0.0,0.5138888888888888,1.0,1.0,0.5,0.0,0.0,1.0,0.0,1.0,1.0,0.0,1.0,0.6666666666666666,0.808457711442786,0.4944869831546707,Yes,0
1.0,0.0,0.0,0.0,0.2222222222222222,1.0,1.0,0.5,0.0,1.0,0.0,0.0,0.0,0.0,0.0,1.0,1.0,0.6199004975124378,0.06921898928024502,No,3
1.0,0.0,0.0,1.0,0.6666666666666666,1.0,1.0,0.0,1.0,1.0,1.0,0.0,0.0,0.0,0.5,1.0,0.0,0.4592039800995025,0.4038284839203675,No,3
1.0,0.0,1.0,1.0,0.8055555555555555,1.0,0.0,0.0,0.0,1.0,0.0,1.0,1.0,1.0,0.5,1.0,0.3333333333333333,0.5666666666666667,0.5609494640122511,No,3
0.0,0.0,1.0,0.0,1.0,1.0,1.0,0.0,1.0,0.0,1.0,1.0,1.0,1.0,1.0,1.0,0.0,0.6631840796019901,0.75895865237366,No,0
0.0,0.0,0.0,0.0,0.09722222222222221,1.0,0.0,1.0,0.5,0.5,0.5,0.5,0.5,0.5,0.0,0.0,1.0,0.010447761194029848,0.12450229709035222,No,0
0.0,0.0,0.0,0.0,0.5277777777777778,1.0,0.0,0.5,1.0,1.0,1.0,0.0,0.0,0.0,0.0,1.0,0.3333333333333333,0.6532338308457711,0.43047473200612557,Yes,0
0.0,1.0,1.0,0.0,0.6666666666666666,1.0,1.0,0.5,1.0,1.0,1.0,1.0,1.0,1.0,0.0,0.0,0.6666666666666666,0.9870646766169154,0.6921898928024502,Yes,0
1.0,0.0,0.0,0.0,0.1388888888888889,1.0,0.0,0.5,1.0,1.0,1.0,0.0,1.0,1.0,0.0,1.0,0.6666666666666666,0.8572139303482588,0.024961715160796323,Yes,3
0.0,0.0,0.0,0.0,0.41666666666666663,1.0,0.0,0.0,1.0,1.0,1.0,1.0,1.0,0.0,0.5,0.0,0.3333333333333333,0.5611940298507463,0.29770290964777946,No,0
1.0,0.0,1.0,0.0,0.4305555555555555,1.0,1.0,0.0,0.0,0.0,0.0,0.0,1.0,0.0,0.0,1.0,0.3333333333333333,0.4059701492537313,0.2231240428790199,No,3
0.0,1.0,0.0,0.0,0.6388888888888888,1.0,1.0,0.0,0.0,0.0,1.0,1.0,0.0,1.0,0.5,1.0,0.3333333333333333,0.5059701492537313,0.4339969372128637,No,0
1.0,0.0,1.0,0.0,0.6944444444444444,1.0,0.0,1.0,0.5,0.5,0.5,0.5,0.5,0.5,1.0,0.0,1.0,0.02288557213930348,0.019908116385911178,No,3
1.0,0.0,1.0,0.0,0.38888888888888884,1.0,0.0,0.5,0.0,0.0,0.0,1.0,0.0,0.0,0.0,0.0,0.0,0.5800995024875621,0.25865237366003063,No,3
0.0,0.0,0.0,0.0,0.9166666666666666,0.0,0.5,0.0,1.0,1.0,1.0,1.0,1.0,1.0,1.0,1.0,0.0,0.4402985074626865,0.5405819295558959,No,0
1.0,1.0,0.0,0.0,0.1111111111111111,0.0,0.5,0.0,0.0,0.0,1.0,0.0,0.0,0.0,0.0,1.0,0.6666666666666666,0.11094527363184076,0.282542113323124,Yes,3
0.0,0.0,1.0,1.0,0.5694444444444444,1.0,0.0,0.5,0.0,0.0,1.0,0.0,1.0,1.0,0.0,1.0,0.0,0.7626865671641792,0.5042879019908116,No,0
1.0,1.0,1.0,0.0,1.0,1.0,1.0,0.5,0.0,1.0,1.0,1.0,1.0,1.0,1.0,1.0,0.0,0.9293532338308458,0.9237366003062787,No,3
0.0,0.0,0.0,0.0,0.09722222222222221,1.0,0.0,1.0,0.5,0.5,0.5,0.5,0.5,0.5,0.5,0.0,1.0,0.01641791044776117,0.1894333843797856,No,0
0.0,0.0,1.0,1.0,0.5277777777777778,1.0,0.0,1.0,0.5,0.5,0.5,0.5,0.5,0.5,0.0,0.0,1.0,0.021890547263681587,0.907197549770291,No,0
1.0,0.0,0.0,0.0,0.611111111111111,1.0,0.0,0.5,1.0,1.0,1.0,0.0,1.0,1.0,0.5,1.0,0.6666666666666666,0.8736318407960199,0.5877488514548239,No,3
1.0,0.0,1.0,1.0,0.6527777777777778,1.0,1.0,0.5,1.0,1.0,1.0,1.0,1.0,1.0,0.5,1.0,0.0,0.9472636815920398,0.681010719754977,No,3
1.0,0.0,1.0,1.0,0.736111111111111,1.0,0.0,0.5,0.0,1.0,0.0,1.0,1.0,0.0,0.0,1.0,0.6666666666666666,0.7393034825870646,0.6186830015313936,No,3
1.0,0.0,1.0,0.0,0.05555555555555555,1.0,1.0,0.0,0.0,0.0,1.0,0.0,1.0,0.0,0.0,0.0,0.6666666666666666,0.47114427860696506,0.3309341500765697,No,3
1.0,1.0,0.0,0.0,0.2777777777777778,1.0,1.0,0.5,0.0,0.0,0.0,0.0,1.0,0.0,0.0,1.0,0.6666666666666666,0.6577114427860695,0.19372128637059724,No,3
1.0,0.0,0.0,0.0,0.027777777777777776,1.0,0.0,0.0,0.0,0.0,0.0,0.0,0.0,0.0,0.0,0.0,1.0,0.2626865671641791,0.8765696784073507,Yes,3
1.0,1.0,1.0,0.0,0.7916666666666666,1.0,1.0,0.0,0.0,1.0,1.0,0.0,1.0,0.0,0.5,1.0,0.3333333333333333,0.5258706467661691,0.5416539050535988,No,3
0.0,1.0,1.0,0.0,0.611111111111111,1.0,0.0,0.5,1.0,1.0,0.0,1.0,0.0,0.0,0.0,1.0,0.6666666666666666,0.6656716417910448,0.48483920367534455,No,0
1.0,0.0,0.0,0.0,0.3333333333333333,1.0,0.0,0.0,0.0,0.0,1.0,0.0,0.0,0.0,0.0,1.0,1.0,0.3129353233830846,0.04793261868300153,No,3
1.0,0.0,1.0,1.0,0.20833333333333331,0.0,0.5,0.0,1.0,0.0,0.0,0.0,0.0,0.0,0.0,1.0,0.0,0.11890547263681589,0.6079632465543644,No,3
0.0,0.0,0.0,0.0,0.041666666666666664,0.0,0.5,0.0,0.0,0.0,0.0,0.0,0.0,0.0,0.0,0.0,0.6666666666666666,0.06965174129353235,0.7326186830015313,Yes,0
0.0,0.0,0.0,1.0,0.05555555555555555,1.0,1.0,0.5,0.0,1.0,1.0,0.0,0.0,0.0,0.0,0.0,0.0,0.6547263681592039,0.44241960183767226,Yes,0
1.0,1.0,1.0,0.0,0.5138888888888888,1.0,1.0,0.5,0.0,0.0,0.0,0.0,1.0,0.0,0.0,1.0,0.6666666666666666,0.6711442786069651,0.4218989280245023,Yes,3
0.0,0.0,0.0,0.0,0.013888888888888888,1.0,0.0,0.5,0.0,1.0,0.0,0.0,0.0,0.0,0.0,1.0,0.6666666666666666,0.5616915422885572,0.876416539050536,Yes,0
0.0,0.0,0.0,0.0,0.3333333333333333,1.0,0.0,0.0,1.0,0.0,0.0,1.0,0.0,0.0,0.0,0.0,0.3333333333333333,0.3791044776119403,0.10566615620214395,No,0
0.0,0.0,0.0,0.0,0.06944444444444445,1.0,1.0,0.5,0.0,1.0,0.0,0.0,1.0,0.0,0.0,1.0,0.6666666666666666,0.7218905472636815,0.5941807044410413,Yes,0
0.0,0.0,0.0,0.0,0.4583333333333333,1.0,1.0,0.5,0.0,1.0,1.0,0.0,1.0,1.0,0.0,0.0,0.6666666666666666,0.8885572139303483,0.4819295558958652,No,0
0.0,0.0,1.0,1.0,0.8055555555555555,1.0,0.0,1.0,0.5,0.5,0.5,0.5,0.5,0.5,1.0,1.0,1.0,0.015920398009950265,0.04548238897396631,No,0
0.0,0.0,1.0,1.0,1.0,1.0,1.0,0.5,1.0,1.0,0.0,0.0,1.0,0.0,1.0,1.0,0.0,0.772636815920398,0.8390505359877488,No,0
0.0,0.0,1.0,0.0,0.986111111111111,1.0,1.0,1.0,0.5,0.5,0.5,0.5,0.5,0.5,1.0,0.0,1.0,0.05572139303482587,0.17718223583460949,No,0
0.0,1.0,0.0,0.0,0.38888888888888884,1.0,1.0,0.5,0.0,1.0,1.0,0.0,1.0,1.0,0.0,1.0,0.6666666666666666,0.8746268656716417,0.41944869831546705,Yes,0
1.0,0.0,1.0,0.0,0.7083333333333333,1.0,0.0,0.0,1.0,1.0,1.0,1.0,1.0,1.0,1.0,1.0,0.3333333333333333,0.6527363184079601,0.56156202143951,No,3
0.0,0.0,0.0,0.0,0.41666666666666663,1.0,0.0,0.0,1.0,1.0,1.0,1.0,1.0,1.0,0.5,0.0,0.0,0.6676616915422885,0.3346094946401225,Yes,0
1.0,1.0,1.0,0.0,1.0,1.0,0.0,0.5,1.0,1.0,0.0,1.0,0.0,0.0,1.0,1.0,0.3333333333333333,0.6621890547263681,0.7675344563552833,No,3
1.0,1.0,0.0,0.0,0.5,1.0,1.0,0.5,1.0,0.0,0.0,0.0,1.0,0.0,0.0,1.0,0.6666666666666666,0.7223880597014924,0.4241960183767228,Yes,3
1.0,0.0,0.0,1.0,0.19444444444444442,1.0,0.0,0.0,1.0,1.0,1.0,1.0,0.0,1.0,1.0,0.0,0.0,0.5756218905472636,0.016079632465543645,No,3
0.0,0.0,1.0,1.0,1.0,1.0,1.0,0.0,1.0,1.0,0.0,1.0,1.0,0.0,1.0,0.0,1.0,0.5601990049751243,0.6908116385911179,No,0
0.0,0.0,1.0,1.0,0.3055555555555555,0.0,0.5,0.0,0.0,1.0,0.0,0.0,1.0,0.0,0.0,0.0,0.6666666666666666,0.20845771144278608,0.9500765696784074,No,0
0.0,0.0,0.0,0.0,0.027777777777777776,1.0,1.0,0.5,0.0,1.0,0.0,0.0,0.0,0.0,0.0,0.0,0.6666666666666666,0.6099502487562188,0.14180704441041347,No,0
0.0,0.0,0.0,0.0,0.20833333333333331,1.0,0.0,1.0,0.5,0.5,0.5,0.5,0.5,0.5,0.0,0.0,1.0,0.013432835820895522,0.39601837672281776,No,0
1.0,0.0,1.0,1.0,0.7083333333333333,1.0,0.0,1.0,0.5,0.5,0.5,0.5,0.5,0.5,1.0,0.0,0.3333333333333333,0.012935323383084563,0.02572741194486983,No,3
1.0,0.0,1.0,0.0,0.9722222222222222,0.0,0.5,0.0,1.0,0.0,1.0,1.0,0.0,0.0,1.0,1.0,0.3333333333333333,0.2079601990049751,0.3586523736600306,No,3
0.0,0.0,1.0,1.0,0.986111111111111,1.0,0.0,1.0,0.5,0.5,0.5,0.5,0.5,0.5,1.0,0.0,0.0,0.01840796019900498,0.10811638591117917,No,0
0.0,0.0,1.0,1.0,0.5416666666666666,1.0,1.0,0.5,0.0,0.0,0.0,1.0,1.0,1.0,0.0,1.0,0.3333333333333333,0.8129353233830846,0.49494640122511485,No,0
0.0,0.0,1.0,1.0,0.8472222222222222,1.0,1.0,0.0,1.0,1.0,0.0,0.0,0.0,0.0,0.0,0.0,0.6666666666666666,0.4134328358208955,0.4816232771822358,No,0
0.0,0.0,0.0,0.0,0.7222222222222222,1.0,0.0,0.0,1.0,0.0,0.0,0.0,0.0,0.0,0.0,1.0,0.0,0.3134328358208955,0.3350689127105666,No,0
0.0,0.0,0.0,0.0,0.013888888888888888,0.0,0.5,0.0,0.0,0.0,0.0,0.0,1.0,0.0,0.0,1.0,0.6666666666666666,0.17412935323383083,0.46462480857580396,Yes,0
1.0,0.0,1.0,0.0,0.8888888888888888,1.0,1.0,0.5,1.0,0.0,1.0,1.0,1.0,1.0,0.5,1.0,1.0,0.8980099502487563,0.8313935681470137,No,3
1.0,0.0,1.0,0.0,0.861111111111111,1.0,0.0,0.0,0.0,1.0,1.0,1.0,0.0,0.0,1.0,1.0,0.3333333333333333,0.41691542288557215,0.4937212863705972,No,3
1.0,0.0,1.0,0.0,0.41666666666666663,1.0,0.0,1.0,0.5,0.5,0.5,0.5,0.5,0.5,1.0,0.0,1.0,0.007960199004975133,0.786676875957121,No,3
0.0,1.0,1.0,1.0,0.05555555555555555,1.0,0.0,0.0,0.0,0.0,0.0,0.0,0.0,0.0,0.0,0.0,0.6666666666666666,0.2761194029850746,0.20811638591117917,Yes,0
1.0,1.0,1.0,0.0,0.875,1.0,0.0,0.0,1.0,1.0,1.0,1.0,1.0,1.0,0.5,1.0,0.0,0.654228855721393,0.6819295558958652,No,3
0.0,0.0,0.0,0.0,0.013888888888888888,1.0,0.0,0.0,0.0,0.0,0.0,0.0,0.0,0.0,0.0,1.0,0.3333333333333333,0.2616915422885572,0.5732006125574273,No,0
1.0,0.0,1.0,0.0,0.20833333333333331,1.0,1.0,0.5,0.0,0.0,1.0,1.0,1.0,1.0,0.0,1.0,0.6666666666666666,0.8477611940298507,0.14869831546707504,No,3
1.0,0.0,1.0,1.0,0.375,1.0,0.0,0.5,1.0,1.0,0.0,0.0,0.0,0.0,0.5,1.0,0.3333333333333333,0.6208955223880598,0.2819295558958652,No,3
0.0,0.0,0.0,1.0,0.05555555555555555,0.0,0.5,0.0,1.0,1.0,1.0,0.0,1.0,1.0,0.0,1.0,1.0,0.3875621890547264,0.28545176110260334,No,0
0.0,0.0,1.0,0.0,1.0,1.0,1.0,0.5,1.0,1.0,1.0,0.0,1.0,1.0,1.0,1.0,0.6666666666666666,0.9203980099502488,0.9022970903522205,No,0
1.0,1.0,1.0,0.0,0.625,1.0,1.0,1.0,0.5,0.5,0.5,0.5,0.5,0.5,0.5,0.0,0.3333333333333333,0.06417910447761191,0.04977029096477795,No,3
0.0,1.0,0.0,0.0,0.625,1.0,1.0,0.5,1.0,1.0,0.0,1.0,1.0,0.0,0.0,1.0,0.6666666666666666,0.7840796019900497,0.5701378254211332,No,0
0.0,0.0,0.0,0.0,0.5,1.0,0.0,0.0,1.0,1.0,1.0,1.0,1.0,0.0,0.5,1.0,1.0,0.5781094527363183,0.3454823889739663,No,0
1.0,0.0,1.0,1.0,0.2361111111111111,1.0,0.0,0.5,1.0,0.0,1.0,0.0,1.0,0.0,0.0,1.0,0.6666666666666666,0.7079601990049752,0.14839203675344564,Yes,3
1.0,0.0,0.0,0.0,0.013888888888888888,1.0,0.0,1.0,0.5,0.5,0.5,0.5,0.5,0.5,0.0,0.0,1.0,0.0064676616915422536,0.20581929555895864,No,3
1.0,1.0,0.0,0.0,0.2222222222222222,1.0,1.0,0.5,0.0,0.0,0.0,0.0,0.0,0.0,0.0,1.0,0.0,0.5592039800995025,0.07304747320061256,No,3
1.0,0.0,0.0,0.0,0.041666666666666664,1.0,0.0,1.0,0.5,0.5,0.5,0.5,0.5,0.5,0.0,1.0,1.0,0.015422885572139305,0.7321592649310873,Yes,3
1.0,0.0,1.0,1.0,0.05555555555555555,1.0,1.0,0.0,0.0,0.0,0.0,0.0,0.0,0.0,0.0,1.0,0.6666666666666666,0.3248756218905472,0.2886676875957121,Yes,3
0.0,0.0,1.0,0.0,0.986111111111111,1.0,0.0,0.0,1.0,1.0,1.0,1.0,1.0,1.0,1.0,1.0,0.3333333333333333,0.6582089552238807,0.748698315467075,No,0
1.0,0.0,1.0,1.0,0.1388888888888889,1.0,1.0,1.0,0.5,0.5,0.5,0.5,0.5,0.5,0.0,1.0,1.0,0.061194029850746234,0.3344563552833078,No,3
1.0,0.0,1.0,1.0,0.2777777777777778,1.0,0.0,1.0,0.5,0.5,0.5,0.5,0.5,0.5,1.0,0.0,1.0,0.01791044776119402,0.5232771822358346,No,3
1.0,0.0,0.0,0.0,0.05555555555555555,1.0,0.0,0.5,0.0,0.0,0.0,0.0,1.0,0.0,0.0,1.0,0.6666666666666666,0.6243781094527363,0.4514548238897397,Yes,3
1.0,0.0,0.0,0.0,0.3611111111111111,1.0,1.0,0.5,0.0,0.0,1.0,0.0,1.0,1.0,0.0,1.0,0.6666666666666666,0.7970149253731342,0.3332312404287902,Yes,3
0.0,0.0,0.0,0.0,0.05555555555555555,1.0,0.0,0.0,0.0,0.0,0.0,0.0,1.0,0.0,0.0,0.0,0.3333333333333333,0.37064676616915426,0.29173047473200614,No,0
1.0,0.0,0.0,0.0,0.06944444444444445,0.0,0.5,0.0,0.0,1.0,0.0,0.0,1.0,1.0,0.0,1.0,1.0,0.32587064676616917,0.40612557427258805,Yes,3
0.0,0.0,1.0,0.0,0.05555555555555555,1.0,1.0,0.5,0.0,1.0,0.0,0.0,1.0,0.0,0.0,1.0,0.6666666666666666,0.7303482587064677,0.48284839203675345,Yes,0
1.0,1.0,1.0,0.0,0.40277777777777773,1.0,1.0,0.5,0.0,0.0,0.0,0.0,0.0,1.0,0.0,1.0,0.6666666666666666,0.6572139303482587,0.30581929555895865,No,3
1.0,0.0,0.0,0.0,0.027777777777777776,1.0,0.0,0.5,1.0,1.0,0.0,0.0,1.0,1.0,0.0,0.0,0.6666666666666666,0.8154228855721393,0.24272588055130168,No,3
0.0,0.0,0.0,0.0,0.40277777777777773,1.0,0.0,1.0,0.5,0.5,0.5,0.5,0.5,0.5,1.0,0.0,1.0,0.011442786069651711,0.7041347626339969,No,0
1.0,0.0,0.0,1.0,0.013888888888888888,1.0,0.0,0.5,0.0,0.0,0.0,0.0,1.0,1.0,0.0,1.0,0.6666666666666666,0.7223880597014924,0.9689127105666155,Yes,3
1.0,0.0,0.0,0.0,0.013888888888888888,1.0,0.0,0.5,0.0,0.0,0.0,0.0,0.0,0.0,0.0,0.0,1.0,0.5089552238805971,0.833843797856049,Yes,3
0.0,1.0,0.0,0.0,0.1111111111111111,1.0,0.0,0.5,0.0,0.0,1.0,0.0,1.0,1.0,0.0,1.0,0.3333333333333333,0.7582089552238807,0.8787136294027564,Yes,0
1.0,0.0,0.0,0.0,0.18055555555555555,1.0,0.0,1.0,0.5,0.5,0.5,0.5,0.5,0.5,0.0,1.0,0.6666666666666666,0.021393034825870627,0.3318529862174579,No,3
0.0,0.0,1.0,0.0,0.8194444444444444,1.0,1.0,0.5,1.0,1.0,0.0,0.0,1.0,0.0,0.0,1.0,0.6666666666666666,0.7611940298507462,0.7091883614088821,No,0
0.0,0.0,1.0,1.0,0.013888888888888888,1.0,0.0,1.0,0.5,0.5,0.5,0.5,0.5,0.5,0.0,1.0,0.3333333333333333,0.018905472636815884,0.24640122511485452,Yes,0
1.0,1.0,0.0,0.0,0.6944444444444444,1.0,1.0,0.5,0.0,0.0,0.0,0.0,1.0,1.0,0.0,1.0,0.6666666666666666,0.7706467661691543,0.6229709035222052,Yes,3
1.0,0.0,1.0,0.0,0.25,1.0,0.0,0.0,0.0,0.0,0.0,0.0,0.0,0.0,0.0,1.0,0.0,0.25970149253731345,0.8972434915773353,No,3
0.0,0.0,1.0,1.0,0.2361111111111111,1.0,0.0,0.0,1.0,1.0,0.0,0.0,1.0,1.0,0.0,0.0,1.0,0.5601990049751243,0.06049004594180704,No,0
1.0,0.0,1.0,0.0,0.6527777777777778,1.0,0.0,0.0,0.0,1.0,1.0,0.0,1.0,1.0,1.0,0.0,0.6666666666666666,0.5507462686567164,0.467687595712098,No,3
0.0,0.0,0.0,0.0,0.3611111111111111,1.0,1.0,0.5,0.0,0.0,0.0,0.0,0.0,0.0,0.0,1.0,0.0,0.564179104477612,0.2124042879019908,Yes,0
0.0,0.0,0.0,0.0,0.08333333333333333,0.0,0.5,0.0,0.0,0.0,1.0,0.0,1.0,1.0,0.0,1.0,0.6666666666666666,0.2955223880597015,0.4058192955589586,Yes,0
1.0,0.0,1.0,1.0,0.2638888888888889,1.0,1.0,0.0,0.0,0.0,0.0,0.0,0.0,0.0,0.0,0.0,0.3333333333333333,0.3169154228855721,0.9721286370597243,No,3
0.0,0.0,0.0,0.0,0.041666666666666664,1.0,1.0,0.0,0.0,0.0,0.0,1.0,1.0,0.0,0.0,1.0,0.6666666666666666,0.45124378109452734,0.15114854517611026,Yes,0
0.0,1.0,1.0,1.0,0.9444444444444444,0.0,0.5,0.0,0.0,1.0,1.0,0.0,1.0,1.0,1.0,1.0,0.6666666666666666,0.345771144278607,0.48407350689127104,No,0
0.0,0.0,1.0,0.0,0.027777777777777776,1.0,0.0,1.0,0.5,0.5,0.5,0.5,0.5,0.5,0.0,0.0,0.0,0.015920398009950265,0.6666156202143951,No,0
1.0,0.0,0.0,0.0,0.09722222222222221,0.0,0.5,0.0,0.0,0.0,0.0,0.0,0.0,0.0,0.5,1.0,0.3333333333333333,0.06069651741293533,0.13874425727411943,No,3
0.0,0.0,0.0,0.0,0.25,1.0,0.0,1.0,0.5,0.5,0.5,0.5,0.5,0.5,0.0,1.0,1.0,0.012935323383084563,0.5099540581929556,No,0
0.0,0.0,1.0,0.0,0.986111111111111,1.0,1.0,1.0,0.5,0.5,0.5,0.5,0.5,0.5,1.0,0.0,0.3333333333333333,0.06766169154228854,0.22159264931087289,No,0
1.0,1.0,1.0,0.0,0.18055555555555555,1.0,1.0,0.5,1.0,1.0,0.0,0.0,0.0,1.0,0.0,0.0,0.3333333333333333,0.7517412935323382,0.07289433384379786,No,3
1.0,0.0,0.0,0.0,0.041666666666666664,0.0,0.5,0.0,0.0,1.0,0.0,1.0,0.0,0.0,0.0,1.0,1.0,0.18507462686567167,0.02434915773353752,Yes,3
1.0,0.0,1.0,0.0,1.0,1.0,1.0,0.5,0.0,1.0,1.0,0.0,1.0,1.0,1.0,1.0,0.0,0.8507462686567163,0.8716692189892802,No,3
1.0,0.0,1.0,1.0,0.9166666666666666,0.0,0.5,0.0,0.0,1.0,1.0,0.0,1.0,1.0,1.0,1.0,0.3333333333333333,0.3830845771144279,0.4895865237366003,No,3
1.0,0.0,1.0,1.0,0.3333333333333333,1.0,0.0,1.0,0.5,0.5,0.5,0.5,0.5,0.5,0.5,1.0,0.3333333333333333,0.025373134328358193,0.6079632465543644,No,3
0.0,0.0,0.0,0.0,0.013888888888888888,1.0,0.0,0.0,0.0,0.0,0.0,0.0,0.0,0.0,0.0,1.0,0.6666666666666666,0.2572139303482587,0.5721286370597243,Yes,0
0.0,0.0,1.0,1.0,0.7777777777777777,1.0,1.0,1.0,0.5,0.5,0.5,0.5,0.5,0.5,1.0,1.0,1.0,0.061691542288557194,0.10643185298621745,No,0
0.0,1.0,1.0,0.0,0.3055555555555555,1.0,1.0,1.0,0.5,0.5,0.5,0.5,0.5,0.5,0.5,0.0,0.0,0.07313432835820893,0.6961715160796325,No,0
1.0,0.0,0.0,0.0,0.19444444444444442,0.0,0.5,0.0,0.0,0.0,1.0,0.0,1.0,1.0,0.0,1.0,0.6666666666666666,0.3233830845771144,0.8555895865237366,Yes,3
0.0,1.0,1.0,0.0,0.8472222222222222,1.0,1.0,0.5,0.0,1.0,1.0,0.0,1.0,1.0,0.5,1.0,0.3333333333333333,0.8572139303482588,0.7905053598774885,Yes,0
0.0,1.0,1.0,0.0,0.5555555555555556,0.0,0.5,0.0,0.0,1.0,0.0,0.0,1.0,0.0,0.0,1.0,0.6666666666666666,0.20945273631840794,0.16983154670750383,Yes,0
0.0,0.0,0.0,0.0,0.5833333333333333,1.0,0.0,0.0,1.0,1.0,1.0,0.0,0.0,0.0,0.0,0.0,0.0,0.4119402985074626,0.3352220520673813,No,0
0.0,0.0,1.0,1.0,1.0,1.0,1.0,0.0,1.0,0.0,1.0,1.0,1.0,1.0,1.0,1.0,0.0,0.6472636815920397,0.7566615620214395,No,0
0.0,0.0,0.0,0.0,0.16666666666666666,1.0,1.0,0.5,0.0,0.0,0.0,1.0,0.0,0.0,0.0,1.0,0.3333333333333333,0.6099502487562188,0.9895865237366003,No,0
1.0,0.0,1.0,0.0,0.986111111111111,1.0,1.0,1.0,0.5,0.5,0.5,0.5,0.5,0.5,1.0,0.0,0.0,0.061691542288557194,0.189739663093415,No,3
0.0,0.0,1.0,0.0,0.3611111111111111,1.0,0.0,1.0,0.5,0.5,0.5,0.5,0.5,0.5,0.5,0.0,1.0,0.009452736318407956,0.5969372128637059,No,0
0.0,0.0,0.0,1.0,0.09722222222222221,0.0,0.5,0.0,1.0,0.0,0.0,0.0,0.0,0.0,0.0,0.0,1.0,0.11492537313432838,0.25084226646248087,No,0
0.0,0.0,1.0,1.0,0.08333333333333333,1.0,0.0,0.0,0.0,0.0,0.0,0.0,0.0,0.0,0.0,0.0,1.0,0.27114427860696516,0.37718223583460947,No,0
0.0,0.0,0.0,0.0,0.8055555555555555,1.0,0.0,0.5,1.0,1.0,1.0,0.0,1.0,1.0,0.5,1.0,0.6666666666666666,0.8776119402985075,0.7681470137825421,Yes,0
1.0,0.0,1.0,0.0,0.7083333333333333,0.0,0.5,0.0,0.0,1.0,0.0,0.0,0.0,0.0,0.0,1.0,0.3333333333333333,0.1174129353233831,0.1459418070444104,No,3
1.0,0.0,1.0,1.0,1.0,0.0,0.5,0.0,1.0,1.0,1.0,1.0,1.0,1.0,1.0,1.0,0.0,0.4716417910447761,0.6042879019908116,No,3
0.0,0.0,0.0,0.0,0.25,1.0,0.0,0.5,1.0,0.0,0.0,0.0,1.0,1.0,0.0,1.0,0.6666666666666666,0.7741293532338308,0.19234303215926493,Yes,0
0.0,0.0,0.0,0.0,0.09722222222222221,1.0,1.0,0.5,0.0,0.0,0.0,0.0,0.0,0.0,0.0,1.0,0.0,0.5656716417910447,0.7024502297090351,Yes,0
0.0,0.0,0.0,0.0,0.6527777777777778,1.0,1.0,0.0,1.0,1.0,0.0,1.0,0.0,1.0,1.0,0.0,1.0,0.5552238805970149,0.4635528330781011,No,0
1.0,1.0,0.0,0.0,0.027777777777777776,1.0,0.0,0.0,0.0,0.0,0.0,0.0,0.0,0.0,0.0,1.0,0.6666666666666666,0.2631840796019901,0.9791730474732006,Yes,3
1.0,1.0,0.0,0.0,0.861111111111111,1.0,1.0,0.5,0.0,1.0,1.0,1.0,1.0,1.0,0.5,1.0,0.0,0.9203980099502488,0.8494640122511485,No,3
0.0,0.0,1.0,1.0,0.2222222222222222,1.0,0.0,1.0,0.5,0.5,0.5,0.5,0.5,0.5,1.0,0.0,1.0,0.014427860696517386,0.39938744257274117,No,0
1.0,0.0,0.0,0.0,0.08333333333333333,1.0,0.0,0.0,0.0,0.0,0.0,1.0,0.0,0.0,0.0,1.0,0.3333333333333333,0.31094527363184077,0.4150076569678407,No,3
1.0,0.0,0.0,0.0,0.2638888888888889,1.0,0.0,0.0,0.0,0.0,1.0,1.0,0.0,0.0,0.0,1.0,0.3333333333333333,0.3656716417910447,0.013782542113323124,Yes,3
0.0,0.0,1.0,1.0,0.9583333333333333,0.0,0.5,0.0,1.0,0.0,1.0,0.0,0.0,1.0,1.0,1.0,0.3333333333333333,0.2557213930348259,0.3914241960183767,No,0
1.0,0.0,1.0,1.0,0.15277777777777776,1.0,1.0,0.5,0.0,0.0,0.0,0.0,0.0,0.0,0.0,1.0,0.6666666666666666,0.5582089552238805,0.9427258805513017,Yes,3
0.0,0.0,1.0,0.0,0.8888888888888888,1.0,1.0,0.5,0.0,1.0,1.0,1.0,1.0,1.0,0.0,1.0,0.6666666666666666,0.9243781094527362,0.8388973966309341,No,0
0.0,0.0,1.0,0.0,0.5416666666666666,1.0,0.0,0.5,1.0,0.0,1.0,1.0,1.0,1.0,0.5,1.0,0.3333333333333333,0.8601990049751244,0.5402756508422665,Yes,0
0.0,0.0,0.0,0.0,0.20833333333333331,1.0,1.0,0.0,1.0,0.0,0.0,0.0,0.0,0.0,0.0,1.0,1.0,0.372636815920398,0.9678407350689127,Yes,0
1.0,0.0,0.0,0.0,0.3472222222222222,1.0,0.0,1.0,0.5,0.5,0.5,0.5,0.5,0.5,0.0,0.0,1.0,0.023383084577114438,0.6889739663093415,No,3
0.0,0.0,0.0,0.0,0.08333333333333333,1.0,0.0,1.0,0.5,0.5,0.5,0.5,0.5,0.5,1.0,0.0,0.3333333333333333,0.013930348258706454,0.045941807044410414,No,0
1.0,0.0,1.0,0.0,0.9166666666666666,1.0,1.0,0.5,1.0,1.0,1.0,1.0,1.0,1.0,0.5,0.0,0.0,0.9706467661691541,0.9176110260336906,No,3
0.0,0.0,0.0,0.0,0.8472222222222222,1.0,1.0,0.0,0.0,1.0,1.0,1.0,1.0,1.0,1.0,0.0,0.3333333333333333,0.700497512437811,0.6813169984686064,No,0
0.0,1.0,1.0,0.0,0.5972222222222222,1.0,1.0,0.5,1.0,1.0,0.0,0.0,1.0,0.0,0.0,1.0,0.6666666666666666,0.7587064676616915,0.544104134762634,No,0
0.0,0.0,0.0,0.0,0.16666666666666666,1.0,0.0,1.0,0.5,0.5,0.5,0.5,0.5,0.5,0.0,0.0,1.0,0.01840796019900498,0.2852986217457887,No,0
1.0,1.0,0.0,0.0,0.3194444444444444,0.0,0.5,0.0,0.0,0.0,0.0,0.0,0.0,1.0,0.0,1.0,0.0,0.16318407960199,0.89739663093415,No,3
1.0,1.0,1.0,0.0,0.986111111111111,0.0,0.5,0.0,0.0,1.0,1.0,0.0,1.0,1.0,0.0,1.0,0.0,0.33880597014925373,0.4946401225114854,No,3
0.0,0.0,0.0,0.0,0.4722222222222222,1.0,1.0,0.0,0.0,0.0,0.0,1.0,1.0,0.0,0.0,0.0,1.0,0.46517412935323377,0.27136294027565083,No,0
0.0,0.0,0.0,0.0,0.06944444444444445,1.0,0.0,1.0,0.5,0.5,0.5,0.5,0.5,0.5,0.0,0.0,0.3333333333333333,0.015920398009950265,0.023889739663093414,Yes,0
0.0,0.0,1.0,0.0,0.5694444444444444,0.0,0.5,0.0,0.0,1.0,0.0,1.0,0.0,0.0,0.5,0.0,1.0,0.17114427860696518,0.10964777947932618,No,0
0.0,0.0,1.0,1.0,1.0,1.0,0.0,1.0,0.5,0.5,0.5,0.5,0.5,0.5,1.0,0.0,0.3333333333333333,0.014427860696517386,0.10505359877488514,No,0
1.0,1.0,0.0,0.0,0.19444444444444442,1.0,1.0,0.5,0.0,0.0,0.0,0.0,1.0,1.0,0.0,1.0,0.6666666666666666,0.7696517412935323,0.0768759571209801,No,3
0.0,0.0,0.0,0.0,0.5694444444444444,1.0,0.0,1.0,0.5,0.5,0.5,0.5,0.5,0.5,1.0,1.0,1.0,0.015920398009950265,0.9284839203675345,No,0
0.0,0.0,1.0,1.0,0.3194444444444444,1.0,1.0,0.5,1.0,0.0,0.0,0.0,0.0,0.0,0.5,0.0,0.3333333333333333,0.6328358208955223,0.20888208269525269,No,0
1.0,0.0,1.0,1.0,0.986111111111111,1.0,0.0,0.5,1.0,1.0,1.0,1.0,1.0,1.0,1.0,0.0,0.3333333333333333,0.9059701492537312,0.9038284839203675,No,3
0.0,0.0,0.0,0.0,0.013888888888888888,1.0,0.0,0.5,0.0,0.0,0.0,0.0,0.0,0.0,0.0,1.0,0.6666666666666666,0.517910447761194,0.8433384379785605,Yes,0
1.0,0.0,1.0,0.0,1.0,1.0,1.0,1.0,0.5,0.5,0.5,0.5,0.5,0.5,1.0,0.0,1.0,0.07114427860696515,0.20474732006125573,No,3
1.0,0.0,1.0,1.0,0.08333333333333333,1.0,0.0,0.5,0.0,0.0,0.0,0.0,0.0,0.0,0.0,1.0,0.6666666666666666,0.5129353233830846,0.49540581929555894,No,3
1.0,0.0,1.0,1.0,0.3194444444444444,1.0,0.0,1.0,0.5,0.5,0.5,0.5,0.5,0.5,0.5,1.0,0.3333333333333333,0.01741293532338306,0.5782542113323124,No,3
1.0,1.0,1.0,0.0,0.1388888888888889,1.0,1.0,0.5,0.0,0.0,0.0,0.0,0.0,1.0,0.0,0.0,0.6666666666666666,0.6696517412935323,0.9519142419601837,Yes,3
0.0,0.0,0.0,0.0,1.0,1.0,0.0,0.5,1.0,1.0,1.0,1.0,1.0,1.0,1.0,1.0,0.6666666666666666,0.9119402985074626,0.8943338437978561,No,0
0.0,0.0,1.0,0.0,0.09722222222222221,1.0,0.0,0.0,1.0,0.0,0.0,0.0,0.0,0.0,0.0,1.0,0.0,0.3189054726368159,0.4709035222052067,No,0
1.0,0.0,0.0,1.0,0.08333333333333333,1.0,0.0,0.5,0.0,0.0,1.0,0.0,1.0,1.0,0.0,0.0,1.0,0.7587064676616915,0.7271056661562021,Yes,3
1.0,0.0,1.0,1.0,0.125,1.0,0.0,0.5,0.0,1.0,0.0,1.0,1.0,1.0,0.0,1.0,0.6666666666666666,0.8283582089552238,0.9704441041347626,No,3
0.0,0.0,0.0,0.0,0.16666666666666666,1.0,1.0,0.5,0.0,1.0,0.0,0.0,0.0,1.0,0.0,1.0,0.6666666666666666,0.7054726368159204,0.01669218989280245,No,0
0.0,0.0,0.0,0.0,0.013888888888888888,1.0,0.0,1.0,0.5,0.5,0.5,0.5,0.5,0.5,0.0,1.0,1.0,0.011442786069651711,0.22695252679938743,No,0
0.0,1.0,1.0,1.0,0.6666666666666666,0.0,0.5,0.0,0.0,1.0,0.0,0.0,0.0,0.0,0.5,0.0,0.0,0.11592039800995024,0.10765696784073507,No,0
1.0,0.0,0.0,0.0,0.2777777777777778,1.0,0.0,0.5,0.0,0.0,0.0,0.0,1.0,0.0,0.0,0.0,0.6666666666666666,0.6024875621890546,0.17105666156202143,No,3
0.0,1.0,1.0,0.0,0.2222222222222222,1.0,1.0,0.5,0.0,0.0,0.0,0.0,0.0,1.0,0.0,1.0,0.3333333333333333,0.6676616915422885,0.10367534456355283,Yes,0
0.0,0.0,0.0,0.0,0.027777777777777776,1.0,0.0,0.5,0.0,0.0,0.0,0.0,1.0,0.0,0.0,1.0,1.0,0.6109452736318408,0.1439509954058193,Yes,0
0.0,0.0,0.0,0.0,0.1388888888888889,1.0,0.0,1.0,0.5,0.5,0.5,0.5,0.5,0.5,0.5,1.0,1.0,0.010447761194029848,0.21623277182235834,No,0
0.0,1.0,0.0,0.0,0.027777777777777776,1.0,0.0,0.5,0.0,0.0,0.0,0.0,0.0,1.0,0.0,1.0,0.6666666666666666,0.6104477611940298,0.23751914241960184,Yes,0
1.0,0.0,1.0,1.0,0.2777777777777778,1.0,1.0,0.5,0.0,1.0,0.0,1.0,1.0,0.0,0.0,0.0,1.0,0.781592039800995,0.2113323124042879,No,3
1.0,0.0,1.0,0.0,0.2777777777777778,1.0,0.0,1.0,0.5,0.5,0.5,0.5,0.5,0.5,0.5,0.0,1.0,0.023880597014925342,0.545635528330781,No,3
1.0,0.0,1.0,1.0,0.2638888888888889,1.0,0.0,1.0,0.5,0.5,0.5,0.5,0.5,0.5,0.5,0.0,1.0,0.015422885572139305,0.4563552833078101,No,3
1.0,1.0,0.0,0.0,0.2638888888888889,1.0,1.0,0.5,1.0,0.0,0.0,0.0,1.0,0.0,0.0,1.0,0.6666666666666666,0.7199004975124377,0.17534456355283307,Yes,3
1.0,0.0,1.0,0.0,0.3055555555555555,1.0,0.0,0.5,1.0,1.0,0.0,1.0,1.0,1.0,0.0,1.0,0.6666666666666666,0.8592039800995025,0.27488514548238896,No,3
0.0,0.0,0.0,0.0,0.4861111111111111,1.0,1.0,0.5,0.0,0.0,0.0,1.0,0.0,0.0,0.0,0.0,0.3333333333333333,0.6149253731343283,0.37503828483920365,No,0
0.0,0.0,0.0,0.0,0.013888888888888888,1.0,0.0,0.0,0.0,0.0,0.0,0.0,0.0,0.0,0.0,0.0,1.0,0.2676616915422885,0.5839203675344563,No,0
1.0,0.0,0.0,0.0,0.5416666666666666,1.0,1.0,0.5,0.0,0.0,0.0,0.0,0.0,0.0,0.0,1.0,0.3333333333333333,0.546268656716418,0.36416539050535984,No,3
0.0,1.0,1.0,0.0,0.75,1.0,0.0,0.5,0.0,0.0,1.0,1.0,1.0,1.0,0.5,1.0,0.6666666666666666,0.8044776119402984,0.6918836140888208,No,0
0.0,0.0,0.0,0.0,0.013888888888888888,1.0,0.0,1.0,0.5,0.5,0.5,0.5,0.5,0.5,0.0,1.0,0.0,0.019402985074626844,0.2465543644716692,Yes,0
1.0,0.0,1.0,0.0,0.9166666666666666,1.0,1.0,0.5,1.0,0.0,1.0,0.0,1.0,1.0,1.0,1.0,0.3333333333333333,0.8736318407960199,0.8405819295558958,Yes,3
1.0,0.0,0.0,0.0,0.7777777777777777,1.0,1.0,0.5,1.0,0.0,0.0,1.0,1.0,1.0,0.0,1.0,1.0,0.8666666666666666,0.7315467075038284,No,3
1.0,0.0,0.0,1.0,0.25,1.0,0.0,0.0,0.0,0.0,0.0,0.0,0.0,0.0,0.0,1.0,0.3333333333333333,0.27263681592039796,0.8816232771822358,No,3
0.0,0.0,1.0,1.0,0.2222222222222222,1.0,1.0,0.5,0.0,1.0,0.0,0.0,0.0,0.0,0.0,1.0,0.3333333333333333,0.6139303482587065,0.07519142419601837,No,0
0.0,0.0,0.0,0.0,0.9444444444444444,1.0,0.0,0.0,1.0,0.0,1.0,0.0,0.0,0.0,0.5,1.0,0.3333333333333333,0.36019900497512436,0.48529862174578864,No,0
0.0,1.0,1.0,0.0,0.736111111111111,1.0,1.0,1.0,0.5,0.5,0.5,0.5,0.5,0.5,1.0,0.0,0.3333333333333333,0.0681592039800995,0.0773353751914242,No,0
0.0,0.0,1.0,1.0,1.0,1.0,1.0,0.0,1.0,0.0,1.0,1.0,1.0,1.0,1.0,0.0,0.3333333333333333,0.6611940298507463,0.7402756508422664,No,0
1.0,0.0,0.0,0.0,0.125,1.0,1.0,0.5,0.0,0.0,0.0,0.0,0.0,0.0,0.0,1.0,0.6666666666666666,0.5731343283582089,0.8633996937212863,No,3
0.0,0.0,0.0,0.0,0.41666666666666663,1.0,0.0,0.0,1.0,0.0,0.0,0.0,0.0,0.0,0.0,1.0,1.0,0.3039800995024875,0.14777947932618682,No,0
0.0,0.0,0.0,0.0,0.5,1.0,1.0,0.5,0.0,1.0,0.0,0.0,1.0,1.0,0.0,1.0,0.6666666666666666,0.8049751243781095,0.4784073506891271,Yes,0
0.0,0.0,0.0,0.0,0.25,0.0,0.5,0.0,0.0,0.0,1.0,1.0,0.0,0.0,0.0,1.0,0.6666666666666666,0.16865671641791047,0.7597243491577336,No,0
0.0,1.0,1.0,1.0,0.7638888888888888,1.0,1.0,0.0,1.0,0.0,1.0,1.0,1.0,0.0,0.5,0.0,0.6666666666666666,0.5771144278606964,0.5436447166921898,No,0
0.0,0.0,1.0,0.0,0.5416666666666666,0.0,0.5,0.0,1.0,0.0,1.0,0.0,1.0,1.0,0.0,0.0,0.6666666666666666,0.3746268656716417,0.27534456355283304,Yes,0
1.0,0.0,0.0,0.0,0.29166666666666663,1.0,1.0,0.5,0.0,1.0,0.0,0.0,0.0,0.0,0.0,1.0,0.6666666666666666,0.6378109452736318,0.21715160796324653,Yes,3
1.0,0.0,0.0,0.0,0.027777777777777776,0.0,0.5,0.0,0.0,1.0,1.0,1.0,0.0,0.0,0.0,1.0,0.3333333333333333,0.22039800995024872,0.8981623277182236,Yes,3
1.0,1.0,0.0,0.0,0.4583333333333333,1.0,1.0,1.0,0.5,0.5,0.5,0.5,0.5,0.5,0.5,1.0,0.0,0.06616915422885569,0.9493108728943338,No,3
1.0,0.0,1.0,0.0,0.611111111111111,0.0,0.5,0.0,0.0,1.0,1.0,0.0,1.0,1.0,1.0,0.0,0.0,0.35870646766169145,0.3107197549770291,No,3
0.0,0.0,1.0,1.0,0.41666666666666663,1.0,0.0,0.0,1.0,0.0,0.0,1.0,0.0,1.0,0.0,0.0,0.0,0.47810945273631833,0.23292496171516078,No,0
0.0,0.0,1.0,0.0,0.986111111111111,1.0,0.0,1.0,0.5,0.5,0.5,0.5,0.5,0.5,1.0,1.0,0.0,0.026368159203980085,0.13598774885145481,No,0
0.0,0.0,0.0,0.0,0.05555555555555555,1.0,1.0,0.5,0.0,0.0,0.0,0.0,0.0,0.0,0.0,0.0,0.6666666666666666,0.5681592039800994,0.44915773353751914,Yes,0
1.0,0.0,0.0,1.0,0.4861111111111111,1.0,0.0,0.5,0.0,0.0,1.0,0.0,1.0,0.0,0.5,1.0,0.6666666666666666,0.6656716417910448,0.4036753445635528,Yes,3
1.0,0.0,1.0,0.0,0.013888888888888888,1.0,0.0,0.5,0.0,0.0,1.0,0.0,0.0,0.0,0.0,0.0,0.3333333333333333,0.5681592039800994,0.8836140888208269,No,3
1.0,1.0,1.0,0.0,0.3194444444444444,1.0,1.0,0.5,0.0,1.0,1.0,0.0,1.0,1.0,0.0,1.0,0.6666666666666666,0.8577114427860696,0.27565084226646247,No,3
0.0,0.0,0.0,1.0,0.3055555555555555,0.0,0.5,0.0,0.0,0.0,1.0,0.0,1.0,1.0,0.5,1.0,0.3333333333333333,0.31044776119402984,0.01010719754977029,No,0
0.0,0.0,0.0,1.0,0.6805555555555555,1.0,0.0,1.0,0.5,0.5,0.5,0.5,0.5,0.5,0.5,0.0,0.3333333333333333,0.011940298507462671,0.9759571209800919,No,0
0.0,0.0,1.0,1.0,0.5833333333333333,1.0,0.0,0.5,0.0,0.0,1.0,0.0,1.0,1.0,0.0,1.0,0.6666666666666666,0.7353233830845771,0.5076569678407351,No,0
0.0,0.0,1.0,1.0,0.4583333333333333,1.0,0.0,0.5,0.0,0.0,1.0,0.0,1.0,1.0,0.5,1.0,0.6666666666666666,0.7517412935323382,0.4157733537519142,Yes,0
0.0,0.0,1.0,1.0,0.09722222222222221,1.0,0.0,1.0,0.5,0.5,0.5,0.5,0.5,0.5,1.0,0.0,1.0,0.015920398009950265,0.12388973966309341,No,0
0.0,0.0,1.0,1.0,0.9305555555555555,1.0,1.0,0.5,1.0,0.0,1.0,1.0,0.0,1.0,0.5,1.0,0.0,0.8159203980099502,0.8128637059724348,No,0
1.0,0.0,0.0,0.0,0.20833333333333331,1.0,1.0,0.5,0.0,1.0,0.0,1.0,0.0,1.0,0.0,0.0,0.6666666666666666,0.7706467661691543,0.12802450229709034,No,3
1.0,0.0,1.0,0.0,0.9305555555555555,1.0,1.0,0.5,0.0,1.0,1.0,0.0,0.0,1.0,1.0,1.0,0.6666666666666666,0.7452736318407961,0.7862174578866769,No,3
1.0,0.0,1.0,1.0,0.736111111111111,1.0,0.0,0.0,1.0,1.0,0.0,1.0,1.0,0.0,1.0,1.0,1.0,0.5119402985074627,0.4915773353751914,No,3
1.0,0.0,1.0,1.0,0.29166666666666663,1.0,0.0,1.0,0.5,0.5,0.5,0.5,0.5,0.5,0.5,0.0,1.0,0.015422885572139305,0.46508422664624804,No,3
0.0,0.0,1.0,1.0,0.5555555555555556,1.0,0.0,0.0,1.0,1.0,0.0,1.0,0.0,1.0,0.0,1.0,1.0,0.5283582089552238,0.3767228177641654,No,0
0.0,0.0,1.0,1.0,0.3055555555555555,1.0,0.0,1.0,0.5,0.5,0.5,0.5,0.5,0.5,0.5,0.0,0.0,0.02487562189054726,0.5888208269525268,No,0
1.0,0.0,0.0,0.0,0.5416666666666666,0.0,0.5,0.0,0.0,0.0,0.0,1.0,0.0,1.0,0.0,1.0,0.6666666666666666,0.22238805970149256,0.13644716692189893,No,3
1.0,0.0,0.0,0.0,0.625,1.0,0.0,1.0,0.5,0.5,0.5,0.5,0.5,0.5,0.5,1.0,0.6666666666666666,0.021393034825870627,0.9797856049004594,Yes,3
0.0,0.0,1.0,0.0,0.027777777777777776,1.0,0.0,1.0,0.5,0.5,0.5,0.5,0.5,0.5,0.0,0.0,1.0,0.020895522388059695,0.5349157733537518,No,0
0.0,0.0,1.0,1.0,0.7916666666666666,1.0,0.0,1.0,0.5,0.5,0.5,0.5,0.5,0.5,1.0,0.0,0.0,0.014925373134328346,0.07672281776416538,No,0
1.0,0.0,1.0,1.0,0.1111111111111111,1.0,0.0,0.0,0.0,0.0,0.0,0.0,1.0,0.0,0.0,1.0,0.6666666666666666,0.3597014925373134,0.6157733537519142,No,3
1.0,1.0,1.0,0.0,0.09722222222222221,1.0,1.0,0.5,1.0,1.0,0.0,0.0,0.0,1.0,0.0,1.0,0.3333333333333333,0.7606965174129353,0.8169984686064319,Yes,3
1.0,0.0,0.0,0.0,0.08333333333333333,0.0,0.5,0.0,0.0,1.0,0.0,0.0,0.0,0.0,0.0,1.0,0.3333333333333333,0.12189054726368159,0.26156202143950996,Yes,3
0.0,0.0,1.0,1.0,0.09722222222222221,1.0,0.0,1.0,0.5,0.5,0.5,0.5,0.5,0.5,0.0,0.0,1.0,0.021890547263681587,0.13859111791730475,No,0
1.0,0.0,0.0,0.0,0.6805555555555555,1.0,1.0,0.0,0.0,0.0,0.0,1.0,1.0,0.0,1.0,1.0,0.0,0.47661691542288565,0.42557427258805514,No,3
0.0,0.0,0.0,0.0,0.9027777777777777,1.0,1.0,0.5,1.0,1.0,0.0,1.0,0.0,0.0,0.5,1.0,0.6666666666666666,0.7124378109452736,0.736906584992343,No,0
0.0,0.0,0.0,0.0,0.7638888888888888,1.0,0.0,0.0,0.0,0.0,0.0,0.0,0.0,0.0,0.5,0.0,0.0,0.2666666666666666,0.3240428790199081,No,0
1.0,0.0,1.0,1.0,0.986111111111111,1.0,1.0,0.0,1.0,1.0,1.0,1.0,1.0,1.0,1.0,0.0,0.0,0.6825870646766168,0.7768759571209801,No,3
1.0,0.0,0.0,0.0,0.4861111111111111,1.0,1.0,0.5,1.0,1.0,1.0,1.0,0.0,0.0,0.0,1.0,1.0,0.7810945273631841,0.45160796324655433,No,3
1.0,1.0,0.0,0.0,0.041666666666666664,1.0,1.0,0.5,0.0,0.0,0.0,0.0,0.0,0.0,0.0,1.0,0.6666666666666666,0.5845771144278606,0.30796324655436447,Yes,3
0.0,0.0,0.0,1.0,0.15277777777777776,1.0,0.0,1.0,0.5,0.5,0.5,0.5,0.5,0.5,0.0,0.0,0.3333333333333333,0.01840796019900498,0.28223583460949464,Yes,0
0.0,0.0,0.0,0.0,0.013888888888888888,1.0,0.0,0.5,0.0,0.0,1.0,0.0,0.0,0.0,0.0,0.0,0.6666666666666666,0.5676616915422885,0.8834609494640122,Yes,0
1.0,0.0,0.0,0.0,0.2361111111111111,1.0,1.0,0.5,1.0,1.0,1.0,1.0,1.0,0.0,0.0,1.0,0.0,0.8796019900497513,0.17718223583460949,No,3
0.0,0.0,1.0,0.0,1.0,1.0,1.0,0.5,1.0,0.0,1.0,1.0,1.0,1.0,1.0,1.0,0.3333333333333333,0.9144278606965174,0.9116385911179172,No,0
0.0,0.0,1.0,1.0,0.38888888888888884,1.0,0.0,0.5,1.0,0.0,0.0,0.0,0.0,1.0,0.5,1.0,0.0,0.6427860696517412,0.3,No,0
0.0,0.0,1.0,0.0,0.25,1.0,0.0,1.0,0.5,0.5,0.5,0.5,0.5,0.5,1.0,0.0,1.0,0.01840796019900498,0.48882082695252677,No,0
0.0,1.0,1.0,0.0,0.5555555555555556,1.0,0.0,0.5,0.0,1.0,0.0,1.0,1.0,1.0,0.5,1.0,0.3333333333333333,0.8054726368159204,0.5320061255742726,Yes,0
0.0,0.0,0.0,0.0,0.7222222222222222,1.0,0.0,0.0,0.0,0.0,1.0,0.0,0.0,1.0,0.0,1.0,0.6666666666666666,0.4099502487562189,0.40490045941807046,No,0
0.0,0.0,1.0,0.0,0.6527777777777778,1.0,0.0,0.0,0.0,1.0,0.0,0.0,1.0,0.0,0.0,1.0,0.0,0.4014925373134328,0.36232771822358345,No,0
0.0,0.0,0.0,0.0,0.3194444444444444,1.0,0.0,0.0,0.0,0.0,1.0,0.0,0.0,0.0,0.0,0.0,0.3333333333333333,0.3129353233830846,0.024808575803981624,No,0
1.0,0.0,1.0,1.0,0.9166666666666666,1.0,0.0,0.0,1.0,1.0,1.0,1.0,0.0,0.0,1.0,0.0,1.0,0.47363184079601983,0.5346094946401225,No,3
0.0,0.0,0.0,0.0,0.1111111111111111,1.0,1.0,0.5,0.0,0.0,0.0,0.0,0.0,0.0,0.0,1.0,0.6666666666666666,0.5497512437810945,0.7822358346094946,No,0
1.0,1.0,0.0,0.0,0.6527777777777778,1.0,0.0,0.5,1.0,0.0,0.0,0.0,0.0,1.0,0.0,0.0,1.0,0.6691542288557214,0.529709035222052,Yes,3
0.0,0.0,0.0,0.0,0.09722222222222221,1.0,0.0,1.0,0.5,0.5,0.5,0.5,0.5,0.5,0.0,0.0,1.0,0.01791044776119402,0.17075038284839203,Yes,0
0.0,0.0,1.0,1.0,0.986111111111111,1.0,1.0,0.5,1.0,1.0,1.0,1.0,1.0,1.0,1.0,0.0,0.3333333333333333,0.9492537313432835,0.9321592649310873,No,0
0.0,1.0,0.0,0.0,0.6944444444444444,1.0,1.0,0.5,1.0,1.0,0.0,0.0,0.0,0.0,0.0,1.0,0.6666666666666666,0.6482587064676617,0.5370597243491577,No,0
1.0,0.0,1.0,0.0,0.6388888888888888,1.0,0.0,0.0,1.0,1.0,1.0,1.0,0.0,0.0,1.0,0.0,1.0,0.4716417910447761,0.4056661562021439,No,3
1.0,0.0,0.0,0.0,0.013888888888888888,1.0,0.0,0.5,0.0,0.0,0.0,0.0,0.0,0.0,0.0,0.0,0.6666666666666666,0.518905472636816,0.8436447166921899,Yes,3
0.0,0.0,0.0,0.0,0.9166666666666666,0.0,0.5,0.0,1.0,0.0,1.0,1.0,1.0,1.0,1.0,1.0,0.0,0.42885572139303485,0.5491577335375192,No,0
0.0,0.0,1.0,0.0,0.5833333333333333,1.0,1.0,0.5,0.0,0.0,1.0,1.0,0.0,0.0,0.0,1.0,0.3333333333333333,0.673134328358209,0.4917304747320061,No,0
0.0,0.0,0.0,0.0,0.06944444444444445,1.0,0.0,0.5,0.0,0.0,0.0,1.0,0.0,0.0,0.0,1.0,1.0,0.5711442786069653,0.5215926493108729,No,0
1.0,0.0,1.0,1.0,0.09722222222222221,1.0,0.0,0.0,1.0,0.0,0.0,0.0,0.0,0.0,0.5,1.0,0.6666666666666666,0.3134328358208955,0.43996937212863707,Yes,3
1.0,0.0,0.0,0.0,0.40277777777777773,1.0,1.0,0.0,0.0,1.0,1.0,0.0,0.0,1.0,0.5,0.0,0.3333333333333333,0.5238805970149254,0.24042879019908114,No,3
0.0,0.0,1.0,1.0,0.375,1.0,0.0,0.0,0.0,1.0,0.0,0.0,0.0,0.0,0.0,0.0,1.0,0.3144278606965174,0.09295558958652374,No,0
0.0,1.0,0.0,0.0,0.20833333333333331,1.0,0.0,0.5,0.0,1.0,0.0,0.0,0.0,0.0,0.0,1.0,0.3333333333333333,0.5676616915422885,0.043032159264931084,Yes,0
0.0,0.0,1.0,1.0,0.3472222222222222,1.0,0.0,1.0,0.5,0.5,0.5,0.5,0.5,0.5,1.0,0.0,1.0,0.01840796019900498,0.6278713629402757,No,0
0.0,0.0,1.0,0.0,0.15277777777777776,1.0,1.0,0.5,0.0,0.0,0.0,0.0,1.0,1.0,0.0,1.0,0.6666666666666666,0.753731343283582,0.02327718223583461,Yes,0
1.0,0.0,1.0,0.0,0.7916666666666666,1.0,1.0,0.5,1.0,1.0,1.0,1.0,1.0,0.0,0.0,1.0,0.6666666666666666,0.843781094527363,0.7442572741194486,No,3
1.0,0.0,0.0,0.0,0.9305555555555555,1.0,1.0,0.5,1.0,1.0,1.0,1.0,1.0,1.0,0.5,1.0,0.0,0.9960199004975124,0.9067381316998468,Yes,3
0.0,1.0,1.0,0.0,0.6527777777777778,1.0,1.0,0.5,0.0,0.0,1.0,0.0,1.0,1.0,0.0,0.0,0.6666666666666666,0.8104477611940298,0.6147013782542113,No,0
0.0,0.0,0.0,0.0,0.18055555555555555,1.0,0.0,0.5,0.0,0.0,0.0,0.0,1.0,0.0,0.0,1.0,1.0,0.6333333333333334,0.009188361408882082,No,0
1.0,0.0,0.0,0.0,0.1111111111111111,0.0,0.5,0.0,1.0,0.0,0.0,0.0,0.0,0.0,0.0,1.0,0.6666666666666666,0.1213930348258706,0.2901990811638591,Yes,3
0.0,0.0,1.0,0.0,0.611111111111111,1.0,1.0,0.5,0.0,0.0,0.0,0.0,1.0,1.0,0.0,1.0,0.6666666666666666,0.7746268656716417,0.567687595712098,Yes,0
1.0,0.0,1.0,1.0,0.986111111111111,1.0,1.0,0.0,1.0,0.0,0.0,0.0,1.0,0.0,0.5,1.0,0.6666666666666666,0.4771144278606966,0.6085758039816233,No,3
1.0,1.0,1.0,0.0,0.3333333333333333,1.0,1.0,0.5,0.0,1.0,1.0,0.0,1.0,1.0,0.0,1.0,0.6666666666666666,0.8557213930348259,0.3188361408882083,Yes,3
1.0,1.0,0.0,0.0,0.20833333333333331,1.0,1.0,0.5,0.0,1.0,0.0,0.0,0.0,0.0,0.0,1.0,0.6666666666666666,0.6164179104477612,0.060949464012251146,Yes,3
0.0,0.0,0.0,0.0,0.013888888888888888,1.0,0.0,1.0,0.5,0.5,0.5,0.5,0.5,0.5,0.0,0.0,0.6666666666666666,0.014925373134328346,0.22802450229709034,No,0
1.0,1.0,0.0,0.0,0.027777777777777776,1.0,1.0,0.5,0.0,0.0,0.0,0.0,0.0,0.0,0.0,1.0,1.0,0.5407960199004974,0.14885145482388973,No,3
1.0,1.0,0.0,0.0,0.7638888888888888,1.0,1.0,0.5,1.0,1.0,1.0,1.0,1.0,1.0,0.0,1.0,0.6666666666666666,0.9776119402985074,0.7880551301684533,No,3
1.0,1.0,0.0,0.0,0.986111111111111,1.0,1.0,0.5,0.0,1.0,0.0,1.0,1.0,1.0,1.0,1.0,0.6666666666666666,0.8810945273631839,0.8941807044410414,No,3
1.0,0.0,1.0,1.0,0.6944444444444444,1.0,1.0,1.0,0.5,0.5,0.5,0.5,0.5,0.5,1.0,0.0,1.0,0.06666666666666665,0.07320061255742726,No,3
1.0,0.0,0.0,0.0,0.013888888888888888,1.0,0.0,0.5,0.0,0.0,0.0,0.0,1.0,1.0,0.0,1.0,0.6666666666666666,0.7064676616915423,0.9644716692189893,No,3
1.0,0.0,0.0,0.0,0.06944444444444445,1.0,0.0,1.0,0.5,0.5,0.5,0.5,0.5,0.5,0.0,1.0,1.0,0.009950248756218888,0.9555895865237366,No,3
0.0,0.0,0.0,0.0,0.9166666666666666,1.0,1.0,0.5,1.0,1.0,1.0,1.0,1.0,0.0,0.5,1.0,0.0,0.8587064676616915,0.8208269525267994,No,0
0.0,0.0,1.0,1.0,0.6805555555555555,1.0,0.0,0.0,1.0,1.0,1.0,1.0,1.0,1.0,0.5,1.0,1.0,0.6860696517412935,0.5653905053598774,No,0
0.0,1.0,1.0,0.0,0.041666666666666664,0.0,0.5,0.0,0.0,1.0,0.0,0.0,0.0,0.0,0.0,1.0,0.6666666666666666,0.12437810945273631,0.9344563552833077,No,0
1.0,0.0,1.0,1.0,0.9166666666666666,1.0,1.0,1.0,0.5,0.5,0.5,0.5,0.5,0.5,0.5,1.0,0.3333333333333333,0.07412935323383085,0.18621745788667687,No,3
1.0,0.0,0.0,1.0,0.15277777777777776,1.0,1.0,0.5,0.0,0.0,0.0,0.0,0.0,1.0,0.0,0.0,0.6666666666666666,0.6761194029850747,0.9666156202143951,No,3
1.0,0.0,0.0,0.0,0.38888888888888884,0.0,0.5,0.0,0.0,0.0,0.0,1.0,0.0,0.0,0.0,1.0,0.3333333333333333,0.11791044776119403,0.9287901990811638,No,3
1.0,0.0,1.0,0.0,0.9027777777777777,1.0,1.0,0.5,1.0,1.0,1.0,0.0,1.0,0.0,1.0,1.0,0.6666666666666666,0.8069651741293532,0.7848392036753445,No,3
0.0,0.0,0.0,0.0,0.861111111111111,1.0,0.0,1.0,0.5,0.5,0.5,0.5,0.5,0.5,1.0,1.0,0.3333333333333333,0.009452736318407956,0.03614088820826952,No,0
0.0,0.0,1.0,0.0,0.027777777777777776,1.0,0.0,1.0,0.5,0.5,0.5,0.5,0.5,0.5,0.0,0.0,0.0,0.01840796019900498,0.5600306278713629,No,0
0.0,0.0,0.0,0.0,0.027777777777777776,1.0,0.0,1.0,0.5,0.5,0.5,0.5,0.5,0.5,0.0,0.0,0.3333333333333333,0.020895522388059695,0.46401225114854516,No,0
0.0,0.0,1.0,1.0,0.7638888888888888,1.0,1.0,1.0,0.5,0.5,0.5,0.5,0.5,0.5,1.0,1.0,0.3333333333333333,0.07363184079601987,0.10735068912710566,No,0
1.0,1.0,1.0,0.0,0.5694444444444444,1.0,0.0,0.5,0.0,1.0,0.0,0.0,1.0,1.0,0.0,1.0,0.6666666666666666,0.7592039800995024,0.5050535987748851,No,3
0.0,0.0,1.0,1.0,0.2361111111111111,1.0,1.0,0.5,1.0,0.0,1.0,0.0,1.0,1.0,0.0,1.0,0.6666666666666666,0.8552238805970148,0.19341500765696784,Yes,0
0.0,0.0,0.0,0.0,0.41666666666666663,1.0,0.0,0.5,0.0,0.0,0.0,1.0,1.0,1.0,0.5,1.0,0.0,0.7577114427860697,0.3499234303215926,No,0
1.0,0.0,0.0,0.0,0.2361111111111111,1.0,0.0,0.0,1.0,1.0,0.0,0.0,0.0,0.0,0.5,0.0,1.0,0.37661691542288556,0.9851454823889739,No,3
0.0,0.0,1.0,1.0,0.2222222222222222,1.0,0.0,0.0,1.0,1.0,0.0,1.0,0.0,1.0,1.0,0.0,0.0,0.49751243781094523,0.033843797856049004,No,0
1.0,0.0,0.0,0.0,1.0,1.0,1.0,1.0,0.5,0.5,0.5,0.5,0.5,0.5,1.0,0.0,0.0,0.06467661691542287,0.19938744257274119,No,3
1.0,0.0,0.0,0.0,0.125,1.0,1.0,0.5,0.0,0.0,0.0,0.0,0.0,0.0,0.0,1.0,0.6666666666666666,0.5771144278606964,0.8269525267993875,No,3
0.0,0.0,0.0,0.0,0.013888888888888888,1.0,0.0,0.5,0.0,1.0,0.0,0.0,0.0,0.0,0.0,0.0,0.6666666666666666,0.5582089552238805,0.8756508422664625,No,0
1.0,0.0,0.0,1.0,0.3194444444444444,1.0,0.0,0.0,0.0,1.0,0.0,1.0,0.0,0.0,0.0,0.0,0.6666666666666666,0.35721393034825866,0.08790199081163859,No,3
1.0,0.0,0.0,1.0,0.1111111111111111,1.0,0.0,1.0,0.5,0.5,0.5,0.5,0.5,0.5,0.0,0.0,0.0,0.011940298507462671,0.15972434915773354,No,3
1.0,0.0,1.0,1.0,0.2638888888888889,0.0,0.5,0.0,1.0,1.0,0.0,0.0,0.0,0.0,0.0,1.0,1.0,0.16616915422885575,0.7635528330781011,No,3
0.0,0.0,0.0,0.0,0.09722222222222221,1.0,1.0,0.0,1.0,0.0,0.0,0.0,0.0,0.0,0.0,1.0,0.6666666666666666,0.3522388059701492,0.5290964777947933,No,0
1.0,1.0,0.0,0.0,0.013888888888888888,1.0,0.0,0.5,0.0,0.0,0.0,0.0,0.0,0.0,0.0,1.0,0.6666666666666666,0.5114427860696518,0.8344563552833077,Yes,3
1.0,0.0,0.0,0.0,0.8472222222222222,1.0,1.0,0.5,1.0,0.0,1.0,0.0,1.0,1.0,0.5,0.0,0.6666666666666666,0.8532338308457711,0.7857580398162327,No,3
0.0,0.0,1.0,0.0,0.7916666666666666,1.0,0.0,0.0,1.0,1.0,0.0,1.0,1.0,0.0,1.0,1.0,0.3333333333333333,0.5184079601990049,0.5387442572741195,No,0
1.0,0.0,0.0,0.0,0.125,1.0,0.0,0.5,0.0,0.0,0.0,0.0,0.0,1.0,0.0,1.0,0.6666666666666666,0.6223880597014925,0.8562021439509954,Yes,3
1.0,0.0,0.0,1.0,0.20833333333333331,1.0,0.0,0.0,1.0,0.0,1.0,0.0,0.0,1.0,0.5,0.0,1.0,0.46368159203980097,0.9875957120980091,No,3
0.0,0.0,0.0,0.0,0.013888888888888888,1.0,0.0,1.0,0.5,0.5,0.5,0.5,0.5,0.5,0.0,0.0,1.0,0.013930348258706454,0.22771822358346094,No,0
0.0,0.0,1.0,0.0,0.16666666666666666,1.0,0.0,0.0,0.0,0.0,0.0,0.0,0.0,0.0,0.0,0.0,0.0,0.2751243781094527,0.6551301684532925,No,0
1.0,0.0,0.0,0.0,0.75,1.0,0.0,1.0,0.5,0.5,0.5,0.5,0.5,0.5,1.0,0.0,1.0,0.01741293532338306,0.04349157733537519,No,3
1.0,0.0,1.0,1.0,0.05555555555555555,1.0,0.0,0.0,0.0,0.0,0.0,0.0,0.0,0.0,0.0,0.0,0.6666666666666666,0.2641791044776119,0.18192955589586524,No,3
0.0,0.0,0.0,0.0,0.09722222222222221,1.0,0.0,0.5,0.0,0.0,0.0,0.0,1.0,0.0,0.0,1.0,1.0,0.617412935323383,0.673813169984686,Yes,0
0.0,0.0,1.0,0.0,0.2777777777777778,1.0,0.0,1.0,0.5,0.5,0.5,0.5,0.5,0.5,0.5,0.0,1.0,0.020895522388059695,0.5147013782542114,No,0
0.0,0.0,0.0,1.0,0.3611111111111111,0.0,0.5,0.0,1.0,0.0,0.0,1.0,0.0,1.0,0.0,0.0,1.0,0.2741293532338308,0.042879019908116385,No,0
1.0,1.0,1.0,0.0,0.5,1.0,1.0,0.5,0.0,0.0,0.0,0.0,0.0,1.0,0.0,1.0,0.6666666666666666,0.6552238805970149,0.40199081163859113,Yes,3
0.0,0.0,1.0,0.0,0.736111111111111,1.0,1.0,0.5,0.0,1.0,1.0,1.0,1.0,1.0,0.5,1.0,0.0,0.9024875621890548,0.7226646248085757,No,0
1.0,0.0,0.0,0.0,0.041666666666666664,1.0,0.0,0.0,0.0,0.0,0.0,1.0,1.0,1.0,0.0,1.0,0.6666666666666666,0.508457711442786,0.23124042879019907,Yes,3
0.0,0.0,0.0,0.0,0.9444444444444444,0.0,0.5,0.0,1.0,1.0,1.0,1.0,1.0,1.0,1.0,0.0,0.3333333333333333,0.45870646766169143,0.5918836140888208,No,0
1.0,0.0,1.0,1.0,1.0,1.0,1.0,0.0,1.0,1.0,1.0,1.0,1.0,1.0,1.0,1.0,0.3333333333333333,0.7218905472636815,0.789739663093415,No,3
1.0,0.0,0.0,0.0,0.16666666666666666,1.0,1.0,1.0,0.5,0.5,0.5,0.5,0.5,0.5,0.5,0.0,0.3333333333333333,0.06666666666666665,0.37197549770290966,No,3
0.0,1.0,1.0,1.0,0.4722222222222222,1.0,1.0,0.5,0.0,1.0,0.0,0.0,0.0,0.0,0.0,1.0,1.0,0.6104477611940298,0.36094946401225114,Yes,0
0.0,0.0,1.0,0.0,0.9444444444444444,1.0,1.0,0.5,1.0,1.0,0.0,0.0,0.0,0.0,1.0,1.0,0.0,0.6611940298507463,0.722052067381317,No,0
0.0,0.0,0.0,1.0,0.6944444444444444,1.0,0.0,0.0,1.0,0.0,1.0,1.0,1.0,0.0,0.5,1.0,0.3333333333333333,0.5228855721393034,0.46125574272588055,No,0
0.0,1.0,0.0,0.0,0.013888888888888888,0.0,0.5,0.0,0.0,0.0,0.0,0.0,1.0,0.0,0.0,1.0,0.6666666666666666,0.1810945273631841,0.47672281776416536,Yes,0
0.0,1.0,0.0,0.0,0.5694444444444444,1.0,1.0,0.5,0.0,1.0,1.0,0.0,1.0,1.0,0.0,1.0,0.6666666666666666,0.8572139303482588,0.539969372128637,No,0
1.0,1.0,1.0,0.0,0.41666666666666663,1.0,1.0,0.5,0.0,0.0,0.0,1.0,1.0,1.0,0.0,1.0,0.6666666666666666,0.8283582089552238,0.38606431852986217,No,3
1.0,0.0,0.0,0.0,0.013888888888888888,1.0,1.0,0.0,0.0,1.0,0.0,0.0,0.0,0.0,0.0,0.0,0.6666666666666666,0.35870646766169145,0.6869831546707503,No,3
1.0,1.0,1.0,1.0,0.40277777777777773,1.0,1.0,0.5,0.0,0.0,1.0,0.0,1.0,1.0,0.0,1.0,0.6666666666666666,0.8527363184079603,0.3921898928024502,No,3
0.0,0.0,1.0,1.0,0.3194444444444444,1.0,1.0,0.0,1.0,1.0,1.0,1.0,1.0,1.0,1.0,1.0,0.3333333333333333,0.7248756218905472,0.2785604900459418,No,0
1.0,0.0,0.0,1.0,0.8333333333333333,1.0,0.0,1.0,0.5,0.5,0.5,0.5,0.5,0.5,1.0,0.0,1.0,0.01691542288557213,0.05375191424196018,No,3
0.0,0.0,1.0,0.0,1.0,1.0,1.0,1.0,0.5,0.5,0.5,0.5,0.5,0.5,1.0,0.0,0.3333333333333333,0.081592039800995,0.2321592649310873,No,0
1.0,0.0,0.0,1.0,0.3055555555555555,1.0,0.0,0.5,0.0,1.0,1.0,0.0,1.0,0.0,0.0,1.0,0.6666666666666666,0.7079601990049752,0.24946401225114853,Yes,3
1.0,0.0,0.0,0.0,1.0,1.0,0.0,0.0,1.0,1.0,1.0,1.0,1.0,0.0,1.0,1.0,0.0,0.5656716417910447,0.6830015313935681,No,3
0.0,1.0,0.0,0.0,0.9166666666666666,1.0,1.0,0.5,0.0,1.0,1.0,0.0,1.0,1.0,0.5,0.0,0.0,0.8940298507462686,0.8632465543644716,No,0
0.0,0.0,1.0,0.0,1.0,1.0,1.0,0.5,0.0,1.0,1.0,1.0,1.0,1.0,1.0,1.0,0.6666666666666666,0.9144278606965174,0.9206738131699846,No,0
0.0,1.0,1.0,0.0,0.6527777777777778,1.0,1.0,0.5,1.0,0.0,0.0,0.0,0.0,0.0,0.0,0.0,0.6666666666666666,0.617910447761194,0.501531393568147,Yes,0
0.0,0.0,0.0,0.0,0.7083333333333333,1.0,1.0,0.5,0.0,1.0,1.0,1.0,1.0,1.0,0.5,1.0,0.6666666666666666,0.9278606965174129,0.7206738131699847,No,0
0.0,0.0,1.0,1.0,0.9722222222222222,1.0,1.0,0.5,0.0,1.0,1.0,0.0,1.0,1.0,0.5,1.0,0.6666666666666666,0.8781094527363184,0.8747320061255742,No,0
1.0,0.0,0.0,0.0,0.125,1.0,0.0,1.0,0.5,0.5,0.5,0.5,0.5,0.5,0.5,1.0,0.6666666666666666,0.01641791044776117,0.17059724349157734,No,3
1.0,0.0,1.0,1.0,0.8194444444444444,1.0,1.0,0.5,1.0,1.0,0.0,1.0,1.0,1.0,1.0,1.0,1.0,0.9238805970149252,0.8022970903522205,No,3
1.0,0.0,0.0,1.0,0.041666666666666664,1.0,0.0,0.0,0.0,0.0,0.0,1.0,1.0,1.0,0.0,0.0,1.0,0.5218905472636816,0.2888208269525268,No,3
1.0,1.0,1.0,0.0,0.5277777777777778,0.0,0.5,0.0,0.0,0.0,0.0,0.0,0.0,0.0,0.0,1.0,0.6666666666666666,0.06567164179104479,0.9888208269525268,No,3
0.0,0.0,0.0,0.0,0.5138888888888888,1.0,1.0,0.5,1.0,1.0,1.0,0.0,0.0,0.0,0.0,0.0,0.0,0.7258706467661692,0.4494640122511485,No,0
1.0,0.0,0.0,0.0,0.5138888888888888,1.0,0.0,0.0,1.0,1.0,1.0,1.0,0.0,0.0,1.0,0.0,0.0,0.47114427860696506,0.2986217457886677,No,3
0.0,1.0,1.0,0.0,0.3333333333333333,0.0,0.5,0.0,0.0,0.0,1.0,0.0,0.0,1.0,0.0,1.0,0.3333333333333333,0.22288557213930343,0.9807044410413476,Yes,0
0.0,0.0,1.0,1.0,0.19444444444444442,1.0,0.0,0.0,1.0,1.0,0.0,1.0,0.0,0.0,0.0,0.0,0.0,0.4099502487562189,0.9065849923430321,No,0
1.0,0.0,1.0,0.0,1.0,1.0,1.0,0.5,1.0,1.0,0.0,1.0,1.0,1.0,1.0,1.0,0.3333333333333333,0.9124378109452737,0.9090352220520673,No,3
1.0,0.0,1.0,0.0,0.736111111111111,0.0,0.5,0.0,0.0,1.0,1.0,1.0,1.0,1.0,0.5,1.0,0.6666666666666666,0.41990049751243785,0.4238897396630934,Yes,3
0.0,0.0,1.0,0.0,0.1111111111111111,1.0,1.0,0.5,0.0,0.0,0.0,0.0,0.0,1.0,0.0,1.0,0.6666666666666666,0.6631840796019901,0.8952526799387442,Yes,0
1.0,0.0,1.0,1.0,1.0,0.0,0.5,0.0,1.0,1.0,1.0,0.0,0.0,0.0,1.0,0.0,0.3333333333333333,0.2014925373134328,0.3675344563552833,No,3
0.0,1.0,1.0,0.0,0.2361111111111111,1.0,1.0,0.5,0.0,0.0,0.0,0.0,1.0,1.0,0.0,1.0,0.6666666666666666,0.7393034825870646,0.16508422664624808,No,0
0.0,0.0,1.0,1.0,0.027777777777777776,1.0,0.0,0.5,0.0,1.0,0.0,0.0,0.0,0.0,0.0,1.0,0.0,0.5502487562189055,0.12787136294027565,Yes,0
0.0,0.0,1.0,0.0,0.1111111111111111,1.0,0.0,1.0,0.5,0.5,0.5,0.5,0.5,0.5,0.0,0.0,0.0,0.018905472636815884,0.15390505359877488,Yes,0
0.0,0.0,1.0,0.0,0.6666666666666666,0.0,0.5,0.0,0.0,1.0,1.0,0.0,0.0,0.0,0.5,0.0,1.0,0.16368159203980104,0.16278713629402755,Yes,0
0.0,0.0,0.0,0.0,0.1388888888888889,1.0,1.0,1.0,0.5,0.5,0.5,0.5,0.5,0.5,0.0,1.0,1.0,0.062189054726368154,0.3594180704441041,No,0
1.0,0.0,1.0,1.0,0.0,1.0,0.0,1.0,0.5,0.5,0.5,0.5,0.5,0.5,0.5,1.0,1.0,0.014427860696517386,0.0,No,3
1.0,0.0,0.0,0.0,0.013888888888888888,1.0,0.0,1.0,0.5,0.5,0.5,0.5,0.5,0.5,0.0,0.0,1.0,0.023383084577114438,0.24777947932618682,No,3
0.0,0.0,0.0,0.0,0.40277777777777773,1.0,0.0,0.0,1.0,0.0,1.0,1.0,0.0,0.0,0.5,0.0,0.3333333333333333,0.3955223880597015,0.1905053598774885,No,0
0.0,1.0,1.0,1.0,0.9027777777777777,1.0,1.0,0.5,0.0,1.0,1.0,0.0,1.0,1.0,0.5,1.0,0.6666666666666666,0.8875621890547264,0.848698315467075,No,0
0.0,0.0,0.0,0.0,0.1111111111111111,1.0,1.0,0.0,1.0,1.0,1.0,0.0,0.0,0.0,0.0,1.0,0.0,0.4701492537313433,0.7241960183767228,No,0
1.0,0.0,1.0,0.0,0.8472222222222222,1.0,1.0,1.0,0.5,0.5,0.5,0.5,0.5,0.5,1.0,0.0,0.0,0.07164179104477608,0.14823889739663093,No,3
0.0,1.0,0.0,0.0,0.625,1.0,1.0,0.5,0.0,0.0,1.0,0.0,1.0,1.0,0.5,1.0,0.0,0.8149253731343283,0.5797856049004594,No,0
1.0,0.0,1.0,1.0,1.0,1.0,1.0,0.5,0.0,1.0,1.0,0.0,1.0,1.0,0.5,1.0,0.3333333333333333,0.8577114427860696,0.8805513016845329,No,3
1.0,0.0,1.0,1.0,0.16666666666666666,1.0,0.0,1.0,0.5,0.5,0.5,0.5,0.5,0.5,0.0,1.0,0.6666666666666666,0.0288557213930348,0.40719754977029093,No,3
1.0,0.0,0.0,0.0,0.09722222222222221,1.0,1.0,0.5,0.0,0.0,0.0,0.0,1.0,1.0,0.0,0.0,0.6666666666666666,0.7756218905472637,0.7891271056661562,No,3
1.0,0.0,0.0,0.0,0.125,1.0,0.0,0.0,0.0,0.0,0.0,0.0,0.0,0.0,0.0,1.0,1.0,0.2601990049751243,0.46171516079632463,No,3
0.0,1.0,1.0,0.0,0.5972222222222222,1.0,1.0,0.5,0.0,0.0,1.0,1.0,1.0,1.0,0.5,1.0,0.6666666666666666,0.8885572139303483,0.5911179173047473,Yes,0
1.0,0.0,1.0,1.0,0.8055555555555555,1.0,1.0,0.5,0.0,0.0,1.0,1.0,0.0,1.0,1.0,0.0,0.0,0.7572139303482587,0.706125574272588,No,3
1.0,1.0,1.0,0.0,0.2222222222222222,1.0,1.0,0.5,0.0,0.0,1.0,0.0,1.0,1.0,0.0,1.0,0.6666666666666666,0.8009950248756219,0.15895865237366003,Yes,3
1.0,0.0,1.0,1.0,0.027777777777777776,1.0,0.0,1.0,0.5,0.5,0.5,0.5,0.5,0.5,0.0,0.0,1.0,0.020398009950248763,0.5229709035222052,No,3
0.0,0.0,1.0,0.0,0.1111111111111111,1.0,0.0,0.5,0.0,1.0,1.0,0.0,1.0,1.0,0.0,0.0,0.6666666666666666,0.8248756218905472,0.9470137825421133,Yes,0
0.0,0.0,1.0,0.0,0.5555555555555556,1.0,1.0,0.5,1.0,0.0,1.0,0.0,1.0,1.0,0.5,0.0,0.0,0.8706467661691543,0.5526799387442572,No,0
1.0,0.0,0.0,0.0,0.125,1.0,1.0,0.5,1.0,0.0,0.0,0.0,0.0,0.0,0.0,1.0,0.6666666666666666,0.6258706467661692,0.9078101071975497,No,3
1.0,0.0,0.0,0.0,0.5694444444444444,1.0,0.0,0.5,0.0,1.0,0.0,1.0,1.0,0.0,0.5,1.0,0.6666666666666666,0.7094527363184079,0.4917304747320061,No,3
0.0,0.0,0.0,0.0,0.3611111111111111,1.0,0.0,0.0,0.0,1.0,1.0,0.0,0.0,0.0,0.0,1.0,0.3333333333333333,0.36318407960199006,0.11393568147013783,No,0
0.0,0.0,1.0,0.0,0.4583333333333333,1.0,0.0,0.0,0.0,1.0,0.0,1.0,0.0,0.0,0.5,1.0,0.3333333333333333,0.3532338308457711,0.21776416539050536,No,0
1.0,0.0,1.0,1.0,0.9444444444444444,1.0,0.0,0.5,0.0,1.0,1.0,1.0,1.0,1.0,0.5,0.0,0.3333333333333333,0.8706467661691543,0.8698315467075038,No,3
0.0,1.0,1.0,0.0,0.9027777777777777,1.0,0.0,0.5,0.0,1.0,1.0,1.0,1.0,1.0,1.0,1.0,0.3333333333333333,0.8716417910447761,0.8168453292496172,No,0
1.0,0.0,0.0,0.0,0.7638888888888888,1.0,0.0,0.0,0.0,1.0,0.0,1.0,0.0,1.0,0.5,1.0,0.6666666666666666,0.45721393034825875,0.4802450229709035,No,3
1.0,0.0,0.0,0.0,0.2777777777777778,1.0,1.0,0.5,0.0,0.0,1.0,0.0,1.0,0.0,0.0,1.0,0.6666666666666666,0.7009950248756219,0.19724349157733537,Yes,3
1.0,0.0,0.0,0.0,0.2638888888888889,1.0,0.0,0.5,0.0,0.0,0.0,1.0,0.0,1.0,0.5,1.0,0.3333333333333333,0.691044776119403,0.1886676875957121,No,3
0.0,0.0,0.0,0.0,0.625,1.0,1.0,0.5,0.0,0.0,1.0,0.0,0.0,1.0,0.0,1.0,0.3333333333333333,0.7069651741293532,0.5490045941807045,No,0
0.0,0.0,1.0,1.0,0.9722222222222222,1.0,0.0,1.0,0.5,0.5,0.5,0.5,0.5,0.5,1.0,1.0,0.3333333333333333,0.018905472636815884,0.11516079632465544,No,0
0.0,0.0,0.0,0.0,0.027777777777777776,1.0,0.0,0.5,0.0,0.0,0.0,0.0,1.0,0.0,0.0,1.0,0.6666666666666666,0.6119402985074627,0.17044410413476263,Yes,0
0.0,0.0,0.0,0.0,0.375,1.0,1.0,0.5,0.0,0.0,0.0,0.0,1.0,1.0,0.0,1.0,1.0,0.7592039800995024,0.36278713629402753,Yes,0
0.0,0.0,1.0,0.0,0.16666666666666666,1.0,0.0,1.0,0.5,0.5,0.5,0.5,0.5,0.5,1.0,1.0,0.6666666666666666,0.01791044776119402,0.35007656967840733,No,0
1.0,0.0,0.0,1.0,1.0,0.0,0.5,0.0,1.0,1.0,1.0,1.0,1.0,1.0,1.0,0.0,0.3333333333333333,0.48706467661691544,0.6056661562021439,No,3
1.0,0.0,0.0,0.0,0.16666666666666666,1.0,1.0,0.5,0.0,0.0,0.0,0.0,1.0,1.0,0.0,0.0,0.6666666666666666,0.7592039800995024,0.04961715160796325,No,3
0.0,1.0,0.0,0.0,0.06944444444444445,1.0,0.0,0.5,0.0,0.0,0.0,0.0,0.0,0.0,0.0,1.0,1.0,0.5054726368159204,0.4228177641653905,Yes,0
1.0,1.0,1.0,0.0,0.986111111111111,1.0,1.0,0.5,1.0,1.0,1.0,0.0,1.0,1.0,0.0,1.0,0.6666666666666666,0.8880597014925372,0.8998468606431853,No,3
1.0,1.0,0.0,0.0,0.4861111111111111,1.0,0.0,0.0,0.0,0.0,1.0,1.0,1.0,1.0,0.5,1.0,0.6666666666666666,0.5447761194029851,0.3249617151607963,No,3
1.0,0.0,1.0,1.0,0.9722222222222222,1.0,1.0,0.5,1.0,1.0,1.0,1.0,1.0,1.0,1.0,0.0,0.3333333333333333,0.9601990049751244,0.9081163859111792,No,3
0.0,0.0,0.0,0.0,0.4305555555555555,1.0,1.0,0.5,0.0,0.0,0.0,0.0,0.0,0.0,0.0,1.0,0.6666666666666666,0.5751243781094527,0.28483920367534454,No,0
1.0,0.0,1.0,1.0,0.7222222222222222,1.0,1.0,0.5,0.0,0.0,1.0,1.0,0.0,1.0,1.0,1.0,0.0,0.7761194029850746,0.6460949464012251,Yes,3
1.0,1.0,0.0,0.0,0.5138888888888888,1.0,1.0,0.5,0.0,0.0,1.0,0.0,1.0,1.0,0.0,1.0,0.6666666666666666,0.8243781094527362,0.4932618683001531,Yes,3
1.0,0.0,0.0,0.0,0.9583333333333333,1.0,1.0,0.5,0.0,1.0,0.0,1.0,1.0,1.0,0.5,1.0,0.0,0.8601990049751244,0.8621745788667687,Yes,3
1.0,1.0,1.0,0.0,0.41666666666666663,1.0,1.0,0.5,0.0,0.0,0.0,0.0,0.0,0.0,0.0,0.0,1.0,0.5935323383084578,0.30520673813169985,No,3
0.0,0.0,0.0,0.0,0.4583333333333333,1.0,1.0,0.5,1.0,0.0,0.0,0.0,0.0,1.0,0.0,1.0,0.6666666666666666,0.7203980099502488,0.39540581929555896,No,0
1.0,1.0,1.0,0.0,0.75,1.0,1.0,0.5,0.0,1.0,1.0,1.0,1.0,1.0,1.0,1.0,0.6666666666666666,0.9174129353233832,0.7601837672281776,No,3
0.0,0.0,0.0,0.0,0.8194444444444444,1.0,1.0,0.0,1.0,0.0,0.0,1.0,0.0,1.0,0.5,0.0,0.0,0.5019900497512438,0.5329249617151608,No,0
1.0,1.0,0.0,0.0,0.7638888888888888,0.0,0.5,0.0,1.0,1.0,0.0,0.0,1.0,0.0,0.0,1.0,0.6666666666666666,0.2646766169154229,0.3255742725880551,No,3
1.0,1.0,1.0,0.0,0.9583333333333333,0.0,0.5,0.0,0.0,0.0,1.0,0.0,0.0,0.0,0.5,1.0,0.3333333333333333,0.11492537313432838,0.2686064318529862,No,3
0.0,0.0,0.0,0.0,0.9166666666666666,1.0,1.0,0.5,0.0,1.0,0.0,0.0,1.0,0.0,0.5,1.0,0.0,0.7029850746268657,0.7529862174578866,No,0
1.0,0.0,1.0,1.0,0.5138888888888888,1.0,0.0,0.0,1.0,0.0,1.0,1.0,0.0,0.0,0.5,1.0,1.0,0.4029850746268656,0.28085758039816233,No,3
1.0,1.0,1.0,0.0,0.125,1.0,0.0,1.0,0.5,0.5,0.5,0.5,0.5,0.5,0.5,0.0,0.3333333333333333,0.015920398009950265,0.2114854517611026,No,3
1.0,0.0,1.0,1.0,0.9583333333333333,1.0,1.0,0.0,1.0,0.0,1.0,1.0,1.0,1.0,1.0,0.0,0.0,0.6830845771144279,0.7715160796324655,No,3
1.0,0.0,0.0,0.0,0.1388888888888889,1.0,0.0,0.0,0.0,1.0,0.0,0.0,1.0,0.0,0.0,1.0,1.0,0.4119402985074626,0.7877488514548239,No,3
1.0,0.0,0.0,1.0,0.5555555555555556,1.0,0.0,0.0,1.0,1.0,0.0,0.0,0.0,0.0,0.0,1.0,1.0,0.3681592039800995,0.269218989280245,Yes,3
1.0,0.0,0.0,1.0,0.18055555555555555,1.0,0.0,0.0,0.0,0.0,0.0,0.0,1.0,1.0,0.0,0.0,0.3333333333333333,0.4791044776119403,0.9404287901990811,No,3
0.0,0.0,0.0,0.0,0.08333333333333333,1.0,1.0,0.5,0.0,1.0,0.0,0.0,1.0,0.0,0.0,1.0,0.6666666666666666,0.7149253731343282,0.6683001531393568,Yes,0
0.0,0.0,1.0,1.0,0.9583333333333333,1.0,0.0,1.0,0.5,0.5,0.5,0.5,0.5,0.5,1.0,0.0,0.0,0.018905472636815884,0.09387442572741195,No,0
0.0,1.0,1.0,0.0,0.9166666666666666,1.0,1.0,0.5,0.0,1.0,1.0,1.0,1.0,1.0,0.5,1.0,0.3333333333333333,0.8940298507462686,0.8603369065849923,No,0
1.0,0.0,0.0,0.0,0.15277777777777776,1.0,1.0,0.0,0.0,0.0,1.0,0.0,0.0,0.0,0.0,0.0,0.6666666666666666,0.3532338308457711,0.7606431852986217,Yes,3
1.0,0.0,1.0,1.0,0.6388888888888888,1.0,0.0,0.0,1.0,0.0,1.0,1.0,0.0,0.0,0.5,0.0,1.0,0.3845771144278607,0.33966309341500767,No,3
0.0,0.0,0.0,0.0,0.08333333333333333,1.0,0.0,0.5,0.0,0.0,0.0,0.0,1.0,1.0,0.0,0.0,0.6666666666666666,0.7069651741293532,0.7295558958652374,Yes,0
0.0,0.0,1.0,1.0,0.7777777777777777,1.0,1.0,0.5,1.0,0.0,1.0,1.0,1.0,1.0,0.0,1.0,1.0,0.908955223880597,0.747166921898928,No,0
1.0,0.0,1.0,1.0,0.9722222222222222,1.0,1.0,1.0,0.5,0.5,0.5,0.5,0.5,0.5,1.0,0.0,0.3333333333333333,0.06865671641791044,0.20336906584992342,No,3
0.0,0.0,1.0,1.0,0.4583333333333333,1.0,1.0,0.0,0.0,0.0,1.0,1.0,1.0,1.0,0.5,1.0,0.6666666666666666,0.6059701492537314,0.3347626339969372,No,0
0.0,0.0,1.0,1.0,1.0,1.0,1.0,0.0,1.0,1.0,0.0,1.0,0.0,0.0,1.0,0.0,0.3333333333333333,0.48258706467661694,0.6176110260336907,No,0
0.0,0.0,1.0,0.0,0.041666666666666664,1.0,1.0,0.5,0.0,0.0,0.0,0.0,1.0,1.0,0.0,1.0,0.6666666666666666,0.7656716417910447,0.38667687595712097,Yes,0
0.0,0.0,0.0,1.0,0.2638888888888889,1.0,0.0,0.0,0.0,0.0,0.0,1.0,0.0,0.0,0.0,0.0,1.0,0.3039800995024875,0.988208269525268,No,0
0.0,1.0,0.0,0.0,0.06944444444444445,0.0,0.5,0.0,0.0,0.0,0.0,0.0,1.0,1.0,0.0,0.0,0.6666666666666666,0.27313432835820894,0.24226646248085756,Yes,0
0.0,0.0,1.0,0.0,0.986111111111111,1.0,0.0,0.0,0.0,1.0,1.0,1.0,1.0,1.0,1.0,1.0,0.3333333333333333,0.6213930348258706,0.7208269525267994,No,0
1.0,0.0,1.0,0.0,0.1111111111111111,1.0,0.0,0.5,1.0,0.0,0.0,0.0,0.0,0.0,0.0,1.0,0.6666666666666666,0.5597014925373134,0.762021439509954,Yes,3
1.0,0.0,0.0,0.0,0.013888888888888888,1.0,0.0,1.0,0.5,0.5,0.5,0.5,0.5,0.5,0.0,0.0,0.3333333333333333,0.02288557213930348,0.2476263399693721,No,3
0.0,0.0,0.0,0.0,0.013888888888888888,1.0,0.0,0.5,0.0,0.0,0.0,0.0,1.0,0.0,0.0,1.0,0.6666666666666666,0.6109452736318408,0.9143950995405818,Yes,0
0.0,0.0,0.0,0.0,0.8472222222222222,1.0,1.0,0.5,1.0,1.0,1.0,1.0,1.0,1.0,0.5,1.0,1.0,0.9636815920398009,0.8416539050535987,No,0
0.0,0.0,1.0,1.0,0.986111111111111,0.0,0.5,0.0,1.0,1.0,0.0,1.0,1.0,1.0,1.0,0.0,0.0,0.41243781094527365,0.53843797856049,No,0
0.0,0.0,1.0,0.0,0.9444444444444444,1.0,1.0,0.5,0.0,1.0,1.0,0.0,0.0,0.0,0.5,0.0,0.3333333333333333,0.6786069651741293,0.7284839203675344,No,0
1.0,0.0,0.0,0.0,0.6388888888888888,0.0,0.5,0.0,0.0,0.0,1.0,1.0,0.0,0.0,0.5,0.0,0.3333333333333333,0.15373134328358212,0.14793261868300153,No,3
1.0,0.0,0.0,0.0,0.4583333333333333,1.0,1.0,0.5,1.0,0.0,0.0,0.0,0.0,0.0,0.5,0.0,0.0,0.6154228855721392,0.3451761102603369,No,3
0.0,0.0,1.0,1.0,0.736111111111111,1.0,1.0,0.5,1.0,1.0,1.0,1.0,0.0,1.0,1.0,1.0,0.0,0.8537313432835821,0.7064318529862175,No,0
0.0,1.0,1.0,0.0,0.6944444444444444,1.0,1.0,0.5,1.0,1.0,1.0,0.0,1.0,1.0,0.0,0.0,0.0,0.9004975124378108,0.6911179173047473,No,0
0.0,0.0,0.0,0.0,0.7916666666666666,0.0,0.5,0.0,1.0,0.0,1.0,1.0,0.0,0.0,0.5,1.0,0.3333333333333333,0.227363184079602,0.289739663093415,No,0
0.0,0.0,1.0,1.0,0.75,1.0,0.0,1.0,0.5,0.5,0.5,0.5,0.5,0.5,1.0,1.0,0.0,0.020895522388059695,0.02787136294027565,No,0
0.0,1.0,1.0,0.0,0.8333333333333333,1.0,1.0,0.5,0.0,1.0,1.0,0.0,1.0,1.0,0.0,1.0,0.6666666666666666,0.8721393034825872,0.7901990811638591,No,0
0.0,1.0,1.0,0.0,0.38888888888888884,1.0,1.0,0.5,0.0,0.0,0.0,1.0,1.0,1.0,0.0,1.0,0.3333333333333333,0.8263681592039801,0.37335375191424197,Yes,0
0.0,0.0,1.0,1.0,0.013888888888888888,1.0,0.0,0.5,0.0,0.0,0.0,0.0,1.0,0.0,0.0,1.0,1.0,0.6149253731343283,0.9209800918836141,Yes,0
1.0,0.0,1.0,1.0,0.40277777777777773,1.0,1.0,0.5,0.0,0.0,1.0,0.0,0.0,1.0,0.0,1.0,0.6666666666666666,0.7059701492537314,0.3591117917304747,Yes,3
0.0,0.0,1.0,1.0,0.1388888888888889,1.0,0.0,0.0,0.0,1.0,0.0,1.0,0.0,1.0,0.0,1.0,0.6666666666666666,0.4701492537313433,0.7695252679938744,No,0
1.0,0.0,0.0,1.0,0.5972222222222222,0.0,0.5,0.0,1.0,1.0,1.0,0.0,0.0,0.0,0.0,1.0,0.6666666666666666,0.2208955223880597,0.23200612557427258,No,3
1.0,1.0,1.0,0.0,0.18055555555555555,1.0,0.0,0.5,0.0,0.0,0.0,0.0,0.0,0.0,0.0,0.0,0.0,0.5194029850746269,0.9499234303215927,No,3
0.0,0.0,1.0,0.0,0.5972222222222222,1.0,0.0,0.0,1.0,0.0,1.0,1.0,1.0,1.0,1.0,1.0,0.6666666666666666,0.6024875621890546,0.4586523736600306,No,0
1.0,0.0,1.0,1.0,0.2638888888888889,1.0,1.0,0.5,0.0,0.0,0.0,0.0,0.0,1.0,0.0,1.0,0.6666666666666666,0.6507462686567165,0.13169984686064318,Yes,3
1.0,0.0,1.0,1.0,0.013888888888888888,1.0,0.0,0.5,0.0,0.0,0.0,0.0,1.0,1.0,0.0,1.0,0.6666666666666666,0.7149253731343282,0.9681470137825421,No,3
0.0,0.0,0.0,0.0,0.9583333333333333,1.0,0.0,0.0,1.0,0.0,1.0,1.0,1.0,1.0,1.0,1.0,0.3333333333333333,0.6388059701492538,0.7056661562021439,No,0
0.0,0.0,1.0,0.0,0.8472222222222222,1.0,0.0,1.0,0.5,0.5,0.5,0.5,0.5,0.5,1.0,0.0,0.3333333333333333,0.019900497512437804,0.0782542113323124,No,0
1.0,0.0,1.0,0.0,0.5972222222222222,1.0,1.0,0.0,1.0,1.0,0.0,1.0,0.0,0.0,0.0,0.0,0.0,0.4776119402985074,0.38437978560490044,No,3
0.0,0.0,1.0,0.0,0.08333333333333333,1.0,0.0,1.0,0.5,0.5,0.5,0.5,0.5,0.5,0.0,0.0,0.0,0.01243781094527363,0.12955589586523736,Yes,0
1.0,0.0,0.0,0.0,0.013888888888888888,1.0,0.0,0.0,0.0,0.0,0.0,1.0,0.0,0.0,0.0,0.0,1.0,0.32835820895522383,0.6588055130168453,Yes,3
1.0,0.0,1.0,0.0,0.7777777777777777,1.0,0.0,0.5,0.0,0.0,0.0,0.0,1.0,1.0,0.0,0.0,1.0,0.7109452736318408,0.6424196018376722,No,3
0.0,0.0,1.0,0.0,0.9722222222222222,0.0,0.5,0.0,1.0,1.0,1.0,1.0,1.0,1.0,1.0,0.0,0.0,0.46069651741293527,0.5868300153139356,No,0
1.0,0.0,0.0,0.0,0.013888888888888888,1.0,0.0,0.0,0.0,0.0,0.0,0.0,0.0,0.0,0.0,1.0,0.6666666666666666,0.2721393034825871,0.5849923430321593,Yes,3
1.0,0.0,1.0,1.0,0.6805555555555555,1.0,1.0,0.5,0.0,1.0,1.0,0.0,1.0,0.0,0.5,1.0,0.6666666666666666,0.7502487562189055,0.5894333843797855,No,3
0.0,0.0,0.0,0.0,0.08333333333333333,1.0,0.0,0.0,0.0,0.0,0.0,1.0,0.0,0.0,0.0,1.0,0.0,0.3124378109452736,0.3557427258805513,Yes,0
0.0,0.0,1.0,1.0,0.4444444444444444,1.0,0.0,0.0,1.0,1.0,1.0,1.0,0.0,1.0,1.0,0.0,1.0,0.5507462686567164,0.2987748851454824,No,0
0.0,1.0,1.0,0.0,1.0,1.0,1.0,0.5,1.0,0.0,1.0,1.0,1.0,1.0,1.0,1.0,1.0,0.9104477611940299,0.9261868300153139,No,0
1.0,0.0,0.0,1.0,0.5138888888888888,1.0,0.0,0.0,1.0,1.0,0.0,1.0,0.0,0.0,1.0,0.0,0.3333333333333333,0.4298507462686567,0.2973966309341501,No,3
0.0,0.0,1.0,0.0,0.9583333333333333,1.0,0.0,0.5,1.0,1.0,0.0,1.0,1.0,1.0,0.5,1.0,0.3333333333333333,0.8771144278606965,0.8644716692189892,No,0
0.0,0.0,1.0,0.0,0.3611111111111111,1.0,0.0,0.0,0.0,1.0,1.0,1.0,1.0,1.0,0.0,0.0,0.0,0.6333333333333334,0.26079632465543645,No,0
0.0,0.0,1.0,1.0,0.8055555555555555,1.0,1.0,0.5,0.0,1.0,1.0,0.0,1.0,1.0,0.5,1.0,0.3333333333333333,0.8651741293532339,0.7742725880551301,No,0
1.0,0.0,0.0,0.0,0.3333333333333333,1.0,1.0,0.0,0.0,0.0,0.0,1.0,0.0,0.0,0.5,0.0,0.0,0.36169154228855727,0.06799387442572741,No,3
1.0,0.0,1.0,1.0,0.06944444444444445,1.0,0.0,1.0,0.5,0.5,0.5,0.5,0.5,0.5,0.5,0.0,0.6666666666666666,0.02288557213930348,0.9967840735068912,No,3
1.0,0.0,1.0,1.0,0.20833333333333331,1.0,0.0,1.0,0.5,0.5,0.5,0.5,0.5,0.5,0.0,1.0,0.6666666666666666,0.01741293532338306,0.381010719754977,Yes,3
0.0,0.0,1.0,1.0,0.41666666666666663,1.0,0.0,1.0,0.5,0.5,0.5,0.5,0.5,0.5,1.0,0.0,1.0,0.014427860696517386,0.7511485451761102,No,0
0.0,0.0,1.0,0.0,0.7638888888888888,1.0,1.0,0.0,1.0,1.0,0.0,1.0,0.0,0.0,0.5,1.0,0.3333333333333333,0.47562189054726367,0.45895865237366,No,0
0.0,0.0,1.0,0.0,0.3472222222222222,0.0,0.5,0.0,0.0,0.0,0.0,0.0,1.0,0.0,0.0,1.0,0.0,0.15671641791044777,0.9525267993874426,Yes,0
1.0,1.0,1.0,0.0,0.1388888888888889,1.0,0.0,0.5,0.0,1.0,1.0,1.0,1.0,0.0,0.0,1.0,1.0,0.7388059701492538,0.9808575803981623,Yes,3
1.0,0.0,1.0,1.0,0.611111111111111,0.0,0.5,0.0,1.0,1.0,1.0,1.0,0.0,1.0,1.0,1.0,0.3333333333333333,0.3562189054726368,0.30826952526799384,No,3
0.0,0.0,0.0,0.0,0.6527777777777778,1.0,0.0,0.0,1.0,1.0,0.0,1.0,0.0,0.0,0.5,1.0,1.0,0.4044776119402985,0.37350689127105663,No,0
0.0,0.0,1.0,1.0,0.18055555555555555,1.0,0.0,0.5,0.0,0.0,0.0,0.0,1.0,1.0,0.0,0.0,0.6666666666666666,0.6975124378109452,0.06309341500765697,Yes,0
0.0,0.0,1.0,1.0,0.6805555555555555,1.0,1.0,0.5,0.0,1.0,1.0,1.0,1.0,1.0,1.0,1.0,0.0,0.8925373134328359,0.6774885145482389,Yes,0
0.0,0.0,1.0,0.0,0.8888888888888888,1.0,0.0,0.5,1.0,0.0,0.0,1.0,1.0,1.0,0.5,1.0,1.0,0.782587064676617,0.7819295558958652,No,0
1.0,0.0,0.0,0.0,0.013888888888888888,1.0,0.0,1.0,0.5,0.5,0.5,0.5,0.5,0.5,0.0,0.0,1.0,0.008457711442786064,0.22618683001531392,No,3
1.0,0.0,0.0,0.0,0.2777777777777778,1.0,0.0,0.0,0.0,0.0,0.0,1.0,0.0,0.0,0.0,0.0,1.0,0.31592039800995025,0.0013782542113323123,No,3
0.0,0.0,1.0,0.0,0.5138888888888888,0.0,0.5,0.0,1.0,0.0,0.0,1.0,1.0,0.0,1.0,0.0,0.6666666666666666,0.27014925373134324,0.16049004594180705,No,0
1.0,0.0,1.0,1.0,0.41666666666666663,1.0,1.0,0.5,0.0,0.0,0.0,0.0,1.0,0.0,0.0,0.0,0.6666666666666666,0.6686567164179105,0.33139356814701376,No,3
0.0,0.0,0.0,0.0,0.5277777777777778,1.0,1.0,0.0,1.0,1.0,1.0,0.0,1.0,1.0,0.5,0.0,0.0,0.6552238805970149,0.4243491577335375,No,0
0.0,1.0,0.0,0.0,0.013888888888888888,1.0,1.0,0.5,0.0,0.0,0.0,0.0,0.0,0.0,0.0,1.0,1.0,0.5592039800995025,0.8759571209800918,Yes,0
0.0,0.0,0.0,0.0,0.5138888888888888,1.0,0.0,0.0,0.0,0.0,0.0,0.0,1.0,1.0,0.0,1.0,0.6666666666666666,0.4626865671641791,0.30321592649310875,Yes,0
0.0,0.0,1.0,0.0,0.7222222222222222,0.0,0.5,0.0,1.0,1.0,1.0,1.0,1.0,1.0,1.0,0.0,0.3333333333333333,0.4776119402985074,0.44287901990811634,No,0
1.0,0.0,0.0,1.0,0.986111111111111,1.0,0.0,0.0,1.0,1.0,1.0,1.0,1.0,0.0,1.0,1.0,0.3333333333333333,0.5835820895522389,0.7026033690658499,No,3
1.0,0.0,0.0,0.0,0.3611111111111111,1.0,0.0,0.5,0.0,1.0,1.0,0.0,1.0,0.0,0.0,0.0,0.6666666666666666,0.7119402985074627,0.3016845329249617,Yes,3
1.0,0.0,0.0,0.0,0.9166666666666666,1.0,1.0,0.0,1.0,1.0,1.0,0.0,0.0,1.0,1.0,1.0,0.3333333333333333,0.5606965174129352,0.6199081163859111,No,3
1.0,0.0,1.0,0.0,1.0,1.0,1.0,0.5,1.0,1.0,1.0,1.0,1.0,1.0,1.0,1.0,0.3333333333333333,0.9820895522388059,0.9552833078101072,No,3
1.0,0.0,0.0,1.0,0.3472222222222222,0.0,0.5,0.0,1.0,0.0,0.0,0.0,1.0,0.0,0.5,1.0,0.3333333333333333,0.22288557213930343,0.9932618683001531,No,3
1.0,0.0,1.0,1.0,0.9583333333333333,1.0,1.0,0.5,1.0,1.0,1.0,1.0,1.0,1.0,1.0,1.0,0.0,0.9562189054726368,0.8963246554364471,No,3
1.0,0.0,1.0,1.0,0.736111111111111,1.0,1.0,0.0,1.0,1.0,0.0,0.0,0.0,1.0,1.0,0.0,0.0,0.5119402985074627,0.48621745788667686,No,3
0.0,0.0,0.0,0.0,0.16666666666666666,1.0,0.0,0.5,0.0,0.0,1.0,0.0,1.0,1.0,0.5,0.0,1.0,0.7686567164179104,0.033996937212863704,Yes,0
1.0,0.0,0.0,0.0,0.3611111111111111,1.0,0.0,0.5,0.0,0.0,1.0,1.0,1.0,1.0,0.0,1.0,0.6666666666666666,0.8,0.33537519142419603,No,3
1.0,0.0,0.0,0.0,0.29166666666666663,1.0,0.0,0.0,0.0,0.0,1.0,0.0,0.0,1.0,0.0,0.0,1.0,0.43184079601990044,0.10995405819295559,No,3
0.0,0.0,0.0,1.0,0.013888888888888888,1.0,0.0,0.5,0.0,0.0,0.0,0.0,1.0,1.0,0.0,1.0,0.6666666666666666,0.707462686567164,0.9647779479326186,No,0
1.0,0.0,0.0,0.0,0.6666666666666666,1.0,1.0,0.5,1.0,0.0,0.0,1.0,0.0,1.0,0.0,1.0,0.6666666666666666,0.7676616915422886,0.5774885145482389,No,3
0.0,0.0,1.0,0.0,0.3611111111111111,0.0,0.5,0.0,1.0,0.0,1.0,0.0,0.0,0.0,0.5,0.0,0.3333333333333333,0.1706467661691542,0.9949464012251148,No,0
1.0,0.0,1.0,0.0,0.8333333333333333,1.0,0.0,1.0,0.5,0.5,0.5,0.5,0.5,0.5,1.0,0.0,1.0,0.01691542288557213,0.07166921898928025,No,3
1.0,0.0,0.0,0.0,0.25,1.0,0.0,1.0,0.5,0.5,0.5,0.5,0.5,0.5,0.0,0.0,1.0,0.009950248756218888,0.44012251148545173,No,3
0.0,1.0,0.0,0.0,0.1388888888888889,0.0,0.5,0.0,0.0,0.0,0.0,1.0,0.0,0.0,0.0,1.0,0.6666666666666666,0.11343283582089547,0.38499234303215923,Yes,0
1.0,0.0,1.0,1.0,0.06944444444444445,1.0,1.0,0.5,1.0,0.0,1.0,0.0,0.0,0.0,0.0,1.0,0.6666666666666666,0.6592039800995024,0.5906584992343032,Yes,3
0.0,0.0,0.0,1.0,0.05555555555555555,1.0,0.0,1.0,0.5,0.5,0.5,0.5,0.5,0.5,0.5,1.0,1.0,0.021393034825870627,0.9459418070444103,No,0
1.0,0.0,1.0,1.0,0.9027777777777777,1.0,1.0,1.0,0.5,0.5,0.5,0.5,0.5,0.5,1.0,0.0,0.3333333333333333,0.06467661691542287,0.18652373660030627,No,3
1.0,0.0,1.0,1.0,0.9722222222222222,1.0,1.0,1.0,0.5,0.5,0.5,0.5,0.5,0.5,1.0,0.0,1.0,0.07064676616915422,0.18667687595712099,No,3
1.0,0.0,0.0,0.0,0.25,1.0,1.0,0.5,0.0,0.0,1.0,0.0,0.0,1.0,0.0,1.0,0.3333333333333333,0.7208955223880598,0.16125574272588056,Yes,3
1.0,0.0,0.0,1.0,0.861111111111111,1.0,0.0,1.0,0.5,0.5,0.5,0.5,0.5,0.5,1.0,0.0,0.0,0.01741293532338306,0.06998468606431853,No,3
0.0,0.0,1.0,1.0,0.9166666666666666,1.0,0.0,0.0,1.0,0.0,0.0,0.0,1.0,0.0,1.0,1.0,0.6666666666666666,0.4129353233830846,0.5225114854517611,No,0
0.0,0.0,1.0,1.0,0.9027777777777777,1.0,1.0,0.0,1.0,1.0,0.0,1.0,1.0,1.0,1.0,1.0,0.0,0.6393034825870647,0.6690658499234303,No,0
0.0,1.0,0.0,0.0,0.041666666666666664,1.0,0.0,0.5,0.0,0.0,0.0,0.0,0.0,0.0,0.0,1.0,0.6666666666666666,0.517910447761194,0.3047473200612557,Yes,0
0.0,0.0,0.0,0.0,0.4722222222222222,1.0,0.0,1.0,0.5,0.5,0.5,0.5,0.5,0.5,0.0,0.0,1.0,0.020895522388059695,0.8171516079632465,No,0
1.0,0.0,1.0,1.0,0.2222222222222222,1.0,1.0,0.5,0.0,0.0,1.0,0.0,1.0,0.0,0.0,1.0,0.0,0.7218905472636815,0.12557427258805512,No,3
0.0,0.0,0.0,0.0,0.75,1.0,1.0,0.5,1.0,0.0,1.0,0.0,1.0,1.0,0.5,1.0,0.0,0.8527363184079603,0.714854517611026,Yes,0
0.0,1.0,0.0,0.0,0.6944444444444444,1.0,1.0,0.5,0.0,0.0,1.0,1.0,1.0,1.0,0.0,1.0,0.6666666666666666,0.8626865671641791,0.6699846860643185,No,0
1.0,0.0,1.0,0.0,0.986111111111111,1.0,0.0,0.5,0.0,1.0,1.0,1.0,1.0,1.0,1.0,1.0,0.6666666666666666,0.8656716417910447,0.8666156202143951,No,3
0.0,0.0,0.0,0.0,0.1388888888888889,1.0,1.0,0.5,0.0,0.0,0.0,0.0,0.0,0.0,0.0,1.0,0.6666666666666666,0.5621890547263682,0.9202143950995405,Yes,0
0.0,0.0,0.0,0.0,0.013888888888888888,1.0,0.0,0.0,0.0,0.0,0.0,1.0,0.0,0.0,0.0,1.0,0.6666666666666666,0.32388059701492533,0.6485451761102603,Yes,0
1.0,0.0,0.0,0.0,0.25,1.0,1.0,1.0,0.5,0.5,0.5,0.5,0.5,0.5,0.5,0.0,1.0,0.05472636815920398,0.5540581929555896,No,3
1.0,0.0,0.0,0.0,0.05555555555555555,1.0,0.0,0.0,0.0,0.0,0.0,1.0,1.0,0.0,0.0,1.0,0.6666666666666666,0.4283582089552238,0.32679938744257275,No,3
0.0,0.0,1.0,1.0,0.8055555555555555,1.0,1.0,0.0,1.0,0.0,1.0,1.0,1.0,0.0,1.0,0.0,1.0,0.572636815920398,0.5750382848392036,No,0
0.0,0.0,1.0,0.0,0.7777777777777777,1.0,1.0,0.5,1.0,0.0,0.0,0.0,1.0,1.0,0.5,1.0,0.6666666666666666,0.7935323383084577,0.6756508422664624,No,0
1.0,0.0,0.0,0.0,0.027777777777777776,1.0,0.0,0.5,0.0,0.0,0.0,0.0,1.0,0.0,0.0,1.0,0.6666666666666666,0.6169154228855721,0.12419601837672281,Yes,3
1.0,0.0,1.0,0.0,0.4444444444444444,1.0,1.0,0.5,0.0,0.0,1.0,0.0,0.0,0.0,0.0,1.0,0.6666666666666666,0.6034825870646766,0.32128637059724346,Yes,3
1.0,0.0,1.0,1.0,0.7777777777777777,0.0,0.5,0.0,1.0,1.0,0.0,1.0,1.0,0.0,0.5,1.0,1.0,0.33582089552238803,0.3814701378254211,No,3
1.0,0.0,0.0,0.0,0.5,1.0,1.0,0.5,0.0,0.0,0.0,0.0,0.0,1.0,0.0,1.0,0.6666666666666666,0.6616915422885572,0.40627871362940277,Yes,3
0.0,0.0,0.0,0.0,0.05555555555555555,1.0,1.0,0.0,0.0,0.0,0.0,1.0,1.0,0.0,0.0,1.0,1.0,0.4592039800995025,0.3341500765696784,No,0
1.0,0.0,0.0,0.0,0.736111111111111,1.0,1.0,0.5,0.0,0.0,0.0,0.0,1.0,0.0,0.0,0.0,0.0,0.6686567164179105,0.5883614088820827,Yes,3
1.0,0.0,0.0,0.0,0.1388888888888889,1.0,0.0,0.0,0.0,0.0,0.0,0.0,0.0,0.0,0.0,1.0,0.3333333333333333,0.2741293532338308,0.5669218989280245,No,3
1.0,0.0,0.0,0.0,0.05555555555555555,0.0,0.5,0.0,0.0,0.0,0.0,1.0,0.0,0.0,0.0,0.0,0.6666666666666666,0.12189054726368159,0.05145482388973966,No,3
1.0,0.0,1.0,1.0,0.013888888888888888,1.0,0.0,1.0,0.5,0.5,0.5,0.5,0.5,0.5,0.0,0.0,1.0,0.01641791044776117,0.22848392036753445,Yes,3
0.0,0.0,1.0,0.0,0.7083333333333333,1.0,0.0,0.5,0.0,0.0,0.0,0.0,0.0,0.0,0.0,0.0,1.0,0.5064676616915423,0.482542113323124,No,0
1.0,1.0,0.0,0.0,0.16666666666666666,1.0,1.0,0.5,0.0,0.0,1.0,0.0,1.0,1.0,0.0,1.0,0.6666666666666666,0.8079601990049752,0.05666156202143951,Yes,3
0.0,0.0,0.0,0.0,0.08333333333333333,0.0,0.5,0.0,0.0,0.0,0.0,1.0,1.0,1.0,0.5,1.0,1.0,0.30845771144278605,0.33797856049004593,No,0
1.0,0.0,1.0,1.0,0.875,0.0,0.5,0.0,0.0,1.0,1.0,1.0,0.0,0.0,1.0,0.0,0.0,0.20995024875621893,0.31117917304747317,No,3
0.0,0.0,0.0,0.0,0.013888888888888888,1.0,0.0,0.5,0.0,0.0,0.0,0.0,0.0,0.0,0.0,1.0,0.6666666666666666,0.5208955223880596,0.8442572741194486,Yes,0
0.0,0.0,1.0,0.0,0.6666666666666666,1.0,1.0,0.5,0.0,1.0,0.0,1.0,1.0,1.0,0.0,1.0,0.3333333333333333,0.8641791044776118,0.6577335375191424,No,0
0.0,0.0,0.0,0.0,0.06944444444444445,1.0,0.0,0.5,0.0,0.0,0.0,0.0,1.0,0.0,0.0,1.0,0.3333333333333333,0.6243781094527363,0.5101071975497703,Yes,0
0.0,0.0,0.0,1.0,0.4861111111111111,1.0,0.0,1.0,0.5,0.5,0.5,0.5,0.5,0.5,0.5,1.0,0.3333333333333333,0.01840796019900498,0.7931087289433384,No,0
1.0,0.0,0.0,0.0,0.08333333333333333,1.0,0.0,0.5,0.0,1.0,0.0,0.0,1.0,0.0,0.0,1.0,0.6666666666666666,0.6626865671641791,0.6712098009188361,Yes,3
1.0,0.0,0.0,0.0,0.027777777777777776,1.0,0.0,1.0,0.5,0.5,0.5,0.5,0.5,0.5,0.0,0.0,1.0,0.014925373134328346,0.5113323124042879,No,3
0.0,0.0,0.0,0.0,0.6944444444444444,1.0,0.0,1.0,0.5,0.5,0.5,0.5,0.5,0.5,0.5,0.0,0.0,0.014925373134328346,0.9964777947932618,No,0
0.0,0.0,0.0,0.0,0.4583333333333333,1.0,0.0,0.5,0.0,0.0,0.0,0.0,0.0,0.0,0.0,1.0,0.0,0.518905472636816,0.3142419601837672,No,0
1.0,0.0,0.0,0.0,0.4305555555555555,1.0,0.0,1.0,0.5,0.5,0.5,0.5,0.5,0.5,1.0,0.0,1.0,0.021890547263681587,0.7875957120980092,No,3
0.0,0.0,1.0,1.0,0.125,1.0,0.0,1.0,0.5,0.5,0.5,0.5,0.5,0.5,1.0,0.0,1.0,0.020895522388059695,0.23108728943338439,No,0
0.0,0.0,1.0,1.0,0.75,1.0,1.0,0.0,0.0,1.0,1.0,1.0,1.0,1.0,0.0,1.0,0.6666666666666666,0.6761194029850747,0.589739663093415,No,0
0.0,0.0,0.0,0.0,0.6388888888888888,1.0,0.0,0.5,1.0,1.0,1.0,0.0,1.0,0.0,0.5,1.0,0.3333333333333333,0.7701492537313434,0.6041347626339969,No,0
1.0,0.0,0.0,1.0,0.4722222222222222,1.0,1.0,0.5,1.0,1.0,0.0,0.0,1.0,1.0,0.5,1.0,0.6666666666666666,0.8512437810945274,0.46003062787136295,No,3
1.0,0.0,1.0,1.0,0.986111111111111,1.0,1.0,0.5,1.0,0.0,0.0,0.0,1.0,1.0,1.0,1.0,0.6666666666666666,0.7855721393034826,0.8359877488514548,No,3
0.0,0.0,1.0,1.0,0.875,1.0,0.0,0.0,1.0,1.0,1.0,1.0,0.0,0.0,1.0,0.0,1.0,0.4507462686567164,0.525114854517611,No,0
0.0,0.0,0.0,0.0,0.7083333333333333,1.0,1.0,1.0,0.5,0.5,0.5,0.5,0.5,0.5,1.0,0.0,0.0,0.06666666666666665,0.08009188361408882,No,0
0.0,1.0,0.0,0.0,0.3611111111111111,1.0,1.0,0.5,0.0,1.0,0.0,0.0,1.0,0.0,0.0,1.0,0.6666666666666666,0.7054726368159204,0.2932618683001531,Yes,0
0.0,0.0,1.0,0.0,0.8888888888888888,1.0,0.0,0.5,1.0,0.0,1.0,0.0,1.0,1.0,1.0,1.0,0.0,0.8034825870646766,0.787136294027565,No,0
0.0,1.0,1.0,0.0,0.013888888888888888,0.0,0.5,0.0,0.0,0.0,0.0,0.0,0.0,0.0,0.0,1.0,0.6666666666666666,0.06517412935323383,0.3130168453292496,Yes,0
1.0,1.0,1.0,0.0,0.8472222222222222,1.0,1.0,0.5,0.0,1.0,0.0,1.0,0.0,0.0,0.5,1.0,0.0,0.6696517412935323,0.6735068912710567,No,3
0.0,0.0,0.0,0.0,0.20833333333333331,1.0,0.0,0.5,0.0,0.0,1.0,0.0,1.0,1.0,0.0,1.0,0.3333333333333333,0.753731343283582,0.14042879019908117,No,0
1.0,0.0,0.0,0.0,0.8888888888888888,1.0,1.0,0.5,0.0,1.0,0.0,1.0,1.0,1.0,0.5,1.0,0.3333333333333333,0.8696517412935324,0.8358346094946401,Yes,3
0.0,0.0,0.0,0.0,0.25,1.0,1.0,0.0,0.0,0.0,0.0,0.0,0.0,0.0,0.0,1.0,0.6666666666666666,0.3189054726368159,0.9725880551301684,No,0
0.0,0.0,1.0,1.0,0.7916666666666666,1.0,0.0,0.5,0.0,1.0,0.0,0.0,1.0,1.0,0.5,1.0,0.6666666666666666,0.763681592039801,0.7033690658499234,No,0
1.0,0.0,1.0,1.0,0.19444444444444442,1.0,0.0,0.0,1.0,1.0,0.0,0.0,0.0,1.0,1.0,1.0,0.0,0.4293532338308458,0.9313935681470138,No,3
1.0,1.0,0.0,0.0,0.25,1.0,1.0,0.5,0.0,1.0,0.0,0.0,0.0,0.0,0.0,1.0,0.3333333333333333,0.6199004975124378,0.11546707503828484,No,3
0.0,1.0,1.0,0.0,1.0,1.0,1.0,0.5,1.0,0.0,0.0,0.0,0.0,0.0,1.0,0.0,0.0,0.599502487562189,0.7107197549770291,No,0
1.0,0.0,1.0,0.0,0.9722222222222222,1.0,1.0,0.5,1.0,1.0,1.0,1.0,1.0,1.0,1.0,0.0,0.3333333333333333,0.9557213930348257,0.9356814701378254,No,3
0.0,0.0,0.0,0.0,0.5277777777777778,1.0,0.0,1.0,0.5,0.5,0.5,0.5,0.5,0.5,1.0,0.0,1.0,0.01791044776119402,0.877947932618683,No,0
1.0,0.0,1.0,1.0,0.9444444444444444,1.0,0.0,0.0,1.0,1.0,1.0,1.0,0.0,0.0,1.0,0.0,0.3333333333333333,0.4417910447761194,0.5687595712098009,No,3
1.0,0.0,0.0,0.0,0.18055555555555555,1.0,0.0,0.5,0.0,0.0,0.0,0.0,0.0,1.0,0.0,1.0,0.6666666666666666,0.6228855721393034,0.0027565084226646246,Yes,3
1.0,1.0,1.0,0.0,0.9027777777777777,1.0,1.0,0.5,1.0,1.0,0.0,0.0,1.0,0.0,1.0,1.0,0.3333333333333333,0.7407960199004975,0.7485451761102603,No,3
0.0,0.0,0.0,0.0,0.41666666666666663,1.0,1.0,0.5,0.0,0.0,1.0,0.0,1.0,1.0,0.0,0.0,0.6666666666666666,0.817910447761194,0.4124042879019908,No,0
1.0,0.0,1.0,0.0,0.7083333333333333,1.0,1.0,0.0,0.0,0.0,0.0,1.0,1.0,1.0,1.0,1.0,0.0,0.5666666666666667,0.5122511485451761,No,3
0.0,0.0,0.0,0.0,0.4305555555555555,1.0,1.0,0.5,1.0,0.0,1.0,0.0,0.0,0.0,0.0,1.0,0.3333333333333333,0.6616915422885572,0.3464012251148545,No,0
0.0,0.0,1.0,0.0,0.125,1.0,0.0,0.5,0.0,0.0,0.0,0.0,1.0,1.0,0.0,0.0,0.6666666666666666,0.708457711442786,0.9526799387442573,Yes,0
0.0,0.0,1.0,1.0,1.0,1.0,1.0,0.0,1.0,1.0,1.0,1.0,0.0,1.0,1.0,1.0,0.0,0.6094527363184079,0.7169984686064318,No,0
1.0,0.0,0.0,0.0,0.1388888888888889,1.0,1.0,0.0,0.0,0.0,0.0,0.0,1.0,1.0,0.0,1.0,0.3333333333333333,0.536318407960199,0.9174578866768759,Yes,3
0.0,0.0,0.0,0.0,0.5138888888888888,1.0,0.0,1.0,0.5,0.5,0.5,0.5,0.5,0.5,0.5,1.0,0.6666666666666666,0.015422885572139305,0.8382848392036754,No,0
0.0,0.0,0.0,0.0,0.027777777777777776,1.0,0.0,0.0,0.0,0.0,1.0,1.0,1.0,1.0,0.0,0.0,0.6666666666666666,0.5786069651741294,0.16186830015313936,Yes,0
1.0,0.0,0.0,0.0,0.7638888888888888,1.0,0.0,0.5,1.0,1.0,0.0,0.0,1.0,1.0,0.5,1.0,1.0,0.8223880597014926,0.7052067381316999,No,3
1.0,0.0,0.0,1.0,0.4583333333333333,1.0,1.0,0.5,1.0,0.0,1.0,0.0,0.0,1.0,0.0,1.0,0.0,0.7666666666666666,0.4366003062787136,No,3
0.0,0.0,1.0,1.0,0.6388888888888888,1.0,0.0,0.5,0.0,0.0,1.0,1.0,0.0,1.0,0.5,0.0,0.0,0.7233830845771144,0.5532924961715161,No,0
0.0,0.0,0.0,1.0,0.013888888888888888,1.0,0.0,0.0,1.0,0.0,0.0,1.0,0.0,0.0,0.0,0.0,0.6666666666666666,0.3606965174129353,0.6872894333843798,No,0
0.0,1.0,0.0,0.0,0.2777777777777778,1.0,1.0,0.0,0.0,0.0,0.0,0.0,0.0,1.0,0.0,1.0,1.0,0.4313432835820895,0.04977029096477795,Yes,0
1.0,0.0,1.0,0.0,0.125,1.0,0.0,0.5,0.0,1.0,1.0,0.0,0.0,0.0,0.0,1.0,0.6666666666666666,0.6134328358208956,0.8781010719754977,Yes,3
1.0,1.0,0.0,0.0,0.4444444444444444,1.0,1.0,0.5,0.0,0.0,0.0,0.0,1.0,1.0,0.0,1.0,0.3333333333333333,0.7751243781094528,0.4006125574272588,Yes,3
0.0,0.0,1.0,1.0,0.2638888888888889,1.0,0.0,0.0,0.0,0.0,1.0,0.0,0.0,0.0,0.0,1.0,0.0,0.3119402985074627,0.9911179173047473,No,0
0.0,0.0,1.0,0.0,0.9722222222222222,1.0,1.0,0.0,1.0,0.0,1.0,1.0,0.0,0.0,1.0,0.0,0.3333333333333333,0.46815920398009947,0.6171516079632465,Yes,0
0.0,0.0,0.0,1.0,0.8472222222222222,1.0,1.0,1.0,0.5,0.5,0.5,0.5,0.5,0.5,1.0,1.0,0.3333333333333333,0.06716417910447761,0.13751914241960184,No,0
1.0,0.0,0.0,0.0,0.3611111111111111,1.0,0.0,0.0,0.0,0.0,0.0,0.0,0.0,0.0,0.0,0.0,0.6666666666666666,0.27064676616915423,0.06508422664624808,No,3
1.0,0.0,1.0,0.0,0.625,1.0,1.0,0.5,0.0,1.0,1.0,0.0,1.0,1.0,0.0,1.0,0.0,0.890547263681592,0.6315467075038285,No,3
1.0,0.0,1.0,1.0,0.861111111111111,1.0,1.0,0.5,0.0,0.0,1.0,0.0,1.0,0.0,1.0,1.0,0.3333333333333333,0.7049751243781094,0.6894333843797856,No,3
1.0,0.0,0.0,0.0,0.013888888888888888,1.0,0.0,1.0,0.5,0.5,0.5,0.5,0.5,0.5,0.0,0.0,1.0,0.013930348258706454,0.22771822358346094,Yes,3
0.0,0.0,0.0,0.0,0.041666666666666664,1.0,0.0,0.0,0.0,0.0,0.0,0.0,0.0,0.0,0.0,0.0,1.0,0.26368159203980096,0.1344563552833078,No,0
0.0,0.0,1.0,1.0,0.5694444444444444,1.0,1.0,0.5,1.0,1.0,1.0,0.0,0.0,1.0,0.5,1.0,0.0,0.8293532338308457,0.5150076569678407,No,0
1.0,0.0,1.0,1.0,0.9305555555555555,1.0,0.0,0.5,0.0,1.0,1.0,1.0,1.0,1.0,1.0,0.0,0.0,0.8447761194029851,0.8329249617151607,No,3
1.0,0.0,0.0,0.0,0.013888888888888888,1.0,1.0,0.5,0.0,0.0,0.0,0.0,1.0,0.0,0.0,1.0,1.0,0.6606965174129353,0.9457886676875957,Yes,3
0.0,0.0,1.0,0.0,0.986111111111111,1.0,1.0,0.5,1.0,1.0,0.0,0.0,1.0,0.0,0.5,0.0,1.0,0.7701492537313434,0.8289433384379785,No,0
0.0,0.0,1.0,1.0,0.5138888888888888,1.0,0.0,0.0,1.0,1.0,0.0,0.0,1.0,1.0,0.5,0.0,0.0,0.5656716417910447,0.35359877488514546,No,0
1.0,0.0,1.0,0.0,0.8333333333333333,1.0,0.0,0.0,1.0,1.0,0.0,1.0,0.0,0.0,1.0,1.0,1.0,0.42885572139303485,0.49479326186830014,No,3
0.0,1.0,1.0,0.0,0.013888888888888888,1.0,0.0,0.5,0.0,0.0,0.0,0.0,0.0,0.0,0.0,1.0,0.6666666666666666,0.5104477611940298,0.8341500765696784,Yes,0
0.0,0.0,0.0,0.0,0.08333333333333333,1.0,0.0,1.0,0.5,0.5,0.5,0.5,0.5,0.5,0.0,0.0,0.3333333333333333,0.014427860696517386,0.08085758039816232,No,0
0.0,0.0,0.0,0.0,0.18055555555555555,0.0,0.5,0.0,0.0,1.0,0.0,0.0,0.0,0.0,0.0,1.0,0.6666666666666666,0.127363184079602,0.4595712098009188,Yes,0
0.0,0.0,1.0,1.0,0.15277777777777776,1.0,0.0,0.0,1.0,0.0,0.0,0.0,0.0,0.0,0.0,0.0,0.0,0.32587064676616917,0.7332312404287902,No,0
1.0,0.0,0.0,0.0,0.09722222222222221,1.0,0.0,0.0,1.0,0.0,0.0,0.0,0.0,0.0,0.0,1.0,1.0,0.32587064676616917,0.4693721286370597,Yes,3
0.0,0.0,1.0,1.0,0.1388888888888889,1.0,0.0,0.5,0.0,0.0,0.0,0.0,1.0,1.0,0.0,1.0,0.6666666666666666,0.7024875621890546,0.9784073506891271,No,0
1.0,0.0,1.0,0.0,0.4722222222222222,1.0,0.0,1.0,0.5,0.5,0.5,0.5,0.5,0.5,1.0,0.0,0.3333333333333333,0.01791044776119402,0.8222052067381317,No,3
0.0,0.0,0.0,0.0,0.861111111111111,1.0,0.0,0.0,1.0,0.0,0.0,1.0,0.0,1.0,1.0,1.0,1.0,0.46616915422885563,0.5039816232771822,No,0
1.0,0.0,1.0,0.0,0.8888888888888888,1.0,1.0,0.0,0.0,1.0,0.0,1.0,0.0,1.0,0.5,1.0,1.0,0.5164179104477612,0.5819295558958653,No,3
0.0,0.0,1.0,1.0,0.013888888888888888,1.0,0.0,0.0,0.0,0.0,0.0,0.0,0.0,0.0,0.0,1.0,0.0,0.25970149253731345,0.5727411944869831,Yes,0
1.0,0.0,0.0,0.0,0.3472222222222222,1.0,0.0,1.0,0.5,0.5,0.5,0.5,0.5,0.5,1.0,1.0,1.0,0.02487562189054726,0.6459418070444104,No,3
0.0,0.0,0.0,0.0,0.3611111111111111,1.0,0.0,0.0,0.0,1.0,1.0,0.0,0.0,0.0,0.5,1.0,1.0,0.3761194029850746,0.15176110260336906,No,0
1.0,0.0,0.0,1.0,0.1388888888888889,1.0,0.0,1.0,0.5,0.5,0.5,0.5,0.5,0.5,0.5,1.0,0.0,0.01691542288557213,0.27687595712098007,No,3
0.0,0.0,0.0,0.0,0.736111111111111,1.0,1.0,0.5,1.0,1.0,1.0,0.0,1.0,0.0,0.5,0.0,1.0,0.799502487562189,0.6805513016845329,No,0
0.0,0.0,0.0,0.0,0.09722222222222221,1.0,0.0,0.5,0.0,0.0,0.0,0.0,1.0,0.0,0.0,1.0,0.6666666666666666,0.6114427860696517,0.7375191424196018,Yes,0
1.0,0.0,0.0,0.0,0.4583333333333333,1.0,0.0,0.5,0.0,1.0,1.0,0.0,0.0,0.0,0.0,1.0,0.3333333333333333,0.6044776119402985,0.34196018376722814,No,3
0.0,1.0,1.0,0.0,0.986111111111111,1.0,0.0,0.5,0.0,1.0,1.0,0.0,0.0,1.0,1.0,0.0,0.3333333333333333,0.708457711442786,0.792802450229709,No,0
0.0,0.0,0.0,0.0,0.40277777777777773,1.0,1.0,0.5,0.0,0.0,0.0,0.0,0.0,0.0,0.0,1.0,0.6666666666666666,0.5567164179104478,0.2454823889739663,No,0
1.0,0.0,1.0,1.0,0.3333333333333333,1.0,1.0,0.0,1.0,0.0,0.0,1.0,1.0,1.0,0.0,0.0,0.0,0.6243781094527363,0.2330781010719755,No,3
1.0,0.0,1.0,1.0,0.2777777777777778,1.0,0.0,0.0,0.0,0.0,1.0,0.0,0.0,0.0,0.0,1.0,0.6666666666666666,0.3119402985074627,0.9826952526799387,No,3
0.0,0.0,0.0,0.0,0.013888888888888888,1.0,1.0,0.5,0.0,0.0,0.0,0.0,1.0,0.0,0.0,1.0,0.6666666666666666,0.6601990049751243,0.945635528330781,No,0
1.0,0.0,0.0,1.0,0.75,1.0,1.0,0.0,0.0,1.0,0.0,0.0,0.0,0.0,0.0,1.0,0.3333333333333333,0.3656716417910447,0.4119448698315467,Yes,3
0.0,1.0,0.0,0.0,0.06944444444444445,1.0,0.0,0.5,0.0,0.0,1.0,0.0,1.0,0.0,0.0,1.0,1.0,0.6626865671641791,0.5431852986217458,Yes,0
0.0,0.0,1.0,1.0,1.0,1.0,1.0,0.0,1.0,0.0,1.0,1.0,1.0,1.0,1.0,1.0,0.0,0.6562189054726368,0.7509954058192956,No,0
1.0,0.0,1.0,0.0,0.7222222222222222,1.0,0.0,0.5,1.0,1.0,1.0,1.0,1.0,1.0,1.0,1.0,0.6666666666666666,0.8761194029850746,0.6972434915773353,No,3
0.0,0.0,0.0,0.0,0.125,1.0,0.0,0.5,0.0,0.0,0.0,0.0,0.0,0.0,0.0,0.0,0.6666666666666666,0.5054726368159204,0.7981623277182236,No,0
0.0,0.0,0.0,0.0,0.013888888888888888,1.0,0.0,0.0,0.0,0.0,0.0,0.0,0.0,0.0,0.0,1.0,1.0,0.27014925373134324,0.5846860643185299,No,0
1.0,1.0,0.0,0.0,0.013888888888888888,1.0,1.0,0.5,0.0,0.0,0.0,0.0,0.0,0.0,0.0,1.0,0.6666666666666666,0.5512437810945274,0.8681470137825421,Yes,3
1.0,0.0,1.0,1.0,0.4583333333333333,1.0,0.0,0.0,0.0,0.0,1.0,1.0,1.0,1.0,0.5,1.0,1.0,0.5537313432835821,0.3140888208269525,Yes,3
0.0,0.0,1.0,0.0,0.7638888888888888,1.0,1.0,0.5,0.0,0.0,1.0,0.0,0.0,0.0,0.0,1.0,0.6666666666666666,0.5920398009950248,0.57947932618683,Yes,0
1.0,0.0,1.0,1.0,0.9583333333333333,1.0,1.0,0.5,0.0,0.0,0.0,1.0,1.0,1.0,1.0,1.0,0.6666666666666666,0.8069651741293532,0.8287901990811638,No,3
1.0,0.0,0.0,0.0,0.013888888888888888,1.0,0.0,0.0,1.0,0.0,0.0,0.0,0.0,0.0,0.0,1.0,1.0,0.3233830845771144,0.6483920367534456,No,3
1.0,0.0,0.0,0.0,0.75,1.0,1.0,0.0,1.0,0.0,1.0,1.0,1.0,1.0,1.0,0.0,0.0,0.6850746268656716,0.6131699846860643,No,3
1.0,0.0,0.0,1.0,0.4583333333333333,1.0,0.0,1.0,0.5,0.5,0.5,0.5,0.5,0.5,0.5,1.0,1.0,0.018905472636815884,0.8254211332312404,No,3
1.0,1.0,1.0,0.0,0.625,1.0,1.0,0.5,0.0,1.0,1.0,1.0,1.0,0.0,0.5,1.0,0.0,0.800497512437811,0.5898928024502297,No,3
0.0,0.0,0.0,1.0,0.15277777777777776,0.0,0.5,0.0,0.0,0.0,0.0,0.0,0.0,0.0,0.0,0.0,0.6666666666666666,0.06915422885572137,0.42710566615620216,No,0
1.0,0.0,0.0,0.0,0.08333333333333333,1.0,0.0,0.0,1.0,1.0,0.0,0.0,0.0,0.0,0.0,1.0,0.0,0.372636815920398,0.4451761102603369,No,3
1.0,0.0,0.0,0.0,0.29166666666666663,1.0,0.0,0.0,1.0,0.0,1.0,0.0,1.0,0.0,0.0,0.0,0.0,0.4686567164179104,0.11990811638591117,No,3
0.0,0.0,1.0,1.0,0.9027777777777777,1.0,1.0,1.0,0.5,0.5,0.5,0.5,0.5,0.5,1.0,1.0,0.0,0.07014925373134329,0.19433384379785604,No,0
0.0,1.0,1.0,0.0,0.08333333333333333,1.0,1.0,0.5,0.0,0.0,0.0,0.0,0.0,1.0,0.0,1.0,0.6666666666666666,0.6577114427860695,0.6139356814701378,Yes,0
0.0,0.0,0.0,0.0,0.1111111111111111,1.0,0.0,0.5,1.0,0.0,0.0,0.0,1.0,0.0,0.0,0.0,0.6666666666666666,0.663681592039801,0.8119448698315467,Yes,0
1.0,0.0,0.0,0.0,0.15277777777777776,1.0,0.0,0.5,0.0,0.0,0.0,1.0,0.0,0.0,0.0,1.0,0.6666666666666666,0.553233830845771,0.9771822358346095,Yes,3
1.0,0.0,1.0,1.0,0.5972222222222222,1.0,1.0,1.0,0.5,0.5,0.5,0.5,0.5,0.5,1.0,0.0,1.0,0.05970149253731341,0.022970903522205207,No,3
1.0,0.0,1.0,1.0,0.6805555555555555,0.0,0.5,0.0,0.0,1.0,0.0,0.0,1.0,1.0,0.5,1.0,0.0,0.3338308457711442,0.33614088820826954,Yes,3
0.0,1.0,1.0,0.0,0.013888888888888888,1.0,0.0,0.0,0.0,0.0,0.0,0.0,0.0,0.0,0.0,0.0,0.6666666666666666,0.2761194029850746,0.5978560490045942,Yes,0
1.0,1.0,0.0,0.0,0.20833333333333331,1.0,0.0,0.5,0.0,0.0,0.0,0.0,0.0,1.0,0.0,1.0,0.6666666666666666,0.6084577114427862,0.044869831546707505,Yes,3
1.0,0.0,1.0,1.0,0.8333333333333333,1.0,0.0,0.0,1.0,1.0,1.0,0.0,0.0,0.0,1.0,0.0,0.0,0.4203980099502488,0.48805513016845326,No,3
1.0,0.0,0.0,0.0,0.2361111111111111,0.0,0.5,0.0,0.0,0.0,0.0,0.0,0.0,0.0,0.0,0.0,0.3333333333333333,0.0681592039800995,0.5010719754977029,No,3
1.0,1.0,1.0,0.0,0.2222222222222222,1.0,0.0,0.5,0.0,0.0,0.0,0.0,0.0,0.0,0.0,1.0,0.0,0.5328358208955224,0.04793261868300153,Yes,3
1.0,0.0,1.0,1.0,0.4861111111111111,1.0,0.0,1.0,0.5,0.5,0.5,0.5,0.5,0.5,0.5,0.0,0.0,0.01791044776119402,0.8811638591117917,No,3
1.0,1.0,1.0,0.0,0.611111111111111,1.0,1.0,0.5,0.0,1.0,0.0,0.0,0.0,1.0,0.5,0.0,1.0,0.6980099502487562,0.5130168453292496,Yes,3
0.0,0.0,1.0,1.0,0.16666666666666666,0.0,0.5,0.0,0.0,0.0,0.0,1.0,0.0,0.0,0.5,0.0,0.3333333333333333,0.11940298507462688,0.4857580398162328,No,0
1.0,0.0,0.0,0.0,0.013888888888888888,1.0,0.0,1.0,0.5,0.5,0.5,0.5,0.5,0.5,0.0,0.0,1.0,0.019402985074626844,0.2465543644716692,No,3
0.0,0.0,0.0,0.0,0.38888888888888884,1.0,0.0,0.0,1.0,1.0,0.0,1.0,0.0,0.0,0.5,1.0,0.6666666666666666,0.4144278606965174,0.17442572741194487,No,0
1.0,0.0,1.0,0.0,0.9722222222222222,1.0,1.0,1.0,0.5,0.5,0.5,0.5,0.5,0.5,1.0,0.0,0.0,0.06865671641791044,0.23660030627871362,No,3
0.0,0.0,0.0,1.0,0.06944444444444445,1.0,0.0,0.0,0.0,0.0,0.0,0.0,0.0,0.0,0.0,0.0,1.0,0.2761194029850746,0.28238897396630935,Yes,0
1.0,0.0,0.0,0.0,0.25,1.0,0.0,0.5,0.0,1.0,1.0,0.0,1.0,1.0,0.0,0.0,0.3333333333333333,0.8263681592039801,0.20428790199081162,No,3
1.0,0.0,1.0,0.0,0.9722222222222222,1.0,1.0,0.0,1.0,0.0,0.0,1.0,1.0,1.0,1.0,1.0,0.3333333333333333,0.5840796019900497,0.67687595712098,No,3
0.0,0.0,1.0,1.0,0.125,1.0,1.0,0.0,0.0,1.0,0.0,0.0,0.0,0.0,0.0,1.0,1.0,0.3686567164179104,0.6494640122511485,No,0
0.0,1.0,0.0,0.0,0.9305555555555555,1.0,0.0,0.5,1.0,1.0,0.0,1.0,1.0,0.0,1.0,1.0,0.0,0.7383084577114428,0.7673813169984686,No,0
0.0,0.0,0.0,0.0,0.013888888888888888,1.0,0.0,0.0,1.0,0.0,0.0,0.0,0.0,0.0,0.0,1.0,0.0,0.300497512437811,0.6202143950995406,No,0
0.0,0.0,1.0,1.0,0.25,1.0,0.0,1.0,0.5,0.5,0.5,0.5,0.5,0.5,1.0,0.0,1.0,0.010945273631840807,0.4108728943338438,No,0
1.0,0.0,0.0,0.0,0.05555555555555555,1.0,1.0,0.0,0.0,0.0,0.0,0.0,0.0,0.0,0.0,0.0,0.3333333333333333,0.33333333333333337,0.25053598774885144,Yes,3
1.0,1.0,1.0,1.0,0.986111111111111,1.0,0.0,0.5,1.0,1.0,1.0,0.0,0.0,0.0,0.5,1.0,0.0,0.6810945273631841,0.7710566615620215,No,3
1.0,0.0,1.0,1.0,0.41666666666666663,1.0,1.0,0.5,1.0,1.0,0.0,0.0,1.0,0.0,0.0,1.0,0.6666666666666666,0.7577114427860697,0.3753445635528331,Yes,3
1.0,0.0,1.0,0.0,0.013888888888888888,1.0,0.0,0.0,1.0,0.0,1.0,0.0,0.0,0.0,0.0,0.0,1.0,0.372636815920398,0.6992343032159265,No,3
0.0,0.0,0.0,0.0,0.7638888888888888,1.0,1.0,0.5,1.0,0.0,1.0,0.0,0.0,0.0,0.5,1.0,0.3333333333333333,0.6567164179104478,0.5967840735068912,No,0
1.0,0.0,0.0,0.0,0.8194444444444444,1.0,0.0,0.0,0.0,0.0,1.0,1.0,1.0,0.0,0.0,1.0,0.6666666666666666,0.46169154228855724,0.4923430321592649,No,3
0.0,0.0,0.0,0.0,0.013888888888888888,1.0,0.0,0.5,0.0,0.0,0.0,0.0,0.0,0.0,0.0,1.0,1.0,0.5164179104477612,0.8428790199081163,Yes,0
0.0,0.0,1.0,0.0,0.09722222222222221,1.0,0.0,0.5,0.0,0.0,0.0,0.0,0.0,0.0,0.0,1.0,0.0,0.5069651741293533,0.6182235834609494,No,0
1.0,0.0,1.0,1.0,0.625,1.0,0.0,0.0,1.0,0.0,0.0,1.0,0.0,0.0,1.0,0.0,0.0,0.3621890547263681,0.33859111791730473,No,3
0.0,0.0,1.0,1.0,0.75,1.0,1.0,1.0,0.5,0.5,0.5,0.5,0.5,0.5,0.5,1.0,0.0,0.06467661691542287,0.09555895865237365,No,0
1.0,0.0,1.0,1.0,0.7083333333333333,1.0,1.0,1.0,0.5,0.5,0.5,0.5,0.5,0.5,0.5,1.0,1.0,0.056716417910447736,0.06064318529862174,No,3
0.0,1.0,1.0,0.0,1.0,1.0,1.0,0.5,0.0,1.0,1.0,0.0,1.0,1.0,0.5,0.0,0.3333333333333333,0.86318407960199,0.8903522205206738,No,0
1.0,0.0,1.0,0.0,0.611111111111111,1.0,0.0,0.0,1.0,1.0,0.0,1.0,0.0,0.0,0.5,1.0,0.0,0.41393034825870645,0.3453292496171516,No,3
1.0,0.0,0.0,0.0,0.027777777777777776,1.0,0.0,1.0,0.5,0.5,0.5,0.5,0.5,0.5,0.0,0.0,1.0,0.01791044776119402,0.5496171516079632,No,3
0.0,0.0,0.0,0.0,0.9166666666666666,1.0,1.0,0.5,0.0,0.0,1.0,0.0,1.0,0.0,0.5,1.0,0.0,0.7353233830845771,0.7583460949464012,No,0
1.0,0.0,1.0,1.0,0.9444444444444444,0.0,0.5,0.0,1.0,1.0,0.0,0.0,1.0,0.0,0.5,0.0,1.0,0.2641791044776119,0.3949464012251148,No,3
0.0,0.0,0.0,0.0,0.4305555555555555,1.0,0.0,1.0,0.5,0.5,0.5,0.5,0.5,0.5,1.0,0.0,0.3333333333333333,0.026368159203980085,0.8321592649310873,No,0
0.0,1.0,0.0,0.0,0.29166666666666663,1.0,1.0,0.5,0.0,0.0,0.0,0.0,1.0,1.0,0.0,1.0,0.0,0.7676616915422886,0.25405819295558957,No,0
1.0,0.0,0.0,1.0,0.29166666666666663,1.0,1.0,0.5,1.0,0.0,0.0,0.0,0.0,0.0,0.0,0.0,0.6666666666666666,0.617910447761194,0.19402756508422664,No,3
0.0,0.0,1.0,1.0,0.7638888888888888,1.0,1.0,0.0,1.0,0.0,1.0,1.0,1.0,1.0,1.0,1.0,0.0,0.6651741293532337,0.6035222052067382,No,0
1.0,0.0,0.0,0.0,0.125,0.0,0.5,0.0,0.0,0.0,0.0,0.0,1.0,0.0,0.0,1.0,0.3333333333333333,0.16368159203980104,0.3911179173047473,Yes,3
1.0,1.0,1.0,0.0,0.986111111111111,1.0,1.0,0.5,1.0,1.0,1.0,1.0,1.0,1.0,1.0,1.0,0.0,0.96318407960199,0.9234303215926493,No,3
0.0,0.0,0.0,0.0,0.013888888888888888,1.0,0.0,0.5,0.0,0.0,0.0,0.0,0.0,1.0,0.0,1.0,0.6666666666666666,0.6253731343283582,0.9275650842266462,Yes,0
1.0,0.0,1.0,1.0,0.3055555555555555,1.0,0.0,1.0,0.5,0.5,0.5,0.5,0.5,0.5,0.5,0.0,1.0,0.01691542288557213,0.5640122511485451,No,3
0.0,0.0,1.0,1.0,0.013888888888888888,1.0,0.0,1.0,0.5,0.5,0.5,0.5,0.5,0.5,0.0,0.0,1.0,0.02288557213930348,0.2476263399693721,Yes,0
0.0,0.0,0.0,0.0,0.8472222222222222,1.0,1.0,0.5,0.0,0.0,1.0,1.0,1.0,1.0,1.0,1.0,0.6666666666666666,0.8791044776119402,0.7923430321592649,Yes,0
0.0,0.0,1.0,0.0,0.9305555555555555,1.0,1.0,0.0,0.0,1.0,1.0,1.0,1.0,1.0,1.0,0.0,0.0,0.6756218905472637,0.7393568147013783,No,0
0.0,1.0,0.0,0.0,0.19444444444444442,1.0,0.0,0.5,1.0,1.0,0.0,0.0,0.0,0.0,0.0,0.0,0.6666666666666666,0.6029850746268656,0.013169984686064317,No,0
1.0,0.0,1.0,0.0,0.8194444444444444,1.0,1.0,0.5,1.0,1.0,1.0,1.0,1.0,0.0,0.0,1.0,0.6666666666666666,0.8805970149253731,0.7761102603369066,Yes,3
1.0,1.0,1.0,0.0,0.29166666666666663,1.0,0.0,0.5,0.0,0.0,1.0,0.0,1.0,0.0,0.0,0.0,0.0,0.6796019900497512,0.21761102603369065,No,3
1.0,0.0,0.0,0.0,0.05555555555555555,0.0,0.5,0.0,1.0,1.0,0.0,1.0,0.0,0.0,0.0,0.0,1.0,0.24029850746268655,0.12970903522205207,No,3
0.0,0.0,0.0,0.0,0.041666666666666664,1.0,0.0,0.5,0.0,0.0,0.0,0.0,1.0,1.0,0.0,1.0,0.6666666666666666,0.708457711442786,0.313323124042879,Yes,0
1.0,0.0,1.0,0.0,0.9722222222222222,1.0,1.0,1.0,0.5,0.5,0.5,0.5,0.5,0.5,1.0,0.0,0.0,0.05970149253731341,0.18820826952526798,No,3
0.0,0.0,0.0,0.0,0.041666666666666664,1.0,0.0,0.5,0.0,1.0,0.0,1.0,1.0,1.0,0.0,1.0,0.6666666666666666,0.7925373134328358,0.41929555895865234,Yes,0
1.0,1.0,0.0,0.0,0.29166666666666663,1.0,0.0,1.0,0.5,0.5,0.5,0.5,0.5,0.5,0.5,0.0,0.0,0.02238805970149252,0.5588055130168453,No,3
1.0,0.0,0.0,0.0,0.2777777777777778,1.0,0.0,1.0,0.5,0.5,0.5,0.5,0.5,0.5,0.0,1.0,0.3333333333333333,0.013432835820895522,0.47197549770290964,No,3
1.0,0.0,1.0,1.0,0.3055555555555555,1.0,0.0,1.0,0.5,0.5,0.5,0.5,0.5,0.5,0.5,0.0,0.0,0.019900497512437804,0.631240428790199,No,3
1.0,0.0,0.0,0.0,0.013888888888888888,1.0,0.0,0.0,0.0,0.0,0.0,0.0,0.0,1.0,0.0,1.0,1.0,0.372636815920398,0.6992343032159265,Yes,3
0.0,0.0,0.0,0.0,0.875,1.0,0.0,1.0,0.5,0.5,0.5,0.5,0.5,0.5,1.0,1.0,1.0,0.023383084577114438,0.08315467075038284,No,0
0.0,0.0,1.0,1.0,0.9722222222222222,1.0,0.0,1.0,0.5,0.5,0.5,0.5,0.5,0.5,1.0,0.0,0.0,0.015422885572139305,0.10474732006125574,No,0
1.0,0.0,0.0,0.0,0.18055555555555555,1.0,0.0,0.5,0.0,1.0,1.0,0.0,0.0,0.0,0.0,1.0,0.6666666666666666,0.6124378109452736,0.9941807044410413,Yes,3
0.0,0.0,0.0,0.0,0.06944444444444445,1.0,0.0,0.5,0.0,0.0,0.0,0.0,1.0,0.0,0.0,0.0,0.6666666666666666,0.6164179104477612,0.5032159264931088,No,0
0.0,0.0,1.0,1.0,1.0,1.0,1.0,0.5,1.0,1.0,1.0,1.0,1.0,1.0,1.0,1.0,0.3333333333333333,0.9766169154228855,0.953292496171516,No,0
0.0,0.0,0.0,0.0,0.18055555555555555,0.0,0.5,0.0,0.0,1.0,0.0,0.0,0.0,0.0,0.0,1.0,0.6666666666666666,0.1333333333333333,0.5104134762633997,No,0
1.0,0.0,1.0,0.0,0.8472222222222222,1.0,0.0,0.5,0.0,1.0,1.0,1.0,0.0,1.0,0.0,0.0,0.3333333333333333,0.755223880597015,0.7252679938744258,No,3
1.0,0.0,0.0,0.0,0.013888888888888888,1.0,0.0,1.0,0.5,0.5,0.5,0.5,0.5,0.5,0.0,0.0,0.6666666666666666,0.023880597014925342,0.2479326186830015,No,3
0.0,1.0,1.0,0.0,0.7777777777777777,1.0,1.0,0.5,0.0,0.0,0.0,1.0,0.0,0.0,0.0,1.0,0.0,0.5830845771144277,0.557427258805513,No,0
0.0,0.0,0.0,0.0,0.05555555555555555,1.0,0.0,1.0,0.5,0.5,0.5,0.5,0.5,0.5,0.0,0.0,1.0,0.018905472636815884,0.9454823889739663,No,0
1.0,0.0,0.0,0.0,0.4861111111111111,1.0,1.0,0.0,1.0,0.0,0.0,0.0,0.0,0.0,1.0,0.0,1.0,0.3681592039800995,0.2332312404287902,No,3
0.0,0.0,1.0,0.0,0.25,0.0,0.5,0.0,0.0,0.0,1.0,0.0,1.0,0.0,0.0,1.0,0.6666666666666666,0.20696517412935317,0.813323124042879,Yes,0
1.0,0.0,1.0,0.0,1.0,1.0,1.0,0.0,0.0,1.0,1.0,0.0,1.0,1.0,1.0,0.0,0.0,0.6358208955223881,0.7304747320061256,No,3
0.0,1.0,0.0,0.0,0.6805555555555555,1.0,1.0,0.5,1.0,1.0,1.0,1.0,0.0,1.0,0.5,0.0,0.0,0.8432835820895522,0.6644716692189893,No,0
0.0,0.0,1.0,0.0,0.611111111111111,1.0,1.0,0.5,1.0,1.0,1.0,1.0,0.0,0.0,0.0,1.0,0.3333333333333333,0.7646766169154228,0.5316998468606432,No,0
0.0,1.0,1.0,0.0,0.041666666666666664,1.0,0.0,0.5,0.0,0.0,0.0,1.0,1.0,0.0,0.0,1.0,1.0,0.6532338308457711,0.355895865237366,Yes,0
0.0,0.0,1.0,1.0,0.5138888888888888,1.0,1.0,0.5,0.0,1.0,1.0,0.0,0.0,1.0,0.0,1.0,0.6666666666666666,0.7651741293532338,0.4689127105666156,No,0
1.0,0.0,1.0,0.0,0.8472222222222222,1.0,1.0,0.0,0.0,1.0,1.0,0.0,1.0,1.0,0.5,1.0,0.6666666666666666,0.6124378109452736,0.6375191424196018,No,3
1.0,0.0,1.0,0.0,0.9722222222222222,1.0,1.0,0.0,1.0,0.0,1.0,1.0,0.0,1.0,1.0,1.0,0.3333333333333333,0.5626865671641791,0.6808575803981624,No,3
0.0,1.0,0.0,0.0,0.013888888888888888,1.0,0.0,0.5,0.0,0.0,0.0,0.0,0.0,0.0,0.0,1.0,0.6666666666666666,0.5134328358208955,0.8350689127105666,Yes,0
0.0,0.0,0.0,0.0,0.5694444444444444,1.0,0.0,1.0,0.5,0.5,0.5,0.5,0.5,0.5,0.0,0.0,0.6666666666666666,0.021890547263681587,0.9021439509954058,No,0
1.0,0.0,1.0,1.0,0.9722222222222222,1.0,1.0,0.0,1.0,1.0,1.0,1.0,0.0,1.0,0.5,0.0,0.0,0.5980099502487561,0.6931087289433384,No,3
0.0,0.0,0.0,0.0,0.013888888888888888,1.0,0.0,0.0,0.0,0.0,0.0,0.0,1.0,0.0,0.0,1.0,1.0,0.35124378109452736,0.6788667687595712,Yes,0
1.0,0.0,0.0,0.0,0.7083333333333333,1.0,0.0,1.0,0.5,0.5,0.5,0.5,0.5,0.5,0.5,0.0,0.6666666666666666,0.008457711442786064,0.0022970903522205204,No,3
0.0,0.0,1.0,1.0,0.5833333333333333,1.0,0.0,1.0,0.5,0.5,0.5,0.5,0.5,0.5,1.0,0.0,1.0,0.01741293532338306,0.9416539050535987,No,0
0.0,0.0,1.0,1.0,0.9722222222222222,1.0,1.0,0.5,1.0,1.0,1.0,1.0,0.0,0.0,1.0,0.0,0.0,0.7527363184079602,0.8038284839203675,Yes,0
1.0,0.0,0.0,0.0,0.6666666666666666,1.0,0.0,1.0,0.5,0.5,0.5,0.5,0.5,0.5,0.5,0.0,0.0,0.01691542288557213,0.0016845329249617152,No,3
1.0,0.0,1.0,1.0,0.9444444444444444,1.0,1.0,0.5,1.0,1.0,1.0,1.0,1.0,1.0,1.0,1.0,0.6666666666666666,0.9442786069651742,0.9096477794793262,Yes,3
0.0,0.0,0.0,0.0,0.6666666666666666,1.0,1.0,1.0,0.5,0.5,0.5,0.5,0.5,0.5,1.0,0.0,0.3333333333333333,0.057213930348258696,0.05222052067381317,No,0
0.0,1.0,1.0,0.0,0.3611111111111111,1.0,0.0,0.5,0.0,1.0,0.0,0.0,0.0,1.0,0.0,0.0,0.6666666666666666,0.663681592039801,0.27304747320061257,Yes,0
1.0,0.0,1.0,0.0,0.15277777777777776,1.0,1.0,0.5,0.0,1.0,0.0,0.0,0.0,0.0,0.0,1.0,0.0,0.6194029850746269,0.9672281776416539,Yes,3
1.0,0.0,0.0,0.0,0.013888888888888888,1.0,0.0,1.0,0.5,0.5,0.5,0.5,0.5,0.5,0.0,1.0,1.0,0.010447761194029848,0.22679938744257275,Yes,3
0.0,0.0,0.0,0.0,0.375,1.0,0.0,1.0,0.5,0.5,0.5,0.5,0.5,0.5,0.5,0.0,1.0,0.008955223880596996,0.6496171516079632,No,0
0.0,1.0,0.0,0.0,0.6388888888888888,1.0,0.0,0.5,0.0,1.0,1.0,0.0,1.0,0.0,0.5,1.0,0.0,0.726865671641791,0.5390505359877489,No,0
1.0,0.0,0.0,0.0,0.013888888888888888,1.0,0.0,0.0,0.0,0.0,1.0,0.0,0.0,0.0,0.0,1.0,1.0,0.3124378109452736,0.6343032159264931,Yes,3
0.0,0.0,0.0,0.0,0.6388888888888888,1.0,0.0,0.0,0.0,0.0,1.0,1.0,0.0,0.0,1.0,0.0,0.3333333333333333,0.3592039800995025,0.3234303215926493,Yes,0
1.0,0.0,1.0,1.0,0.3472222222222222,1.0,0.0,1.0,0.5,0.5,0.5,0.5,0.5,0.5,0.0,1.0,1.0,0.008955223880596996,0.6183767228177641,No,3
1.0,0.0,0.0,0.0,0.05555555555555555,1.0,0.0,0.5,0.0,0.0,0.0,0.0,1.0,1.0,0.0,1.0,0.6666666666666666,0.6985074626865672,0.4889739663093415,Yes,3
1.0,0.0,0.0,0.0,0.18055555555555555,1.0,0.0,1.0,0.5,0.5,0.5,0.5,0.5,0.5,1.0,0.0,1.0,0.014925373134328346,0.35176110260336907,No,3
1.0,0.0,1.0,0.0,0.4305555555555555,1.0,0.0,0.0,1.0,1.0,1.0,1.0,0.0,1.0,0.5,1.0,0.3333333333333333,0.5696517412935324,0.31730474732006125,No,3
0.0,0.0,1.0,1.0,0.3194444444444444,1.0,1.0,0.5,0.0,0.0,0.0,0.0,1.0,0.0,0.0,1.0,0.6666666666666666,0.6517412935323383,0.21607963246554363,No,0
0.0,0.0,0.0,0.0,0.027777777777777776,1.0,0.0,1.0,0.5,0.5,0.5,0.5,0.5,0.5,0.0,0.0,1.0,0.011442786069651711,0.7627871362940275,No,0
0.0,0.0,0.0,0.0,0.9027777777777777,1.0,1.0,1.0,0.5,0.5,0.5,0.5,0.5,0.5,1.0,0.0,0.0,0.08208955223880599,0.18300153139356815,No,0
1.0,1.0,0.0,0.0,0.3055555555555555,1.0,1.0,0.5,0.0,0.0,0.0,1.0,1.0,0.0,0.0,1.0,0.0,0.7189054726368159,0.23139356814701378,Yes,3
0.0,0.0,1.0,1.0,0.7638888888888888,1.0,0.0,1.0,0.5,0.5,0.5,0.5,0.5,0.5,0.5,0.0,0.3333333333333333,0.008955223880596996,0.9995405819295559,No,0
1.0,0.0,1.0,0.0,0.125,1.0,0.0,0.5,0.0,1.0,1.0,1.0,1.0,0.0,0.0,1.0,1.0,0.7621890547263681,0.9658499234303216,Yes,3
1.0,0.0,1.0,1.0,0.09722222222222221,1.0,0.0,0.5,0.0,0.0,0.0,0.0,0.0,0.0,0.0,1.0,0.0,0.5144278606965175,0.6770290964777947,Yes,3
0.0,0.0,1.0,1.0,0.4861111111111111,0.0,0.5,0.0,0.0,0.0,0.0,1.0,1.0,0.0,0.5,0.0,1.0,0.2253731343283582,0.10612557427258805,No,0
1.0,0.0,0.0,0.0,0.08333333333333333,1.0,0.0,0.0,1.0,0.0,1.0,1.0,1.0,1.0,1.0,1.0,1.0,0.6169154228855721,0.6401225114854517,No,3
0.0,0.0,0.0,0.0,0.013888888888888888,1.0,0.0,0.0,1.0,0.0,0.0,0.0,0.0,0.0,0.0,1.0,0.3333333333333333,0.30199004975124377,0.62052067381317,Yes,0
1.0,0.0,0.0,0.0,0.2361111111111111,1.0,0.0,0.5,0.0,0.0,0.0,0.0,0.0,0.0,0.0,1.0,0.6666666666666666,0.5228855721393034,0.05788667687595712,No,3
1.0,0.0,1.0,1.0,0.1388888888888889,1.0,0.0,0.0,0.0,0.0,1.0,0.0,1.0,0.0,0.0,0.0,1.0,0.4174129353233831,0.7140888208269525,No,3
1.0,0.0,0.0,1.0,0.20833333333333331,1.0,0.0,0.0,0.0,0.0,1.0,1.0,0.0,0.0,0.5,0.0,0.3333333333333333,0.36766169154228856,0.9568147013782542,No,3
0.0,1.0,0.0,0.0,0.5555555555555556,0.0,0.5,0.0,1.0,1.0,0.0,0.0,1.0,1.0,0.0,1.0,0.6666666666666666,0.37363184079601985,0.2663093415007657,Yes,0
0.0,0.0,1.0,1.0,0.18055555555555555,1.0,0.0,0.0,1.0,0.0,0.0,1.0,0.0,0.0,0.5,0.0,0.0,0.35721393034825866,0.8462480857580398,No,0
1.0,0.0,1.0,0.0,0.40277777777777773,1.0,1.0,0.5,0.0,1.0,0.0,0.0,0.0,0.0,0.0,1.0,0.0,0.6159203980099502,0.2915773353751914,Yes,3
0.0,0.0,0.0,0.0,0.041666666666666664,1.0,1.0,0.5,0.0,0.0,0.0,0.0,0.0,0.0,0.0,1.0,0.6666666666666666,0.5696517412935324,0.2796324655436447,Yes,0
0.0,1.0,1.0,0.0,0.8055555555555555,1.0,1.0,0.5,0.0,0.0,0.0,1.0,1.0,1.0,0.0,1.0,0.0,0.8174129353233831,0.7269525267993874,No,0
0.0,0.0,0.0,0.0,0.625,1.0,0.0,0.0,1.0,1.0,0.0,1.0,0.0,0.0,0.5,1.0,0.3333333333333333,0.44079601990049744,0.37105666156202144,No,0
0.0,0.0,1.0,1.0,1.0,1.0,1.0,0.0,1.0,1.0,1.0,1.0,0.0,0.0,1.0,1.0,0.0,0.5194029850746269,0.6643185298621745,No,0
1.0,0.0,1.0,1.0,0.9444444444444444,1.0,1.0,0.5,1.0,1.0,0.0,0.0,0.0,0.0,0.5,1.0,0.0,0.6691542288557214,0.7199081163859111,No,3
1.0,0.0,0.0,0.0,0.013888888888888888,1.0,0.0,1.0,0.5,0.5,0.5,0.5,0.5,0.5,0.0,1.0,0.0,0.019402985074626844,0.2465543644716692,Yes,3
0.0,0.0,1.0,1.0,0.5277777777777778,1.0,0.0,0.0,1.0,1.0,0.0,0.0,0.0,0.0,0.0,0.0,0.6666666666666666,0.3606965174129353,0.2603369065849923,No,0
1.0,0.0,0.0,0.0,0.027777777777777776,1.0,0.0,1.0,0.5,0.5,0.5,0.5,0.5,0.5,0.0,0.0,1.0,0.02487562189054726,0.5724349157733537,No,3
1.0,0.0,0.0,0.0,0.15277777777777776,1.0,0.0,1.0,0.5,0.5,0.5,0.5,0.5,0.5,0.0,0.0,1.0,0.020895522388059695,0.2705972434915773,No,3
0.0,1.0,1.0,0.0,0.2777777777777778,1.0,0.0,0.5,0.0,0.0,0.0,0.0,1.0,1.0,0.5,1.0,0.0,0.7238805970149254,0.21852986217457887,No,0
1.0,0.0,1.0,0.0,1.0,1.0,1.0,0.5,0.0,1.0,1.0,0.0,1.0,1.0,1.0,1.0,0.0,0.8611940298507462,0.8817764165390505,No,3
0.0,0.0,1.0,0.0,0.041666666666666664,1.0,1.0,0.5,0.0,0.0,0.0,0.0,0.0,0.0,0.0,1.0,0.3333333333333333,0.5621890547263682,0.29555895865237364,Yes,0
1.0,0.0,0.0,0.0,0.3194444444444444,1.0,1.0,0.5,0.0,0.0,1.0,1.0,1.0,1.0,0.0,1.0,1.0,0.8537313432835821,0.3248085758039816,Yes,3
1.0,0.0,0.0,0.0,0.5555555555555556,1.0,0.0,0.0,0.0,0.0,0.0,1.0,0.0,0.0,0.0,1.0,0.6666666666666666,0.32686567164179103,0.26355283307810107,No,3
1.0,1.0,1.0,0.0,0.861111111111111,1.0,1.0,0.5,0.0,1.0,0.0,0.0,0.0,1.0,0.0,1.0,0.0,0.7119402985074627,0.7137825421133231,No,3
0.0,0.0,0.0,1.0,0.3055555555555555,1.0,0.0,1.0,0.5,0.5,0.5,0.5,0.5,0.5,0.0,1.0,0.6666666666666666,0.02288557213930348,0.6082695252679938,No,0
0.0,0.0,0.0,0.0,0.15277777777777776,1.0,0.0,0.0,1.0,0.0,1.0,0.0,0.0,1.0,0.0,0.0,0.0,0.45572139303482584,0.8705972434915773,No,0
1.0,1.0,1.0,0.0,0.09722222222222221,1.0,1.0,0.5,0.0,0.0,0.0,0.0,0.0,0.0,0.0,1.0,0.6666666666666666,0.56318407960199,0.6264931087289434,No,3
0.0,0.0,0.0,0.0,0.18055555555555555,1.0,1.0,0.5,1.0,1.0,0.0,0.0,1.0,0.0,0.0,1.0,0.6666666666666666,0.7800995024875622,0.0683001531393568,Yes,0
1.0,1.0,0.0,0.0,0.013888888888888888,1.0,0.0,1.0,0.5,0.5,0.5,0.5,0.5,0.5,0.0,0.0,1.0,0.01791044776119402,0.24609494640122512,Yes,3
0.0,0.0,0.0,0.0,0.5416666666666666,1.0,1.0,0.5,0.0,1.0,1.0,0.0,1.0,1.0,0.0,1.0,0.6666666666666666,0.8477611940298507,0.5223583460949464,Yes,0
1.0,0.0,1.0,0.0,0.041666666666666664,0.0,0.5,0.0,0.0,0.0,0.0,0.0,0.0,0.0,0.0,0.0,1.0,0.06716417910447761,0.9047473200612557,No,3
1.0,0.0,0.0,0.0,0.8055555555555555,1.0,0.0,1.0,0.5,0.5,0.5,0.5,0.5,0.5,1.0,0.0,0.3333333333333333,0.020398009950248763,0.03950995405819296,No,3
1.0,0.0,0.0,1.0,0.08333333333333333,1.0,1.0,1.0,0.5,0.5,0.5,0.5,0.5,0.5,0.0,0.0,1.0,0.08059701492537313,0.21347626339969372,No,3
0.0,0.0,1.0,1.0,0.013888888888888888,1.0,0.0,1.0,0.5,0.5,0.5,0.5,0.5,0.5,0.0,1.0,0.6666666666666666,0.01641791044776117,0.22848392036753445,Yes,0
0.0,0.0,1.0,0.0,0.3055555555555555,1.0,0.0,0.0,0.0,1.0,1.0,0.0,0.0,0.0,0.0,1.0,1.0,0.36268656716417913,0.050995405819295556,No,0
1.0,0.0,1.0,0.0,0.19444444444444442,0.0,0.5,0.0,0.0,0.0,0.0,0.0,1.0,1.0,0.0,0.0,0.6666666666666666,0.2796019900497512,0.8114854517611025,Yes,3
1.0,0.0,1.0,1.0,0.8888888888888888,1.0,1.0,0.5,0.0,0.0,1.0,0.0,0.0,1.0,0.5,0.0,0.3333333333333333,0.7164179104477612,0.7136294027565084,No,3
1.0,0.0,0.0,0.0,0.013888888888888888,1.0,0.0,1.0,0.5,0.5,0.5,0.5,0.5,0.5,0.0,0.0,0.6666666666666666,0.01691542288557213,0.22863705972434914,Yes,3
1.0,0.0,0.0,0.0,0.08333333333333333,1.0,0.0,1.0,0.5,0.5,0.5,0.5,0.5,0.5,0.0,0.0,1.0,0.023880597014925342,0.02679938744257274,No,3
1.0,0.0,0.0,0.0,0.013888888888888888,1.0,0.0,0.5,0.0,0.0,0.0,0.0,0.0,1.0,0.0,0.0,0.6666666666666666,0.6104477611940298,0.9142419601837672,Yes,3
1.0,0.0,0.0,1.0,0.5416666666666666,1.0,1.0,1.0,0.5,0.5,0.5,0.5,0.5,0.5,0.5,0.0,0.0,0.07164179104477608,0.989739663093415,No,3
0.0,0.0,0.0,0.0,0.2777777777777778,1.0,0.0,1.0,0.5,0.5,0.5,0.5,0.5,0.5,0.5,0.0,1.0,0.01243781094527363,0.5278713629402756,No,0
1.0,0.0,0.0,0.0,0.013888888888888888,1.0,0.0,0.5,0.0,0.0,0.0,1.0,0.0,0.0,0.0,1.0,0.6666666666666666,0.5736318407960199,0.8848392036753445,Yes,3
1.0,0.0,1.0,0.0,0.013888888888888888,1.0,0.0,0.5,0.0,0.0,1.0,0.0,0.0,0.0,0.0,0.0,0.6666666666666666,0.5766169154228856,0.8914241960183767,Yes,3
1.0,0.0,1.0,0.0,0.8888888888888888,1.0,1.0,0.0,1.0,0.0,0.0,0.0,1.0,0.0,0.5,1.0,0.3333333333333333,0.47661691542288565,0.5713629402756508,No,3
1.0,0.0,0.0,1.0,0.013888888888888888,1.0,0.0,1.0,0.5,0.5,0.5,0.5,0.5,0.5,0.0,0.0,1.0,0.009950248756218888,0.22664624808575803,Yes,3
0.0,0.0,1.0,0.0,0.6388888888888888,1.0,0.0,0.0,0.0,1.0,0.0,0.0,1.0,1.0,0.0,1.0,0.3333333333333333,0.5059701492537313,0.4211332312404288,No,0
0.0,1.0,1.0,1.0,0.38888888888888884,0.0,0.5,0.0,0.0,1.0,0.0,0.0,0.0,1.0,0.5,1.0,0.6666666666666666,0.20746268656716416,0.029402756508422664,No,0
0.0,0.0,1.0,0.0,0.4583333333333333,1.0,0.0,1.0,0.5,0.5,0.5,0.5,0.5,0.5,0.0,0.0,1.0,0.01791044776119402,0.8131699846860643,No,0
1.0,0.0,1.0,1.0,0.5416666666666666,1.0,0.0,0.0,1.0,1.0,1.0,0.0,0.0,0.0,0.5,0.0,0.6666666666666666,0.4134328358208955,0.3029096477794793,No,3
0.0,0.0,1.0,0.0,0.5833333333333333,1.0,1.0,0.5,0.0,0.0,1.0,1.0,0.0,0.0,0.0,1.0,0.6666666666666666,0.6572139303482587,0.4758039816232772,Yes,0
0.0,0.0,0.0,0.0,0.013888888888888888,1.0,0.0,0.0,0.0,1.0,0.0,0.0,0.0,0.0,0.0,1.0,0.6666666666666666,0.30199004975124377,0.62052067381317,No,0
0.0,0.0,0.0,0.0,0.09722222222222221,1.0,0.0,0.5,0.0,0.0,0.0,0.0,1.0,0.0,0.0,1.0,0.6666666666666666,0.6044776119402985,0.6696784073506891,Yes,0
1.0,1.0,1.0,0.0,0.9722222222222222,1.0,0.0,0.5,1.0,1.0,1.0,0.0,1.0,1.0,1.0,0.0,0.3333333333333333,0.8666666666666666,0.8857580398162327,No,3
1.0,0.0,0.0,0.0,0.9027777777777777,1.0,1.0,1.0,0.5,0.5,0.5,0.5,0.5,0.5,1.0,1.0,0.0,0.0681592039800995,0.1883614088820827,No,3
1.0,0.0,0.0,0.0,0.013888888888888888,1.0,0.0,0.0,1.0,0.0,0.0,0.0,0.0,0.0,0.0,0.0,0.6666666666666666,0.3134328358208955,0.6346094946401225,No,3
1.0,0.0,1.0,0.0,0.25,1.0,1.0,0.5,0.0,0.0,0.0,0.0,1.0,1.0,0.0,1.0,0.6666666666666666,0.7611940298507462,0.18238897396630935,No,3
1.0,0.0,1.0,0.0,0.3333333333333333,1.0,1.0,0.5,0.0,0.0,0.0,0.0,1.0,1.0,0.0,1.0,0.6666666666666666,0.7437810945273632,0.2880551301684533,No,3
1.0,0.0,0.0,0.0,0.875,1.0,1.0,0.0,1.0,0.0,1.0,1.0,0.0,1.0,1.0,1.0,0.0,0.5338308457711444,0.5817764165390505,No,3
0.0,0.0,0.0,1.0,0.611111111111111,1.0,1.0,0.0,0.0,1.0,0.0,0.0,1.0,1.0,0.5,1.0,1.0,0.590049751243781,0.4601837672281776,No,0
1.0,0.0,0.0,0.0,0.05555555555555555,1.0,0.0,1.0,0.5,0.5,0.5,0.5,0.5,0.5,0.0,1.0,0.6666666666666666,0.015920398009950265,0.7793261868300153,No,3
0.0,0.0,0.0,0.0,0.013888888888888888,1.0,0.0,0.5,0.0,0.0,0.0,0.0,0.0,0.0,0.0,1.0,0.6666666666666666,0.5174129353233831,0.8431852986217457,Yes,0
0.0,0.0,1.0,1.0,0.5138888888888888,1.0,1.0,0.5,0.0,0.0,0.0,0.0,1.0,1.0,0.0,1.0,0.6666666666666666,0.7661691542288557,0.44088820826952524,No,0
0.0,1.0,0.0,0.0,0.1388888888888889,1.0,0.0,0.5,0.0,0.0,1.0,0.0,0.0,1.0,0.0,1.0,0.3333333333333333,0.6601990049751243,0.9575803981623277,Yes,0
1.0,0.0,0.0,0.0,0.4722222222222222,0.0,0.5,0.0,0.0,0.0,0.0,0.0,0.0,0.0,0.0,1.0,0.0,0.06766169154228854,0.9522205206738131,No,3
1.0,0.0,1.0,0.0,0.4861111111111111,0.0,0.5,0.0,1.0,0.0,1.0,0.0,1.0,1.0,0.5,0.0,0.3333333333333333,0.3472636815920398,0.2346094946401225,No,3
0.0,0.0,1.0,0.0,0.05555555555555555,1.0,0.0,1.0,0.5,0.5,0.5,0.5,0.5,0.5,0.0,0.0,0.6666666666666666,0.018905472636815884,0.9716692189892803,No,0
0.0,1.0,1.0,0.0,0.5416666666666666,1.0,1.0,0.5,0.0,0.0,0.0,1.0,1.0,1.0,0.0,1.0,0.6666666666666666,0.8258706467661691,0.5165390505359877,No,0
1.0,1.0,1.0,0.0,0.5972222222222222,1.0,0.0,0.5,0.0,1.0,1.0,0.0,1.0,1.0,0.5,1.0,0.0,0.8189054726368158,0.5612557427258805,No,3
0.0,0.0,1.0,1.0,0.2361111111111111,1.0,1.0,1.0,0.5,0.5,0.5,0.5,0.5,0.5,0.0,0.0,1.0,0.05820895522388059,0.5341500765696784,Yes,0
0.0,0.0,1.0,0.0,0.8472222222222222,1.0,1.0,1.0,0.5,0.5,0.5,0.5,0.5,0.5,1.0,0.0,0.0,0.07014925373134329,0.15237366003062786,No,0
0.0,0.0,1.0,0.0,0.6805555555555555,1.0,1.0,0.0,1.0,1.0,1.0,0.0,0.0,1.0,0.5,0.0,0.6666666666666666,0.5328358208955224,0.4603369065849923,No,0
1.0,0.0,0.0,0.0,0.05555555555555555,1.0,0.0,1.0,0.5,0.5,0.5,0.5,0.5,0.5,0.5,0.0,1.0,0.014427860696517386,0.04839203675344563,No,3
0.0,0.0,1.0,1.0,0.8888888888888888,0.0,0.5,0.0,0.0,1.0,1.0,1.0,0.0,1.0,1.0,0.0,0.6666666666666666,0.3144278606965174,0.4280245022970903,No,0
1.0,0.0,0.0,0.0,0.041666666666666664,1.0,0.0,0.5,0.0,0.0,0.0,0.0,0.0,0.0,0.0,1.0,1.0,0.5109452736318407,0.25941807044410414,No,3
1.0,0.0,1.0,1.0,0.013888888888888888,1.0,0.0,1.0,0.5,0.5,0.5,0.5,0.5,0.5,0.0,0.0,0.6666666666666666,0.014925373134328346,0.22802450229709034,No,3
1.0,0.0,1.0,0.0,0.5555555555555556,1.0,0.0,0.5,0.0,1.0,1.0,0.0,0.0,0.0,0.5,0.0,0.6666666666666666,0.6223880597014925,0.41730474732006123,No,3
0.0,0.0,0.0,1.0,0.013888888888888888,1.0,0.0,0.0,1.0,1.0,0.0,1.0,0.0,0.0,0.0,1.0,0.6666666666666666,0.41542288557213924,0.7519142419601837,Yes,0
1.0,0.0,0.0,0.0,0.1111111111111111,1.0,1.0,0.5,0.0,0.0,0.0,0.0,0.0,1.0,0.0,1.0,0.6666666666666666,0.6796019900497512,0.7970903522205206,Yes,3
0.0,1.0,1.0,0.0,0.013888888888888888,1.0,0.0,1.0,0.5,0.5,0.5,0.5,0.5,0.5,0.0,1.0,1.0,0.025870646766169153,0.24854517611026034,Yes,0
0.0,1.0,1.0,0.0,0.4722222222222222,1.0,0.0,0.0,0.0,0.0,1.0,1.0,1.0,0.0,0.5,0.0,0.0,0.45721393034825875,0.2658499234303216,No,0
0.0,0.0,1.0,0.0,0.013888888888888888,0.0,0.5,0.0,0.0,0.0,0.0,0.0,0.0,1.0,0.0,0.0,0.6666666666666666,0.16666666666666663,0.46370597243491574,No,0
0.0,0.0,0.0,0.0,0.5416666666666666,0.0,0.5,0.0,0.0,0.0,1.0,0.0,1.0,1.0,0.0,1.0,0.6666666666666666,0.3233830845771144,0.25130168453292495,Yes,0
0.0,1.0,1.0,0.0,0.8055555555555555,1.0,0.0,0.5,1.0,1.0,0.0,1.0,1.0,1.0,0.5,1.0,0.3333333333333333,0.8681592039800995,0.7730474732006125,Yes,0
1.0,0.0,1.0,1.0,0.625,1.0,0.0,1.0,0.5,0.5,0.5,0.5,0.5,0.5,1.0,0.0,0.6666666666666666,0.009452736318407956,0.9699846860643185,No,3
1.0,1.0,0.0,0.0,0.08333333333333333,1.0,0.0,0.5,1.0,0.0,0.0,0.0,1.0,0.0,0.0,1.0,0.0,0.6656716417910448,0.6523736600306278,Yes,3
1.0,0.0,0.0,0.0,0.5972222222222222,1.0,0.0,0.5,1.0,1.0,1.0,1.0,0.0,0.0,0.5,1.0,0.3333333333333333,0.7203980099502488,0.5085758039816233,No,3
1.0,0.0,1.0,1.0,0.5694444444444444,1.0,0.0,1.0,0.5,0.5,0.5,0.5,0.5,0.5,1.0,1.0,1.0,0.01741293532338306,0.9618683001531393,No,3
1.0,0.0,0.0,0.0,0.06944444444444445,1.0,0.0,0.5,0.0,1.0,0.0,0.0,0.0,0.0,0.0,1.0,0.6666666666666666,0.5611940298507463,0.5021439509954058,No,3
1.0,0.0,0.0,0.0,1.0,0.0,0.5,0.0,1.0,0.0,1.0,1.0,1.0,1.0,1.0,1.0,0.3333333333333333,0.42736318407960205,0.5709035222052067,No,3
1.0,0.0,0.0,0.0,0.05555555555555555,1.0,0.0,1.0,0.5,0.5,0.5,0.5,0.5,0.5,0.5,0.0,1.0,0.01691542288557213,0.8232771822358346,No,3
1.0,0.0,1.0,1.0,0.125,1.0,0.0,0.0,0.0,1.0,0.0,1.0,0.0,0.0,0.0,0.0,1.0,0.363681592039801,0.5892802450229709,No,3
1.0,1.0,1.0,0.0,1.0,1.0,1.0,0.0,0.0,0.0,1.0,0.0,1.0,1.0,1.0,1.0,0.3333333333333333,0.5492537313432836,0.6817764165390505,No,3
0.0,0.0,1.0,0.0,0.4583333333333333,1.0,0.0,0.0,0.0,0.0,0.0,1.0,0.0,0.0,0.5,1.0,1.0,0.33034825870646767,0.19617151607963246,No,0
0.0,0.0,1.0,0.0,1.0,1.0,1.0,0.5,1.0,0.0,0.0,0.0,0.0,0.0,1.0,0.0,0.0,0.618905472636816,0.7255742725880551,No,0
1.0,0.0,1.0,0.0,0.3055555555555555,1.0,0.0,0.0,1.0,0.0,0.0,1.0,0.0,0.0,0.0,1.0,0.6666666666666666,0.3577114427860697,0.0442572741194487,Yes,3
0.0,0.0,1.0,0.0,0.9722222222222222,1.0,1.0,0.5,0.0,1.0,1.0,1.0,1.0,1.0,0.5,1.0,0.6666666666666666,0.9079601990049752,0.8967840735068913,Yes,0
1.0,0.0,1.0,1.0,0.29166666666666663,1.0,1.0,0.5,0.0,1.0,1.0,0.0,1.0,1.0,0.0,0.0,0.6666666666666666,0.8572139303482588,0.27151607963246555,Yes,3
1.0,0.0,0.0,0.0,0.20833333333333331,1.0,0.0,0.5,0.0,0.0,1.0,0.0,1.0,0.0,0.0,0.0,0.6666666666666666,0.6671641791044776,0.06171516079632465,No,3
1.0,1.0,1.0,0.0,0.40277777777777773,1.0,1.0,0.5,0.0,0.0,0.0,1.0,0.0,0.0,0.0,1.0,0.6666666666666666,0.6074626865671642,0.3150076569678407,No,3
0.0,0.0,1.0,1.0,0.20833333333333331,1.0,0.0,0.0,0.0,1.0,1.0,1.0,1.0,1.0,0.0,0.0,0.0,0.5796019900497512,0.0447166921898928,No,0
1.0,1.0,1.0,1.0,0.986111111111111,1.0,1.0,0.5,1.0,1.0,0.0,0.0,1.0,1.0,0.0,1.0,0.3333333333333333,0.8641791044776118,0.8877488514548239,Yes,3
1.0,1.0,0.0,0.0,1.0,1.0,1.0,1.0,0.5,0.5,0.5,0.5,0.5,0.5,1.0,0.0,0.0,0.07114427860696515,0.20765696784073506,No,3
0.0,0.0,1.0,0.0,0.2638888888888889,1.0,1.0,0.5,0.0,0.0,0.0,0.0,1.0,0.0,0.0,1.0,0.6666666666666666,0.6825870646766168,0.1551301684532925,No,0
1.0,0.0,0.0,0.0,0.013888888888888888,1.0,0.0,1.0,0.5,0.5,0.5,0.5,0.5,0.5,0.0,0.0,1.0,0.013930348258706454,0.22771822358346094,No,3
0.0,0.0,0.0,0.0,0.013888888888888888,1.0,0.0,0.5,0.0,1.0,0.0,0.0,0.0,0.0,0.0,1.0,0.6666666666666666,0.5716417910447761,0.8843797856049004,Yes,0
0.0,0.0,0.0,0.0,0.027777777777777776,1.0,0.0,0.0,0.0,0.0,0.0,0.0,0.0,0.0,0.0,0.0,0.6666666666666666,0.2716417910447761,0.9453292496171516,No,0
0.0,1.0,1.0,1.0,0.15277777777777776,1.0,1.0,0.5,0.0,0.0,1.0,0.0,0.0,0.0,0.0,1.0,0.3333333333333333,0.5955223880597014,0.9569678407350689,No,0
0.0,0.0,0.0,0.0,0.16666666666666666,1.0,0.0,1.0,0.5,0.5,0.5,0.5,0.5,0.5,0.5,0.0,1.0,0.010447761194029848,0.2940275650842266,No,0
0.0,0.0,1.0,0.0,0.9722222222222222,1.0,1.0,0.5,0.0,1.0,1.0,1.0,1.0,1.0,1.0,1.0,0.6666666666666666,0.917910447761194,0.9024502297090352,No,0
0.0,1.0,1.0,0.0,0.2777777777777778,1.0,1.0,0.5,0.0,0.0,1.0,0.0,1.0,0.0,0.0,0.0,0.6666666666666666,0.7218905472636815,0.23797856049004593,Yes,0
0.0,0.0,0.0,0.0,0.3194444444444444,1.0,0.0,1.0,0.5,0.5,0.5,0.5,0.5,0.5,0.0,1.0,0.0,0.020398009950248763,0.6099540581929556,No,0
1.0,1.0,0.0,0.0,0.6805555555555555,1.0,1.0,0.0,1.0,1.0,1.0,1.0,0.0,1.0,1.0,0.0,0.3333333333333333,0.6278606965174128,0.5318529862174579,No,3
0.0,0.0,1.0,1.0,0.05555555555555555,1.0,1.0,0.5,0.0,1.0,0.0,0.0,1.0,1.0,0.0,1.0,0.6666666666666666,0.7930348258706468,0.5033690658499235,Yes,0
1.0,0.0,0.0,0.0,0.4444444444444444,1.0,1.0,0.5,1.0,1.0,0.0,1.0,1.0,1.0,0.0,1.0,0.3333333333333333,0.8945273631840797,0.4552833078101072,Yes,3
1.0,0.0,0.0,1.0,0.027777777777777776,1.0,0.0,0.0,0.0,0.0,0.0,0.0,0.0,1.0,0.0,1.0,0.6666666666666666,0.3686567164179104,0.024196018376722816,No,3
1.0,1.0,1.0,0.0,0.9583333333333333,0.0,0.5,0.0,1.0,1.0,0.0,0.0,1.0,1.0,1.0,0.0,0.3333333333333333,0.38109452736318405,0.5171516079632466,No,3
1.0,0.0,0.0,0.0,0.08333333333333333,1.0,0.0,0.5,0.0,0.0,0.0,0.0,1.0,0.0,0.0,1.0,0.3333333333333333,0.6194029850746269,0.6013782542113323,Yes,3
0.0,0.0,1.0,1.0,0.3333333333333333,1.0,0.0,1.0,0.5,0.5,0.5,0.5,0.5,0.5,1.0,1.0,1.0,0.014427860696517386,0.6410413476263399,No,0
0.0,0.0,0.0,0.0,0.4444444444444444,1.0,1.0,0.5,0.0,1.0,1.0,0.0,1.0,1.0,0.5,1.0,0.3333333333333333,0.8537313432835821,0.45329249617151607,No,0
0.0,0.0,0.0,0.0,0.375,1.0,0.0,0.0,1.0,1.0,0.0,0.0,0.0,0.0,1.0,0.0,0.0,0.3442786069651741,0.13782542113323124,No,0
0.0,1.0,1.0,0.0,0.375,1.0,1.0,0.5,1.0,0.0,0.0,1.0,1.0,1.0,0.0,1.0,0.0,0.8562189054726367,0.3787136294027565,Yes,0
1.0,0.0,0.0,0.0,0.8055555555555555,1.0,1.0,0.5,0.0,0.0,0.0,1.0,0.0,0.0,0.0,0.0,0.0,0.6208955223880598,0.622052067381317,No,3
1.0,0.0,0.0,0.0,0.013888888888888888,1.0,0.0,0.5,0.0,0.0,0.0,0.0,0.0,0.0,0.0,1.0,1.0,0.5283582089552238,0.8528330781010719,Yes,3
0.0,0.0,1.0,1.0,0.25,1.0,1.0,1.0,0.5,0.5,0.5,0.5,0.5,0.5,1.0,1.0,0.3333333333333333,0.06368159203980098,0.6105666156202144,No,0
0.0,0.0,1.0,1.0,0.6527777777777778,1.0,0.0,1.0,0.5,0.5,0.5,0.5,0.5,0.5,1.0,1.0,0.0,0.03034825870646765,0.012404287901990812,No,0
0.0,0.0,1.0,1.0,0.9722222222222222,1.0,1.0,0.5,0.0,1.0,1.0,1.0,1.0,1.0,1.0,1.0,0.6666666666666666,0.9149253731343284,0.8975497702909647,No,0
0.0,0.0,0.0,0.0,0.18055555555555555,1.0,1.0,0.5,0.0,1.0,1.0,1.0,0.0,0.0,0.0,0.0,0.6666666666666666,0.7079601990049752,0.03966309341500766,Yes,0
0.0,0.0,1.0,1.0,0.5,1.0,0.0,0.0,1.0,0.0,0.0,0.0,0.0,0.0,0.0,0.0,0.3333333333333333,0.3263681592039801,0.20934150076569677,No,0
1.0,0.0,0.0,0.0,0.9305555555555555,1.0,0.0,1.0,0.5,0.5,0.5,0.5,0.5,0.5,1.0,1.0,1.0,0.015422885572139305,0.08728943338437978,No,3
0.0,0.0,0.0,0.0,0.1388888888888889,1.0,0.0,1.0,0.5,0.5,0.5,0.5,0.5,0.5,0.0,1.0,1.0,0.01641791044776117,0.24410413476263398,No,0
1.0,1.0,0.0,0.0,0.2638888888888889,1.0,0.0,0.5,1.0,0.0,0.0,0.0,0.0,1.0,0.0,1.0,0.6666666666666666,0.6870646766169154,0.16967840735068912,No,3
0.0,0.0,1.0,1.0,0.986111111111111,1.0,0.0,1.0,0.5,0.5,0.5,0.5,0.5,0.5,1.0,0.0,0.0,0.015920398009950265,0.09065849923430322,No,0
1.0,0.0,1.0,1.0,1.0,1.0,1.0,0.0,1.0,1.0,1.0,1.0,1.0,1.0,1.0,1.0,1.0,0.7079601990049752,0.7872894333843797,No,3
0.0,0.0,1.0,1.0,0.6666666666666666,1.0,0.0,1.0,0.5,0.5,0.5,0.5,0.5,0.5,1.0,0.0,1.0,0.01741293532338306,0.9813169984686064,No,0
1.0,0.0,0.0,0.0,0.013888888888888888,1.0,0.0,1.0,0.5,0.5,0.5,0.5,0.5,0.5,0.0,0.0,1.0,0.01791044776119402,0.24609494640122512,No,3
1.0,0.0,1.0,1.0,0.25,1.0,0.0,0.0,1.0,0.0,1.0,1.0,1.0,1.0,0.0,0.0,0.6666666666666666,0.6467661691542288,0.16416539050535986,No,3
1.0,0.0,0.0,0.0,0.013888888888888888,1.0,0.0,1.0,0.5,0.5,0.5,0.5,0.5,0.5,0.0,0.0,1.0,0.023383084577114438,0.24777947932618682,Yes,3
1.0,1.0,1.0,0.0,0.9305555555555555,1.0,1.0,0.5,0.0,1.0,0.0,1.0,1.0,1.0,1.0,0.0,0.0,0.8422885572139304,0.8411944869831547,No,3
1.0,0.0,1.0,1.0,0.9583333333333333,0.0,0.5,0.0,1.0,0.0,1.0,1.0,0.0,0.0,1.0,0.0,1.0,0.20746268656716416,0.3686064318529862,No,3
1.0,0.0,0.0,0.0,0.2638888888888889,1.0,1.0,0.5,0.0,1.0,0.0,0.0,1.0,1.0,0.0,1.0,0.6666666666666666,0.8129353233830846,0.2349157733537519,Yes,3
1.0,1.0,1.0,0.0,1.0,1.0,1.0,0.5,1.0,1.0,1.0,1.0,1.0,1.0,1.0,1.0,1.0,0.9577114427860697,0.9418070444104134,No,3
0.0,1.0,0.0,0.0,0.5277777777777778,1.0,0.0,1.0,0.5,0.5,0.5,0.5,0.5,0.5,1.0,0.0,1.0,0.019402985074626844,0.872281776416539,No,0
1.0,1.0,1.0,0.0,0.5555555555555556,1.0,0.0,0.0,0.0,0.0,0.0,0.0,0.0,1.0,0.5,0.0,0.6666666666666666,0.37363184079601985,0.2947932618683001,No,3
0.0,0.0,1.0,1.0,0.8472222222222222,1.0,1.0,1.0,0.5,0.5,0.5,0.5,0.5,0.5,1.0,1.0,1.0,0.05920398009950248,0.12649310872894334,No,0
0.0,0.0,0.0,0.0,0.1388888888888889,1.0,1.0,0.5,0.0,1.0,0.0,0.0,0.0,0.0,0.0,1.0,0.3333333333333333,0.6243781094527363,0.9326186830015314,Yes,0
1.0,0.0,1.0,0.0,0.4444444444444444,1.0,1.0,0.0,1.0,0.0,0.0,1.0,1.0,0.0,0.5,1.0,0.3333333333333333,0.5427860696517413,0.3013782542113323,No,3
0.0,0.0,0.0,0.0,0.29166666666666663,1.0,1.0,0.5,0.0,1.0,0.0,0.0,1.0,1.0,0.0,1.0,0.3333333333333333,0.8119402985074626,0.2448698315467075,No,0
0.0,1.0,0.0,0.0,0.8194444444444444,1.0,1.0,0.5,0.0,0.0,1.0,0.0,1.0,1.0,0.5,1.0,0.6666666666666666,0.808457711442786,0.739969372128637,No,0
0.0,1.0,1.0,0.0,0.18055555555555555,1.0,0.0,0.5,0.0,0.0,0.0,0.0,0.0,0.0,0.0,1.0,0.6666666666666666,0.5164179104477612,0.9736600306278713,Yes,0
0.0,0.0,0.0,0.0,0.6527777777777778,1.0,0.0,1.0,0.5,0.5,0.5,0.5,0.5,0.5,1.0,0.0,0.3333333333333333,0.019900497512437804,0.009647779479326187,No,0
1.0,0.0,1.0,1.0,0.9583333333333333,1.0,1.0,1.0,0.5,0.5,0.5,0.5,0.5,0.5,1.0,1.0,0.0,0.0771144278606965,0.20459418070444105,No,3
1.0,0.0,0.0,0.0,0.027777777777777776,1.0,0.0,1.0,0.5,0.5,0.5,0.5,0.5,0.5,0.0,1.0,0.3333333333333333,0.01641791044776117,0.43843797856049005,No,3
0.0,0.0,1.0,1.0,0.3055555555555555,1.0,0.0,1.0,0.5,0.5,0.5,0.5,0.5,0.5,0.0,0.0,0.0,0.007960199004975133,0.5921898928024502,No,0
1.0,1.0,1.0,0.0,0.20833333333333331,1.0,1.0,0.5,1.0,0.0,1.0,0.0,1.0,0.0,0.0,1.0,0.6666666666666666,0.7786069651741293,0.10980091883614089,No,3
0.0,0.0,0.0,0.0,0.736111111111111,1.0,0.0,1.0,0.5,0.5,0.5,0.5,0.5,0.5,1.0,0.0,0.3333333333333333,0.015920398009950265,0.01454823889739663,No,0
0.0,1.0,1.0,0.0,0.38888888888888884,1.0,1.0,1.0,0.5,0.5,0.5,0.5,0.5,0.5,0.0,0.0,1.0,0.07412935323383085,0.8713629402756509,No,0
1.0,0.0,0.0,0.0,0.3055555555555555,1.0,0.0,1.0,0.5,0.5,0.5,0.5,0.5,0.5,0.5,0.0,1.0,0.020398009950248763,0.6157733537519142,No,3
0.0,0.0,0.0,0.0,0.013888888888888888,1.0,0.0,0.5,0.0,0.0,0.0,0.0,0.0,0.0,0.0,1.0,1.0,0.5164179104477612,0.8428790199081163,Yes,0
1.0,1.0,1.0,0.0,0.2222222222222222,1.0,0.0,0.5,0.0,0.0,1.0,1.0,0.0,1.0,0.0,1.0,0.6666666666666666,0.7293532338308457,0.14961715160796324,No,3
0.0,0.0,1.0,1.0,0.6666666666666666,0.0,0.5,0.0,1.0,1.0,0.0,1.0,0.0,0.0,1.0,0.0,1.0,0.2104477611940298,0.24211332312404288,No,0
1.0,1.0,1.0,0.0,0.41666666666666663,1.0,1.0,0.5,1.0,1.0,1.0,1.0,1.0,0.0,0.0,1.0,0.0,0.8701492537313432,0.4234303215926493,No,3
0.0,0.0,0.0,0.0,0.041666666666666664,1.0,0.0,0.5,0.0,0.0,0.0,0.0,0.0,0.0,0.0,1.0,0.6666666666666666,0.5174129353233831,0.2960183767228178,No,0
1.0,1.0,0.0,0.0,0.7916666666666666,1.0,1.0,0.5,1.0,0.0,0.0,1.0,0.0,1.0,1.0,0.0,0.6666666666666666,0.7512437810945274,0.7134762633996937,No,3
0.0,1.0,1.0,0.0,0.9444444444444444,1.0,1.0,0.5,1.0,1.0,0.0,0.0,0.0,1.0,0.5,1.0,0.3333333333333333,0.7791044776119402,0.8042879019908116,Yes,0
0.0,0.0,1.0,0.0,0.3194444444444444,1.0,0.0,0.0,0.0,0.0,0.0,1.0,1.0,0.0,0.5,0.0,0.0,0.41542288557213924,0.09709035222052068,No,0
0.0,0.0,1.0,0.0,0.9027777777777777,1.0,0.0,0.0,0.0,0.0,0.0,1.0,1.0,0.0,1.0,1.0,0.3333333333333333,0.4134328358208955,0.5,No,0
1.0,0.0,1.0,0.0,0.611111111111111,1.0,0.0,0.5,0.0,0.0,0.0,0.0,1.0,1.0,0.5,1.0,0.0,0.7203980099502488,0.5202143950995406,No,3
0.0,0.0,1.0,1.0,0.986111111111111,1.0,1.0,0.5,1.0,1.0,1.0,0.0,1.0,1.0,1.0,1.0,0.0,0.9029850746268656,0.8961715160796324,No,0
0.0,0.0,1.0,0.0,0.5138888888888888,1.0,1.0,0.0,1.0,0.0,1.0,1.0,0.0,0.0,0.5,0.0,0.3333333333333333,0.4960199004975123,0.3257274119448698,No,0
0.0,0.0,0.0,0.0,0.16666666666666666,1.0,0.0,1.0,0.5,0.5,0.5,0.5,0.5,0.5,0.0,0.0,1.0,0.021393034825870627,0.3540581929555896,No,0
1.0,0.0,1.0,1.0,0.9583333333333333,1.0,1.0,0.0,0.0,1.0,1.0,1.0,1.0,1.0,1.0,1.0,0.0,0.6338308457711442,0.7105666156202144,No,3
0.0,0.0,0.0,0.0,0.4861111111111111,1.0,0.0,0.0,1.0,1.0,1.0,0.0,0.0,0.0,0.0,0.0,0.6666666666666666,0.4208955223880596,0.2434915773353752,No,0
1.0,0.0,0.0,0.0,0.06944444444444445,1.0,0.0,0.0,0.0,1.0,0.0,1.0,0.0,1.0,0.0,1.0,0.0,0.47114427860696506,0.44992343032159265,No,3
1.0,0.0,1.0,1.0,0.8055555555555555,1.0,1.0,0.5,0.0,0.0,0.0,0.0,1.0,0.0,1.0,0.0,0.0,0.6393034825870647,0.6243491577335375,No,3
1.0,0.0,1.0,0.0,1.0,1.0,1.0,0.0,1.0,1.0,1.0,1.0,0.0,1.0,1.0,1.0,0.0,0.6373134328358209,0.7500765696784073,No,3
1.0,0.0,1.0,0.0,1.0,1.0,1.0,0.0,1.0,1.0,1.0,1.0,0.0,0.0,1.0,0.0,1.0,0.49651741293532337,0.6223583460949463,No,3
0.0,0.0,0.0,0.0,0.013888888888888888,1.0,0.0,1.0,0.5,0.5,0.5,0.5,0.5,0.5,0.0,0.0,0.3333333333333333,0.020398009950248763,0.2468606431852986,No,0
0.0,0.0,0.0,0.0,0.5416666666666666,1.0,0.0,0.5,1.0,0.0,1.0,1.0,1.0,0.0,0.5,1.0,0.6666666666666666,0.7691542288557214,0.4879019908116386,Yes,0
1.0,0.0,1.0,1.0,0.736111111111111,1.0,0.0,1.0,0.5,0.5,0.5,0.5,0.5,0.5,0.5,0.0,0.3333333333333333,0.019402985074626844,0.02006125574272588,No,3
0.0,0.0,0.0,0.0,0.375,1.0,0.0,0.5,0.0,0.0,1.0,1.0,0.0,1.0,0.0,1.0,0.6666666666666666,0.7059701492537314,0.3093415007656968,No,0
0.0,1.0,0.0,0.0,0.013888888888888888,1.0,0.0,0.5,0.0,0.0,0.0,0.0,0.0,0.0,0.0,1.0,0.6666666666666666,0.5114427860696518,0.8344563552833077,Yes,0
0.0,1.0,0.0,0.0,0.013888888888888888,1.0,0.0,0.5,0.0,0.0,0.0,0.0,1.0,1.0,0.0,1.0,0.6666666666666666,0.7069651741293532,0.9646248085758039,Yes,0
0.0,0.0,1.0,0.0,0.25,1.0,0.0,0.5,1.0,0.0,0.0,0.0,0.0,0.0,0.0,0.0,0.6666666666666666,0.5626865671641791,0.1234303215926493,No,0
1.0,0.0,1.0,1.0,0.6388888888888888,1.0,0.0,1.0,0.5,0.5,0.5,0.5,0.5,0.5,1.0,1.0,1.0,0.019402985074626844,0.9741194486983155,No,3
0.0,0.0,1.0,0.0,1.0,1.0,1.0,0.0,1.0,0.0,1.0,1.0,1.0,1.0,1.0,1.0,0.3333333333333333,0.6582089552238807,0.7624808575803982,No,0
0.0,0.0,0.0,0.0,0.5,1.0,0.0,0.5,0.0,0.0,1.0,1.0,0.0,1.0,0.0,1.0,0.6666666666666666,0.68955223880597,0.40888208269525267,Yes,0
0.0,0.0,1.0,0.0,0.05555555555555555,0.0,0.5,0.0,0.0,0.0,0.0,0.0,0.0,0.0,0.0,1.0,0.6666666666666666,0.06865671641791044,0.9972434915773354,No,0
0.0,0.0,0.0,0.0,0.3472222222222222,1.0,0.0,1.0,0.5,0.5,0.5,0.5,0.5,0.5,1.0,0.0,0.3333333333333333,0.015422885572139305,0.6159264931087289,No,0
0.0,0.0,1.0,1.0,0.5555555555555556,0.0,0.5,0.0,0.0,1.0,0.0,0.0,1.0,1.0,0.0,1.0,0.6666666666666666,0.32437810945273626,0.2557427258805513,No,0
1.0,0.0,1.0,0.0,0.875,1.0,1.0,0.5,0.0,1.0,1.0,0.0,1.0,1.0,0.0,1.0,0.6666666666666666,0.8373134328358208,0.7937212863705972,No,3
0.0,1.0,0.0,0.0,0.20833333333333331,1.0,0.0,0.5,1.0,0.0,1.0,1.0,0.0,1.0,0.0,1.0,1.0,0.7766169154228855,0.12113323124042878,Yes,0
1.0,0.0,0.0,0.0,0.19444444444444442,1.0,1.0,0.0,0.0,1.0,0.0,0.0,0.0,0.0,0.0,1.0,0.3333333333333333,0.37064676616915426,0.8964777947932618,No,3
1.0,1.0,1.0,0.0,1.0,1.0,1.0,0.5,0.0,1.0,1.0,1.0,1.0,1.0,1.0,1.0,0.0,0.9104477611940299,0.9171516079632466,No,3
1.0,0.0,0.0,0.0,0.5416666666666666,1.0,1.0,0.5,1.0,1.0,0.0,0.0,1.0,1.0,0.0,1.0,0.6666666666666666,0.8771144278606965,0.5294027565084226,No,3
0.0,0.0,1.0,1.0,0.6527777777777778,0.0,0.5,0.0,1.0,1.0,1.0,0.0,1.0,1.0,1.0,1.0,0.3333333333333333,0.41542288557213924,0.3681470137825421,No,0
1.0,0.0,1.0,0.0,0.2638888888888889,1.0,1.0,0.5,1.0,1.0,0.0,1.0,0.0,0.0,0.0,1.0,0.3333333333333333,0.7019900497512437,0.17748851454823888,No,3
0.0,0.0,0.0,0.0,0.06944444444444445,1.0,1.0,0.5,0.0,0.0,0.0,0.0,1.0,0.0,0.0,1.0,0.6666666666666666,0.6661691542288557,0.6137825421133231,Yes,0
0.0,0.0,0.0,0.0,0.18055555555555555,0.0,0.5,0.0,0.0,0.0,0.0,0.0,0.0,1.0,0.0,1.0,0.6666666666666666,0.16766169154228855,0.5800918836140888,Yes,0
0.0,0.0,0.0,0.0,0.2361111111111111,1.0,1.0,0.5,0.0,0.0,1.0,0.0,0.0,0.0,0.0,0.0,0.0,0.6149253731343283,0.09617151607963247,No,0
1.0,1.0,1.0,0.0,0.4722222222222222,1.0,1.0,0.5,0.0,0.0,0.0,0.0,0.0,0.0,0.0,1.0,0.6666666666666666,0.5701492537313433,0.3176110260336906,No,3
0.0,0.0,0.0,0.0,0.5833333333333333,1.0,0.0,0.0,0.0,1.0,0.0,0.0,0.0,0.0,0.0,1.0,0.6666666666666666,0.3114427860696517,0.26064318529862174,No,0
1.0,0.0,1.0,0.0,0.06944444444444445,1.0,1.0,0.5,0.0,1.0,0.0,0.0,0.0,0.0,0.0,1.0,0.6666666666666666,0.6273631840796019,0.5445635528330781,Yes,3
0.0,0.0,1.0,1.0,0.986111111111111,1.0,1.0,1.0,0.5,0.5,0.5,0.5,0.5,0.5,1.0,0.0,0.3333333333333333,0.056218905472636804,0.17565084226646246,No,0
1.0,1.0,1.0,0.0,0.2638888888888889,1.0,0.0,0.0,1.0,0.0,1.0,0.0,1.0,0.0,0.0,0.0,0.0,0.4791044776119403,0.07978560490045941,No,3
0.0,0.0,0.0,1.0,0.027777777777777776,1.0,0.0,1.0,0.5,0.5,0.5,0.5,0.5,0.5,0.0,1.0,0.6666666666666666,0.013432835820895522,0.4647779479326187,Yes,0
1.0,0.0,0.0,0.0,0.7916666666666666,1.0,0.0,1.0,0.5,0.5,0.5,0.5,0.5,0.5,1.0,0.0,0.3333333333333333,0.00547263681592039,0.028637059724349156,No,3
1.0,0.0,1.0,0.0,1.0,1.0,1.0,0.5,0.0,1.0,1.0,1.0,1.0,1.0,1.0,1.0,0.6666666666666666,0.8970149253731344,0.9001531393568146,No,3
0.0,0.0,0.0,0.0,0.08333333333333333,1.0,0.0,0.5,0.0,1.0,0.0,0.0,0.0,1.0,0.0,1.0,1.0,0.6736318407960199,0.6623277182235835,No,0
0.0,0.0,1.0,1.0,0.2361111111111111,1.0,1.0,0.5,0.0,0.0,0.0,0.0,0.0,1.0,0.0,1.0,0.6666666666666666,0.6686567164179105,0.12817764165390505,Yes,0
1.0,0.0,1.0,0.0,0.8472222222222222,1.0,1.0,0.0,0.0,1.0,1.0,0.0,1.0,1.0,1.0,0.0,0.0,0.6233830845771144,0.6407350689127106,No,3
1.0,0.0,1.0,1.0,0.013888888888888888,1.0,0.0,0.5,0.0,0.0,0.0,0.0,0.0,0.0,0.0,1.0,0.6666666666666666,0.5248756218905473,0.8520673813169984,Yes,3
1.0,0.0,1.0,1.0,0.6666666666666666,1.0,1.0,0.5,1.0,1.0,1.0,1.0,1.0,1.0,1.0,0.0,0.3333333333333333,0.9308457711442785,0.6929555895865237,No,3
1.0,0.0,0.0,0.0,0.2222222222222222,1.0,0.0,1.0,0.5,0.5,0.5,0.5,0.5,0.5,0.0,1.0,0.3333333333333333,0.023383084577114438,0.43889739663093413,No,3
1.0,1.0,0.0,0.0,0.125,1.0,1.0,0.5,0.0,0.0,0.0,0.0,0.0,1.0,0.0,1.0,0.6666666666666666,0.6646766169154228,0.881010719754977,Yes,3
0.0,0.0,0.0,0.0,0.041666666666666664,1.0,0.0,0.0,0.0,0.0,0.0,0.0,0.0,0.0,0.0,0.0,0.6666666666666666,0.26218905472636816,0.062021439509954056,No,0
1.0,0.0,0.0,1.0,0.013888888888888888,1.0,0.0,0.0,0.0,0.0,0.0,0.0,0.0,0.0,0.0,1.0,0.6666666666666666,0.2601990049751243,0.5728943338437978,Yes,3
1.0,0.0,0.0,0.0,0.9027777777777777,1.0,1.0,0.5,0.0,1.0,1.0,0.0,1.0,1.0,1.0,0.0,0.3333333333333333,0.8641791044776118,0.8088820826952526,No,3
0.0,0.0,1.0,1.0,0.9722222222222222,1.0,1.0,0.5,1.0,1.0,1.0,1.0,1.0,1.0,1.0,1.0,0.3333333333333333,0.9641791044776119,0.9364471669218989,No,0
1.0,0.0,1.0,0.0,0.8333333333333333,1.0,0.0,0.0,1.0,0.0,0.0,0.0,1.0,0.0,0.5,1.0,1.0,0.4134328358208955,0.472281776416539,No,3
0.0,0.0,1.0,0.0,0.9583333333333333,1.0,1.0,1.0,0.5,0.5,0.5,0.5,0.5,0.5,0.5,1.0,0.6666666666666666,0.0800995024875622,0.19739663093415008,No,0
0.0,1.0,0.0,0.0,0.4861111111111111,1.0,0.0,0.5,0.0,0.0,0.0,0.0,0.0,0.0,0.0,0.0,0.6666666666666666,0.5203980099502488,0.3156202143950995,No,0
0.0,0.0,0.0,0.0,0.3055555555555555,1.0,0.0,1.0,0.5,0.5,0.5,0.5,0.5,0.5,0.0,1.0,1.0,0.01791044776119402,0.6098009188361408,No,0
1.0,0.0,1.0,1.0,0.9166666666666666,1.0,1.0,0.0,0.0,1.0,1.0,0.0,1.0,1.0,1.0,0.0,0.0,0.6129353233830845,0.6719754977029097,No,3
1.0,1.0,1.0,0.0,0.013888888888888888,1.0,0.0,0.5,0.0,0.0,0.0,0.0,0.0,0.0,0.0,1.0,0.6666666666666666,0.517910447761194,0.8433384379785605,Yes,3
0.0,0.0,1.0,0.0,0.013888888888888888,1.0,0.0,0.5,0.0,0.0,0.0,0.0,1.0,0.0,0.0,1.0,0.0,0.607960199004975,0.9136294027565084,Yes,0
1.0,0.0,1.0,1.0,0.4722222222222222,1.0,1.0,0.5,0.0,0.0,1.0,0.0,0.0,1.0,0.0,1.0,0.3333333333333333,0.7144278606965173,0.4125574272588055,No,3
0.0,0.0,1.0,1.0,1.0,1.0,1.0,1.0,0.5,0.5,0.5,0.5,0.5,0.5,1.0,0.0,0.0,0.061691542288557194,0.18453292496171517,No,0
1.0,0.0,1.0,1.0,0.4305555555555555,0.0,0.5,0.0,1.0,0.0,1.0,1.0,1.0,1.0,0.5,0.0,0.6666666666666666,0.4149253731343284,0.21577335375191423,No,3
1.0,0.0,0.0,1.0,0.41666666666666663,1.0,1.0,1.0,0.5,0.5,0.5,0.5,0.5,0.5,0.5,0.0,0.0,0.07064676616915422,0.8626339969372129,No,3
0.0,0.0,0.0,0.0,0.125,1.0,0.0,0.5,0.0,0.0,0.0,0.0,1.0,1.0,0.0,1.0,0.0,0.7218905472636815,0.9269525267993874,Yes,0
1.0,0.0,1.0,1.0,0.2777777777777778,1.0,0.0,0.5,0.0,0.0,0.0,0.0,0.0,0.0,0.0,1.0,0.6666666666666666,0.5194029850746269,0.1332312404287902,Yes,3
1.0,1.0,1.0,0.0,0.2638888888888889,0.0,0.5,0.0,0.0,1.0,1.0,0.0,0.0,0.0,0.0,1.0,0.3333333333333333,0.15970149253731342,0.7294027565084227,No,3
0.0,0.0,1.0,0.0,0.9027777777777777,1.0,1.0,0.5,1.0,0.0,1.0,0.0,1.0,1.0,0.0,1.0,0.6666666666666666,0.863681592039801,0.8362940275650842,No,0
0.0,0.0,1.0,1.0,0.41666666666666663,1.0,0.0,1.0,0.5,0.5,0.5,0.5,0.5,0.5,1.0,0.0,1.0,0.010447761194029848,0.7549770290964778,No,0
1.0,0.0,0.0,0.0,0.08333333333333333,1.0,0.0,1.0,0.5,0.5,0.5,0.5,0.5,0.5,0.5,0.0,1.0,0.008955223880596996,0.0670750382848392,No,3
0.0,0.0,0.0,0.0,0.027777777777777776,0.0,0.5,0.0,0.0,1.0,0.0,0.0,1.0,1.0,0.0,0.0,0.6666666666666666,0.32985074626865674,0.9905053598774884,No,0
1.0,0.0,1.0,1.0,0.736111111111111,1.0,1.0,0.0,1.0,0.0,0.0,1.0,0.0,1.0,0.0,0.0,0.6666666666666666,0.5333333333333332,0.5016845329249617,No,3
1.0,1.0,1.0,0.0,0.09722222222222221,1.0,1.0,0.5,0.0,0.0,0.0,0.0,0.0,0.0,0.0,1.0,0.6666666666666666,0.5686567164179105,0.68208269525268,No,3
0.0,0.0,1.0,1.0,0.8472222222222222,1.0,0.0,0.0,1.0,0.0,0.0,0.0,0.0,0.0,0.5,1.0,0.0,0.3129353233830846,0.3915773353751914,No,0
1.0,1.0,0.0,0.0,0.9722222222222222,0.0,0.5,0.0,0.0,0.0,0.0,0.0,1.0,1.0,0.5,1.0,0.6666666666666666,0.26865671641791045,0.4349157733537519,Yes,3
0.0,0.0,0.0,0.0,0.18055555555555555,1.0,1.0,0.0,1.0,0.0,1.0,0.0,1.0,1.0,0.0,1.0,0.6666666666666666,0.6019900497512437,0.9986217457886677,No,0
1.0,1.0,1.0,0.0,0.4861111111111111,1.0,1.0,0.5,0.0,0.0,1.0,0.0,0.0,0.0,0.5,1.0,0.0,0.6303482587064676,0.37366003062787134,No,3
0.0,0.0,1.0,0.0,0.027777777777777776,1.0,0.0,0.5,0.0,0.0,0.0,0.0,0.0,0.0,0.0,1.0,0.3333333333333333,0.518905472636816,0.14931087289433384,No,0
0.0,0.0,0.0,0.0,0.041666666666666664,1.0,1.0,0.5,0.0,0.0,0.0,0.0,0.0,0.0,0.0,1.0,0.6666666666666666,0.572636815920398,0.3228177641653905,Yes,0
0.0,0.0,0.0,0.0,0.041666666666666664,1.0,1.0,0.5,0.0,0.0,0.0,0.0,0.0,0.0,0.0,0.0,0.6666666666666666,0.5756218905472636,0.34104134762634,No,0
0.0,0.0,0.0,0.0,0.861111111111111,1.0,1.0,0.5,0.0,0.0,0.0,0.0,1.0,1.0,0.5,1.0,0.0,0.753731343283582,0.7277182235834609,No,0
1.0,0.0,1.0,1.0,1.0,1.0,1.0,0.5,1.0,1.0,1.0,1.0,0.0,1.0,1.0,0.0,0.3333333333333333,0.8527363184079603,0.8859111791730474,No,3
1.0,0.0,1.0,0.0,0.875,1.0,0.0,1.0,0.5,0.5,0.5,0.5,0.5,0.5,1.0,1.0,0.0,0.01691542288557213,0.06584992343032159,No,3
1.0,1.0,0.0,0.0,0.2777777777777778,1.0,0.0,0.5,0.0,0.0,0.0,0.0,0.0,0.0,0.0,0.0,0.3333333333333333,0.5278606965174129,0.10781010719754977,Yes,3
0.0,1.0,0.0,0.0,0.4861111111111111,1.0,1.0,0.5,1.0,1.0,1.0,1.0,1.0,1.0,0.5,1.0,0.0,0.9208955223880596,0.5027565084226646,No,0
1.0,1.0,1.0,0.0,0.29166666666666663,1.0,0.0,0.5,0.0,0.0,0.0,0.0,0.0,0.0,0.0,1.0,0.6666666666666666,0.5059701492537313,0.1336906584992343,Yes,3
1.0,0.0,1.0,0.0,0.861111111111111,1.0,1.0,0.5,1.0,1.0,0.0,0.0,0.0,1.0,0.5,0.0,0.6666666666666666,0.7746268656716417,0.7531393568147013,No,3
0.0,0.0,0.0,0.0,0.20833333333333331,1.0,1.0,0.0,0.0,0.0,0.0,0.0,0.0,0.0,0.0,1.0,1.0,0.3039800995024875,0.8614088820826952,No,0
0.0,0.0,0.0,0.0,0.7638888888888888,1.0,0.0,0.0,1.0,0.0,0.0,0.0,0.0,0.0,0.0,1.0,0.3333333333333333,0.32139303482587056,0.3747320061255743,No,0
0.0,0.0,0.0,0.0,0.15277777777777776,1.0,0.0,0.0,0.0,0.0,0.0,0.0,0.0,0.0,0.0,1.0,1.0,0.2626865671641791,0.6116385911179173,No,0
0.0,0.0,1.0,1.0,0.2361111111111111,1.0,1.0,0.5,0.0,0.0,1.0,0.0,1.0,0.0,0.0,0.0,0.6666666666666666,0.6965174129353233,0.13032159264931087,Yes,0
0.0,0.0,0.0,0.0,0.8472222222222222,1.0,0.0,1.0,0.5,0.5,0.5,0.5,0.5,0.5,0.5,0.0,0.0,0.011940298507462671,0.09310872894333844,No,0
0.0,0.0,1.0,0.0,0.986111111111111,1.0,1.0,0.0,1.0,1.0,1.0,1.0,1.0,1.0,1.0,0.0,0.3333333333333333,0.7069651741293532,0.788667687595712,No,0
0.0,0.0,0.0,0.0,0.027777777777777776,1.0,0.0,0.5,0.0,0.0,0.0,0.0,0.0,0.0,0.0,0.0,0.0,0.5149253731343283,0.14624808575803983,Yes,0
1.0,0.0,0.0,0.0,0.4861111111111111,1.0,0.0,1.0,0.5,0.5,0.5,0.5,0.5,0.5,1.0,0.0,1.0,0.009950248756218888,0.8203675344563552,No,3
0.0,0.0,0.0,0.0,0.2361111111111111,1.0,0.0,0.5,0.0,0.0,0.0,0.0,0.0,0.0,0.0,0.0,0.0,0.5199004975124378,0.04732006125574272,No,0
0.0,0.0,0.0,0.0,0.29166666666666663,1.0,1.0,0.5,0.0,0.0,0.0,0.0,1.0,1.0,0.0,1.0,0.6666666666666666,0.7870646766169154,0.2673813169984686,Yes,0
0.0,0.0,1.0,0.0,0.6527777777777778,1.0,0.0,1.0,0.5,0.5,0.5,0.5,0.5,0.5,1.0,0.0,0.0,0.013930348258706454,0.9762633996937212,No,0
0.0,0.0,1.0,0.0,0.041666666666666664,1.0,0.0,1.0,0.5,0.5,0.5,0.5,0.5,0.5,0.0,0.0,1.0,0.025870646766169153,0.8607963246554364,No,0
1.0,0.0,0.0,0.0,0.041666666666666664,1.0,0.0,1.0,0.5,0.5,0.5,0.5,0.5,0.5,0.0,1.0,1.0,0.013930348258706454,0.8234303215926493,No,3
1.0,1.0,1.0,0.0,0.611111111111111,1.0,0.0,1.0,0.5,0.5,0.5,0.5,0.5,0.5,1.0,1.0,0.3333333333333333,0.010945273631840807,0.9490045941807044,No,3
0.0,0.0,0.0,0.0,0.013888888888888888,1.0,0.0,0.0,0.0,0.0,0.0,0.0,0.0,0.0,0.0,1.0,1.0,0.2562189054726368,0.571822358346095,No,0
0.0,0.0,1.0,1.0,0.611111111111111,1.0,1.0,0.5,0.0,1.0,1.0,0.0,0.0,1.0,0.5,0.0,0.6666666666666666,0.7577114427860697,0.55895865237366,No,0
1.0,0.0,1.0,1.0,0.06944444444444445,1.0,1.0,1.0,0.5,0.5,0.5,0.5,0.5,0.5,0.0,1.0,0.0,0.07611940298507458,0.09770290964777947,Yes,3
1.0,0.0,0.0,0.0,0.3333333333333333,1.0,1.0,0.0,1.0,0.0,0.0,0.0,0.0,0.0,0.0,1.0,0.0,0.37213930348258706,0.11240428790199081,Yes,3
0.0,0.0,0.0,1.0,0.013888888888888888,1.0,0.0,0.5,0.0,0.0,0.0,0.0,0.0,0.0,0.0,1.0,0.6666666666666666,0.5114427860696518,0.8344563552833077,Yes,0
0.0,0.0,0.0,0.0,0.25,1.0,0.0,0.5,1.0,0.0,0.0,0.0,0.0,0.0,0.0,1.0,0.6666666666666666,0.5686567164179105,0.10551301684532925,No,0
0.0,0.0,0.0,0.0,0.1388888888888889,1.0,1.0,0.5,0.0,0.0,1.0,0.0,1.0,1.0,0.0,1.0,0.6666666666666666,0.8194029850746268,0.018376722817764164,Yes,0
0.0,0.0,1.0,0.0,0.9027777777777777,1.0,0.0,0.0,1.0,1.0,1.0,0.0,0.0,1.0,1.0,0.0,0.0,0.5248756218905473,0.5702909647779479,No,0
0.0,1.0,0.0,0.0,0.013888888888888888,1.0,0.0,0.5,0.0,1.0,0.0,0.0,0.0,1.0,0.0,1.0,0.6666666666666666,0.6741293532338308,0.9554364471669219,Yes,0
0.0,0.0,0.0,0.0,0.736111111111111,1.0,1.0,0.5,1.0,0.0,1.0,0.0,1.0,1.0,0.5,1.0,0.3333333333333333,0.8825870646766169,0.7306278713629403,Yes,0
1.0,0.0,0.0,0.0,0.041666666666666664,1.0,0.0,1.0,0.5,0.5,0.5,0.5,0.5,0.5,0.5,0.0,1.0,0.02935323383084576,0.6667687595712097,No,3
1.0,0.0,1.0,0.0,0.4583333333333333,1.0,0.0,0.0,1.0,1.0,0.0,1.0,0.0,0.0,1.0,1.0,1.0,0.42587064676616915,0.2523736600306279,No,3
1.0,0.0,0.0,0.0,0.041666666666666664,0.0,0.5,0.0,0.0,1.0,0.0,0.0,0.0,0.0,0.0,1.0,0.6666666666666666,0.1129353233830846,0.9137825421133231,Yes,3
0.0,0.0,0.0,0.0,0.4722222222222222,1.0,0.0,0.0,1.0,0.0,1.0,1.0,1.0,1.0,0.5,1.0,0.0,0.6139303482587065,0.36294027565084225,No,0
0.0,0.0,1.0,1.0,0.19444444444444442,1.0,0.0,1.0,0.5,0.5,0.5,0.5,0.5,0.5,1.0,1.0,1.0,0.014427860696517386,0.34900459418070445,No,0
0.0,0.0,0.0,0.0,0.18055555555555555,1.0,0.0,1.0,0.5,0.5,0.5,0.5,0.5,0.5,0.0,1.0,1.0,0.020398009950248763,0.36569678407350686,No,0
1.0,1.0,1.0,0.0,0.6388888888888888,0.0,0.5,0.0,0.0,1.0,1.0,1.0,1.0,1.0,0.5,1.0,0.0,0.4144278606965174,0.37381316998468606,Yes,3
1.0,0.0,1.0,1.0,0.3194444444444444,1.0,1.0,1.0,0.5,0.5,0.5,0.5,0.5,0.5,0.5,0.0,1.0,0.06069651741293533,0.6860643185298622,No,3
0.0,0.0,1.0,1.0,0.6527777777777778,1.0,0.0,1.0,0.5,0.5,0.5,0.5,0.5,0.5,1.0,0.0,1.0,0.014925373134328346,0.9857580398162328,No,0
1.0,0.0,0.0,1.0,0.2361111111111111,1.0,0.0,0.0,1.0,0.0,0.0,0.0,0.0,0.0,0.0,1.0,1.0,0.3189054726368159,0.9486983154670751,No,3
0.0,0.0,1.0,1.0,0.6805555555555555,1.0,1.0,0.5,0.0,0.0,0.0,0.0,1.0,1.0,0.0,1.0,0.6666666666666666,0.7696517412935323,0.6191424196018377,Yes,0
1.0,1.0,1.0,0.0,0.8194444444444444,0.0,0.5,0.0,0.0,1.0,0.0,0.0,1.0,1.0,0.0,1.0,0.6666666666666666,0.31840796019900497,0.39663093415007655,No,3
0.0,0.0,0.0,0.0,0.9583333333333333,1.0,1.0,0.0,1.0,0.0,1.0,1.0,1.0,1.0,1.0,1.0,0.3333333333333333,0.6676616915422885,0.7408882082695253,No,0
1.0,0.0,0.0,0.0,0.15277777777777776,0.0,0.5,0.0,0.0,0.0,1.0,0.0,1.0,0.0,0.5,1.0,0.6666666666666666,0.23233830845771142,0.6099540581929556,Yes,3
1.0,0.0,0.0,0.0,0.1388888888888889,1.0,0.0,0.0,1.0,0.0,0.0,0.0,0.0,0.0,0.0,1.0,1.0,0.3323383084577114,0.6727411944869831,No,3
1.0,0.0,1.0,1.0,0.16666666666666666,1.0,1.0,1.0,0.5,0.5,0.5,0.5,0.5,0.5,1.0,1.0,0.0,0.057213930348258696,0.3584992343032159,No,3
1.0,0.0,0.0,0.0,0.625,1.0,1.0,0.5,0.0,1.0,0.0,0.0,1.0,1.0,0.0,1.0,0.3333333333333333,0.8218905472636816,0.6140888208269525,Yes,3
0.0,0.0,1.0,1.0,0.5416666666666666,1.0,0.0,0.0,0.0,0.0,1.0,0.0,1.0,0.0,0.0,1.0,1.0,0.41393034825870645,0.30245022970903523,No,0
1.0,1.0,1.0,0.0,0.986111111111111,1.0,1.0,1.0,0.5,0.5,0.5,0.5,0.5,0.5,1.0,0.0,0.3333333333333333,0.07164179104477608,0.20260336906584991,No,3
1.0,0.0,1.0,1.0,0.986111111111111,1.0,1.0,1.0,0.5,0.5,0.5,0.5,0.5,0.5,1.0,0.0,0.3333333333333333,0.056218905472636804,0.1683001531393568,No,3
0.0,0.0,1.0,1.0,0.4583333333333333,1.0,1.0,1.0,0.5,0.5,0.5,0.5,0.5,0.5,0.5,0.0,0.3333333333333333,0.05870646766169152,0.9226646248085758,No,0
1.0,1.0,0.0,0.0,0.9305555555555555,1.0,1.0,0.5,0.0,0.0,0.0,0.0,0.0,0.0,0.0,1.0,1.0,0.5716417910447761,0.6555895865237366,No,3
1.0,0.0,1.0,1.0,0.5138888888888888,0.0,0.5,0.0,1.0,1.0,1.0,0.0,0.0,0.0,0.0,0.0,0.0,0.218407960199005,0.12741194486983154,Yes,3
1.0,0.0,1.0,1.0,0.6805555555555555,1.0,1.0,0.5,0.0,0.0,0.0,0.0,1.0,0.0,0.0,0.0,0.6666666666666666,0.6592039800995024,0.5552833078101072,Yes,3
0.0,0.0,1.0,0.0,0.125,1.0,0.0,0.0,0.0,1.0,0.0,0.0,0.0,0.0,0.0,0.0,1.0,0.32437810945273626,0.6036753445635528,No,0
1.0,0.0,1.0,0.0,0.7222222222222222,1.0,1.0,0.5,1.0,0.0,1.0,1.0,0.0,0.0,1.0,1.0,0.3333333333333333,0.7298507462686566,0.6010719754977029,No,3
0.0,0.0,0.0,0.0,0.9722222222222222,1.0,1.0,0.5,0.0,1.0,0.0,0.0,1.0,1.0,0.5,0.0,0.6666666666666666,0.8024875621890547,0.8264931087289433,No,0
1.0,0.0,0.0,0.0,0.013888888888888888,1.0,0.0,0.5,0.0,1.0,0.0,0.0,0.0,1.0,0.0,1.0,0.6666666666666666,0.664179104477612,0.9503828483920367,No,3
0.0,1.0,0.0,0.0,0.19444444444444442,1.0,1.0,0.5,0.0,1.0,0.0,0.0,0.0,0.0,0.0,1.0,0.6666666666666666,0.6039800995024875,0.030474732006125573,Yes,0
1.0,0.0,0.0,0.0,0.013888888888888888,1.0,0.0,0.0,0.0,0.0,0.0,0.0,0.0,0.0,0.0,1.0,1.0,0.25920398009950246,0.5725880551301684,No,3
1.0,0.0,0.0,0.0,0.013888888888888888,1.0,0.0,1.0,0.5,0.5,0.5,0.5,0.5,0.5,0.0,0.0,1.0,0.019402985074626844,0.2465543644716692,Yes,3
0.0,0.0,0.0,0.0,0.7222222222222222,1.0,1.0,0.5,0.0,1.0,0.0,0.0,0.0,0.0,0.5,1.0,1.0,0.6164179104477612,0.5591117917304748,No,0
1.0,0.0,0.0,0.0,0.08333333333333333,1.0,0.0,0.0,0.0,0.0,1.0,0.0,1.0,0.0,0.0,0.0,1.0,0.42437810945273624,0.5413476263399694,No,3
1.0,0.0,1.0,0.0,0.09722222222222221,0.0,0.5,0.0,1.0,1.0,0.0,0.0,0.0,0.0,0.0,0.0,1.0,0.15870646766169155,0.33935681470137824,No,3
0.0,1.0,0.0,0.0,0.6527777777777778,1.0,1.0,0.5,0.0,1.0,1.0,0.0,0.0,0.0,0.0,1.0,0.0,0.6661691542288557,0.5192955589586523,Yes,0
0.0,0.0,0.0,0.0,0.3611111111111111,1.0,0.0,0.5,1.0,0.0,1.0,1.0,0.0,0.0,0.5,1.0,0.3333333333333333,0.6855721393034826,0.29234303215926494,No,0
1.0,0.0,1.0,1.0,0.3472222222222222,1.0,0.0,0.0,1.0,0.0,0.0,1.0,0.0,0.0,0.0,0.0,0.6666666666666666,0.35870646766169145,0.08269525267993874,No,3
1.0,0.0,0.0,0.0,0.9583333333333333,1.0,0.0,1.0,0.5,0.5,0.5,0.5,0.5,0.5,1.0,1.0,1.0,0.008457711442786064,0.07534456355283307,No,3
0.0,0.0,0.0,0.0,1.0,1.0,1.0,0.5,1.0,1.0,1.0,1.0,1.0,1.0,1.0,1.0,0.3333333333333333,0.9402985074626865,0.9336906584992343,No,0
1.0,0.0,0.0,0.0,0.05555555555555555,1.0,0.0,1.0,0.5,0.5,0.5,0.5,0.5,0.5,0.0,1.0,1.0,0.01691542288557213,0.7416539050535987,No,3
1.0,0.0,1.0,1.0,0.8194444444444444,1.0,0.0,1.0,0.5,0.5,0.5,0.5,0.5,0.5,1.0,0.0,1.0,0.01243781094527363,0.04318529862174579,No,3
1.0,0.0,0.0,0.0,0.9305555555555555,1.0,0.0,0.0,1.0,0.0,1.0,0.0,0.0,1.0,1.0,0.0,0.0,0.47064676616915413,0.5673813169984686,No,3
0.0,1.0,0.0,0.0,0.3611111111111111,1.0,0.0,0.5,0.0,0.0,0.0,0.0,0.0,1.0,0.0,1.0,0.6666666666666666,0.6024875621890546,0.24977029096477793,No,0
0.0,0.0,0.0,0.0,0.375,1.0,0.0,0.0,0.0,1.0,1.0,1.0,1.0,1.0,0.5,0.0,1.0,0.5965174129353233,0.26094946401225116,No,0
1.0,0.0,1.0,1.0,1.0,1.0,1.0,0.5,1.0,0.0,1.0,0.0,1.0,1.0,1.0,0.0,0.0,0.8656716417910447,0.8924961715160796,No,3
0.0,0.0,0.0,0.0,0.08333333333333333,1.0,0.0,0.5,0.0,0.0,1.0,1.0,0.0,1.0,0.0,1.0,0.6666666666666666,0.7064676616915423,0.629709035222052,No,0
1.0,0.0,1.0,1.0,0.861111111111111,1.0,0.0,1.0,0.5,0.5,0.5,0.5,0.5,0.5,1.0,0.0,0.3333333333333333,0.023880597014925342,0.06125574272588055,No,3
1.0,0.0,0.0,0.0,0.2777777777777778,1.0,1.0,0.0,0.0,1.0,0.0,1.0,1.0,0.0,0.5,1.0,0.6666666666666666,0.5019900497512438,0.11730474732006126,No,3
1.0,0.0,0.0,0.0,0.08333333333333333,1.0,0.0,0.0,1.0,0.0,1.0,1.0,1.0,1.0,0.0,0.0,0.3333333333333333,0.600995024875622,0.6246554364471669,No,3
1.0,0.0,0.0,0.0,0.7083333333333333,1.0,1.0,1.0,0.5,0.5,0.5,0.5,0.5,0.5,1.0,0.0,1.0,0.06467661691542287,0.06569678407350689,No,3
0.0,0.0,1.0,1.0,0.8472222222222222,1.0,0.0,1.0,0.5,0.5,0.5,0.5,0.5,0.5,1.0,0.0,0.3333333333333333,0.014925373134328346,0.08744257274119449,No,0
1.0,1.0,1.0,0.0,0.861111111111111,1.0,1.0,0.5,1.0,1.0,1.0,0.0,0.0,0.0,0.0,1.0,0.6666666666666666,0.7049751243781094,0.7125574272588054,No,3
0.0,0.0,0.0,0.0,1.0,1.0,1.0,0.5,1.0,0.0,0.0,1.0,0.0,0.0,1.0,1.0,0.0,0.6611940298507463,0.7712098009188361,No,0
1.0,1.0,1.0,0.0,0.18055555555555555,1.0,0.0,0.5,0.0,1.0,1.0,0.0,1.0,1.0,0.0,1.0,0.6666666666666666,0.7935323383084577,0.0666156202143951,Yes,3
1.0,0.0,1.0,0.0,0.06944444444444445,1.0,0.0,0.5,0.0,0.0,1.0,0.0,1.0,1.0,0.0,1.0,0.6666666666666666,0.7582089552238807,0.6448698315467075,Yes,3
1.0,1.0,0.0,0.0,0.041666666666666664,1.0,1.0,0.5,0.0,1.0,1.0,0.0,1.0,1.0,0.0,1.0,0.6666666666666666,0.86318407960199,0.38928024502297087,Yes,3
0.0,1.0,1.0,0.0,0.3611111111111111,1.0,1.0,0.5,0.0,1.0,1.0,0.0,0.0,1.0,0.0,1.0,0.6666666666666666,0.7522388059701491,0.30918836140888206,Yes,0
1.0,1.0,0.0,0.0,0.18055555555555555,1.0,0.0,0.0,0.0,1.0,0.0,0.0,1.0,0.0,0.0,1.0,0.6666666666666666,0.4144278606965174,0.9108728943338438,No,3
0.0,0.0,1.0,1.0,0.5277777777777778,1.0,0.0,1.0,0.5,0.5,0.5,0.5,0.5,0.5,1.0,1.0,1.0,0.01691542288557213,0.8894333843797856,No,0
0.0,1.0,1.0,0.0,0.1111111111111111,1.0,1.0,0.5,0.0,0.0,0.0,0.0,0.0,1.0,0.0,1.0,0.6666666666666666,0.654228855721393,0.766156202143951,Yes,0
1.0,1.0,1.0,1.0,0.4722222222222222,1.0,1.0,0.5,0.0,1.0,1.0,1.0,1.0,1.0,0.0,1.0,0.6666666666666666,0.9019900497512437,0.4797856049004594,No,3
1.0,0.0,0.0,0.0,0.25,0.0,0.5,0.0,1.0,0.0,1.0,0.0,0.0,0.0,0.0,0.0,1.0,0.1527363184079602,0.6996937212863705,No,3
1.0,0.0,1.0,1.0,0.7777777777777777,1.0,0.0,0.5,0.0,1.0,1.0,1.0,0.0,0.0,0.5,1.0,1.0,0.6726368159203979,0.6197549770290964,No,3
0.0,0.0,0.0,0.0,0.5,0.0,0.5,0.0,0.0,1.0,0.0,1.0,0.0,0.0,0.0,1.0,0.0,0.16517412935323383,0.07503828483920368,No,0
0.0,0.0,1.0,0.0,0.125,0.0,0.5,0.0,0.0,0.0,1.0,0.0,1.0,1.0,0.0,1.0,0.6666666666666666,0.3034825870646766,0.5751914241960183,Yes,0
1.0,0.0,0.0,0.0,0.013888888888888888,1.0,0.0,0.5,0.0,0.0,1.0,0.0,1.0,0.0,0.0,1.0,0.6666666666666666,0.6626865671641791,0.9462480857580398,Yes,3
1.0,0.0,0.0,0.0,0.16666666666666666,1.0,0.0,0.0,1.0,0.0,0.0,1.0,0.0,0.0,0.0,0.0,1.0,0.3820895522388059,0.8010719754977029,Yes,3
0.0,1.0,1.0,1.0,0.7916666666666666,1.0,0.0,0.5,0.0,1.0,1.0,1.0,1.0,0.0,0.0,1.0,0.3333333333333333,0.7666666666666666,0.7065849923430322,No,0
0.0,0.0,0.0,0.0,0.5833333333333333,1.0,0.0,0.0,1.0,1.0,1.0,1.0,0.0,1.0,0.5,0.0,0.3333333333333333,0.5537313432835821,0.42006125574272585,Yes,0
0.0,0.0,1.0,1.0,0.4583333333333333,1.0,1.0,1.0,0.5,0.5,0.5,0.5,0.5,0.5,1.0,1.0,1.0,0.062189054726368154,0.8770290964777948,Yes,0
1.0,0.0,1.0,0.0,0.9722222222222222,1.0,0.0,0.5,1.0,1.0,0.0,1.0,0.0,0.0,1.0,0.0,0.0,0.6601990049751243,0.7209800918836141,No,3
0.0,0.0,0.0,0.0,0.9444444444444444,0.0,0.5,0.0,0.0,1.0,0.0,1.0,0.0,1.0,0.0,0.0,0.6666666666666666,0.2656716417910448,0.40995405819295555,No,0
1.0,0.0,0.0,1.0,0.013888888888888888,0.0,0.5,0.0,0.0,0.0,0.0,0.0,0.0,0.0,0.0,1.0,0.6666666666666666,0.06417910447761191,0.3127105666156202,No,3
0.0,0.0,0.0,0.0,0.5138888888888888,1.0,1.0,0.5,0.0,0.0,0.0,1.0,1.0,1.0,0.0,0.0,0.3333333333333333,0.8164179104477611,0.46998468606431854,No,0
0.0,0.0,0.0,1.0,0.05555555555555555,1.0,1.0,1.0,0.5,0.5,0.5,0.5,0.5,0.5,0.0,1.0,1.0,0.07164179104477608,0.9450229709035222,No,0
1.0,0.0,0.0,0.0,0.013888888888888888,1.0,0.0,0.0,1.0,0.0,0.0,0.0,0.0,0.0,0.0,1.0,1.0,0.32288557213930347,0.6482388973966309,No,3
1.0,0.0,0.0,0.0,0.2777777777777778,0.0,0.5,0.0,1.0,1.0,1.0,1.0,1.0,0.0,0.0,1.0,0.3333333333333333,0.3656716417910447,0.04716692189892802,No,3
1.0,0.0,1.0,1.0,1.0,1.0,0.0,0.0,1.0,1.0,0.0,1.0,1.0,0.0,1.0,0.0,0.0,0.49900497512437814,0.6271056661562021,No,3
0.0,0.0,0.0,0.0,0.4305555555555555,1.0,1.0,0.5,0.0,0.0,1.0,0.0,0.0,1.0,0.0,1.0,0.6666666666666666,0.7129353233830846,0.37258805513016846,Yes,0
1.0,1.0,1.0,0.0,0.25,1.0,0.0,0.5,0.0,0.0,0.0,0.0,0.0,1.0,0.0,0.0,0.6666666666666666,0.6,0.11883614088820826,Yes,3
1.0,0.0,1.0,0.0,0.15277777777777776,1.0,0.0,0.0,0.0,0.0,0.0,0.0,1.0,0.0,0.0,1.0,0.0,0.36616915422885565,0.7607963246554365,No,3
0.0,0.0,1.0,1.0,0.4583333333333333,1.0,0.0,1.0,0.5,0.5,0.5,0.5,0.5,0.5,1.0,0.0,0.3333333333333333,0.015422885572139305,0.7909647779479326,No,0
0.0,1.0,0.0,0.0,0.861111111111111,1.0,1.0,0.5,0.0,0.0,0.0,0.0,1.0,0.0,0.5,0.0,0.6666666666666666,0.6587064676616915,0.6427258805513016,No,0
0.0,0.0,0.0,0.0,0.013888888888888888,0.0,0.5,0.0,0.0,0.0,1.0,1.0,0.0,0.0,0.0,0.0,1.0,0.17562189054726368,0.4649310872894334,No,0
1.0,0.0,1.0,0.0,0.2222222222222222,1.0,0.0,0.5,1.0,1.0,0.0,0.0,0.0,0.0,0.0,0.0,0.0,0.6218905472636815,0.08973966309341501,No,3
1.0,0.0,1.0,1.0,0.3055555555555555,1.0,1.0,0.0,0.0,0.0,1.0,1.0,1.0,1.0,0.5,1.0,1.0,0.600995024875622,0.17580398162327718,No,3
0.0,0.0,1.0,1.0,0.6805555555555555,1.0,0.0,0.0,1.0,0.0,1.0,1.0,0.0,0.0,0.0,0.0,0.0,0.4328358208955224,0.4026033690658499,No,0
1.0,0.0,1.0,1.0,0.5,1.0,0.0,0.0,1.0,0.0,1.0,0.0,0.0,1.0,0.5,1.0,0.3333333333333333,0.4522388059701493,0.276416539050536,No,3
1.0,0.0,1.0,0.0,0.5833333333333333,1.0,1.0,0.5,0.0,1.0,1.0,1.0,0.0,1.0,0.0,1.0,0.6666666666666666,0.8079601990049752,0.5408882082695252,Yes,3
1.0,1.0,0.0,0.0,0.05555555555555555,0.0,0.5,0.0,0.0,0.0,0.0,0.0,0.0,0.0,0.0,1.0,0.0,0.06915422885572137,0.005666156202143951,Yes,3
0.0,0.0,0.0,0.0,0.16666666666666666,1.0,1.0,0.0,0.0,0.0,0.0,1.0,1.0,1.0,0.5,0.0,1.0,0.5552238805970149,0.9603369065849923,Yes,0
0.0,0.0,0.0,0.0,0.4305555555555555,1.0,0.0,0.5,1.0,0.0,1.0,1.0,0.0,0.0,0.0,0.0,0.6666666666666666,0.690049751243781,0.3626339969372129,No,0
1.0,0.0,1.0,0.0,0.06944444444444445,1.0,1.0,0.5,1.0,0.0,0.0,0.0,0.0,1.0,0.0,1.0,0.6666666666666666,0.7054726368159204,0.5393568147013782,No,3
1.0,0.0,1.0,1.0,0.9166666666666666,1.0,0.0,1.0,0.5,0.5,0.5,0.5,0.5,0.5,1.0,0.0,0.3333333333333333,0.01741293532338306,0.10321592649310872,No,3
0.0,1.0,0.0,0.0,0.20833333333333331,1.0,1.0,0.0,0.0,0.0,0.0,1.0,0.0,0.0,0.0,0.0,0.3333333333333333,0.3656716417910447,0.8898928024502297,Yes,0
1.0,0.0,0.0,0.0,0.8888888888888888,1.0,1.0,0.5,0.0,1.0,1.0,0.0,1.0,1.0,1.0,1.0,0.0,0.8572139303482588,0.8136294027565084,No,3
1.0,0.0,1.0,1.0,0.1388888888888889,1.0,0.0,1.0,0.5,0.5,0.5,0.5,0.5,0.5,0.0,1.0,0.3333333333333333,0.01791044776119402,0.2745788667687596,No,3
1.0,0.0,1.0,1.0,0.09722222222222221,1.0,0.0,0.5,0.0,1.0,0.0,1.0,1.0,0.0,0.0,1.0,0.6666666666666666,0.7114427860696517,0.7611026033690659,Yes,3
1.0,0.0,0.0,0.0,0.40277777777777773,0.0,0.5,0.0,0.0,1.0,0.0,1.0,0.0,0.0,0.0,0.0,0.6666666666666666,0.15970149253731342,0.0018376722817764165,No,3
1.0,0.0,0.0,0.0,0.7916666666666666,1.0,0.0,1.0,0.5,0.5,0.5,0.5,0.5,0.5,1.0,0.0,0.0,0.023880597014925342,0.03660030627871363,No,3
0.0,0.0,0.0,0.0,0.6388888888888888,1.0,1.0,0.5,1.0,1.0,0.0,0.0,0.0,0.0,0.0,0.0,1.0,0.6567164179104478,0.5041347626339969,No,0
1.0,0.0,0.0,0.0,0.736111111111111,1.0,0.0,1.0,0.5,0.5,0.5,0.5,0.5,0.5,1.0,0.0,0.0,0.013930348258706454,0.9947932618683001,No,3
0.0,0.0,0.0,0.0,0.2361111111111111,1.0,0.0,0.0,1.0,1.0,0.0,1.0,1.0,1.0,0.5,0.0,0.3333333333333333,0.6129353233830845,0.10704441041347626,No,0
0.0,0.0,1.0,1.0,0.5277777777777778,1.0,0.0,1.0,0.5,0.5,0.5,0.5,0.5,0.5,1.0,1.0,1.0,0.019402985074626844,0.8808575803981623,No,0
1.0,0.0,0.0,0.0,0.20833333333333331,1.0,0.0,1.0,0.5,0.5,0.5,0.5,0.5,0.5,0.5,0.0,1.0,0.015422885572139305,0.4044410413476263,No,3
0.0,0.0,0.0,0.0,0.3055555555555555,0.0,0.5,0.0,0.0,1.0,0.0,0.0,1.0,1.0,0.0,1.0,0.6666666666666666,0.31940298507462683,0.02986217457886677,No,0
1.0,0.0,1.0,0.0,0.19444444444444442,1.0,1.0,0.5,0.0,0.0,0.0,0.0,0.0,1.0,0.0,1.0,0.6666666666666666,0.6656716417910448,0.041041347626339965,Yes,3
0.0,0.0,1.0,0.0,0.7916666666666666,1.0,1.0,0.0,0.0,1.0,1.0,1.0,1.0,0.0,0.5,0.0,0.0,0.5606965174129352,0.5681470137825421,No,0
1.0,1.0,0.0,0.0,0.15277777777777776,1.0,0.0,0.5,0.0,0.0,0.0,0.0,0.0,1.0,0.0,1.0,0.3333333333333333,0.6059701492537314,0.9373660030627871,No,3
0.0,0.0,1.0,1.0,0.013888888888888888,1.0,0.0,1.0,0.5,0.5,0.5,0.5,0.5,0.5,1.0,0.0,1.0,0.020895522388059695,0.2470137825421133,No,0
1.0,0.0,1.0,1.0,0.16666666666666666,1.0,0.0,1.0,0.5,0.5,0.5,0.5,0.5,0.5,1.0,0.0,0.0,0.027860696517412936,0.347166921898928,No,3
1.0,1.0,1.0,0.0,0.041666666666666664,1.0,1.0,0.5,0.0,0.0,0.0,0.0,1.0,1.0,0.0,1.0,0.6666666666666666,0.7597014925373133,0.37029096477794793,Yes,3
1.0,0.0,0.0,1.0,0.5,1.0,0.0,0.5,0.0,1.0,0.0,0.0,1.0,1.0,0.0,1.0,0.6666666666666666,0.7606965174129353,0.46661562021439507,No,3
1.0,0.0,0.0,0.0,0.2222222222222222,1.0,0.0,0.5,1.0,0.0,0.0,0.0,1.0,1.0,0.0,1.0,0.6666666666666666,0.7562189054726368,0.13476263399693722,Yes,3
1.0,0.0,1.0,1.0,0.9027777777777777,1.0,1.0,0.0,1.0,1.0,1.0,0.0,0.0,1.0,0.5,0.0,0.3333333333333333,0.5393034825870647,0.6033690658499234,Yes,3
1.0,0.0,0.0,0.0,0.027777777777777776,1.0,0.0,0.5,0.0,1.0,0.0,0.0,0.0,0.0,0.0,0.0,0.6666666666666666,0.564179104477612,0.14180704441041347,No,3
0.0,0.0,0.0,0.0,0.5833333333333333,1.0,1.0,0.5,1.0,0.0,1.0,0.0,1.0,1.0,0.0,1.0,0.6666666666666666,0.8651741293532339,0.5745788667687596,Yes,0
1.0,0.0,1.0,1.0,1.0,1.0,0.0,0.5,1.0,1.0,1.0,1.0,1.0,1.0,1.0,0.0,0.0,0.9323383084577114,0.9240428790199081,No,3
1.0,0.0,0.0,0.0,0.861111111111111,1.0,0.0,1.0,0.5,0.5,0.5,0.5,0.5,0.5,1.0,0.0,0.0,0.015920398009950265,0.07090352220520674,No,3
0.0,0.0,0.0,0.0,0.08333333333333333,1.0,1.0,0.5,0.0,1.0,0.0,0.0,1.0,0.0,0.0,1.0,0.6666666666666666,0.7114427860696517,0.7019908116385911,No,0
1.0,0.0,1.0,0.0,0.6666666666666666,1.0,0.0,1.0,0.5,0.5,0.5,0.5,0.5,0.5,1.0,1.0,1.0,0.01791044776119402,0.011485451761102604,No,3
1.0,0.0,0.0,0.0,0.4861111111111111,1.0,1.0,0.5,1.0,0.0,1.0,1.0,1.0,1.0,1.0,1.0,0.6666666666666666,0.9024875621890548,0.5272588055130168,No,3
1.0,0.0,0.0,1.0,0.7222222222222222,1.0,0.0,1.0,0.5,0.5,0.5,0.5,0.5,0.5,0.5,0.0,0.3333333333333333,0.013930348258706454,0.977947932618683,No,3
0.0,0.0,0.0,0.0,0.013888888888888888,0.0,0.5,0.0,0.0,0.0,0.0,0.0,0.0,0.0,0.0,1.0,1.0,0.06616915422885569,0.31316998468606433,No,0
1.0,0.0,1.0,0.0,0.08333333333333333,1.0,1.0,0.5,0.0,0.0,0.0,0.0,1.0,0.0,0.0,1.0,0.6666666666666666,0.6427860696517412,0.5987748851454824,Yes,3
0.0,0.0,1.0,0.0,0.986111111111111,1.0,1.0,0.0,1.0,1.0,1.0,1.0,1.0,1.0,1.0,0.0,0.3333333333333333,0.745771144278607,0.7978560490045942,No,0
0.0,0.0,1.0,1.0,0.9305555555555555,1.0,0.0,0.5,1.0,1.0,1.0,0.0,0.0,0.0,0.5,0.0,0.0,0.6621890547263681,0.7094946401225115,No,0
1.0,1.0,0.0,0.0,0.8333333333333333,1.0,1.0,0.0,1.0,1.0,0.0,0.0,0.0,1.0,0.5,1.0,0.6666666666666666,0.5323383084577115,0.5686064318529862,No,3
1.0,0.0,1.0,1.0,0.3194444444444444,0.0,0.5,0.0,0.0,0.0,0.0,1.0,0.0,0.0,0.0,1.0,0.0,0.12039800995024874,0.8212863705972435,No,3
1.0,0.0,0.0,1.0,0.5416666666666666,0.0,0.5,0.0,0.0,0.0,1.0,1.0,1.0,1.0,0.5,0.0,0.0,0.3641791044776119,0.2773353751914242,No,3
1.0,0.0,1.0,1.0,0.20833333333333331,1.0,0.0,1.0,0.5,0.5,0.5,0.5,0.5,0.5,0.5,1.0,1.0,0.01243781094527363,0.31056661562021437,No,3
1.0,1.0,1.0,0.0,0.736111111111111,1.0,1.0,0.5,0.0,1.0,1.0,0.0,1.0,1.0,0.0,1.0,0.6666666666666666,0.8517412935323382,0.6970903522205206,Yes,3
1.0,0.0,1.0,1.0,0.3333333333333333,1.0,1.0,1.0,0.5,0.5,0.5,0.5,0.5,0.5,1.0,0.0,1.0,0.05920398009950248,0.7615620214395099,No,3
0.0,0.0,1.0,1.0,0.5138888888888888,1.0,0.0,1.0,0.5,0.5,0.5,0.5,0.5,0.5,0.0,0.0,0.6666666666666666,0.010945273631840807,0.8263399693721286,No,0
0.0,0.0,1.0,1.0,0.06944444444444445,1.0,0.0,0.5,0.0,1.0,0.0,0.0,0.0,1.0,0.0,1.0,0.6666666666666666,0.6502487562189054,0.5289433384379786,Yes,0
0.0,1.0,1.0,0.0,0.6944444444444444,1.0,1.0,0.5,0.0,0.0,0.0,1.0,1.0,1.0,0.5,1.0,0.6666666666666666,0.8199004975124379,0.6656967840735069,No,0
0.0,0.0,0.0,0.0,0.75,1.0,0.0,0.5,0.0,0.0,1.0,0.0,1.0,1.0,0.5,1.0,0.3333333333333333,0.7547263681592039,0.6557427258805513,No,0
0.0,0.0,0.0,0.0,0.041666666666666664,1.0,0.0,0.5,1.0,0.0,0.0,0.0,0.0,0.0,0.0,1.0,0.6666666666666666,0.5601990049751243,0.3007656967840735,No,0
1.0,0.0,0.0,0.0,0.9444444444444444,1.0,1.0,0.5,0.0,1.0,1.0,1.0,1.0,1.0,0.5,0.0,0.6666666666666666,0.8975124378109453,0.8597243491577335,Yes,3
1.0,0.0,0.0,0.0,0.06944444444444445,1.0,0.0,0.0,0.0,0.0,1.0,1.0,0.0,0.0,0.0,0.0,0.6666666666666666,0.3771144278606965,0.38514548238897395,No,3
1.0,0.0,0.0,0.0,0.4583333333333333,1.0,0.0,1.0,0.5,0.5,0.5,0.5,0.5,0.5,1.0,0.0,1.0,0.020895522388059695,0.832312404287902,No,3
0.0,0.0,0.0,0.0,0.5694444444444444,1.0,1.0,0.0,0.0,1.0,1.0,0.0,1.0,1.0,0.5,1.0,0.6666666666666666,0.6199004975124378,0.4347626339969372,No,0
0.0,0.0,1.0,1.0,0.4722222222222222,0.0,0.5,0.0,1.0,0.0,1.0,1.0,1.0,1.0,0.5,0.0,1.0,0.4278606965174129,0.2453292496171516,No,0
0.0,0.0,1.0,1.0,0.18055555555555555,1.0,0.0,1.0,0.5,0.5,0.5,0.5,0.5,0.5,0.0,1.0,1.0,0.021890547263681587,0.3358346094946401,No,0
0.0,0.0,0.0,0.0,0.2777777777777778,1.0,0.0,1.0,0.5,0.5,0.5,0.5,0.5,0.5,0.0,1.0,0.3333333333333333,0.0064676616915422536,0.45987748851454824,No,0
0.0,1.0,0.0,0.0,0.7083333333333333,1.0,0.0,1.0,0.5,0.5,0.5,0.5,0.5,0.5,1.0,0.0,0.3333333333333333,0.013432835820895522,0.9921898928024502,No,0
0.0,0.0,1.0,0.0,0.041666666666666664,1.0,1.0,0.5,0.0,1.0,0.0,0.0,0.0,1.0,0.0,1.0,0.3333333333333333,0.7288557213930348,0.31653905053598774,Yes,0
0.0,0.0,0.0,1.0,0.5694444444444444,1.0,0.0,0.0,0.0,0.0,0.0,0.0,0.0,0.0,0.0,0.0,0.0,0.2681592039800995,0.21470137825421132,No,0
0.0,0.0,0.0,0.0,0.18055555555555555,1.0,0.0,1.0,0.5,0.5,0.5,0.5,0.5,0.5,0.0,0.0,0.3333333333333333,0.011940298507462671,0.2992343032159265,No,0
1.0,0.0,1.0,1.0,0.4861111111111111,1.0,1.0,1.0,0.5,0.5,0.5,0.5,0.5,0.5,1.0,0.0,0.0,0.07164179104477608,0.9267993874425727,No,3
1.0,0.0,1.0,0.0,0.16666666666666666,1.0,0.0,0.5,1.0,0.0,0.0,1.0,0.0,0.0,0.0,0.0,0.0,0.6228855721393034,0.9583460949464012,Yes,3
1.0,0.0,0.0,0.0,0.05555555555555555,1.0,0.0,0.5,1.0,1.0,0.0,1.0,0.0,1.0,0.0,1.0,1.0,0.7626865671641792,0.4774885145482389,No,3
0.0,0.0,0.0,0.0,0.5972222222222222,0.0,0.5,0.0,0.0,0.0,1.0,0.0,1.0,1.0,0.0,1.0,0.0,0.30646766169154227,0.260490045941807,Yes,0
0.0,1.0,1.0,1.0,0.16666666666666666,0.0,0.5,0.0,0.0,0.0,0.0,1.0,0.0,0.0,0.0,1.0,1.0,0.1099502487562189,0.47120980091883613,No,0
1.0,1.0,1.0,0.0,0.9444444444444444,1.0,1.0,0.5,0.0,1.0,1.0,0.0,1.0,1.0,0.0,1.0,0.6666666666666666,0.8661691542288558,0.8669218989280245,Yes,3
1.0,1.0,0.0,0.0,0.3472222222222222,1.0,1.0,0.5,0.0,1.0,0.0,0.0,1.0,0.0,0.0,1.0,0.6666666666666666,0.7034825870646766,0.29617151607963244,Yes,3
0.0,0.0,0.0,0.0,0.09722222222222221,1.0,0.0,1.0,0.5,0.5,0.5,0.5,0.5,0.5,0.5,0.0,1.0,0.019900497512437804,0.08055130168453292,No,0
1.0,1.0,1.0,0.0,0.9166666666666666,1.0,1.0,0.5,0.0,1.0,1.0,1.0,1.0,1.0,0.5,1.0,0.6666666666666666,0.9213930348258706,0.8828483920367535,Yes,3
0.0,0.0,1.0,0.0,0.736111111111111,1.0,0.0,0.5,1.0,1.0,1.0,1.0,1.0,1.0,0.5,0.0,0.6666666666666666,0.917910447761194,0.7364471669218989,No,0
1.0,1.0,0.0,0.0,0.875,1.0,1.0,0.5,1.0,1.0,1.0,0.0,1.0,1.0,0.0,1.0,0.0,0.9069651741293533,0.8477794793261868,No,3
0.0,0.0,1.0,1.0,0.9722222222222222,1.0,1.0,0.5,1.0,1.0,1.0,1.0,1.0,1.0,1.0,1.0,0.0,0.9547263681592041,0.9007656967840735,Yes,0
1.0,1.0,1.0,0.0,0.375,0.0,0.5,0.0,0.0,0.0,0.0,0.0,0.0,1.0,0.0,0.0,0.0,0.18159203980099503,0.010413476263399694,Yes,3
0.0,0.0,0.0,0.0,0.013888888888888888,1.0,0.0,0.5,0.0,0.0,0.0,0.0,0.0,0.0,0.0,0.0,1.0,0.5223880597014925,0.8447166921898928,Yes,0
0.0,0.0,0.0,0.0,0.06944444444444445,1.0,0.0,1.0,0.5,0.5,0.5,0.5,0.5,0.5,0.0,0.0,1.0,0.01691542288557213,0.027105666156202142,No,0
0.0,1.0,1.0,0.0,0.5138888888888888,1.0,0.0,1.0,0.5,0.5,0.5,0.5,0.5,0.5,0.5,0.0,1.0,0.013432835820895522,0.8653905053598775,No,0
1.0,0.0,0.0,0.0,0.041666666666666664,0.0,0.5,0.0,0.0,0.0,1.0,0.0,1.0,0.0,0.0,1.0,1.0,0.217910447761194,0.08437978560490046,Yes,3
0.0,0.0,0.0,1.0,0.16666666666666666,1.0,1.0,0.5,0.0,0.0,0.0,0.0,0.0,0.0,0.0,1.0,0.6666666666666666,0.5805970149253731,0.9664624808575804,No,0
0.0,0.0,1.0,1.0,0.5277777777777778,1.0,0.0,1.0,0.5,0.5,0.5,0.5,0.5,0.5,0.5,0.0,0.3333333333333333,0.013432835820895522,0.8946401225114854,No,0
0.0,0.0,0.0,0.0,0.125,1.0,0.0,0.5,0.0,0.0,1.0,0.0,0.0,1.0,0.0,1.0,0.3333333333333333,0.6671641791044776,0.9073506891271056,No,0
1.0,0.0,1.0,0.0,0.18055555555555555,1.0,1.0,0.0,1.0,0.0,0.0,0.0,0.0,1.0,0.0,1.0,0.6666666666666666,0.47363184079601983,0.9696784073506891,No,3
1.0,1.0,1.0,0.0,0.40277777777777773,1.0,1.0,0.5,0.0,0.0,0.0,0.0,1.0,1.0,0.0,1.0,0.6666666666666666,0.7582089552238807,0.35237366003062787,Yes,3
0.0,0.0,1.0,1.0,0.6527777777777778,1.0,0.0,1.0,0.5,0.5,0.5,0.5,0.5,0.5,1.0,0.0,0.3333333333333333,0.01791044776119402,0.005206738131699847,No,0
1.0,0.0,1.0,0.0,0.8472222222222222,1.0,1.0,0.5,1.0,0.0,1.0,1.0,1.0,0.0,0.0,0.0,0.0,0.8074626865671642,0.7464012251148545,No,3
1.0,0.0,0.0,0.0,0.2222222222222222,1.0,0.0,1.0,0.5,0.5,0.5,0.5,0.5,0.5,0.0,0.0,1.0,0.01741293532338306,0.3658499234303216,No,3
0.0,0.0,1.0,1.0,0.5694444444444444,1.0,0.0,0.0,1.0,1.0,0.0,1.0,1.0,1.0,1.0,0.0,0.6666666666666666,0.5990049751243781,0.4159264931087289,No,0
0.0,0.0,0.0,1.0,0.5972222222222222,1.0,1.0,1.0,0.5,0.5,0.5,0.5,0.5,0.5,1.0,1.0,0.6666666666666666,0.0681592039800995,0.020980091883614087,No,0
0.0,0.0,1.0,1.0,0.5,1.0,1.0,0.5,0.0,1.0,1.0,0.0,1.0,0.0,0.0,1.0,0.0,0.7870646766169154,0.4580398162327718,Yes,0
0.0,0.0,0.0,0.0,0.08333333333333333,1.0,0.0,0.0,0.0,0.0,0.0,0.0,0.0,1.0,0.0,1.0,0.6666666666666666,0.3656716417910447,0.45130168453292496,No,0
0.0,0.0,0.0,0.0,0.8055555555555555,1.0,1.0,0.0,1.0,1.0,1.0,1.0,0.0,0.0,0.5,1.0,0.3333333333333333,0.5258706467661691,0.5595712098009188,No,0
1.0,0.0,0.0,0.0,0.2638888888888889,1.0,0.0,0.0,0.0,0.0,0.0,1.0,1.0,0.0,0.0,1.0,0.3333333333333333,0.4308457711442786,0.028330781010719754,No,3
1.0,0.0,1.0,0.0,0.15277777777777776,1.0,0.0,0.0,0.0,0.0,0.0,0.0,0.0,0.0,0.0,1.0,0.0,0.2751243781094527,0.6687595712098009,No,3
0.0,0.0,0.0,0.0,0.5416666666666666,0.0,0.5,0.0,1.0,1.0,0.0,1.0,0.0,0.0,0.5,1.0,0.0,0.2194029850746268,0.169218989280245,No,0
0.0,1.0,0.0,0.0,0.1111111111111111,1.0,0.0,0.5,0.0,1.0,0.0,0.0,1.0,0.0,0.0,1.0,0.6666666666666666,0.6850746268656716,0.8563552833078101,No,0
0.0,0.0,0.0,1.0,0.3611111111111111,1.0,1.0,0.0,0.0,0.0,0.0,0.0,0.0,0.0,0.0,1.0,1.0,0.31094527363184077,0.07411944869831547,No,0
0.0,1.0,0.0,0.0,0.736111111111111,1.0,0.0,0.5,0.0,1.0,0.0,0.0,0.0,0.0,0.0,1.0,0.3333333333333333,0.5527363184079601,0.5237366003062787,No,0
0.0,0.0,1.0,1.0,0.9722222222222222,1.0,0.0,1.0,0.5,0.5,0.5,0.5,0.5,0.5,1.0,1.0,1.0,0.009452736318407956,0.11286370597243492,No,0
1.0,0.0,0.0,0.0,0.013888888888888888,0.0,0.5,0.0,0.0,0.0,0.0,0.0,1.0,1.0,0.0,1.0,1.0,0.2691542288557213,0.5843797856049004,Yes,3
1.0,0.0,0.0,0.0,0.8194444444444444,1.0,1.0,1.0,0.5,0.5,0.5,0.5,0.5,0.5,1.0,0.0,1.0,0.06716417910447761,0.1422664624808576,No,3
1.0,0.0,0.0,0.0,0.027777777777777776,1.0,0.0,0.5,0.0,0.0,1.0,0.0,1.0,1.0,0.0,0.0,0.6666666666666666,0.7631840796019901,0.2001531393568147,Yes,3
1.0,0.0,0.0,0.0,0.09722222222222221,0.0,0.5,0.0,1.0,0.0,1.0,0.0,0.0,0.0,0.5,0.0,1.0,0.16965174129353228,0.35022970903522205,No,3
0.0,0.0,0.0,1.0,0.16666666666666666,1.0,0.0,0.0,0.0,0.0,0.0,0.0,0.0,0.0,0.0,1.0,0.6666666666666666,0.2616915422885572,0.620980091883614,Yes,0
1.0,0.0,1.0,1.0,0.8194444444444444,1.0,0.0,0.0,0.0,1.0,1.0,1.0,1.0,1.0,0.5,0.0,0.3333333333333333,0.582089552238806,0.592802450229709,No,3
1.0,0.0,1.0,1.0,0.8472222222222222,1.0,1.0,0.0,0.0,0.0,1.0,1.0,1.0,1.0,1.0,1.0,0.0,0.6243781094527363,0.6445635528330781,No,3
1.0,0.0,1.0,1.0,1.0,1.0,1.0,0.5,1.0,0.0,1.0,0.0,1.0,1.0,1.0,1.0,0.0,0.8686567164179103,0.8872894333843797,No,3
0.0,0.0,1.0,1.0,0.18055555555555555,1.0,0.0,1.0,0.5,0.5,0.5,0.5,0.5,0.5,0.0,0.0,1.0,0.00547263681592039,0.3315467075038285,No,0
0.0,0.0,1.0,1.0,0.8888888888888888,1.0,1.0,1.0,0.5,0.5,0.5,0.5,0.5,0.5,0.5,0.0,1.0,0.06616915422885569,0.16079632465543645,No,0
1.0,0.0,1.0,0.0,0.013888888888888888,0.0,0.5,0.0,0.0,0.0,0.0,0.0,0.0,0.0,0.0,1.0,0.6666666666666666,0.05174129353233828,0.29709035222052066,Yes,3
0.0,0.0,0.0,0.0,0.1388888888888889,1.0,0.0,0.0,0.0,1.0,0.0,1.0,0.0,1.0,0.5,0.0,1.0,0.464179104477612,0.8284839203675344,No,0
0.0,0.0,1.0,1.0,0.9027777777777777,1.0,0.0,0.0,1.0,1.0,1.0,0.0,0.0,0.0,0.5,0.0,0.0,0.42885572139303485,0.5075038284839204,No,0
0.0,0.0,1.0,0.0,0.861111111111111,1.0,1.0,0.5,1.0,1.0,1.0,1.0,1.0,1.0,1.0,0.0,1.0,0.9522388059701493,0.8326186830015314,No,0
0.0,0.0,1.0,0.0,0.7638888888888888,1.0,1.0,0.0,1.0,1.0,1.0,1.0,1.0,1.0,0.5,1.0,0.6666666666666666,0.7154228855721393,0.6381316998468606,No,0
0.0,0.0,1.0,0.0,0.3472222222222222,1.0,1.0,0.0,0.0,1.0,0.0,0.0,0.0,0.0,0.0,0.0,0.6666666666666666,0.3567164179104477,0.10290964777947932,No,0
1.0,0.0,0.0,0.0,0.013888888888888888,0.0,0.5,0.0,1.0,0.0,0.0,0.0,0.0,0.0,0.0,0.0,1.0,0.11393034825870646,0.3834609494640122,Yes,3
1.0,0.0,0.0,0.0,0.013888888888888888,1.0,0.0,0.0,1.0,0.0,0.0,0.0,0.0,0.0,0.0,1.0,0.3333333333333333,0.3139303482587064,0.6347626339969372,No,3
0.0,0.0,1.0,0.0,0.8194444444444444,1.0,1.0,0.5,0.0,1.0,0.0,0.0,1.0,1.0,0.0,0.0,0.6666666666666666,0.8243781094527362,0.7563552833078101,Yes,0
1.0,1.0,1.0,1.0,0.8888888888888888,1.0,1.0,1.0,0.5,0.5,0.5,0.5,0.5,0.5,1.0,1.0,0.0,0.061194029850746234,0.15068912710566615,No,3
1.0,0.0,1.0,0.0,0.5,1.0,1.0,0.5,0.0,0.0,0.0,0.0,1.0,1.0,0.0,1.0,0.0,0.763681592039801,0.45650842266462477,No,3
0.0,0.0,0.0,0.0,0.041666666666666664,1.0,1.0,0.0,0.0,0.0,0.0,0.0,0.0,0.0,0.0,1.0,1.0,0.32238805970149254,0.14150076569678408,Yes,0
1.0,0.0,1.0,0.0,0.8472222222222222,1.0,1.0,0.0,1.0,0.0,1.0,0.0,0.0,1.0,1.0,1.0,1.0,0.5139303482587065,0.5525267993874425,No,3
1.0,0.0,0.0,1.0,0.3611111111111111,0.0,0.5,0.0,0.0,1.0,0.0,0.0,1.0,0.0,0.5,1.0,0.0,0.21592039800995028,0.007197549770290965,No,3
0.0,0.0,0.0,0.0,0.013888888888888888,1.0,0.0,0.0,0.0,0.0,0.0,0.0,0.0,1.0,0.0,1.0,0.6666666666666666,0.3696517412935323,0.6987748851454824,Yes,0
0.0,1.0,1.0,0.0,0.013888888888888888,1.0,1.0,0.5,0.0,1.0,0.0,0.0,1.0,0.0,0.0,1.0,0.6666666666666666,0.7199004975124377,0.9686064318529862,Yes,0
1.0,0.0,1.0,1.0,0.9444444444444444,1.0,0.0,0.5,1.0,1.0,1.0,0.0,1.0,1.0,1.0,1.0,0.3333333333333333,0.845771144278607,0.8505359877488514,No,3
1.0,1.0,1.0,0.0,0.027777777777777776,1.0,1.0,0.5,0.0,0.0,0.0,0.0,1.0,0.0,0.0,1.0,1.0,0.6825870646766168,0.1540581929555896,Yes,3
0.0,0.0,1.0,0.0,1.0,1.0,1.0,0.5,1.0,1.0,1.0,1.0,0.0,0.0,1.0,1.0,0.0,0.7562189054726368,0.8283307810107198,No,0
0.0,0.0,1.0,0.0,0.986111111111111,0.0,0.5,0.0,0.0,0.0,1.0,1.0,0.0,1.0,1.0,1.0,0.6666666666666666,0.28656716417910444,0.4346094946401225,No,0
1.0,0.0,0.0,0.0,0.7916666666666666,1.0,0.0,1.0,0.5,0.5,0.5,0.5,0.5,0.5,1.0,0.0,0.3333333333333333,0.02288557213930348,0.07044410413476263,No,3
1.0,0.0,0.0,0.0,0.05555555555555555,1.0,0.0,1.0,0.5,0.5,0.5,0.5,0.5,0.5,0.0,1.0,1.0,0.013930348258706454,0.8142419601837672,No,3
0.0,1.0,0.0,0.0,0.013888888888888888,1.0,0.0,0.5,0.0,0.0,0.0,0.0,0.0,0.0,0.0,1.0,0.6666666666666666,0.5169154228855721,0.843032159264931,No,0
1.0,0.0,1.0,1.0,1.0,1.0,1.0,0.0,1.0,1.0,1.0,1.0,0.0,1.0,1.0,0.0,0.3333333333333333,0.6243781094527363,0.7272588055130168,No,3
1.0,0.0,1.0,1.0,0.29166666666666663,1.0,1.0,0.0,1.0,0.0,0.0,0.0,1.0,1.0,0.5,1.0,0.0,0.5736318407960199,0.15084226646248086,No,3
0.0,0.0,1.0,1.0,0.986111111111111,1.0,1.0,1.0,0.5,0.5,0.5,0.5,0.5,0.5,1.0,0.0,0.0,0.06417910447761191,0.20872894333843797,No,0
0.0,1.0,1.0,0.0,0.40277777777777773,1.0,1.0,0.5,0.0,0.0,1.0,0.0,1.0,1.0,0.0,1.0,0.0,0.8039800995024875,0.3905053598774885,Yes,0
0.0,1.0,0.0,0.0,0.9583333333333333,1.0,1.0,0.5,1.0,0.0,1.0,1.0,1.0,1.0,1.0,0.0,0.3333333333333333,0.9154228855721392,0.881470137825421,No,0
0.0,0.0,1.0,0.0,0.8888888888888888,1.0,1.0,0.0,1.0,0.0,1.0,1.0,1.0,1.0,1.0,1.0,0.3333333333333333,0.664179104477612,0.6969372128637059,No,0
1.0,0.0,0.0,0.0,0.2222222222222222,1.0,0.0,1.0,0.5,0.5,0.5,0.5,0.5,0.5,0.0,0.0,0.3333333333333333,0.014925373134328346,0.3895865237366003,No,3
0.0,0.0,0.0,0.0,0.05555555555555555,1.0,1.0,1.0,0.5,0.5,0.5,0.5,0.5,0.5,0.5,0.0,0.6666666666666666,0.056218905472636804,0.992802450229709,No,0
0.0,0.0,0.0,0.0,0.7222222222222222,1.0,1.0,0.5,1.0,1.0,0.0,1.0,1.0,1.0,0.5,1.0,0.3333333333333333,0.9253731343283581,0.7428790199081163,Yes,0
1.0,0.0,0.0,0.0,0.027777777777777776,1.0,0.0,0.0,1.0,0.0,1.0,0.0,0.0,0.0,0.0,1.0,1.0,0.3666666666666667,0.03813169984686064,Yes,3
1.0,0.0,0.0,0.0,0.013888888888888888,1.0,0.0,1.0,0.5,0.5,0.5,0.5,0.5,0.5,0.0,0.0,1.0,0.01691542288557213,0.22863705972434914,No,3
1.0,0.0,0.0,0.0,0.25,0.0,0.5,0.0,0.0,0.0,0.0,0.0,0.0,0.0,0.0,0.0,1.0,0.06865671641791044,0.617457886676876,No,3
0.0,0.0,0.0,0.0,0.027777777777777776,1.0,1.0,0.0,0.0,1.0,0.0,0.0,0.0,0.0,0.0,0.0,1.0,0.35721393034825866,0.0033690658499234303,No,0
0.0,0.0,1.0,0.0,0.2638888888888889,1.0,0.0,0.0,0.0,1.0,0.0,0.0,0.0,1.0,0.0,1.0,1.0,0.4134328358208955,0.03905053598774885,No,0
0.0,0.0,0.0,0.0,0.5555555555555556,1.0,1.0,0.5,0.0,0.0,0.0,0.0,0.0,1.0,0.0,0.0,0.0,0.6527363184079601,0.4687595712098009,No,0
0.0,1.0,1.0,1.0,0.9166666666666666,1.0,1.0,0.5,0.0,1.0,1.0,0.0,1.0,1.0,0.5,1.0,0.6666666666666666,0.8621890547263681,0.832771822358346,No,0
1.0,0.0,0.0,0.0,0.29166666666666663,1.0,1.0,0.5,0.0,0.0,0.0,0.0,0.0,0.0,0.0,0.0,1.0,0.5676616915422885,0.1565084226646248,No,3
1.0,0.0,0.0,0.0,0.1111111111111111,1.0,0.0,0.0,0.0,1.0,0.0,1.0,1.0,0.0,0.0,1.0,0.6666666666666666,0.4815920398009951,0.6675344563552833,No,3
0.0,0.0,1.0,1.0,1.0,1.0,0.0,0.5,1.0,1.0,1.0,1.0,1.0,1.0,1.0,1.0,0.3333333333333333,0.9079601990049752,0.9094946401225115,No,0
0.0,0.0,0.0,0.0,0.6666666666666666,1.0,1.0,0.0,0.0,1.0,1.0,1.0,1.0,0.0,0.5,1.0,0.0,0.553233830845771,0.47519142419601834,No,0
1.0,0.0,0.0,0.0,0.9583333333333333,1.0,0.0,1.0,0.5,0.5,0.5,0.5,0.5,0.5,1.0,1.0,0.0,0.010447761194029848,0.12710566615620214,No,3
1.0,0.0,0.0,0.0,1.0,1.0,1.0,0.5,1.0,1.0,1.0,1.0,1.0,1.0,1.0,1.0,0.6666666666666666,0.9945273631840795,0.9534456355283307,No,3
0.0,0.0,0.0,0.0,0.19444444444444442,1.0,0.0,0.0,0.0,1.0,0.0,0.0,0.0,0.0,0.5,0.0,0.3333333333333333,0.33034825870646767,0.8655436447166922,No,0
1.0,0.0,0.0,0.0,0.08333333333333333,1.0,0.0,0.0,0.0,1.0,0.0,0.0,1.0,0.0,0.0,0.0,0.6666666666666666,0.4099502487562189,0.47350689127105666,No,3
0.0,0.0,1.0,1.0,0.1111111111111111,1.0,0.0,1.0,0.5,0.5,0.5,0.5,0.5,0.5,1.0,0.0,0.0,0.01243781094527363,0.15987748851454822,No,0
0.0,0.0,0.0,0.0,0.2361111111111111,1.0,0.0,1.0,0.5,0.5,0.5,0.5,0.5,0.5,0.5,0.0,1.0,0.012935323383084563,0.3721286370597243,No,0
1.0,0.0,0.0,0.0,0.9027777777777777,1.0,1.0,0.5,1.0,0.0,0.0,1.0,0.0,1.0,0.5,0.0,0.6666666666666666,0.7492537313432835,0.7595712098009189,No,3
0.0,0.0,1.0,1.0,0.7916666666666666,1.0,0.0,0.0,1.0,0.0,1.0,1.0,0.0,0.0,0.5,1.0,1.0,0.408457711442786,0.4364471669218989,No,0
1.0,0.0,1.0,0.0,0.18055555555555555,1.0,1.0,0.5,0.0,0.0,1.0,0.0,1.0,1.0,0.0,1.0,0.3333333333333333,0.8358208955223881,0.0995405819295559,Yes,3
1.0,1.0,0.0,0.0,0.2638888888888889,1.0,0.0,0.5,0.0,0.0,1.0,0.0,1.0,1.0,0.0,1.0,0.3333333333333333,0.772636815920398,0.1995405819295559,Yes,3
0.0,0.0,1.0,0.0,0.7777777777777777,1.0,1.0,0.5,1.0,1.0,1.0,0.0,1.0,1.0,0.5,0.0,0.0,0.9109452736318407,0.7638591117917305,No,0
0.0,0.0,1.0,0.0,0.19444444444444442,1.0,0.0,0.5,0.0,0.0,0.0,0.0,0.0,1.0,0.0,1.0,0.6666666666666666,0.5955223880597014,0.035834609494640124,No,0
1.0,0.0,1.0,0.0,0.7222222222222222,0.0,0.5,0.0,1.0,0.0,0.0,0.0,0.0,1.0,0.0,1.0,0.6666666666666666,0.2154228855721393,0.25329249617151606,No,3
0.0,0.0,0.0,0.0,0.8055555555555555,1.0,0.0,0.0,1.0,1.0,1.0,1.0,0.0,0.0,1.0,1.0,0.3333333333333333,0.464179104477612,0.49816232771822355,No,0
0.0,1.0,0.0,0.0,0.6527777777777778,1.0,1.0,0.5,0.0,1.0,0.0,1.0,1.0,0.0,0.0,1.0,0.6666666666666666,0.7641791044776118,0.5866768759571209,Yes,0
0.0,0.0,0.0,0.0,0.9305555555555555,0.0,0.5,0.0,0.0,0.0,1.0,1.0,1.0,1.0,0.0,1.0,0.3333333333333333,0.34975124378109446,0.4742725880551302,No,0
1.0,0.0,0.0,0.0,0.027777777777777776,0.0,0.5,0.0,0.0,0.0,0.0,0.0,0.0,0.0,0.0,1.0,0.3333333333333333,0.06616915422885569,0.6344563552833078,No,3
1.0,1.0,0.0,0.0,0.08333333333333333,1.0,0.0,0.0,0.0,0.0,0.0,0.0,0.0,0.0,0.0,0.0,0.3333333333333333,0.2631840796019901,0.3672281776416539,No,3
1.0,0.0,1.0,1.0,0.986111111111111,1.0,1.0,0.5,1.0,1.0,1.0,1.0,1.0,1.0,1.0,1.0,0.0,0.9527363184079601,0.9324655436447167,No,3
0.0,0.0,1.0,1.0,0.6388888888888888,1.0,0.0,1.0,0.5,0.5,0.5,0.5,0.5,0.5,1.0,0.0,0.0,0.019900497512437804,0.9655436447166922,No,0
0.0,0.0,0.0,0.0,0.06944444444444445,1.0,0.0,0.0,1.0,0.0,0.0,1.0,0.0,0.0,0.0,0.0,0.3333333333333333,0.35422885572139307,0.3433384379785605,Yes,0
1.0,1.0,1.0,0.0,0.9305555555555555,1.0,1.0,0.5,1.0,1.0,0.0,0.0,0.0,0.0,0.0,0.0,0.0,0.6527363184079601,0.7082695252679938,No,3
1.0,0.0,0.0,1.0,0.041666666666666664,1.0,0.0,1.0,0.5,0.5,0.5,0.5,0.5,0.5,0.0,0.0,0.0,0.019402985074626844,0.6479326186830016,No,3
0.0,0.0,0.0,0.0,0.041666666666666664,1.0,0.0,1.0,0.5,0.5,0.5,0.5,0.5,0.5,0.0,0.0,1.0,0.01691542288557213,0.7320061255742726,No,0
1.0,1.0,1.0,0.0,0.7222222222222222,1.0,1.0,0.5,1.0,0.0,1.0,0.0,1.0,1.0,0.0,1.0,0.6666666666666666,0.8552238805970148,0.7068912710566615,Yes,3
0.0,0.0,1.0,0.0,0.5833333333333333,1.0,1.0,0.0,0.0,0.0,0.0,0.0,0.0,0.0,0.0,1.0,0.6666666666666666,0.31840796019900497,0.28101071975497705,Yes,0
1.0,0.0,1.0,1.0,0.6944444444444444,1.0,0.0,1.0,0.5,0.5,0.5,0.5,0.5,0.5,0.5,1.0,1.0,0.020895522388059695,0.9823889739663093,No,3
1.0,1.0,1.0,0.0,0.3194444444444444,1.0,0.0,0.5,1.0,1.0,0.0,0.0,0.0,1.0,0.0,1.0,0.6666666666666666,0.7139303482587065,0.25390505359877485,No,3
0.0,0.0,1.0,1.0,0.9305555555555555,0.0,0.5,0.0,1.0,1.0,1.0,1.0,1.0,0.0,1.0,0.0,0.3333333333333333,0.3577114427860697,0.4793261868300153,No,0
0.0,0.0,0.0,0.0,0.3472222222222222,1.0,0.0,0.5,0.0,1.0,1.0,0.0,1.0,1.0,0.0,1.0,0.6666666666666666,0.808457711442786,0.30673813169984687,Yes,0
0.0,1.0,1.0,0.0,0.5416666666666666,1.0,0.0,0.5,1.0,1.0,0.0,0.0,1.0,1.0,0.5,0.0,1.0,0.8044776119402984,0.5081163859111791,No,0
0.0,0.0,0.0,0.0,0.9583333333333333,1.0,1.0,0.0,1.0,1.0,0.0,1.0,0.0,0.0,1.0,1.0,1.0,0.48407960199004973,0.5963246554364472,No,0
0.0,0.0,0.0,0.0,0.013888888888888888,0.0,0.5,0.0,0.0,0.0,0.0,0.0,0.0,0.0,0.5,0.0,1.0,0.0756218905472637,0.33062787136294025,No,0
1.0,0.0,0.0,0.0,0.4444444444444444,1.0,0.0,0.5,0.0,0.0,0.0,0.0,1.0,1.0,0.0,0.0,0.6666666666666666,0.7243781094527363,0.3796324655436447,No,3
0.0,0.0,0.0,0.0,0.125,1.0,0.0,0.5,0.0,0.0,0.0,0.0,0.0,0.0,0.0,0.0,0.6666666666666666,0.5248756218905473,0.8162327718223583,Yes,0
0.0,0.0,0.0,0.0,0.2222222222222222,1.0,0.0,0.5,0.0,1.0,1.0,0.0,0.0,1.0,0.0,1.0,0.3333333333333333,0.745771144278607,0.1568147013782542,Yes,0
1.0,0.0,1.0,1.0,0.8333333333333333,1.0,0.0,1.0,0.5,0.5,0.5,0.5,0.5,0.5,1.0,1.0,0.0,0.026865671641791017,0.07641653905053598,No,3
0.0,0.0,1.0,1.0,1.0,1.0,1.0,0.5,0.0,1.0,1.0,1.0,1.0,1.0,1.0,1.0,0.0,0.9049751243781096,0.8996937212863706,No,0
1.0,0.0,1.0,0.0,0.06944444444444445,1.0,0.0,1.0,0.5,0.5,0.5,0.5,0.5,0.5,0.0,0.0,1.0,0.010945273631840807,0.07258805513016846,Yes,3
0.0,1.0,0.0,0.0,0.3611111111111111,1.0,0.0,0.5,1.0,0.0,0.0,0.0,1.0,0.0,0.0,1.0,0.3333333333333333,0.672139303482587,0.277947932618683,No,0
1.0,0.0,0.0,0.0,0.041666666666666664,1.0,0.0,1.0,0.5,0.5,0.5,0.5,0.5,0.5,0.0,0.0,1.0,0.015920398009950265,0.7900459418070443,Yes,3
1.0,0.0,0.0,0.0,0.027777777777777776,1.0,0.0,1.0,0.5,0.5,0.5,0.5,0.5,0.5,0.0,1.0,0.6666666666666666,0.013930348258706454,0.4128637059724349,No,3
0.0,0.0,0.0,1.0,0.027777777777777776,1.0,0.0,1.0,0.5,0.5,0.5,0.5,0.5,0.5,0.5,0.0,0.0,0.02238805970149252,0.4986217457886677,No,0
0.0,0.0,0.0,0.0,0.5,1.0,1.0,0.0,1.0,0.0,1.0,1.0,1.0,1.0,0.5,1.0,0.3333333333333333,0.7104477611940299,0.4447166921898928,No,0
1.0,0.0,0.0,0.0,0.09722222222222221,1.0,0.0,0.5,1.0,0.0,0.0,0.0,0.0,0.0,0.0,0.0,1.0,0.5582089552238805,0.6823889739663094,No,3
0.0,1.0,1.0,0.0,0.8333333333333333,0.0,0.5,0.0,0.0,1.0,0.0,0.0,1.0,1.0,1.0,1.0,0.3333333333333333,0.31044776119402984,0.38453292496171515,No,0
0.0,0.0,1.0,0.0,0.2638888888888889,1.0,1.0,0.5,0.0,1.0,0.0,0.0,0.0,1.0,0.0,1.0,0.6666666666666666,0.7049751243781094,0.1670750382848392,No,0
1.0,1.0,1.0,0.0,0.625,1.0,1.0,0.0,1.0,0.0,1.0,1.0,0.0,1.0,1.0,0.0,0.3333333333333333,0.5661691542288557,0.46217457886676877,No,3
1.0,1.0,0.0,0.0,0.05555555555555555,1.0,0.0,0.5,0.0,0.0,0.0,0.0,0.0,0.0,0.0,1.0,0.6666666666666666,0.5213930348258707,0.38790199081163856,No,3
0.0,0.0,1.0,1.0,0.4305555555555555,1.0,1.0,0.5,0.0,0.0,1.0,1.0,1.0,1.0,0.0,1.0,0.6666666666666666,0.8552238805970148,0.43231240428790196,Yes,0
1.0,0.0,1.0,1.0,0.6527777777777778,1.0,0.0,0.5,1.0,0.0,1.0,0.0,0.0,1.0,0.0,0.0,0.6666666666666666,0.7144278606965173,0.5407350689127105,No,3
1.0,0.0,0.0,0.0,0.013888888888888888,1.0,0.0,0.5,0.0,0.0,0.0,0.0,0.0,1.0,0.0,1.0,0.6666666666666666,0.6069651741293532,0.9134762633996937,Yes,3
0.0,0.0,0.0,0.0,0.013888888888888888,1.0,0.0,0.0,0.0,0.0,0.0,0.0,0.0,0.0,0.0,1.0,0.0,0.2651741293532338,0.5741194486983154,Yes,0
0.0,0.0,0.0,0.0,0.013888888888888888,1.0,0.0,1.0,0.5,0.5,0.5,0.5,0.5,0.5,0.0,0.0,0.3333333333333333,0.011442786069651711,0.22695252679938743,No,0
0.0,1.0,1.0,1.0,0.8194444444444444,1.0,1.0,0.5,0.0,0.0,1.0,0.0,0.0,1.0,0.0,1.0,0.3333333333333333,0.7014925373134329,0.683614088820827,No,0
1.0,0.0,1.0,0.0,0.1388888888888889,1.0,0.0,0.5,0.0,0.0,0.0,0.0,0.0,0.0,0.0,1.0,0.6666666666666666,0.5159203980099502,0.8055130168453293,Yes,3
1.0,1.0,0.0,0.0,0.4861111111111111,1.0,1.0,0.5,1.0,0.0,0.0,0.0,0.0,1.0,0.0,0.0,0.3333333333333333,0.7238805970149254,0.4232771822358346,No,3
1.0,0.0,0.0,0.0,0.05555555555555555,0.0,0.5,0.0,0.0,0.0,1.0,0.0,0.0,0.0,0.0,1.0,0.6666666666666666,0.11343283582089547,0.05160796324655436,Yes,3
1.0,0.0,1.0,1.0,0.4444444444444444,1.0,0.0,0.5,1.0,1.0,0.0,0.0,0.0,1.0,0.5,1.0,0.6666666666666666,0.7218905472636815,0.4024502297090352,No,3
1.0,0.0,0.0,0.0,0.5972222222222222,1.0,1.0,0.5,0.0,1.0,0.0,0.0,0.0,0.0,0.0,1.0,0.6666666666666666,0.5930348258706467,0.4473200612557427,Yes,3
1.0,0.0,0.0,0.0,0.05555555555555555,1.0,0.0,0.0,0.0,0.0,0.0,0.0,0.0,1.0,0.0,0.0,0.6666666666666666,0.35870646766169145,0.23767228177641653,Yes,3
0.0,1.0,1.0,0.0,0.75,1.0,0.0,1.0,0.5,0.5,0.5,0.5,0.5,0.5,1.0,1.0,1.0,0.006965174129353213,0.009954058192955589,No,0
0.0,1.0,0.0,0.0,0.15277777777777776,1.0,1.0,0.5,0.0,0.0,0.0,0.0,1.0,1.0,0.0,1.0,0.0,0.7651741293532338,0.9992343032159264,Yes,0
0.0,1.0,0.0,0.0,0.9166666666666666,1.0,1.0,0.5,1.0,0.0,0.0,0.0,1.0,1.0,1.0,1.0,0.0,0.8373134328358208,0.795865237366003,No,0
1.0,0.0,1.0,1.0,0.8472222222222222,1.0,1.0,0.5,0.0,0.0,1.0,0.0,1.0,1.0,0.5,1.0,0.6666666666666666,0.8124378109452737,0.7754977029096477,No,3
1.0,0.0,1.0,1.0,1.0,1.0,1.0,0.0,1.0,1.0,1.0,1.0,1.0,1.0,1.0,0.0,0.3333333333333333,0.7009950248756219,0.7975497702909647,No,3
1.0,0.0,1.0,1.0,0.611111111111111,0.0,0.5,0.0,0.0,0.0,1.0,1.0,1.0,1.0,0.5,1.0,0.6666666666666666,0.35870646766169145,0.2989280245022971,No,3
1.0,0.0,0.0,0.0,0.5694444444444444,1.0,1.0,0.0,0.0,0.0,1.0,0.0,0.0,0.0,0.0,1.0,0.0,0.372636815920398,0.2865237366003063,No,3
1.0,0.0,1.0,0.0,0.6944444444444444,1.0,1.0,0.5,1.0,0.0,1.0,0.0,1.0,1.0,0.5,1.0,0.6666666666666666,0.8527363184079603,0.6715160796324655,No,3
1.0,0.0,1.0,0.0,0.6527777777777778,1.0,1.0,0.5,1.0,0.0,1.0,1.0,1.0,1.0,0.5,1.0,0.3333333333333333,0.9213930348258706,0.6758039816232772,Yes,3
1.0,0.0,1.0,1.0,0.1111111111111111,1.0,0.0,1.0,0.5,0.5,0.5,0.5,0.5,0.5,1.0,0.0,1.0,0.018905472636815884,0.17304747320061256,No,3
1.0,0.0,0.0,0.0,0.25,1.0,0.0,1.0,0.5,0.5,0.5,0.5,0.5,0.5,0.0,0.0,1.0,0.01791044776119402,0.47473200612557426,No,3
1.0,0.0,1.0,1.0,1.0,1.0,1.0,0.0,1.0,1.0,1.0,1.0,1.0,1.0,1.0,1.0,0.3333333333333333,0.7333333333333334,0.8079632465543645,No,3
1.0,0.0,0.0,0.0,0.013888888888888888,1.0,0.0,0.5,0.0,0.0,0.0,0.0,0.0,1.0,0.0,0.0,0.6666666666666666,0.6194029850746269,0.9218989280245022,Yes,3
0.0,1.0,0.0,0.0,0.5833333333333333,1.0,1.0,0.0,0.0,0.0,1.0,0.0,0.0,0.0,0.0,0.0,0.6666666666666666,0.37213930348258706,0.31684532924961717,No,0
0.0,1.0,0.0,0.0,0.25,1.0,0.0,0.5,0.0,1.0,0.0,0.0,0.0,0.0,0.0,1.0,0.6666666666666666,0.5616915422885572,0.08223583460949464,No,0
0.0,0.0,0.0,1.0,0.18055555555555555,1.0,1.0,0.5,0.0,1.0,1.0,0.0,1.0,1.0,0.5,1.0,0.3333333333333333,0.854726368159204,0.08330781010719755,No,0
0.0,0.0,1.0,1.0,0.9444444444444444,1.0,1.0,0.5,0.0,1.0,0.0,1.0,0.0,0.0,0.5,1.0,0.0,0.6507462686567165,0.7254211332312404,No,0
1.0,0.0,0.0,0.0,0.05555555555555555,1.0,1.0,0.5,0.0,0.0,0.0,0.0,0.0,0.0,0.0,1.0,0.0,0.53681592039801,0.40597243491577334,Yes,3
1.0,0.0,0.0,0.0,0.9583333333333333,1.0,1.0,0.5,1.0,1.0,1.0,0.0,1.0,1.0,1.0,1.0,0.3333333333333333,0.9134328358208955,0.8796324655436447,No,3
1.0,0.0,0.0,0.0,0.2361111111111111,1.0,0.0,0.0,0.0,0.0,0.0,1.0,0.0,0.0,0.0,0.0,1.0,0.3308457711442786,0.9690658499234303,Yes,3
1.0,0.0,1.0,1.0,0.3472222222222222,1.0,1.0,1.0,0.5,0.5,0.5,0.5,0.5,0.5,1.0,0.0,0.3333333333333333,0.07213930348258707,0.779938744257274,No,3
1.0,1.0,0.0,0.0,0.5972222222222222,1.0,0.0,0.5,0.0,0.0,0.0,0.0,1.0,1.0,0.0,1.0,1.0,0.7094527363184079,0.5052067381316998,Yes,3
0.0,0.0,1.0,1.0,0.8194444444444444,1.0,0.0,1.0,0.5,0.5,0.5,0.5,0.5,0.5,1.0,0.0,0.3333333333333333,0.01243781094527363,0.06294027565084226,No,0
0.0,1.0,0.0,0.0,0.06944444444444445,1.0,0.0,0.5,1.0,1.0,0.0,0.0,0.0,0.0,0.0,0.0,0.6666666666666666,0.6213930348258706,0.49295558958652375,No,0
1.0,0.0,1.0,1.0,0.29166666666666663,1.0,1.0,0.0,1.0,1.0,0.0,1.0,1.0,0.0,0.5,0.0,1.0,0.5895522388059701,0.1678407350689127,Yes,3
0.0,0.0,1.0,1.0,0.9583333333333333,1.0,1.0,0.5,1.0,1.0,1.0,1.0,1.0,0.0,0.5,1.0,0.3333333333333333,0.8641791044776118,0.8630934150076569,No,0
1.0,0.0,0.0,0.0,0.18055555555555555,0.0,0.5,0.0,0.0,0.0,0.0,0.0,0.0,0.0,0.0,1.0,0.0,0.06865671641791044,0.44042879019908115,No,3
1.0,0.0,1.0,0.0,0.5833333333333333,1.0,1.0,0.5,0.0,1.0,1.0,0.0,1.0,0.0,0.0,1.0,0.0,0.7661691542288557,0.5185298621745789,Yes,3
1.0,0.0,1.0,0.0,0.7222222222222222,1.0,1.0,0.5,0.0,1.0,0.0,1.0,0.0,1.0,0.0,1.0,0.3333333333333333,0.7701492537313434,0.6580398162327719,No,3
1.0,1.0,0.0,0.0,0.6388888888888888,1.0,0.0,0.5,1.0,0.0,0.0,0.0,0.0,1.0,0.0,0.0,0.6666666666666666,0.664179104477612,0.519448698315467,Yes,3
1.0,0.0,1.0,0.0,0.8472222222222222,1.0,1.0,0.0,1.0,1.0,1.0,1.0,0.0,1.0,1.0,1.0,0.0,0.6223880597014925,0.6284839203675344,No,3
1.0,0.0,0.0,0.0,0.40277777777777773,0.0,0.5,0.0,0.0,0.0,0.0,0.0,0.0,0.0,0.5,1.0,1.0,0.06567164179104479,0.9107197549770291,No,3
0.0,0.0,0.0,1.0,0.3472222222222222,1.0,0.0,0.0,0.0,1.0,0.0,1.0,0.0,0.0,0.5,1.0,0.3333333333333333,0.36318407960199006,0.07442572741194486,No,0
0.0,0.0,1.0,1.0,0.06944444444444445,1.0,0.0,0.5,0.0,0.0,0.0,1.0,1.0,0.0,0.0,1.0,0.6666666666666666,0.6716417910447761,0.6101071975497703,Yes,0
1.0,0.0,0.0,0.0,0.20833333333333331,0.0,0.5,0.0,0.0,0.0,1.0,0.0,1.0,1.0,0.5,0.0,0.6666666666666666,0.3233830845771144,0.8309341500765697,No,3
0.0,0.0,1.0,1.0,0.2638888888888889,1.0,0.0,1.0,0.5,0.5,0.5,0.5,0.5,0.5,1.0,0.0,1.0,0.018905472636815884,0.5067381316998468,No,0
1.0,0.0,0.0,0.0,0.611111111111111,1.0,0.0,1.0,0.5,0.5,0.5,0.5,0.5,0.5,1.0,0.0,1.0,0.01791044776119402,0.9480857580398162,No,3
0.0,1.0,0.0,0.0,0.08333333333333333,1.0,1.0,0.5,0.0,1.0,0.0,0.0,1.0,1.0,0.0,1.0,0.6666666666666666,0.7960199004975124,0.7101071975497703,Yes,0
1.0,0.0,1.0,1.0,0.8055555555555555,1.0,1.0,0.0,1.0,1.0,1.0,1.0,0.0,0.0,1.0,0.0,0.3333333333333333,0.5308457711442786,0.552833078101072,No,3
1.0,0.0,1.0,1.0,0.861111111111111,1.0,0.0,0.5,1.0,1.0,0.0,0.0,0.0,0.0,0.5,1.0,0.3333333333333333,0.6288557213930348,0.6454823889739663,No,3
0.0,0.0,1.0,1.0,0.9722222222222222,0.0,0.5,0.0,0.0,1.0,1.0,1.0,1.0,1.0,0.5,1.0,0.0,0.399502487562189,0.536906584992343,No,0
0.0,1.0,0.0,0.0,0.013888888888888888,0.0,0.5,0.0,0.0,0.0,0.0,0.0,0.0,0.0,0.0,1.0,1.0,0.07412935323383085,0.33016845329249617,Yes,0
1.0,0.0,1.0,1.0,0.1388888888888889,0.0,0.5,0.0,1.0,1.0,1.0,1.0,0.0,1.0,1.0,0.0,0.3333333333333333,0.35273631840796016,0.6679938744257274,No,3
1.0,0.0,0.0,0.0,0.3611111111111111,1.0,0.0,1.0,0.5,0.5,0.5,0.5,0.5,0.5,0.5,1.0,0.0,0.013432835820895522,0.6110260336906584,No,3
1.0,0.0,0.0,0.0,0.9166666666666666,1.0,1.0,0.5,0.0,1.0,0.0,0.0,0.0,1.0,0.0,0.0,0.3333333333333333,0.7079601990049752,0.7497702909647779,No,3
0.0,0.0,1.0,1.0,0.09722222222222221,1.0,0.0,0.5,0.0,0.0,0.0,0.0,0.0,0.0,0.0,1.0,0.6666666666666666,0.5049751243781094,0.6554364471669218,Yes,0
1.0,0.0,1.0,1.0,0.7083333333333333,1.0,1.0,0.5,0.0,1.0,0.0,1.0,0.0,0.0,0.5,0.0,0.0,0.6562189054726368,0.5597243491577335,No,3
1.0,0.0,1.0,1.0,1.0,1.0,1.0,0.5,1.0,1.0,1.0,1.0,1.0,0.0,1.0,1.0,0.3333333333333333,0.8741293532338307,0.8879019908116386,No,3
1.0,0.0,0.0,0.0,0.9027777777777777,1.0,1.0,1.0,0.5,0.5,0.5,0.5,0.5,0.5,1.0,0.0,1.0,0.07462686567164178,0.17457886676875956,No,3
1.0,0.0,0.0,0.0,0.027777777777777776,1.0,0.0,0.0,0.0,0.0,0.0,0.0,0.0,0.0,0.0,0.0,0.0,0.2766169154228855,0.9217457886676875,Yes,3
1.0,0.0,0.0,1.0,0.9722222222222222,1.0,1.0,0.0,1.0,1.0,0.0,1.0,0.0,0.0,0.5,0.0,0.0,0.46467661691542295,0.594333843797856,No,3
1.0,0.0,1.0,0.0,1.0,1.0,1.0,0.0,0.0,1.0,1.0,1.0,1.0,1.0,1.0,1.0,0.3333333333333333,0.6686567164179105,0.7744257274119448,No,3
0.0,0.0,1.0,1.0,0.013888888888888888,1.0,0.0,1.0,0.5,0.5,0.5,0.5,0.5,0.5,0.0,0.0,1.0,0.01791044776119402,0.24609494640122512,No,0
0.0,1.0,1.0,0.0,0.013888888888888888,1.0,0.0,0.5,0.0,1.0,0.0,0.0,0.0,0.0,0.0,1.0,1.0,0.5786069651741294,0.8917304747320061,Yes,0
0.0,0.0,0.0,0.0,0.06944444444444445,1.0,1.0,0.5,0.0,0.0,1.0,0.0,1.0,1.0,0.0,1.0,0.6666666666666666,0.818407960199005,0.6621745788667688,Yes,0
1.0,0.0,0.0,0.0,0.041666666666666664,1.0,0.0,1.0,0.5,0.5,0.5,0.5,0.5,0.5,0.0,0.0,1.0,0.024378109452736302,0.7203675344563553,No,3
1.0,0.0,0.0,0.0,0.8055555555555555,1.0,1.0,1.0,0.5,0.5,0.5,0.5,0.5,0.5,1.0,1.0,0.3333333333333333,0.07014925373134329,0.1335375191424196,No,3
1.0,1.0,1.0,1.0,0.3055555555555555,0.0,0.5,0.0,1.0,0.0,0.0,0.0,0.0,1.0,0.0,0.0,1.0,0.21691542288557208,0.9624808575803981,Yes,3
1.0,1.0,1.0,0.0,0.4583333333333333,1.0,1.0,0.5,0.0,1.0,0.0,0.0,1.0,1.0,0.0,1.0,0.0,0.8194029850746268,0.4358346094946401,No,3
1.0,0.0,0.0,0.0,0.013888888888888888,1.0,0.0,0.5,0.0,0.0,0.0,0.0,0.0,0.0,0.0,0.0,0.6666666666666666,0.5144278606965175,0.835375191424196,Yes,3
1.0,1.0,1.0,0.0,0.75,1.0,1.0,0.5,0.0,0.0,0.0,0.0,0.0,0.0,0.0,0.0,0.0,0.554726368159204,0.5136294027565084,No,3
1.0,0.0,1.0,0.0,1.0,1.0,1.0,0.5,0.0,1.0,0.0,0.0,1.0,1.0,1.0,1.0,0.6666666666666666,0.8074626865671642,0.866156202143951,No,3
1.0,0.0,0.0,1.0,0.013888888888888888,1.0,1.0,0.5,0.0,0.0,0.0,0.0,1.0,1.0,0.0,1.0,0.6666666666666666,0.7467661691542288,0.9785604900459418,Yes,3
1.0,0.0,0.0,0.0,0.041666666666666664,1.0,0.0,0.0,0.0,0.0,1.0,0.0,0.0,0.0,0.0,1.0,0.6666666666666666,0.30746268656716413,0.18162327718223584,Yes,3
0.0,0.0,1.0,1.0,1.0,1.0,1.0,0.5,1.0,1.0,1.0,1.0,0.0,1.0,1.0,0.0,0.3333333333333333,0.8875621890547264,0.8960183767228177,No,0
0.0,0.0,1.0,1.0,1.0,1.0,1.0,0.0,1.0,1.0,1.0,0.0,1.0,1.0,1.0,1.0,0.3333333333333333,0.6502487562189054,0.7477794793261868,No,0
1.0,1.0,1.0,0.0,0.75,1.0,1.0,0.5,0.0,0.0,1.0,0.0,1.0,1.0,0.0,1.0,0.3333333333333333,0.8039800995024875,0.6781010719754976,No,3
0.0,0.0,1.0,0.0,0.8194444444444444,1.0,1.0,0.0,0.0,1.0,0.0,1.0,1.0,1.0,0.5,1.0,0.6666666666666666,0.6154228855721392,0.6088820826952527,No,0
1.0,0.0,0.0,0.0,0.75,1.0,0.0,0.0,1.0,1.0,0.0,0.0,1.0,0.0,1.0,1.0,0.0,0.46815920398009947,0.4667687595712098,No,3
1.0,0.0,0.0,0.0,0.8333333333333333,1.0,1.0,0.5,0.0,0.0,1.0,0.0,1.0,0.0,1.0,1.0,0.6666666666666666,0.7094527363184079,0.6713629402756508,No,3
0.0,0.0,1.0,0.0,0.8333333333333333,0.0,0.5,0.0,0.0,1.0,1.0,1.0,1.0,1.0,1.0,0.0,0.3333333333333333,0.4233830845771144,0.4777947932618683,No,0
1.0,0.0,0.0,0.0,0.041666666666666664,1.0,1.0,0.5,0.0,0.0,0.0,0.0,0.0,0.0,0.0,0.0,0.6666666666666666,0.5597014925373134,0.27350689127105665,No,3
0.0,0.0,1.0,0.0,0.9583333333333333,1.0,1.0,0.5,1.0,0.0,0.0,0.0,1.0,1.0,1.0,0.0,0.0,0.8049751243781095,0.8304747320061255,No,0
0.0,0.0,1.0,1.0,0.013888888888888888,1.0,0.0,1.0,0.5,0.5,0.5,0.5,0.5,0.5,0.0,0.0,0.6666666666666666,0.009950248756218888,0.22664624808575803,No,0
1.0,0.0,1.0,1.0,0.6944444444444444,0.0,0.5,0.0,1.0,0.0,0.0,0.0,1.0,0.0,0.0,1.0,0.3333333333333333,0.2109452736318408,0.2535987748851455,No,3
0.0,0.0,0.0,0.0,0.7777777777777777,0.0,0.5,0.0,0.0,0.0,0.0,0.0,1.0,1.0,0.0,1.0,0.3333333333333333,0.2646766169154229,0.33996937212863704,No,0
0.0,0.0,1.0,0.0,0.8333333333333333,1.0,0.0,0.5,1.0,0.0,0.0,1.0,1.0,1.0,1.0,1.0,0.6666666666666666,0.7855721393034826,0.7119448698315467,No,0
1.0,1.0,1.0,0.0,0.9583333333333333,1.0,1.0,0.5,1.0,0.0,1.0,1.0,1.0,1.0,0.5,1.0,1.0,0.9184079601990048,0.8929555895865237,No,3
0.0,0.0,0.0,0.0,0.013888888888888888,0.0,0.5,0.0,0.0,0.0,0.0,0.0,0.0,1.0,0.0,0.0,1.0,0.16716417910447756,0.46385911179173045,Yes,0
0.0,1.0,0.0,0.0,0.013888888888888888,1.0,0.0,0.5,0.0,1.0,0.0,0.0,0.0,0.0,0.0,1.0,0.6666666666666666,0.5447761194029851,0.8670750382848392,Yes,0
0.0,0.0,1.0,0.0,0.041666666666666664,1.0,0.0,1.0,0.5,0.5,0.5,0.5,0.5,0.5,0.0,1.0,1.0,0.01641791044776117,0.5854517611026033,No,0
1.0,0.0,1.0,1.0,0.8333333333333333,1.0,0.0,0.0,0.0,1.0,0.0,1.0,1.0,1.0,1.0,0.0,0.0,0.5840796019900497,0.5932618683001532,No,3
0.0,0.0,0.0,0.0,0.18055555555555555,0.0,0.5,0.0,0.0,0.0,1.0,1.0,0.0,0.0,1.0,0.0,1.0,0.1706467661691542,0.5860643185298622,No,0
1.0,0.0,1.0,1.0,0.861111111111111,1.0,0.0,1.0,0.5,0.5,0.5,0.5,0.5,0.5,1.0,0.0,0.0,0.021890547263681587,0.08284839203675344,No,3
0.0,0.0,0.0,0.0,0.625,1.0,1.0,0.5,1.0,1.0,0.0,0.0,0.0,1.0,0.5,0.0,0.0,0.7810945273631841,0.5771822358346095,No,0
0.0,0.0,0.0,0.0,0.3472222222222222,0.0,0.5,0.0,0.0,0.0,1.0,1.0,1.0,1.0,0.5,0.0,0.6666666666666666,0.3577114427860697,0.11914241960183766,No,0
1.0,0.0,0.0,0.0,0.611111111111111,1.0,0.0,0.5,0.0,0.0,1.0,1.0,1.0,1.0,1.0,0.0,0.0,0.8144278606965173,0.5689127105666156,No,3
0.0,0.0,0.0,0.0,0.027777777777777776,1.0,0.0,0.0,0.0,0.0,0.0,0.0,0.0,0.0,0.0,1.0,1.0,0.26865671641791045,0.8751914241960184,No,0
1.0,1.0,0.0,0.0,0.4583333333333333,1.0,1.0,0.5,0.0,1.0,1.0,0.0,0.0,0.0,0.0,1.0,0.3333333333333333,0.6527363184079601,0.36079632465543643,Yes,3
0.0,0.0,0.0,0.0,0.013888888888888888,1.0,0.0,0.5,0.0,0.0,0.0,0.0,0.0,0.0,0.0,1.0,0.6666666666666666,0.5159203980099502,0.8427258805513017,Yes,0
0.0,0.0,0.0,0.0,0.3055555555555555,1.0,0.0,1.0,0.5,0.5,0.5,0.5,0.5,0.5,0.5,0.0,0.0,0.025870646766169153,0.5862174578866769,No,0
0.0,0.0,0.0,0.0,0.4861111111111111,0.0,0.5,0.0,0.0,0.0,1.0,1.0,0.0,0.0,0.0,1.0,1.0,0.15124378109452735,0.05022970903522205,No,0
0.0,0.0,1.0,1.0,0.40277777777777773,1.0,0.0,1.0,0.5,0.5,0.5,0.5,0.5,0.5,1.0,0.0,1.0,0.019402985074626844,0.7075038284839203,No,0
1.0,1.0,1.0,0.0,0.375,1.0,1.0,0.5,1.0,0.0,1.0,0.0,0.0,0.0,0.5,1.0,0.6666666666666666,0.673134328358209,0.28422664624808575,No,3
1.0,0.0,0.0,1.0,0.75,1.0,0.0,0.0,0.0,1.0,1.0,1.0,0.0,0.0,0.5,1.0,0.6666666666666666,0.4253731343283582,0.4372128637059724,No,3
0.0,1.0,0.0,0.0,0.027777777777777776,1.0,0.0,0.5,0.0,0.0,0.0,0.0,0.0,0.0,0.0,1.0,0.6666666666666666,0.5213930348258707,0.11807044410413475,Yes,0
1.0,0.0,0.0,0.0,0.7916666666666666,1.0,1.0,0.5,0.0,0.0,0.0,0.0,1.0,0.0,0.5,1.0,0.6666666666666666,0.6830845771144279,0.6408882082695252,No,3
1.0,0.0,0.0,0.0,0.861111111111111,1.0,1.0,0.0,1.0,1.0,1.0,1.0,0.0,0.0,1.0,0.0,0.0,0.5089552238805971,0.5534456355283308,No,3
0.0,0.0,1.0,1.0,0.20833333333333331,1.0,0.0,1.0,0.5,0.5,0.5,0.5,0.5,0.5,0.5,0.0,0.3333333333333333,0.020895522388059695,0.4454823889739663,No,0
1.0,0.0,0.0,0.0,0.027777777777777776,1.0,0.0,1.0,0.5,0.5,0.5,0.5,0.5,0.5,0.0,0.0,1.0,0.020895522388059695,0.4381316998468606,Yes,3
0.0,0.0,1.0,0.0,0.9722222222222222,1.0,1.0,0.5,0.0,0.0,1.0,1.0,1.0,1.0,1.0,1.0,0.0,0.8562189054726367,0.860490045941807,No,0
0.0,0.0,1.0,1.0,0.29166666666666663,1.0,0.0,0.0,0.0,0.0,0.0,0.0,0.0,0.0,0.0,1.0,0.6666666666666666,0.2656716417910448,0.9771822358346095,No,0
0.0,0.0,0.0,1.0,0.3194444444444444,1.0,0.0,0.0,0.0,0.0,0.0,1.0,0.0,0.0,0.5,1.0,0.6666666666666666,0.31044776119402984,0.034762633996937214,No,0
1.0,0.0,0.0,0.0,0.08333333333333333,1.0,0.0,1.0,0.5,0.5,0.5,0.5,0.5,0.5,0.5,0.0,1.0,0.023383084577114438,0.04563552833078101,No,3
1.0,0.0,1.0,1.0,0.05555555555555555,1.0,0.0,1.0,0.5,0.5,0.5,0.5,0.5,0.5,1.0,0.0,0.3333333333333333,0.012935323383084563,0.8241960183767227,No,3
0.0,0.0,0.0,0.0,0.041666666666666664,1.0,0.0,0.5,1.0,0.0,1.0,0.0,1.0,1.0,0.0,1.0,0.3333333333333333,0.8034825870646766,0.3793261868300153,Yes,0
0.0,0.0,0.0,0.0,0.3194444444444444,1.0,1.0,0.5,0.0,0.0,0.0,0.0,1.0,1.0,0.0,1.0,0.6666666666666666,0.7487562189054726,0.3026033690658499,No,0
1.0,0.0,0.0,0.0,0.3611111111111111,0.0,0.5,0.0,1.0,0.0,0.0,1.0,1.0,1.0,0.5,0.0,0.3333333333333333,0.3611940298507462,0.1006125574272588,No,3
0.0,0.0,0.0,1.0,0.1111111111111111,1.0,0.0,1.0,0.5,0.5,0.5,0.5,0.5,0.5,0.0,0.0,1.0,0.01791044776119402,0.1689127105666156,No,0
1.0,0.0,0.0,0.0,0.3611111111111111,1.0,1.0,0.5,0.0,0.0,0.0,0.0,0.0,1.0,0.0,1.0,0.6666666666666666,0.6537313432835821,0.2894333843797856,Yes,3
1.0,0.0,0.0,0.0,0.027777777777777776,1.0,1.0,0.5,0.0,1.0,0.0,0.0,0.0,0.0,0.0,1.0,0.6666666666666666,0.608955223880597,0.12771822358346094,No,3
1.0,0.0,0.0,0.0,0.9305555555555555,1.0,1.0,0.5,1.0,1.0,1.0,1.0,1.0,1.0,1.0,0.0,0.3333333333333333,0.9746268656716418,0.9026033690658499,Yes,3
0.0,0.0,1.0,0.0,0.986111111111111,1.0,1.0,0.5,0.0,0.0,0.0,0.0,1.0,1.0,1.0,1.0,0.0,0.7507462686567165,0.804594180704441,Yes,0
0.0,0.0,0.0,0.0,0.8194444444444444,1.0,1.0,0.0,1.0,1.0,1.0,1.0,0.0,1.0,0.5,0.0,0.3333333333333333,0.6129353233830845,0.619448698315467,No,0
1.0,0.0,1.0,1.0,0.5416666666666666,1.0,1.0,0.5,0.0,0.0,1.0,0.0,1.0,1.0,0.5,0.0,0.6666666666666666,0.8134328358208955,0.5026033690658499,No,3
1.0,0.0,0.0,1.0,0.29166666666666663,1.0,0.0,1.0,0.5,0.5,0.5,0.5,0.5,0.5,1.0,0.0,1.0,0.013432835820895522,0.5196018376722817,No,3
1.0,0.0,0.0,0.0,0.013888888888888888,1.0,0.0,1.0,0.5,0.5,0.5,0.5,0.5,0.5,0.0,0.0,1.0,0.014427860696517386,0.22787136294027566,Yes,3
0.0,0.0,1.0,1.0,0.6666666666666666,1.0,0.0,1.0,0.5,0.5,0.5,0.5,0.5,0.5,1.0,0.0,0.0,0.019402985074626844,0.00888208269525268,No,0
0.0,1.0,1.0,0.0,0.4305555555555555,0.0,0.5,0.0,1.0,1.0,1.0,0.0,0.0,1.0,0.5,1.0,0.3333333333333333,0.31990049751243776,0.15803981623277183,No,0
0.0,0.0,1.0,1.0,0.8888888888888888,1.0,1.0,0.5,1.0,1.0,1.0,1.0,1.0,1.0,0.5,0.0,0.6666666666666666,0.9462686567164179,0.8623277182235835,No,0
1.0,0.0,1.0,1.0,0.6388888888888888,1.0,1.0,0.5,0.0,1.0,0.0,0.0,0.0,0.0,0.0,1.0,0.0,0.6144278606965173,0.49509954058192956,No,3
0.0,0.0,0.0,0.0,0.7222222222222222,1.0,1.0,0.0,0.0,0.0,1.0,1.0,1.0,1.0,1.0,1.0,0.0,0.6238805970149254,0.5529862174578867,No,0
0.0,0.0,1.0,1.0,0.9305555555555555,1.0,1.0,1.0,0.5,0.5,0.5,0.5,0.5,0.5,1.0,1.0,1.0,0.06616915422885569,0.17978560490045942,No,0
0.0,1.0,0.0,0.0,0.9305555555555555,1.0,1.0,0.0,0.0,1.0,0.0,0.0,0.0,0.0,0.0,0.0,0.6666666666666666,0.36467661691542286,0.491271056661562,No,0
0.0,0.0,0.0,0.0,0.06944444444444445,1.0,1.0,0.5,0.0,0.0,0.0,0.0,0.0,0.0,0.0,0.0,0.6666666666666666,0.5701492537313433,0.5395099540581929,Yes,0
0.0,0.0,1.0,0.0,0.986111111111111,1.0,1.0,0.5,0.0,1.0,1.0,1.0,1.0,1.0,1.0,0.0,0.6666666666666666,0.9054726368159204,0.8992343032159265,No,0
0.0,0.0,0.0,0.0,0.125,1.0,0.0,0.5,0.0,0.0,0.0,0.0,1.0,0.0,0.0,1.0,0.0,0.591044776119403,0.857427258805513,Yes,0
0.0,1.0,0.0,0.0,0.3611111111111111,1.0,1.0,0.5,1.0,1.0,0.0,0.0,0.0,1.0,0.0,1.0,0.6666666666666666,0.763681592039801,0.32817764165390506,Yes,0
1.0,0.0,0.0,0.0,0.986111111111111,1.0,1.0,0.5,1.0,1.0,1.0,1.0,1.0,1.0,0.5,1.0,0.0,0.9756218905472637,0.9402756508422664,No,3
0.0,0.0,0.0,0.0,0.4444444444444444,1.0,0.0,1.0,0.5,0.5,0.5,0.5,0.5,0.5,0.0,0.0,0.0,0.01641791044776117,0.7535987748851455,No,0
0.0,0.0,0.0,0.0,0.027777777777777776,1.0,0.0,0.5,0.0,0.0,0.0,0.0,0.0,0.0,0.0,0.0,0.6666666666666666,0.5184079601990049,0.10857580398162327,No,0
0.0,0.0,1.0,0.0,0.986111111111111,1.0,1.0,1.0,0.5,0.5,0.5,0.5,0.5,0.5,1.0,0.0,0.3333333333333333,0.07313432835820893,0.2240428790199081,No,0
0.0,0.0,0.0,0.0,0.8333333333333333,0.0,0.5,0.0,1.0,0.0,1.0,0.0,0.0,1.0,0.5,1.0,0.6666666666666666,0.2606965174129353,0.3683001531393568,No,0
0.0,1.0,0.0,0.0,0.7638888888888888,1.0,1.0,0.5,0.0,0.0,1.0,0.0,1.0,1.0,0.5,1.0,0.6666666666666666,0.8149253731343283,0.6886676875957121,No,0
1.0,0.0,0.0,0.0,0.75,1.0,0.0,0.5,1.0,1.0,0.0,1.0,1.0,1.0,0.5,1.0,0.3333333333333333,0.8671641791044776,0.7154670750382848,Yes,3
1.0,0.0,0.0,0.0,0.027777777777777776,1.0,0.0,0.5,0.0,0.0,1.0,0.0,1.0,1.0,0.0,1.0,0.6666666666666666,0.772139303482587,0.24088820826952526,Yes,3
0.0,0.0,0.0,0.0,0.08333333333333333,1.0,1.0,0.5,0.0,0.0,0.0,0.0,0.0,0.0,0.0,1.0,1.0,0.553233830845771,0.5241960183767228,No,0
0.0,0.0,1.0,1.0,0.6666666666666666,1.0,0.0,0.0,1.0,1.0,1.0,0.0,0.0,1.0,1.0,1.0,0.3333333333333333,0.5159203980099502,0.43108728943338437,No,0
1.0,0.0,1.0,1.0,0.875,1.0,1.0,1.0,0.5,0.5,0.5,0.5,0.5,0.5,1.0,0.0,1.0,0.06965174129353235,0.1566615620214395,No,3
1.0,0.0,0.0,0.0,0.013888888888888888,1.0,1.0,0.5,0.0,1.0,0.0,0.0,0.0,0.0,0.0,1.0,0.6666666666666666,0.6059701492537314,0.9131699846860643,Yes,3
1.0,0.0,0.0,1.0,0.16666666666666666,1.0,0.0,1.0,0.5,0.5,0.5,0.5,0.5,0.5,0.0,0.0,0.3333333333333333,0.027860696517412936,0.30505359877488514,No,3
1.0,1.0,1.0,0.0,0.75,0.0,0.5,0.0,0.0,0.0,0.0,0.0,0.0,0.0,0.0,1.0,0.0,0.06666666666666665,0.10122511485451761,No,3
0.0,0.0,1.0,1.0,0.41666666666666663,1.0,0.0,0.0,0.0,0.0,1.0,1.0,1.0,0.0,0.5,1.0,0.6666666666666666,0.46019900497512434,0.24379785604900459,No,0
0.0,0.0,1.0,0.0,0.41666666666666663,1.0,0.0,1.0,0.5,0.5,0.5,0.5,0.5,0.5,0.0,0.0,0.0,0.013930348258706454,0.8019908116385911,Yes,0
0.0,0.0,0.0,0.0,0.05555555555555555,1.0,0.0,0.5,0.0,0.0,0.0,0.0,1.0,0.0,0.0,1.0,0.6666666666666666,0.6044776119402985,0.40336906584992344,Yes,0
0.0,0.0,0.0,0.0,0.5555555555555556,1.0,1.0,0.5,0.0,0.0,1.0,1.0,1.0,1.0,0.5,1.0,0.3333333333333333,0.872636815920398,0.564624808575804,No,0
0.0,0.0,1.0,1.0,0.125,1.0,0.0,0.5,0.0,0.0,0.0,1.0,0.0,0.0,0.0,1.0,0.6666666666666666,0.5731343283582089,0.7955589586523736,No,0
0.0,0.0,1.0,1.0,0.2361111111111111,1.0,0.0,0.5,1.0,0.0,0.0,1.0,1.0,0.0,0.0,0.0,0.6666666666666666,0.7323383084577114,0.1571209800918836,Yes,0
0.0,0.0,0.0,0.0,0.861111111111111,0.0,0.5,0.0,0.0,1.0,1.0,0.0,0.0,1.0,1.0,1.0,0.3333333333333333,0.25223880597014925,0.36554364471669215,No,0
1.0,0.0,0.0,0.0,0.38888888888888884,1.0,0.0,0.5,0.0,1.0,0.0,1.0,1.0,0.0,0.5,1.0,0.0,0.7263681592039801,0.3264931087289433,No,3
0.0,0.0,0.0,0.0,0.9722222222222222,1.0,1.0,0.0,1.0,1.0,1.0,1.0,1.0,1.0,1.0,0.0,0.3333333333333333,0.7114427860696517,0.7860643185298621,No,0
0.0,0.0,0.0,0.0,0.6388888888888888,1.0,0.0,0.5,0.0,1.0,1.0,1.0,1.0,1.0,1.0,1.0,0.0,0.8572139303482588,0.6362940275650842,No,0
0.0,0.0,1.0,0.0,0.3194444444444444,1.0,1.0,0.5,0.0,0.0,1.0,0.0,0.0,1.0,0.0,0.0,1.0,0.7154228855721393,0.2568147013782542,No,0
1.0,0.0,1.0,1.0,0.6527777777777778,0.0,0.5,0.0,1.0,0.0,1.0,1.0,0.0,0.0,0.5,0.0,0.6666666666666666,0.2194029850746268,0.20444104134762633,No,3
1.0,0.0,1.0,1.0,0.9444444444444444,1.0,0.0,0.5,1.0,1.0,1.0,0.0,1.0,1.0,1.0,1.0,0.0,0.8656716417910447,0.8595712098009188,No,3
0.0,1.0,0.0,0.0,0.8333333333333333,1.0,1.0,0.5,0.0,0.0,1.0,1.0,1.0,1.0,0.5,1.0,0.6666666666666666,0.873134328358209,0.7934150076569678,Yes,0
0.0,0.0,0.0,1.0,0.9305555555555555,1.0,1.0,0.5,0.0,1.0,0.0,1.0,1.0,1.0,1.0,1.0,0.6666666666666666,0.8532338308457711,0.8480857580398162,No,0
0.0,0.0,0.0,0.0,0.19444444444444442,1.0,0.0,0.0,0.0,0.0,0.0,1.0,1.0,1.0,0.0,1.0,0.6666666666666666,0.5114427860696518,0.9761102603369065,No,0
1.0,0.0,1.0,1.0,0.7916666666666666,1.0,1.0,0.5,0.0,0.0,0.0,0.0,0.0,0.0,0.0,1.0,0.6666666666666666,0.5577114427860697,0.5263399693721286,No,3
0.0,0.0,1.0,1.0,0.7638888888888888,1.0,1.0,0.5,1.0,0.0,0.0,0.0,1.0,1.0,0.5,0.0,1.0,0.8223880597014926,0.6932618683001531,No,0
1.0,0.0,0.0,0.0,0.013888888888888888,1.0,0.0,1.0,0.5,0.5,0.5,0.5,0.5,0.5,0.0,1.0,1.0,0.019900497512437804,0.24670750382848392,No,3
1.0,0.0,0.0,1.0,0.013888888888888888,1.0,0.0,0.0,0.0,0.0,0.0,1.0,0.0,0.0,0.0,1.0,1.0,0.31492537313432833,0.6350689127105666,Yes,3
1.0,0.0,0.0,0.0,0.3194444444444444,1.0,1.0,0.5,0.0,0.0,1.0,1.0,1.0,0.0,0.0,1.0,0.3333333333333333,0.782587064676617,0.2623277182235835,No,3
0.0,0.0,0.0,0.0,0.18055555555555555,1.0,1.0,0.5,1.0,0.0,0.0,0.0,1.0,1.0,0.0,1.0,0.6666666666666666,0.8169154228855721,0.0993874425727412,Yes,0
1.0,0.0,1.0,0.0,0.6527777777777778,1.0,1.0,0.5,0.0,1.0,1.0,0.0,1.0,1.0,0.0,1.0,0.6666666666666666,0.854228855721393,0.6615620214395099,No,3
1.0,0.0,0.0,0.0,0.5277777777777778,1.0,0.0,1.0,0.5,0.5,0.5,0.5,0.5,0.5,0.5,0.0,1.0,0.01840796019900498,0.8683001531393568,No,3
0.0,1.0,1.0,0.0,0.5277777777777778,1.0,1.0,0.5,0.0,0.0,0.0,0.0,0.0,0.0,0.0,1.0,0.0,0.564179104477612,0.3791730474732006,Yes,0
0.0,1.0,0.0,0.0,0.027777777777777776,1.0,1.0,0.0,0.0,1.0,0.0,0.0,0.0,0.0,0.0,1.0,0.3333333333333333,0.38109452736318405,0.05114854517611026,No,0
1.0,1.0,1.0,1.0,0.013888888888888888,1.0,0.0,0.0,0.0,0.0,0.0,1.0,0.0,0.0,0.0,1.0,0.3333333333333333,0.30845771144278605,0.6336906584992343,Yes,3
1.0,0.0,1.0,0.0,0.20833333333333331,1.0,0.0,0.5,0.0,0.0,0.0,0.0,0.0,0.0,0.0,1.0,0.0,0.5009950248756219,0.031699846860643185,No,3
0.0,0.0,0.0,0.0,0.3611111111111111,1.0,0.0,0.5,0.0,0.0,0.0,0.0,0.0,0.0,0.0,1.0,0.3333333333333333,0.5054726368159204,0.20964777947932617,No,0
0.0,0.0,1.0,1.0,0.4861111111111111,1.0,0.0,1.0,0.5,0.5,0.5,0.5,0.5,0.5,1.0,0.0,0.3333333333333333,0.014427860696517386,0.8684532924961715,No,0
1.0,0.0,0.0,1.0,0.041666666666666664,1.0,0.0,1.0,0.5,0.5,0.5,0.5,0.5,0.5,0.0,1.0,1.0,0.01791044776119402,0.8837672281776416,No,3
1.0,0.0,1.0,1.0,0.6944444444444444,1.0,1.0,0.5,0.0,1.0,0.0,1.0,1.0,1.0,0.0,0.0,0.6666666666666666,0.8502487562189055,0.6571209800918836,Yes,3
1.0,0.0,1.0,0.0,0.5833333333333333,1.0,1.0,0.5,1.0,0.0,1.0,0.0,0.0,1.0,0.0,1.0,0.6666666666666666,0.7577114427860697,0.5252679938744257,No,3
1.0,0.0,1.0,0.0,0.1388888888888889,1.0,0.0,0.0,1.0,0.0,0.0,1.0,0.0,0.0,0.0,1.0,0.3333333333333333,0.3651741293532338,0.7183767228177641,No,3
0.0,0.0,1.0,0.0,0.8472222222222222,1.0,0.0,0.5,1.0,1.0,0.0,1.0,0.0,1.0,0.5,0.0,0.0,0.7507462686567165,0.7376722817764165,No,0
0.0,0.0,0.0,0.0,0.9444444444444444,1.0,1.0,0.5,1.0,1.0,0.0,1.0,1.0,1.0,1.0,0.0,0.3333333333333333,0.9154228855721392,0.8656967840735069,No,0
1.0,0.0,0.0,0.0,0.1388888888888889,1.0,0.0,0.5,1.0,0.0,1.0,0.0,1.0,1.0,0.5,1.0,0.6666666666666666,0.8024875621890547,0.01914241960183767,No,3
1.0,0.0,1.0,0.0,0.9027777777777777,1.0,1.0,0.5,1.0,1.0,1.0,0.0,0.0,0.0,0.5,0.0,0.6666666666666666,0.7114427860696517,0.7290964777947933,Yes,3
0.0,0.0,1.0,1.0,1.0,1.0,0.0,0.0,1.0,0.0,1.0,1.0,1.0,1.0,1.0,1.0,0.0,0.618905472636816,0.7396630934150077,No,0
1.0,0.0,1.0,1.0,0.7638888888888888,1.0,0.0,0.5,0.0,1.0,0.0,1.0,0.0,0.0,0.0,0.0,0.6666666666666666,0.6084577114427862,0.5535987748851454,No,3
0.0,0.0,0.0,0.0,0.013888888888888888,1.0,0.0,1.0,0.5,0.5,0.5,0.5,0.5,0.5,0.0,1.0,1.0,0.020398009950248763,0.2468606431852986,Yes,0
0.0,0.0,0.0,0.0,0.09722222222222221,1.0,0.0,0.0,0.0,0.0,1.0,1.0,0.0,1.0,0.0,0.0,0.0,0.4432835820895522,0.547166921898928,No,0
0.0,0.0,0.0,0.0,0.027777777777777776,1.0,1.0,0.5,0.0,0.0,0.0,0.0,0.0,0.0,0.0,1.0,1.0,0.5636815920398011,0.1001531393568147,No,0
0.0,0.0,0.0,0.0,0.125,1.0,0.0,0.5,1.0,0.0,0.0,0.0,0.0,0.0,0.0,1.0,0.6666666666666666,0.56318407960199,0.8508422664624808,No,0
1.0,0.0,0.0,1.0,0.375,1.0,1.0,1.0,0.5,0.5,0.5,0.5,0.5,0.5,1.0,1.0,0.3333333333333333,0.0756218905472637,0.9110260336906585,No,3
1.0,1.0,1.0,0.0,0.09722222222222221,1.0,1.0,0.5,0.0,0.0,1.0,0.0,1.0,1.0,0.0,1.0,0.6666666666666666,0.8328358208955223,0.8454823889739663,Yes,3
0.0,0.0,1.0,0.0,0.8888888888888888,1.0,0.0,0.0,0.0,1.0,1.0,1.0,0.0,1.0,1.0,1.0,1.0,0.49800995024875616,0.5690658499234303,No,0
1.0,0.0,0.0,0.0,0.9722222222222222,0.0,0.5,0.0,1.0,0.0,1.0,1.0,0.0,1.0,1.0,0.0,0.0,0.3,0.4568147013782542,No,3
1.0,1.0,0.0,0.0,0.027777777777777776,1.0,1.0,0.5,0.0,0.0,0.0,0.0,1.0,1.0,0.0,1.0,0.6666666666666666,0.753731343283582,0.20842266462480857,Yes,3
1.0,1.0,0.0,0.0,0.9305555555555555,1.0,0.0,0.5,1.0,1.0,0.0,1.0,1.0,1.0,1.0,1.0,0.6666666666666666,0.863681592039801,0.8594180704441041,No,3
0.0,0.0,0.0,0.0,0.625,1.0,1.0,0.5,0.0,1.0,0.0,0.0,1.0,0.0,0.0,1.0,0.3333333333333333,0.7069651741293532,0.5258805513016845,Yes,0
0.0,0.0,0.0,0.0,0.3333333333333333,1.0,1.0,1.0,0.5,0.5,0.5,0.5,0.5,0.5,1.0,0.0,0.3333333333333333,0.06865671641791044,0.703062787136294,No,0
1.0,0.0,1.0,1.0,0.05555555555555555,1.0,0.0,1.0,0.5,0.5,0.5,0.5,0.5,0.5,1.0,0.0,0.3333333333333333,0.01243781094527363,0.9906584992343032,No,3
1.0,0.0,1.0,1.0,0.611111111111111,1.0,0.0,0.5,0.0,0.0,1.0,0.0,1.0,1.0,0.0,1.0,0.0,0.7432835820895523,0.5385911179173047,No,3
0.0,0.0,1.0,1.0,1.0,1.0,0.0,1.0,0.5,0.5,0.5,0.5,0.5,0.5,1.0,1.0,1.0,0.024378109452736302,0.1346094946401225,No,0
0.0,0.0,0.0,0.0,0.013888888888888888,1.0,0.0,0.5,0.0,1.0,0.0,0.0,0.0,0.0,0.0,1.0,0.3333333333333333,0.5577114427860697,0.8754977029096478,Yes,0
1.0,0.0,0.0,0.0,0.9166666666666666,1.0,0.0,1.0,0.5,0.5,0.5,0.5,0.5,0.5,1.0,0.0,0.0,0.010945273631840807,0.06768759571209801,No,3
1.0,0.0,0.0,0.0,0.013888888888888888,0.0,0.5,0.0,0.0,1.0,0.0,1.0,0.0,1.0,0.0,1.0,1.0,0.2626865671641791,0.5735068912710567,Yes,3
1.0,0.0,1.0,1.0,0.18055555555555555,1.0,0.0,0.5,1.0,0.0,0.0,0.0,0.0,1.0,0.0,0.0,0.6666666666666666,0.6547263681592039,0.02894333843797856,Yes,3
1.0,0.0,0.0,0.0,0.1388888888888889,1.0,1.0,0.5,0.0,1.0,0.0,0.0,0.0,0.0,0.0,1.0,0.0,0.6213930348258706,0.9113323124042879,Yes,3
1.0,1.0,1.0,0.0,0.9027777777777777,1.0,1.0,0.5,0.0,1.0,1.0,0.0,1.0,1.0,0.0,1.0,0.6666666666666666,0.8567164179104477,0.8036753445635528,No,3
1.0,0.0,0.0,1.0,0.013888888888888888,1.0,0.0,1.0,0.5,0.5,0.5,0.5,0.5,0.5,0.0,0.0,1.0,0.012935323383084563,0.22741194486983154,No,3
1.0,0.0,1.0,1.0,0.5277777777777778,1.0,0.0,0.0,1.0,1.0,1.0,1.0,1.0,0.0,0.5,0.0,0.6666666666666666,0.5552238805970149,0.37228177641653903,No,3
1.0,0.0,0.0,1.0,0.3194444444444444,0.0,0.5,0.0,1.0,0.0,1.0,1.0,0.0,0.0,1.0,0.0,1.0,0.21741293532338307,0.954823889739663,No,3
0.0,0.0,1.0,0.0,0.1388888888888889,1.0,0.0,1.0,0.5,0.5,0.5,0.5,0.5,0.5,0.5,0.0,1.0,0.01840796019900498,0.2139356814701378,No,0
1.0,0.0,0.0,1.0,0.05555555555555555,1.0,1.0,0.5,0.0,1.0,0.0,0.0,1.0,1.0,0.0,1.0,0.6666666666666666,0.8303482587064676,0.4813169984686064,Yes,3
1.0,0.0,1.0,1.0,1.0,1.0,1.0,0.0,1.0,0.0,1.0,1.0,1.0,1.0,1.0,1.0,0.3333333333333333,0.6497512437810945,0.7621745788667688,No,3
0.0,0.0,1.0,0.0,0.4861111111111111,1.0,0.0,0.0,0.0,1.0,0.0,1.0,0.0,0.0,0.0,0.0,0.6666666666666666,0.38407960199004976,0.21914241960183767,No,0
0.0,0.0,0.0,0.0,0.013888888888888888,1.0,0.0,1.0,0.5,0.5,0.5,0.5,0.5,0.5,0.0,0.0,1.0,0.021393034825870627,0.24716692189892803,Yes,0
0.0,0.0,1.0,1.0,0.8055555555555555,1.0,0.0,1.0,0.5,0.5,0.5,0.5,0.5,0.5,1.0,0.0,0.3333333333333333,0.012935323383084563,0.023736600306278714,No,0
1.0,0.0,1.0,1.0,0.9722222222222222,1.0,0.0,0.5,0.0,1.0,1.0,1.0,1.0,1.0,0.5,1.0,0.6666666666666666,0.8746268656716417,0.8820826952526799,No,3
1.0,0.0,1.0,1.0,0.5277777777777778,1.0,1.0,0.0,0.0,1.0,1.0,0.0,1.0,1.0,0.5,0.0,0.3333333333333333,0.6039800995024875,0.3782542113323124,No,3
0.0,0.0,1.0,1.0,0.8333333333333333,0.0,0.5,0.0,0.0,1.0,0.0,0.0,1.0,1.0,0.0,1.0,0.6666666666666666,0.3134328358208955,0.40811638591117916,No,0
1.0,0.0,0.0,0.0,0.3611111111111111,1.0,1.0,0.5,1.0,1.0,0.0,0.0,1.0,0.0,0.0,1.0,0.3333333333333333,0.7378109452736319,0.3039816232771822,No,3
0.0,0.0,0.0,0.0,0.1111111111111111,1.0,0.0,0.0,1.0,1.0,0.0,1.0,0.0,0.0,0.5,0.0,0.0,0.39751243781094525,0.6078101071975498,No,0
1.0,0.0,1.0,1.0,0.5694444444444444,1.0,1.0,0.5,0.0,0.0,1.0,1.0,1.0,1.0,0.5,1.0,0.6666666666666666,0.8393034825870646,0.5506891271056661,Yes,3
0.0,1.0,1.0,0.0,0.5,1.0,1.0,0.5,0.0,1.0,0.0,0.0,1.0,0.0,0.0,1.0,0.3333333333333333,0.7333333333333334,0.4393568147013782,No,0
1.0,1.0,0.0,0.0,0.75,1.0,0.0,0.0,0.0,0.0,1.0,1.0,0.0,1.0,0.5,0.0,0.0,0.46766169154228854,0.4683001531393568,No,3
1.0,0.0,1.0,1.0,0.986111111111111,1.0,1.0,0.5,0.0,1.0,1.0,0.0,1.0,1.0,1.0,1.0,0.0,0.873134328358209,0.9006125574272588,Yes,3
0.0,0.0,0.0,0.0,0.7638888888888888,1.0,1.0,0.5,0.0,0.0,0.0,0.0,0.0,0.0,0.0,1.0,0.6666666666666666,0.5457711442786068,0.5419601837672282,No,0
0.0,0.0,0.0,0.0,1.0,1.0,1.0,0.0,1.0,1.0,0.0,0.0,0.0,0.0,1.0,0.0,0.0,0.4129353233830846,0.5568147013782542,No,0
0.0,0.0,0.0,1.0,0.041666666666666664,1.0,0.0,0.0,1.0,0.0,0.0,1.0,0.0,0.0,0.0,1.0,1.0,0.3666666666666667,0.14915773353751913,Yes,0
0.0,0.0,1.0,1.0,0.75,1.0,1.0,0.0,0.0,1.0,1.0,0.0,0.0,0.0,1.0,1.0,0.0,0.4134328358208955,0.4326186830015314,No,0
1.0,0.0,1.0,1.0,1.0,1.0,1.0,0.5,1.0,1.0,1.0,1.0,1.0,1.0,1.0,1.0,0.0,0.9786069651741293,0.9422664624808575,No,3
1.0,0.0,0.0,0.0,0.7222222222222222,1.0,1.0,0.5,1.0,0.0,1.0,1.0,1.0,1.0,1.0,1.0,0.6666666666666666,0.9059701492537312,0.7249617151607963,No,3
0.0,1.0,0.0,0.0,0.8333333333333333,1.0,1.0,0.5,1.0,0.0,0.0,0.0,1.0,1.0,0.5,1.0,0.0,0.827363184079602,0.7709035222052067,No,0
0.0,0.0,0.0,0.0,0.5416666666666666,0.0,0.5,0.0,0.0,0.0,1.0,0.0,1.0,1.0,0.0,1.0,0.3333333333333333,0.32238805970149254,0.23032159264931087,No,0
0.0,0.0,0.0,0.0,0.20833333333333331,1.0,0.0,0.0,0.0,0.0,0.0,0.0,1.0,0.0,0.5,0.0,1.0,0.3771144278606965,0.9805513016845329,No,0
1.0,0.0,0.0,0.0,0.9583333333333333,1.0,1.0,0.5,0.0,0.0,1.0,1.0,1.0,1.0,1.0,1.0,0.0,0.8781094527363184,0.8718223583460949,Yes,3
1.0,0.0,1.0,1.0,0.5972222222222222,1.0,0.0,1.0,0.5,0.5,0.5,0.5,0.5,0.5,0.5,1.0,1.0,0.009452736318407956,0.9029096477794794,No,3
0.0,1.0,0.0,0.0,0.875,1.0,1.0,0.0,1.0,1.0,1.0,1.0,1.0,0.0,0.5,0.0,0.0,0.6442786069651741,0.6728943338437978,No,0
1.0,1.0,1.0,0.0,0.027777777777777776,1.0,0.0,0.5,0.0,0.0,0.0,0.0,0.0,0.0,0.0,0.0,0.6666666666666666,0.5159203980099502,0.11470137825421133,No,3
0.0,0.0,1.0,1.0,1.0,1.0,0.0,0.5,1.0,1.0,1.0,1.0,1.0,1.0,1.0,1.0,0.0,0.8960199004975123,0.8970903522205207,No,0
0.0,0.0,1.0,1.0,0.4444444444444444,1.0,1.0,0.5,0.0,0.0,1.0,0.0,0.0,1.0,0.0,1.0,0.0,0.7243781094527363,0.3906584992343032,Yes,0
1.0,0.0,1.0,1.0,0.5555555555555556,1.0,1.0,1.0,0.5,0.5,0.5,0.5,0.5,0.5,1.0,0.0,0.3333333333333333,0.06965174129353235,0.0021439509954058193,No,3
0.0,0.0,1.0,0.0,0.8055555555555555,0.0,0.5,0.0,1.0,1.0,0.0,0.0,1.0,0.0,0.5,1.0,0.6666666666666666,0.26965174129353237,0.3359877488514548,No,0
1.0,0.0,0.0,0.0,0.9305555555555555,0.0,0.5,0.0,1.0,0.0,0.0,1.0,1.0,0.0,1.0,0.0,0.6666666666666666,0.2552238805970149,0.4127105666156202,No,3
0.0,1.0,1.0,0.0,0.7083333333333333,1.0,1.0,0.5,1.0,0.0,0.0,0.0,0.0,0.0,0.0,1.0,0.6666666666666666,0.5895522388059701,0.4996937212863706,Yes,0
1.0,0.0,1.0,0.0,0.4305555555555555,1.0,1.0,0.0,0.0,0.0,1.0,1.0,1.0,1.0,0.5,1.0,1.0,0.6074626865671642,0.32664624808575804,No,3
1.0,1.0,1.0,0.0,0.9583333333333333,1.0,1.0,0.5,1.0,1.0,0.0,0.0,0.0,0.0,0.0,1.0,0.3333333333333333,0.6631840796019901,0.730781010719755,No,3
1.0,0.0,1.0,0.0,0.4444444444444444,1.0,1.0,0.5,0.0,0.0,0.0,1.0,0.0,0.0,0.5,1.0,0.6666666666666666,0.6069651741293532,0.34686064318529863,No,3
0.0,0.0,0.0,0.0,0.29166666666666663,1.0,0.0,0.0,1.0,1.0,0.0,1.0,1.0,0.0,1.0,0.0,0.3333333333333333,0.5253731343283582,0.14517611026033692,No,0
1.0,0.0,0.0,0.0,0.7222222222222222,1.0,0.0,0.0,1.0,0.0,1.0,0.0,0.0,0.0,0.5,0.0,0.6666666666666666,0.3532338308457711,0.37044410413476264,No,3
0.0,0.0,1.0,1.0,1.0,1.0,1.0,1.0,0.5,0.5,0.5,0.5,0.5,0.5,1.0,0.0,0.3333333333333333,0.05970149253731341,0.2018376722817764,No,0
0.0,0.0,1.0,0.0,1.0,0.0,0.5,0.0,0.0,1.0,1.0,0.0,1.0,1.0,1.0,1.0,0.6666666666666666,0.3577114427860697,0.5153139356814701,Yes,0
1.0,0.0,1.0,1.0,0.7222222222222222,0.0,0.5,0.0,1.0,0.0,1.0,0.0,0.0,1.0,0.5,0.0,0.0,0.25870646766169153,0.29295558958652373,No,3
0.0,0.0,0.0,0.0,0.5694444444444444,1.0,0.0,0.0,0.0,0.0,0.0,1.0,0.0,0.0,0.5,0.0,0.0,0.31641791044776113,0.254364471669219,No,0
1.0,0.0,0.0,0.0,0.5694444444444444,1.0,0.0,1.0,0.5,0.5,0.5,0.5,0.5,0.5,1.0,0.0,1.0,0.018905472636815884,0.923583460949464,No,3
0.0,0.0,0.0,0.0,0.08333333333333333,1.0,0.0,0.5,0.0,0.0,0.0,0.0,0.0,0.0,0.0,1.0,1.0,0.5074626865671642,0.5473200612557427,Yes,0
1.0,0.0,1.0,1.0,0.9305555555555555,1.0,1.0,0.0,1.0,1.0,1.0,1.0,0.0,0.0,0.5,1.0,0.3333333333333333,0.508457711442786,0.6032159264931087,No,3
0.0,0.0,1.0,1.0,0.2222222222222222,1.0,0.0,1.0,0.5,0.5,0.5,0.5,0.5,0.5,0.0,0.0,1.0,0.010945273631840807,0.3660030627871363,No,0
1.0,0.0,0.0,0.0,0.2361111111111111,1.0,0.0,1.0,0.5,0.5,0.5,0.5,0.5,0.5,1.0,0.0,1.0,0.008955223880596996,0.4546707503828484,No,3
1.0,0.0,1.0,0.0,0.4861111111111111,1.0,0.0,0.0,1.0,1.0,1.0,0.0,0.0,0.0,0.0,0.0,1.0,0.4253731343283582,0.2683001531393568,No,3
0.0,0.0,1.0,1.0,0.8055555555555555,1.0,0.0,1.0,0.5,0.5,0.5,0.5,0.5,0.5,1.0,0.0,0.3333333333333333,0.02238805970149252,0.05467075038284839,No,0
1.0,0.0,0.0,0.0,0.013888888888888888,1.0,0.0,0.0,0.0,0.0,1.0,0.0,0.0,0.0,0.0,1.0,0.6666666666666666,0.32089552238805974,0.6476263399693721,Yes,3
1.0,0.0,1.0,1.0,0.7222222222222222,0.0,0.5,0.0,0.0,1.0,1.0,1.0,1.0,0.0,1.0,0.0,1.0,0.31791044776119404,0.33874425727411944,No,3
0.0,0.0,0.0,0.0,0.9722222222222222,1.0,0.0,0.0,1.0,0.0,1.0,1.0,1.0,1.0,1.0,0.0,0.0,0.6104477611940298,0.7085758039816232,No,0
0.0,0.0,1.0,1.0,0.2638888888888889,1.0,1.0,1.0,0.5,0.5,0.5,0.5,0.5,0.5,1.0,1.0,0.0,0.06616915422885569,0.6052067381316998,No,0
1.0,1.0,0.0,0.0,0.013888888888888888,1.0,1.0,0.5,0.0,0.0,0.0,0.0,0.0,0.0,0.0,1.0,0.6666666666666666,0.5587064676616916,0.8758039816232771,Yes,3
0.0,0.0,1.0,1.0,0.4861111111111111,1.0,0.0,0.5,1.0,0.0,1.0,1.0,1.0,1.0,0.0,1.0,0.6666666666666666,0.882089552238806,0.49418070444104134,No,0
0.0,0.0,0.0,0.0,0.4444444444444444,1.0,1.0,0.5,0.0,0.0,1.0,0.0,1.0,1.0,0.0,1.0,0.6666666666666666,0.8268656716417909,0.44303215926493106,No,0
0.0,0.0,1.0,1.0,0.2361111111111111,1.0,0.0,0.0,1.0,0.0,0.0,1.0,0.0,0.0,0.0,1.0,0.3333333333333333,0.36915422885572136,0.9758039816232772,No,0
0.0,0.0,1.0,1.0,0.9305555555555555,1.0,0.0,0.0,0.0,1.0,0.0,0.0,0.0,0.0,0.5,0.0,0.3333333333333333,0.32139303482587056,0.45513016845329246,No,0
0.0,0.0,0.0,0.0,0.125,1.0,0.0,1.0,0.5,0.5,0.5,0.5,0.5,0.5,0.0,0.0,0.0,0.01243781094527363,0.13828483920367535,No,0
1.0,0.0,0.0,1.0,0.4305555555555555,1.0,1.0,0.0,0.0,1.0,0.0,1.0,1.0,1.0,0.5,1.0,1.0,0.608955223880597,0.34272588055130165,Yes,3
1.0,0.0,0.0,0.0,0.05555555555555555,1.0,1.0,0.5,1.0,0.0,0.0,0.0,1.0,0.0,0.0,0.0,0.6666666666666666,0.7203980099502488,0.48468606431852984,No,3
1.0,1.0,1.0,1.0,0.8055555555555555,1.0,1.0,0.5,1.0,1.0,0.0,1.0,0.0,0.0,0.5,1.0,0.0,0.7124378109452736,0.6609494640122511,No,3
1.0,0.0,0.0,0.0,0.8333333333333333,1.0,0.0,0.0,1.0,0.0,1.0,1.0,1.0,1.0,0.5,0.0,1.0,0.6044776119402985,0.6212863705972435,No,3
1.0,0.0,0.0,0.0,0.8055555555555555,1.0,1.0,0.5,0.0,0.0,1.0,1.0,1.0,1.0,0.5,1.0,0.6666666666666666,0.8597014925373135,0.7735068912710567,Yes,3
1.0,0.0,0.0,0.0,0.013888888888888888,1.0,0.0,1.0,0.5,0.5,0.5,0.5,0.5,0.5,0.0,0.0,1.0,0.012935323383084563,0.22741194486983154,No,3
0.0,0.0,1.0,1.0,0.375,1.0,0.0,1.0,0.5,0.5,0.5,0.5,0.5,0.5,1.0,0.0,1.0,0.01641791044776117,0.6995405819295559,No,0
1.0,1.0,1.0,1.0,0.9166666666666666,1.0,1.0,0.5,1.0,1.0,1.0,1.0,1.0,1.0,0.5,1.0,0.6666666666666666,0.9751243781094526,0.9101071975497702,No,3
1.0,0.0,0.0,0.0,0.20833333333333331,1.0,1.0,0.5,1.0,0.0,0.0,0.0,1.0,0.0,0.0,1.0,0.0,0.6915422885572139,0.06784073506891271,No,3
1.0,1.0,1.0,0.0,0.6527777777777778,1.0,1.0,0.5,0.0,0.0,1.0,0.0,1.0,1.0,0.0,1.0,0.6666666666666666,0.8139303482587064,0.6301684532924962,Yes,3
0.0,0.0,0.0,0.0,0.5694444444444444,1.0,1.0,0.5,1.0,0.0,0.0,0.0,0.0,0.0,0.0,1.0,0.3333333333333333,0.6273631840796019,0.425114854517611,No,0
1.0,0.0,1.0,0.0,0.8194444444444444,0.0,0.5,0.0,0.0,0.0,0.0,0.0,1.0,1.0,0.0,1.0,0.6666666666666666,0.25920398009950246,0.3552833078101072,No,3
0.0,0.0,0.0,1.0,0.6944444444444444,1.0,0.0,0.5,0.0,0.0,0.0,0.0,0.0,0.0,1.0,0.0,0.3333333333333333,0.5184079601990049,0.4690658499234303,No,0
1.0,0.0,1.0,1.0,0.2361111111111111,0.0,0.5,0.0,1.0,0.0,1.0,0.0,1.0,0.0,0.5,0.0,0.3333333333333333,0.2606965174129353,0.916385911179173,No,3
1.0,0.0,1.0,1.0,0.08333333333333333,1.0,0.0,0.0,1.0,0.0,0.0,0.0,0.0,0.0,0.0,1.0,0.6666666666666666,0.30746268656716413,0.3901990811638591,No,3
1.0,1.0,1.0,0.0,0.7083333333333333,0.0,0.5,0.0,0.0,1.0,0.0,0.0,0.0,0.0,0.0,1.0,0.3333333333333333,0.11144278606965174,0.12924961715160796,No,3
1.0,0.0,0.0,0.0,0.611111111111111,1.0,0.0,0.5,0.0,1.0,0.0,1.0,1.0,1.0,0.0,0.0,0.6666666666666666,0.8189054726368158,0.5715160796324655,Yes,3
1.0,0.0,1.0,0.0,0.6805555555555555,1.0,0.0,0.5,0.0,1.0,0.0,0.0,1.0,0.0,0.0,1.0,0.3333333333333333,0.6671641791044776,0.5592649310872894,No,3
1.0,0.0,0.0,0.0,0.027777777777777776,1.0,0.0,0.5,0.0,1.0,0.0,0.0,1.0,1.0,0.0,0.0,0.6666666666666666,0.7701492537313434,0.17672281776416537,Yes,3
1.0,0.0,1.0,0.0,0.8194444444444444,1.0,1.0,0.0,1.0,0.0,0.0,1.0,0.0,1.0,0.5,1.0,1.0,0.5059701492537313,0.5344563552833078,No,3
1.0,1.0,0.0,0.0,0.6944444444444444,1.0,1.0,0.0,1.0,1.0,0.0,0.0,1.0,0.0,0.0,1.0,0.0,0.5184079601990049,0.4577335375191424,No,3
0.0,0.0,1.0,1.0,0.8194444444444444,1.0,0.0,1.0,0.5,0.5,0.5,0.5,0.5,0.5,1.0,0.0,1.0,0.023383084577114438,0.07963246554364471,No,0
1.0,0.0,0.0,0.0,0.25,1.0,1.0,0.5,0.0,0.0,0.0,0.0,0.0,0.0,0.0,0.0,1.0,0.5562189054726369,0.10689127105666156,No,3
1.0,0.0,0.0,0.0,0.1388888888888889,1.0,1.0,0.5,0.0,0.0,0.0,0.0,0.0,0.0,0.0,0.0,0.6666666666666666,0.5651741293532337,0.9098009188361409,No,3
1.0,0.0,1.0,0.0,0.19444444444444442,1.0,0.0,0.0,0.0,0.0,0.0,0.0,0.0,0.0,0.5,0.0,0.6666666666666666,0.26218905472636816,0.7908116385911179,No,3
1.0,0.0,0.0,0.0,0.4861111111111111,1.0,0.0,1.0,0.5,0.5,0.5,0.5,0.5,0.5,1.0,0.0,0.0,0.031840796019900475,0.8491577335375191,No,3
1.0,0.0,1.0,1.0,0.1111111111111111,1.0,0.0,0.0,0.0,0.0,0.0,0.0,0.0,0.0,0.5,1.0,1.0,0.25074626865671645,0.4571209800918836,No,3
1.0,0.0,1.0,1.0,0.25,1.0,0.0,1.0,0.5,0.5,0.5,0.5,0.5,0.5,0.5,0.0,0.0,0.01791044776119402,0.4572741194486983,No,3
0.0,0.0,1.0,1.0,0.8333333333333333,1.0,1.0,0.5,1.0,1.0,0.0,0.0,1.0,0.0,0.5,0.0,0.0,0.755223880597015,0.7336906584992343,No,0
0.0,0.0,0.0,0.0,0.013888888888888888,1.0,0.0,0.5,0.0,0.0,1.0,0.0,1.0,1.0,0.0,0.0,0.6666666666666666,0.7577114427860697,0.9831546707503828,Yes,0
0.0,0.0,0.0,0.0,0.08333333333333333,1.0,0.0,1.0,0.5,0.5,0.5,0.5,0.5,0.5,1.0,0.0,1.0,0.012935323383084563,0.0672281776416539,No,0
0.0,0.0,0.0,1.0,0.2638888888888889,1.0,1.0,0.0,1.0,1.0,0.0,1.0,1.0,0.0,0.0,1.0,1.0,0.5736318407960199,0.10398162327718223,No,0
1.0,0.0,1.0,1.0,0.736111111111111,1.0,1.0,0.0,1.0,1.0,0.0,1.0,0.0,0.0,0.5,0.0,0.0,0.4567164179104478,0.46339969372128637,No,3
1.0,1.0,1.0,0.0,1.0,1.0,1.0,0.5,1.0,1.0,1.0,0.0,1.0,1.0,1.0,1.0,0.0,0.908457711442786,0.9165390505359877,No,3
0.0,0.0,1.0,0.0,0.8333333333333333,1.0,1.0,0.5,0.0,1.0,1.0,1.0,1.0,1.0,1.0,1.0,0.3333333333333333,0.9208955223880596,0.8096477794793262,No,0
0.0,0.0,0.0,0.0,0.013888888888888888,1.0,0.0,0.0,0.0,0.0,0.0,0.0,1.0,0.0,0.0,1.0,0.3333333333333333,0.3656716417910447,0.6980091883614089,Yes,0
0.0,0.0,0.0,1.0,0.18055555555555555,1.0,0.0,0.0,0.0,0.0,1.0,1.0,0.0,0.0,0.0,0.0,1.0,0.3502487562189055,0.8598774885145483,No,0
0.0,0.0,1.0,1.0,0.06944444444444445,1.0,0.0,0.5,0.0,0.0,0.0,0.0,0.0,0.0,0.0,0.0,0.3333333333333333,0.5144278606965175,0.4258805513016845,No,0
1.0,0.0,0.0,0.0,0.013888888888888888,1.0,1.0,0.5,0.0,0.0,1.0,0.0,1.0,1.0,0.0,1.0,0.6666666666666666,0.827860696517413,0.003215926493108729,Yes,3
1.0,0.0,1.0,1.0,0.18055555555555555,1.0,0.0,0.5,0.0,0.0,1.0,0.0,1.0,1.0,0.0,0.0,0.6666666666666666,0.7835820895522387,0.09234303215926493,No,3
1.0,0.0,0.0,0.0,0.5138888888888888,1.0,1.0,0.0,1.0,1.0,1.0,1.0,1.0,1.0,0.5,1.0,0.0,0.7199004975124377,0.4462480857580398,No,3
1.0,0.0,1.0,0.0,0.8888888888888888,1.0,0.0,0.5,1.0,0.0,0.0,0.0,0.0,0.0,0.0,1.0,1.0,0.5502487562189055,0.6177641653905054,No,3
0.0,0.0,1.0,0.0,0.06944444444444445,1.0,1.0,0.0,0.0,0.0,1.0,1.0,1.0,0.0,0.0,0.0,0.0,0.49452736318407964,0.46523736600306276,Yes,0
0.0,0.0,1.0,0.0,0.8472222222222222,1.0,1.0,0.5,0.0,1.0,0.0,1.0,0.0,1.0,1.0,1.0,0.0,0.7572139303482587,0.72052067381317,No,0
0.0,0.0,0.0,0.0,0.013888888888888888,1.0,0.0,0.5,0.0,0.0,0.0,0.0,0.0,0.0,0.0,1.0,0.6666666666666666,0.5099502487562189,0.8339969372128637,Yes,0
1.0,0.0,0.0,0.0,0.013888888888888888,1.0,0.0,1.0,0.5,0.5,0.5,0.5,0.5,0.5,0.0,1.0,1.0,0.005970149253731349,0.20566615620214396,Yes,3
1.0,0.0,0.0,0.0,0.3611111111111111,1.0,0.0,1.0,0.5,0.5,0.5,0.5,0.5,0.5,0.5,0.0,1.0,0.011442786069651711,0.673353751914242,No,3
0.0,0.0,0.0,0.0,0.013888888888888888,1.0,0.0,0.5,0.0,0.0,0.0,0.0,0.0,0.0,0.0,1.0,0.6666666666666666,0.5069651741293533,0.8333843797856049,Yes,0
1.0,0.0,1.0,0.0,0.3333333333333333,1.0,0.0,1.0,0.5,0.5,0.5,0.5,0.5,0.5,1.0,0.0,1.0,0.014925373134328346,0.6245022970903522,No,3
1.0,0.0,1.0,0.0,0.2361111111111111,0.0,0.5,0.0,0.0,0.0,1.0,1.0,1.0,1.0,0.5,0.0,0.6666666666666666,0.36169154228855727,0.9811638591117917,No,3
0.0,0.0,0.0,1.0,0.3611111111111111,0.0,0.5,0.0,0.0,0.0,1.0,0.0,0.0,0.0,0.0,1.0,1.0,0.11492537313432838,0.9099540581929556,No,0
1.0,0.0,0.0,0.0,0.013888888888888888,1.0,0.0,0.5,0.0,0.0,0.0,0.0,0.0,0.0,0.0,1.0,0.6666666666666666,0.5114427860696518,0.8344563552833077,Yes,3
1.0,1.0,1.0,0.0,0.5555555555555556,1.0,1.0,0.5,1.0,0.0,0.0,0.0,1.0,1.0,0.0,0.0,0.6666666666666666,0.8318407960199005,0.533843797856049,Yes,3
1.0,0.0,0.0,0.0,0.7222222222222222,1.0,1.0,0.5,0.0,1.0,1.0,0.0,1.0,1.0,0.0,1.0,0.6666666666666666,0.843781094527363,0.6849923430321593,No,3
0.0,0.0,0.0,0.0,0.013888888888888888,1.0,0.0,0.5,0.0,1.0,1.0,0.0,0.0,0.0,0.0,1.0,0.6666666666666666,0.6373134328358209,0.9341500765696784,Yes,0
1.0,0.0,0.0,0.0,0.013888888888888888,1.0,0.0,1.0,0.5,0.5,0.5,0.5,0.5,0.5,0.0,0.0,1.0,0.020398009950248763,0.2468606431852986,No,3
0.0,0.0,0.0,0.0,0.29166666666666663,0.0,0.5,0.0,1.0,0.0,0.0,1.0,0.0,0.0,1.0,0.0,1.0,0.16766169154228855,0.8987748851454823,No,0
0.0,0.0,1.0,0.0,0.9305555555555555,1.0,1.0,0.5,0.0,1.0,1.0,0.0,1.0,1.0,0.5,1.0,0.0,0.8701492537313432,0.8249617151607963,No,0
0.0,0.0,1.0,1.0,0.611111111111111,1.0,0.0,0.0,1.0,0.0,0.0,1.0,0.0,0.0,0.0,0.0,0.0,0.37810945273631835,0.31577335375191423,No,0
1.0,0.0,1.0,1.0,0.9722222222222222,0.0,0.5,0.0,0.0,1.0,1.0,1.0,1.0,1.0,0.5,0.0,0.6666666666666666,0.4189054726368159,0.5410413476263399,No,3
1.0,0.0,0.0,0.0,0.041666666666666664,1.0,0.0,0.5,0.0,0.0,0.0,0.0,1.0,0.0,0.0,0.0,0.6666666666666666,0.6069651741293532,0.3560490045941807,Yes,3
1.0,0.0,1.0,1.0,0.7777777777777777,1.0,0.0,0.0,1.0,1.0,1.0,0.0,0.0,0.0,1.0,1.0,0.0,0.4134328358208955,0.45788667687595713,No,3
0.0,0.0,0.0,0.0,0.18055555555555555,1.0,1.0,0.5,0.0,0.0,0.0,0.0,0.0,1.0,0.0,1.0,0.6666666666666666,0.6601990049751243,0.0341500765696784,Yes,0
0.0,0.0,1.0,1.0,0.8055555555555555,1.0,1.0,0.5,1.0,1.0,0.0,0.0,0.0,1.0,0.0,1.0,0.0,0.7477611940298508,0.6915773353751914,Yes,0
0.0,0.0,1.0,1.0,0.5833333333333333,1.0,1.0,0.5,0.0,0.0,0.0,0.0,1.0,1.0,0.0,1.0,0.6666666666666666,0.7557213930348259,0.5476263399693722,Yes,0
1.0,1.0,1.0,0.0,0.013888888888888888,0.0,0.5,0.0,0.0,0.0,0.0,0.0,0.0,0.0,0.0,0.0,0.6666666666666666,0.06766169154228854,0.32894333843797857,Yes,3
0.0,0.0,1.0,1.0,0.6388888888888888,1.0,1.0,0.5,1.0,0.0,1.0,1.0,0.0,1.0,1.0,0.0,1.0,0.8099502487562189,0.6016845329249617,No,0
0.0,0.0,1.0,1.0,0.875,1.0,0.0,0.0,1.0,0.0,0.0,0.0,0.0,0.0,1.0,1.0,0.0,0.32238805970149254,0.42940275650842263,No,0
1.0,0.0,0.0,0.0,0.15277777777777776,1.0,0.0,0.0,0.0,1.0,1.0,1.0,0.0,0.0,0.0,1.0,0.6666666666666666,0.42437810945273624,0.8310872894333844,No,3
1.0,0.0,1.0,1.0,0.20833333333333331,1.0,1.0,0.0,0.0,0.0,1.0,1.0,0.0,0.0,0.0,1.0,0.0,0.4119402985074626,0.9584992343032159,No,3
1.0,0.0,1.0,0.0,1.0,0.0,0.5,0.0,1.0,1.0,1.0,1.0,1.0,1.0,1.0,1.0,0.6666666666666666,0.4621890547263682,0.6145482388973966,No,3
0.0,0.0,0.0,0.0,0.40277777777777773,0.0,0.5,0.0,0.0,0.0,0.0,0.0,0.0,0.0,0.0,1.0,0.3333333333333333,0.0681592039800995,0.8557427258805512,Yes,0
1.0,0.0,0.0,1.0,0.013888888888888888,1.0,0.0,0.0,0.0,0.0,1.0,0.0,0.0,0.0,0.0,0.0,0.6666666666666666,0.3054726368159204,0.6208269525267993,Yes,3
0.0,0.0,1.0,1.0,0.08333333333333333,1.0,0.0,0.0,0.0,0.0,0.0,0.0,1.0,0.0,0.0,0.0,0.6666666666666666,0.3641791044776119,0.4709035222052067,No,0
1.0,0.0,0.0,0.0,0.013888888888888888,1.0,0.0,0.0,0.0,0.0,0.0,0.0,0.0,0.0,0.0,0.0,0.6666666666666666,0.2691542288557213,0.5843797856049004,Yes,3
1.0,0.0,1.0,1.0,0.875,1.0,1.0,0.5,0.0,1.0,0.0,0.0,0.0,1.0,0.5,1.0,0.6666666666666666,0.7273631840796019,0.7289433384379785,No,3
1.0,0.0,0.0,0.0,0.027777777777777776,1.0,0.0,0.5,0.0,0.0,1.0,0.0,0.0,1.0,0.0,1.0,0.6666666666666666,0.6726368159203979,0.17672281776416537,Yes,3
0.0,0.0,1.0,1.0,0.25,1.0,1.0,1.0,0.5,0.5,0.5,0.5,0.5,0.5,1.0,0.0,1.0,0.0681592039800995,0.5575803981623277,No,0
0.0,0.0,1.0,0.0,0.5972222222222222,0.0,0.5,0.0,1.0,0.0,0.0,1.0,0.0,0.0,0.0,0.0,0.0,0.15671641791044777,0.14027565084226645,No,0
0.0,0.0,0.0,0.0,0.20833333333333331,0.0,0.5,0.0,1.0,1.0,1.0,1.0,0.0,0.0,0.5,0.0,1.0,0.2751243781094527,0.8375191424196018,No,0
1.0,0.0,0.0,1.0,0.1388888888888889,1.0,1.0,0.5,0.0,0.0,0.0,0.0,1.0,1.0,0.0,0.0,0.6666666666666666,0.7656716417910447,0.9796324655436447,Yes,3
1.0,0.0,1.0,1.0,0.7638888888888888,1.0,0.0,1.0,0.5,0.5,0.5,0.5,0.5,0.5,1.0,0.0,1.0,0.02238805970149252,0.05053598774885145,No,3
1.0,0.0,0.0,1.0,0.6805555555555555,1.0,1.0,0.5,0.0,0.0,0.0,1.0,1.0,1.0,0.5,1.0,0.0,0.8194029850746268,0.6565084226646248,Yes,3
1.0,0.0,1.0,1.0,0.08333333333333333,1.0,0.0,0.0,0.0,1.0,1.0,0.0,0.0,0.0,0.0,1.0,1.0,0.3686567164179104,0.43154670750382845,Yes,3
1.0,0.0,1.0,1.0,0.9722222222222222,1.0,0.0,1.0,0.5,0.5,0.5,0.5,0.5,0.5,1.0,0.0,0.3333333333333333,0.020895522388059695,0.12909647779479325,No,3
1.0,1.0,0.0,0.0,0.027777777777777776,1.0,1.0,0.5,0.0,0.0,0.0,0.0,0.0,0.0,0.0,1.0,1.0,0.56318407960199,0.15421133231240428,Yes,3
1.0,1.0,1.0,0.0,0.875,0.0,0.5,0.0,1.0,0.0,0.0,1.0,0.0,0.0,0.5,0.0,0.0,0.17761194029850746,0.29693721286370595,No,3
0.0,0.0,0.0,0.0,0.3472222222222222,1.0,0.0,0.0,0.0,1.0,0.0,1.0,0.0,1.0,0.0,1.0,0.0,0.4731343283582089,0.1787136294027565,No,0
0.0,1.0,0.0,0.0,0.25,1.0,0.0,1.0,0.5,0.5,0.5,0.5,0.5,0.5,0.5,0.0,0.0,0.020895522388059695,0.48759571209800917,No,0
1.0,1.0,1.0,0.0,0.38888888888888884,1.0,1.0,0.5,0.0,1.0,0.0,1.0,1.0,1.0,0.0,1.0,0.6666666666666666,0.8711442786069651,0.39678407350689127,No,3
0.0,1.0,0.0,0.0,0.736111111111111,1.0,0.0,0.5,1.0,1.0,0.0,1.0,0.0,1.0,0.5,1.0,1.0,0.7810945273631841,0.6678407350689127,No,0
1.0,0.0,0.0,0.0,0.4861111111111111,1.0,0.0,0.5,0.0,1.0,1.0,0.0,1.0,1.0,0.5,1.0,0.0,0.8368159203980098,0.4799387442572741,Yes,3
1.0,0.0,0.0,0.0,0.013888888888888888,0.0,0.5,0.0,0.0,0.0,0.0,0.0,0.0,0.0,0.0,0.0,1.0,0.061194029850746234,0.3122511485451761,No,3
1.0,0.0,1.0,0.0,0.9722222222222222,1.0,1.0,0.5,1.0,1.0,1.0,1.0,1.0,1.0,0.5,0.0,0.3333333333333333,0.9691542288557214,0.9188361408882082,Yes,3
1.0,0.0,0.0,0.0,0.027777777777777776,1.0,0.0,0.5,0.0,0.0,1.0,1.0,0.0,0.0,0.0,1.0,0.6666666666666666,0.6129353233830845,0.1436447166921899,Yes,3
0.0,0.0,1.0,0.0,0.3611111111111111,1.0,0.0,0.0,0.0,1.0,0.0,1.0,1.0,1.0,0.0,1.0,0.6666666666666666,0.545273631840796,0.23920367534456355,No,0
0.0,0.0,0.0,0.0,0.4722222222222222,1.0,0.0,0.0,1.0,1.0,0.0,0.0,0.0,1.0,0.5,0.0,0.6666666666666666,0.45870646766169143,0.2575803981623277,No,0
0.0,0.0,0.0,1.0,0.2638888888888889,1.0,0.0,1.0,0.5,0.5,0.5,0.5,0.5,0.5,1.0,0.0,1.0,0.02238805970149252,0.5208269525267993,No,0
1.0,0.0,0.0,0.0,0.20833333333333331,1.0,1.0,0.5,0.0,0.0,0.0,0.0,0.0,0.0,0.0,1.0,1.0,0.5746268656716418,0.03905053598774885,Yes,3
0.0,0.0,1.0,1.0,0.861111111111111,1.0,0.0,0.0,1.0,0.0,1.0,0.0,0.0,0.0,0.5,0.0,0.3333333333333333,0.36318407960199006,0.45451761102603366,No,0
0.0,1.0,0.0,0.0,0.5833333333333333,1.0,1.0,0.5,0.0,1.0,1.0,0.0,1.0,1.0,0.0,1.0,0.0,0.8606965174129354,0.5633996937212864,Yes,0
0.0,0.0,0.0,0.0,0.125,1.0,0.0,0.0,1.0,1.0,0.0,0.0,1.0,1.0,0.0,1.0,0.6666666666666666,0.5611940298507463,0.8473200612557427,Yes,0
1.0,0.0,0.0,0.0,0.3333333333333333,1.0,0.0,0.0,1.0,0.0,0.0,0.0,0.0,0.0,0.0,1.0,0.6666666666666666,0.32736318407960197,0.07764165390505359,No,3
1.0,1.0,1.0,0.0,0.9444444444444444,0.0,0.5,0.0,1.0,1.0,1.0,0.0,0.0,0.0,1.0,1.0,0.6666666666666666,0.23582089552238805,0.3923430321592649,No,3
1.0,0.0,1.0,1.0,0.4305555555555555,1.0,0.0,0.0,0.0,0.0,1.0,1.0,0.0,0.0,0.0,0.0,1.0,0.3592039800995025,0.17197549770290965,No,3
0.0,0.0,0.0,0.0,0.013888888888888888,1.0,0.0,0.0,0.0,0.0,0.0,0.0,0.0,1.0,0.0,1.0,0.6666666666666666,0.37810945273631835,0.7098009188361408,Yes,0
1.0,0.0,1.0,0.0,0.29166666666666663,1.0,1.0,0.5,0.0,0.0,1.0,1.0,1.0,1.0,0.0,1.0,0.6666666666666666,0.8741293532338307,0.28836140888208267,Yes,3
0.0,0.0,1.0,0.0,0.875,1.0,0.0,0.5,0.0,1.0,0.0,0.0,1.0,1.0,0.5,1.0,0.6666666666666666,0.7736318407960199,0.7640122511485452,No,0
0.0,1.0,0.0,0.0,0.027777777777777776,1.0,0.0,0.5,0.0,0.0,0.0,0.0,0.0,1.0,0.0,1.0,0.0,0.6119402985074627,0.16003062787136293,Yes,0
0.0,0.0,1.0,1.0,0.8472222222222222,0.0,0.5,0.0,0.0,1.0,1.0,1.0,1.0,1.0,1.0,1.0,0.0,0.4298507462686567,0.49356814701378254,No,0
0.0,0.0,0.0,0.0,0.013888888888888888,1.0,0.0,0.5,0.0,0.0,0.0,0.0,0.0,0.0,0.0,0.0,0.6666666666666666,0.5014925373134329,0.8238897396630934,Yes,0
1.0,0.0,0.0,0.0,0.25,1.0,0.0,1.0,0.5,0.5,0.5,0.5,0.5,0.5,0.5,0.0,1.0,0.013930348258706454,0.5359877488514548,No,3
0.0,0.0,1.0,1.0,0.08333333333333333,1.0,0.0,1.0,0.5,0.5,0.5,0.5,0.5,0.5,0.5,0.0,0.3333333333333333,0.007462686567164173,0.014701378254211332,No,0
0.0,0.0,0.0,0.0,0.4583333333333333,1.0,1.0,0.5,0.0,1.0,0.0,0.0,1.0,1.0,0.0,1.0,0.6666666666666666,0.8134328358208955,0.44165390505359875,No,0
1.0,0.0,0.0,0.0,0.2222222222222222,1.0,0.0,1.0,0.5,0.5,0.5,0.5,0.5,0.5,0.0,0.0,0.0,0.019900497512437804,0.43568147013782543,Yes,3
0.0,0.0,1.0,0.0,0.7777777777777777,1.0,0.0,0.5,0.0,0.0,1.0,1.0,1.0,1.0,0.0,1.0,0.6666666666666666,0.800497512437811,0.7173047473200612,No,0
1.0,0.0,0.0,1.0,0.3194444444444444,1.0,0.0,1.0,0.5,0.5,0.5,0.5,0.5,0.5,0.5,0.0,1.0,0.015422885572139305,0.6026033690658499,No,3
1.0,0.0,0.0,0.0,0.125,1.0,0.0,0.5,0.0,0.0,1.0,0.0,0.0,0.0,0.0,1.0,0.6666666666666666,0.5527363184079601,0.8483920367534457,No,3
0.0,1.0,1.0,0.0,0.19444444444444442,1.0,1.0,0.5,0.0,1.0,0.0,0.0,1.0,1.0,0.0,1.0,0.6666666666666666,0.8154228855721393,0.10153139356814701,Yes,0
1.0,0.0,1.0,1.0,0.20833333333333331,1.0,1.0,0.5,0.0,0.0,0.0,0.0,0.0,0.0,0.0,1.0,0.0,0.5636815920398011,0.03124042879019908,Yes,3
1.0,0.0,0.0,0.0,0.06944444444444445,1.0,0.0,1.0,0.5,0.5,0.5,0.5,0.5,0.5,0.0,0.0,0.3333333333333333,0.01791044776119402,0.9868300153139357,No,3
1.0,0.0,1.0,0.0,0.8472222222222222,1.0,1.0,0.5,1.0,1.0,0.0,0.0,1.0,1.0,0.0,1.0,0.6666666666666666,0.8751243781094528,0.7869831546707503,No,3
1.0,0.0,1.0,1.0,0.9722222222222222,1.0,1.0,0.5,1.0,1.0,1.0,1.0,1.0,1.0,1.0,1.0,0.3333333333333333,0.9781094527363184,0.9315467075038285,No,3
1.0,0.0,0.0,0.0,0.20833333333333331,1.0,1.0,0.5,1.0,0.0,0.0,0.0,1.0,1.0,0.0,1.0,0.6666666666666666,0.8104477611940298,0.1554364471669219,No,3
1.0,0.0,1.0,1.0,0.1111111111111111,1.0,0.0,1.0,0.5,0.5,0.5,0.5,0.5,0.5,1.0,0.0,1.0,0.014427860696517386,0.08392036753445635,No,3
0.0,0.0,1.0,1.0,0.1111111111111111,1.0,0.0,1.0,0.5,0.5,0.5,0.5,0.5,0.5,1.0,0.0,1.0,0.01243781094527363,0.16600306278713628,No,0
0.0,0.0,0.0,0.0,0.05555555555555555,0.0,0.5,0.0,1.0,0.0,0.0,0.0,0.0,0.0,0.0,1.0,1.0,0.10845771144278604,0.03016845329249617,No,0
0.0,0.0,0.0,0.0,0.4722222222222222,1.0,0.0,0.0,1.0,1.0,0.0,0.0,0.0,0.0,0.5,0.0,1.0,0.3656716417910447,0.2234303215926493,No,0
1.0,0.0,1.0,0.0,0.9444444444444444,1.0,1.0,0.0,1.0,1.0,1.0,1.0,1.0,1.0,1.0,1.0,0.3333333333333333,0.7218905472636815,0.7807044410413476,No,3
0.0,0.0,1.0,1.0,0.625,0.0,0.5,0.0,0.0,1.0,1.0,1.0,0.0,1.0,0.5,0.0,0.0,0.32587064676616917,0.291271056661562,No,0
0.0,1.0,0.0,0.0,0.125,1.0,1.0,0.5,0.0,0.0,1.0,0.0,1.0,0.0,0.0,1.0,0.6666666666666666,0.7149253731343282,0.9316998468606431,No,0
0.0,0.0,0.0,0.0,0.3055555555555555,1.0,1.0,0.0,1.0,0.0,0.0,1.0,0.0,0.0,0.0,1.0,1.0,0.4059701492537313,0.07075038284839204,No,0
0.0,0.0,0.0,0.0,0.027777777777777776,1.0,0.0,1.0,0.5,0.5,0.5,0.5,0.5,0.5,0.0,0.0,1.0,0.020398009950248763,0.5347626339969372,No,0
1.0,0.0,1.0,0.0,0.9722222222222222,1.0,1.0,0.0,0.0,1.0,1.0,1.0,1.0,0.0,1.0,0.0,0.0,0.5442786069651742,0.6750382848392037,No,3
0.0,0.0,0.0,1.0,0.1388888888888889,1.0,1.0,0.0,1.0,0.0,1.0,1.0,0.0,1.0,0.5,0.0,0.3333333333333333,0.5502487562189055,0.8373660030627871,No,0
1.0,0.0,0.0,0.0,1.0,1.0,1.0,0.0,1.0,0.0,1.0,1.0,1.0,1.0,1.0,0.0,0.3333333333333333,0.6572139303482587,0.7516079632465543,No,3
0.0,0.0,1.0,1.0,0.6805555555555555,1.0,0.0,0.0,0.0,1.0,1.0,0.0,1.0,1.0,0.5,0.0,0.3333333333333333,0.5945273631840796,0.5013782542113323,No,0
0.0,1.0,0.0,0.0,0.75,1.0,1.0,0.0,0.0,1.0,0.0,1.0,1.0,0.0,0.5,0.0,1.0,0.535820895522388,0.5088820826952527,No,0
0.0,0.0,0.0,0.0,0.986111111111111,1.0,1.0,0.5,1.0,1.0,1.0,0.0,1.0,1.0,1.0,1.0,0.3333333333333333,0.8805970149253731,0.8660030627871362,No,0
0.0,0.0,0.0,0.0,0.3055555555555555,1.0,0.0,1.0,0.5,0.5,0.5,0.5,0.5,0.5,0.5,1.0,1.0,0.009950248756218888,0.5381316998468606,No,0
0.0,0.0,1.0,1.0,0.6944444444444444,1.0,0.0,1.0,0.5,0.5,0.5,0.5,0.5,0.5,1.0,0.0,0.3333333333333333,0.02288557213930348,0.02113323124042879,No,0
0.0,0.0,1.0,1.0,0.5972222222222222,1.0,0.0,1.0,0.5,0.5,0.5,0.5,0.5,0.5,0.5,0.0,1.0,0.01741293532338306,0.932312404287902,No,0
0.0,0.0,1.0,1.0,0.625,1.0,1.0,1.0,0.5,0.5,0.5,0.5,0.5,0.5,1.0,1.0,0.3333333333333333,0.06368159203980098,0.049004594180704436,No,0
1.0,1.0,0.0,0.0,0.8888888888888888,1.0,1.0,0.5,1.0,1.0,0.0,0.0,1.0,1.0,0.0,1.0,0.0,0.8482587064676618,0.8013782542113322,No,3
0.0,0.0,1.0,1.0,0.3194444444444444,1.0,1.0,1.0,0.5,0.5,0.5,0.5,0.5,0.5,1.0,0.0,1.0,0.05572139303482587,0.7758039816232771,No,0
0.0,0.0,1.0,0.0,0.9444444444444444,1.0,1.0,1.0,0.5,0.5,0.5,0.5,0.5,0.5,1.0,0.0,0.3333333333333333,0.07512437810945272,0.23169984686064318,No,0
0.0,0.0,0.0,0.0,0.013888888888888888,1.0,0.0,0.5,0.0,0.0,0.0,0.0,0.0,0.0,0.0,1.0,0.6666666666666666,0.5233830845771144,0.8450229709035222,Yes,0
1.0,0.0,0.0,0.0,0.027777777777777776,1.0,0.0,0.5,0.0,0.0,0.0,0.0,0.0,0.0,0.0,1.0,0.3333333333333333,0.5129353233830846,0.09494640122511486,Yes,3
1.0,0.0,0.0,0.0,0.3611111111111111,1.0,0.0,0.0,0.0,0.0,0.0,1.0,1.0,0.0,0.5,0.0,0.3333333333333333,0.4099502487562189,0.14104134762633996,No,3
1.0,0.0,1.0,0.0,0.7638888888888888,0.0,0.5,0.0,0.0,0.0,1.0,1.0,1.0,1.0,0.0,1.0,0.0,0.3611940298507462,0.39387442572741194,Yes,3
1.0,0.0,0.0,0.0,0.19444444444444442,1.0,0.0,1.0,0.5,0.5,0.5,0.5,0.5,0.5,0.0,1.0,0.6666666666666666,0.01791044776119402,0.39586523736600304,No,3
1.0,0.0,1.0,0.0,0.986111111111111,1.0,0.0,0.0,1.0,0.0,1.0,1.0,1.0,1.0,1.0,1.0,0.6666666666666666,0.6398009950248755,0.7362940275650842,No,3
1.0,0.0,0.0,0.0,0.8888888888888888,1.0,1.0,0.0,1.0,1.0,1.0,1.0,1.0,0.0,0.5,0.0,0.6666666666666666,0.6268656716417911,0.7067381316998469,No,3
0.0,0.0,0.0,0.0,0.09722222222222221,1.0,0.0,0.0,0.0,0.0,0.0,1.0,1.0,1.0,0.0,1.0,0.3333333333333333,0.5223880597014925,0.5863705972434916,Yes,0
0.0,0.0,0.0,0.0,0.7916666666666666,1.0,0.0,0.0,1.0,1.0,1.0,1.0,1.0,0.0,1.0,1.0,0.3333333333333333,0.5577114427860697,0.5453292496171516,No,0
0.0,0.0,1.0,0.0,0.18055555555555555,1.0,1.0,0.5,0.0,1.0,1.0,0.0,1.0,0.0,0.0,0.0,0.6666666666666666,0.7547263681592039,0.06018376722817764,Yes,0
0.0,0.0,1.0,1.0,0.041666666666666664,0.0,0.5,0.0,1.0,0.0,0.0,0.0,0.0,0.0,0.0,0.0,0.3333333333333333,0.11393034825870646,0.9719754977029096,Yes,0
1.0,1.0,1.0,0.0,1.0,1.0,1.0,0.5,0.0,1.0,1.0,1.0,1.0,1.0,1.0,0.0,0.3333333333333333,0.9099502487562189,0.9127105666156202,No,3
0.0,0.0,1.0,1.0,0.5555555555555556,1.0,1.0,0.5,0.0,1.0,1.0,0.0,1.0,0.0,0.0,1.0,0.3333333333333333,0.7771144278606964,0.5134762633996937,No,0
1.0,0.0,1.0,0.0,0.19444444444444442,1.0,1.0,0.0,0.0,0.0,0.0,1.0,1.0,0.0,0.0,1.0,0.3333333333333333,0.48109452736318403,0.9952526799387442,No,3
1.0,0.0,1.0,1.0,0.027777777777777776,1.0,0.0,0.0,0.0,0.0,0.0,0.0,0.0,0.0,0.0,1.0,0.6666666666666666,0.26119402985074625,0.9679938744257274,No,3
1.0,1.0,0.0,0.0,0.9166666666666666,1.0,1.0,0.5,0.0,1.0,1.0,1.0,1.0,1.0,0.5,0.0,0.3333333333333333,0.9218905472636817,0.8797856049004594,Yes,3
0.0,0.0,1.0,0.0,0.5277777777777778,1.0,1.0,0.5,0.0,0.0,1.0,1.0,1.0,1.0,0.0,1.0,0.6666666666666666,0.86318407960199,0.5275650842266463,Yes,0
1.0,0.0,0.0,1.0,0.013888888888888888,0.0,0.5,0.0,0.0,0.0,0.0,0.0,0.0,0.0,0.0,1.0,0.6666666666666666,0.07014925373134329,0.3297090352220521,Yes,3
1.0,0.0,0.0,0.0,0.3055555555555555,1.0,0.0,0.0,0.0,1.0,0.0,1.0,0.0,0.0,0.5,1.0,0.3333333333333333,0.36716417910447763,0.055130168453292494,Yes,3
1.0,0.0,0.0,0.0,0.013888888888888888,1.0,0.0,1.0,0.5,0.5,0.5,0.5,0.5,0.5,0.0,1.0,1.0,0.01840796019900498,0.2462480857580398,Yes,3
1.0,0.0,0.0,0.0,0.06944444444444445,1.0,0.0,0.5,0.0,0.0,0.0,0.0,1.0,0.0,0.0,1.0,1.0,0.6154228855721392,0.5208269525267993,No,3
1.0,0.0,1.0,1.0,0.40277777777777773,1.0,1.0,0.0,1.0,0.0,0.0,1.0,1.0,0.0,0.5,0.0,0.0,0.5054726368159204,0.23889739663093415,No,3
1.0,0.0,1.0,1.0,0.013888888888888888,1.0,0.0,0.5,0.0,0.0,0.0,0.0,0.0,0.0,0.0,1.0,1.0,0.5139303482587065,0.8352220520673813,Yes,3
0.0,0.0,0.0,0.0,0.041666666666666664,1.0,0.0,1.0,0.5,0.5,0.5,0.5,0.5,0.5,0.0,0.0,1.0,0.021393034825870627,0.77947932618683,No,0
1.0,0.0,1.0,1.0,0.986111111111111,1.0,0.0,1.0,0.5,0.5,0.5,0.5,0.5,0.5,1.0,0.0,0.3333333333333333,0.014427860696517386,0.08468606431852986,No,3
1.0,0.0,0.0,1.0,0.125,1.0,0.0,0.0,0.0,1.0,0.0,0.0,0.0,0.0,0.0,1.0,0.6666666666666666,0.3169154228855721,0.6255742725880551,No,3
1.0,0.0,0.0,0.0,0.5972222222222222,1.0,1.0,0.5,0.0,1.0,0.0,0.0,1.0,1.0,0.0,1.0,0.6666666666666666,0.827363184079602,0.5903522205206738,Yes,3
0.0,0.0,0.0,0.0,0.6666666666666666,1.0,1.0,0.0,1.0,1.0,1.0,0.0,1.0,1.0,0.5,1.0,0.3333333333333333,0.6487562189054726,0.5094946401225114,No,0
1.0,0.0,0.0,0.0,0.3611111111111111,1.0,1.0,0.5,1.0,1.0,0.0,0.0,0.0,0.0,0.0,1.0,0.3333333333333333,0.6805970149253732,0.28162327718223584,No,3
0.0,0.0,0.0,0.0,0.125,1.0,0.0,1.0,0.5,0.5,0.5,0.5,0.5,0.5,0.0,0.0,0.0,0.018905472636815884,0.3088820826952527,No,0
1.0,0.0,0.0,0.0,0.013888888888888888,1.0,0.0,0.5,0.0,0.0,0.0,0.0,0.0,1.0,0.0,1.0,0.6666666666666666,0.6223880597014925,0.9222052067381317,Yes,3
0.0,0.0,1.0,1.0,0.6388888888888888,1.0,0.0,1.0,0.5,0.5,0.5,0.5,0.5,0.5,1.0,0.0,0.3333333333333333,0.011442786069651711,0.9894333843797856,No,0
1.0,0.0,0.0,0.0,0.027777777777777776,1.0,1.0,0.0,0.0,0.0,0.0,0.0,0.0,1.0,0.0,0.0,0.0,0.435820895522388,0.05130168453292496,Yes,3
1.0,1.0,0.0,0.0,0.013888888888888888,1.0,1.0,0.5,0.0,0.0,0.0,0.0,0.0,0.0,0.0,1.0,0.6666666666666666,0.5791044776119403,0.8918836140888208,Yes,3
1.0,0.0,1.0,1.0,0.8888888888888888,0.0,0.5,0.0,1.0,0.0,1.0,1.0,1.0,1.0,1.0,1.0,0.0,0.4159203980099502,0.5036753445635528,No,3
0.0,1.0,0.0,0.0,0.16666666666666666,1.0,1.0,0.5,0.0,1.0,0.0,0.0,1.0,0.0,0.0,1.0,0.6666666666666666,0.726865671641791,0.02879019908116386,Yes,0
1.0,1.0,1.0,0.0,0.08333333333333333,1.0,0.0,0.5,0.0,0.0,1.0,0.0,1.0,1.0,0.0,1.0,0.6666666666666666,0.7711442786069651,0.7245022970903522,Yes,3
0.0,0.0,1.0,0.0,0.8194444444444444,1.0,0.0,1.0,0.5,0.5,0.5,0.5,0.5,0.5,0.5,0.0,1.0,0.020895522388059695,0.07473200612557428,No,0
0.0,0.0,0.0,0.0,0.09722222222222221,1.0,0.0,0.5,0.0,1.0,0.0,0.0,1.0,1.0,0.5,1.0,1.0,0.754228855721393,0.7833078101071975,No,0
0.0,1.0,1.0,0.0,1.0,1.0,1.0,0.0,1.0,1.0,1.0,0.0,1.0,1.0,1.0,1.0,0.3333333333333333,0.6552238805970149,0.7660030627871363,No,0
1.0,1.0,0.0,0.0,0.2222222222222222,1.0,0.0,0.5,0.0,0.0,0.0,0.0,0.0,1.0,0.0,1.0,0.6666666666666666,0.6019900497512437,0.061102603369065846,No,3
1.0,0.0,1.0,0.0,0.3472222222222222,1.0,1.0,0.0,0.0,0.0,1.0,0.0,0.0,0.0,0.0,0.0,0.3333333333333333,0.3711442786069651,0.11347626339969372,No,3
0.0,0.0,1.0,0.0,0.4722222222222222,1.0,1.0,0.0,1.0,1.0,0.0,1.0,0.0,0.0,0.0,0.0,0.6666666666666666,0.4417910447761194,0.2926493108728943,Yes,0
0.0,0.0,0.0,0.0,0.013888888888888888,1.0,1.0,0.5,0.0,0.0,0.0,0.0,0.0,0.0,0.0,1.0,0.6666666666666666,0.5597014925373134,0.8761102603369065,Yes,0
0.0,0.0,1.0,1.0,0.1388888888888889,1.0,1.0,0.5,0.0,1.0,1.0,0.0,1.0,1.0,0.0,1.0,0.3333333333333333,0.8343283582089552,0.02021439509954058,Yes,0
1.0,0.0,1.0,0.0,0.3333333333333333,1.0,0.0,1.0,0.5,0.5,0.5,0.5,0.5,0.5,0.5,0.0,1.0,0.01840796019900498,0.682542113323124,No,3
0.0,0.0,1.0,1.0,0.1388888888888889,1.0,1.0,0.0,1.0,1.0,0.0,0.0,1.0,0.0,0.5,0.0,0.6666666666666666,0.517910447761194,0.8194486983154671,No,0
1.0,0.0,1.0,0.0,0.9583333333333333,1.0,0.0,0.0,1.0,1.0,0.0,0.0,0.0,0.0,0.5,1.0,0.3333333333333333,0.3522388059701492,0.49954058192955586,No,3
1.0,0.0,0.0,0.0,0.7916666666666666,1.0,0.0,1.0,0.5,0.5,0.5,0.5,0.5,0.5,1.0,0.0,1.0,0.02487562189054726,0.03460949464012251,No,3
1.0,0.0,1.0,1.0,0.6944444444444444,1.0,0.0,0.5,0.0,1.0,1.0,1.0,1.0,1.0,0.5,1.0,0.0,0.8472636815920399,0.6721286370597244,No,3
1.0,0.0,1.0,1.0,0.38888888888888884,0.0,0.5,0.0,1.0,0.0,1.0,1.0,1.0,0.0,0.5,0.0,1.0,0.32388059701492533,0.10658499234303216,No,3
0.0,0.0,0.0,0.0,0.2222222222222222,1.0,0.0,0.0,1.0,0.0,0.0,0.0,0.0,0.0,0.0,1.0,0.6666666666666666,0.31741293532338305,0.8937212863705972,Yes,0
1.0,0.0,0.0,0.0,0.3472222222222222,1.0,0.0,0.0,1.0,1.0,0.0,1.0,1.0,1.0,0.0,1.0,1.0,0.6044776119402985,0.23016845329249616,No,3
0.0,1.0,1.0,0.0,0.041666666666666664,1.0,0.0,0.5,0.0,1.0,0.0,0.0,0.0,0.0,0.0,1.0,0.0,0.5606965174129352,0.3101071975497703,No,0
1.0,0.0,1.0,0.0,0.8472222222222222,1.0,1.0,0.5,0.0,0.0,0.0,0.0,1.0,1.0,0.5,1.0,0.0,0.7786069651741293,0.7177641653905054,No,3
0.0,0.0,0.0,0.0,0.027777777777777776,1.0,0.0,1.0,0.5,0.5,0.5,0.5,0.5,0.5,0.0,0.0,1.0,0.01840796019900498,0.5116385911179173,No,0
1.0,0.0,1.0,1.0,0.7083333333333333,1.0,0.0,1.0,0.5,0.5,0.5,0.5,0.5,0.5,0.5,0.0,1.0,0.011442786069651711,0.9993874425727411,No,3
0.0,0.0,1.0,1.0,0.986111111111111,1.0,0.0,0.0,1.0,0.0,1.0,0.0,1.0,1.0,1.0,0.0,0.3333333333333333,0.590049751243781,0.7070444104134762,No,0
0.0,0.0,1.0,1.0,0.2777777777777778,1.0,0.0,1.0,0.5,0.5,0.5,0.5,0.5,0.5,0.0,0.0,1.0,0.01791044776119402,0.5313935681470138,No,0
1.0,0.0,1.0,1.0,0.08333333333333333,1.0,0.0,1.0,0.5,0.5,0.5,0.5,0.5,0.5,0.0,0.0,0.3333333333333333,0.015920398009950265,0.10520673813169984,No,3
0.0,0.0,0.0,0.0,0.08333333333333333,1.0,0.0,1.0,0.5,0.5,0.5,0.5,0.5,0.5,0.0,0.0,1.0,0.019402985074626844,0.06416539050535988,No,0
0.0,0.0,0.0,0.0,0.40277777777777773,1.0,1.0,0.0,1.0,1.0,0.0,1.0,0.0,0.0,0.0,0.0,1.0,0.4895522388059702,0.20658499234303215,No,0
1.0,0.0,0.0,0.0,0.5,1.0,0.0,1.0,0.5,0.5,0.5,0.5,0.5,0.5,1.0,1.0,0.3333333333333333,0.0029850746268656747,0.8320061255742726,No,3
0.0,0.0,0.0,0.0,0.38888888888888884,0.0,0.5,0.0,0.0,0.0,1.0,0.0,0.0,0.0,0.0,1.0,1.0,0.11442786069651739,0.9154670750382848,No,0
0.0,0.0,1.0,0.0,0.09722222222222221,1.0,1.0,0.5,0.0,0.0,0.0,0.0,1.0,0.0,0.0,1.0,0.6666666666666666,0.6791044776119403,0.7347626339969372,Yes,0
0.0,0.0,0.0,0.0,0.875,1.0,1.0,1.0,0.5,0.5,0.5,0.5,0.5,0.5,1.0,0.0,1.0,0.05920398009950248,0.1658499234303216,No,0
1.0,0.0,1.0,1.0,0.6666666666666666,1.0,1.0,1.0,0.5,0.5,0.5,0.5,0.5,0.5,1.0,0.0,1.0,0.0527363184079602,0.04946401225114854,No,3
0.0,0.0,1.0,0.0,0.6805555555555555,1.0,0.0,1.0,0.5,0.5,0.5,0.5,0.5,0.5,0.5,0.0,0.0,0.021890547263681587,0.969218989280245,No,0
1.0,1.0,0.0,0.0,0.375,1.0,1.0,0.5,0.0,1.0,0.0,0.0,0.0,0.0,0.0,1.0,0.6666666666666666,0.6288557213930348,0.2678407350689127,Yes,3
1.0,0.0,1.0,0.0,1.0,1.0,1.0,0.0,1.0,1.0,1.0,1.0,1.0,1.0,1.0,0.0,0.3333333333333333,0.7368159203980099,0.8159264931087289,No,3
1.0,0.0,1.0,0.0,0.013888888888888888,1.0,0.0,0.5,0.0,0.0,0.0,0.0,0.0,0.0,0.0,1.0,0.6666666666666666,0.5064676616915423,0.8332312404287902,Yes,3
0.0,0.0,1.0,1.0,1.0,0.0,0.5,0.0,0.0,1.0,0.0,1.0,1.0,1.0,1.0,0.0,0.3333333333333333,0.3522388059701492,0.49754977029096475,No,0
0.0,0.0,0.0,0.0,0.6527777777777778,0.0,0.5,0.0,1.0,1.0,0.0,1.0,0.0,0.0,0.5,0.0,0.3333333333333333,0.21293532338308457,0.20505359877488513,No,0
0.0,0.0,0.0,0.0,0.013888888888888888,1.0,0.0,0.0,0.0,0.0,0.0,0.0,1.0,0.0,0.0,1.0,0.6666666666666666,0.3621890547263681,0.6874425727411945,No,0
0.0,0.0,0.0,0.0,0.5,1.0,1.0,0.5,0.0,1.0,1.0,0.0,1.0,1.0,0.5,1.0,0.0,0.8611940298507462,0.5090352220520674,No,0
1.0,0.0,1.0,1.0,0.5972222222222222,0.0,0.5,0.0,0.0,1.0,0.0,0.0,0.0,0.0,0.0,0.0,0.3333333333333333,0.1099502487562189,0.06324655436447167,No,3
0.0,1.0,1.0,0.0,0.375,1.0,1.0,0.0,0.0,1.0,1.0,1.0,1.0,1.0,0.0,0.0,0.6666666666666666,0.6527363184079601,0.29831546707503825,No,0
0.0,0.0,0.0,0.0,0.125,1.0,0.0,0.5,0.0,0.0,0.0,0.0,0.0,1.0,0.0,1.0,0.6666666666666666,0.6099502487562188,0.8629402756508422,Yes,0
0.0,0.0,0.0,0.0,0.5277777777777778,1.0,1.0,0.5,0.0,0.0,1.0,1.0,1.0,1.0,0.0,1.0,0.6666666666666666,0.8497512437810945,0.5212863705972435,No,0
0.0,1.0,0.0,0.0,0.4861111111111111,1.0,1.0,0.5,1.0,0.0,0.0,0.0,1.0,1.0,0.0,1.0,0.6666666666666666,0.8039800995024875,0.47151607963246556,No,0
0.0,0.0,1.0,1.0,0.0,1.0,1.0,0.0,0.0,1.0,1.0,1.0,1.0,0.0,1.0,0.0,1.0,0.5482587064676616,0.0,No,0
0.0,0.0,1.0,0.0,0.8194444444444444,1.0,0.0,0.5,0.0,1.0,0.0,1.0,1.0,1.0,1.0,1.0,1.0,0.8139303482587064,0.7560490045941807,No,0
1.0,0.0,0.0,0.0,0.375,1.0,0.0,1.0,0.5,0.5,0.5,0.5,0.5,0.5,1.0,0.0,0.3333333333333333,0.020895522388059695,0.6803981623277182,No,3
0.0,1.0,0.0,0.0,0.027777777777777776,1.0,0.0,0.0,0.0,0.0,0.0,0.0,0.0,0.0,0.0,0.0,0.6666666666666666,0.2557213930348259,0.9506891271056661,No,0
1.0,0.0,0.0,0.0,0.09722222222222221,1.0,1.0,1.0,0.5,0.5,0.5,0.5,0.5,0.5,0.0,0.0,1.0,0.05223880597014924,0.1892802450229709,No,3
0.0,0.0,0.0,0.0,0.5,1.0,1.0,0.0,0.0,1.0,0.0,1.0,0.0,1.0,0.5,1.0,1.0,0.5218905472636816,0.33277182235834607,No,0
0.0,0.0,1.0,1.0,0.5694444444444444,1.0,1.0,0.5,1.0,1.0,0.0,0.0,1.0,0.0,0.0,1.0,0.0,0.7567164179104477,0.5105666156202143,No,0
0.0,0.0,0.0,0.0,0.18055555555555555,0.0,0.5,0.0,0.0,1.0,0.0,0.0,0.0,0.0,0.0,0.0,0.6666666666666666,0.10845771144278604,0.47335375191424195,No,0
1.0,0.0,0.0,1.0,0.2638888888888889,1.0,0.0,1.0,0.5,0.5,0.5,0.5,0.5,0.5,1.0,0.0,0.3333333333333333,0.025870646766169153,0.6049004594180705,No,3
0.0,0.0,1.0,0.0,0.8333333333333333,0.0,0.5,0.0,1.0,1.0,0.0,1.0,0.0,0.0,1.0,0.0,0.0,0.19353233830845773,0.29509954058192955,No,0
0.0,0.0,0.0,1.0,0.6666666666666666,1.0,0.0,0.5,0.0,1.0,1.0,1.0,1.0,0.0,1.0,1.0,1.0,0.7686567164179104,0.6012251148545176,Yes,0
1.0,1.0,0.0,0.0,0.041666666666666664,1.0,1.0,0.5,0.0,0.0,1.0,0.0,1.0,0.0,0.0,0.0,0.6666666666666666,0.7243781094527363,0.38177641653905053,Yes,3
1.0,0.0,1.0,0.0,0.9583333333333333,1.0,1.0,0.5,0.0,1.0,0.0,1.0,1.0,0.0,1.0,1.0,1.0,0.7383084577114428,0.7949464012251148,No,3
1.0,0.0,0.0,0.0,0.5972222222222222,0.0,0.5,0.0,0.0,0.0,1.0,1.0,0.0,1.0,0.5,0.0,0.6666666666666666,0.2577114427860696,0.2347626339969372,No,3
0.0,0.0,0.0,1.0,0.15277777777777776,0.0,0.5,0.0,1.0,0.0,0.0,1.0,0.0,0.0,0.5,1.0,1.0,0.17711442786069648,0.5267993874425727,No,0
0.0,0.0,1.0,0.0,0.625,1.0,0.0,0.0,0.0,0.0,1.0,0.0,0.0,0.0,0.0,1.0,0.3333333333333333,0.31840796019900497,0.28437978560490046,No,0
1.0,0.0,1.0,0.0,1.0,1.0,1.0,0.5,0.0,1.0,1.0,1.0,1.0,1.0,1.0,1.0,0.3333333333333333,0.9104477611940299,0.9027565084226646,No,3
0.0,1.0,1.0,0.0,0.027777777777777776,1.0,1.0,0.5,0.0,0.0,1.0,0.0,0.0,0.0,0.0,0.0,0.6666666666666666,0.6064676616915423,0.18790199081163858,Yes,0
0.0,0.0,1.0,1.0,0.16666666666666666,1.0,0.0,1.0,0.5,0.5,0.5,0.5,0.5,0.5,1.0,0.0,0.0,0.020398009950248763,0.2872894333843798,No,0
0.0,0.0,1.0,1.0,0.9305555555555555,1.0,1.0,0.5,0.0,1.0,1.0,1.0,1.0,1.0,0.5,1.0,0.3333333333333333,0.9363184079601988,0.8741194486983155,No,0
1.0,0.0,1.0,0.0,0.5138888888888888,1.0,1.0,0.5,0.0,0.0,1.0,1.0,1.0,0.0,1.0,0.0,1.0,0.7567164179104477,0.4588055130168453,No,3
0.0,0.0,0.0,0.0,0.5416666666666666,0.0,0.5,0.0,1.0,1.0,0.0,1.0,0.0,0.0,0.5,0.0,0.0,0.22786069651741292,0.18376722817764166,No,0
0.0,0.0,0.0,0.0,0.5694444444444444,1.0,1.0,0.0,1.0,0.0,1.0,1.0,0.0,1.0,0.0,1.0,0.0,0.5611940298507463,0.41148545176110257,No,0
0.0,0.0,0.0,0.0,0.3472222222222222,0.0,0.5,0.0,0.0,0.0,1.0,0.0,1.0,1.0,0.0,1.0,0.6666666666666666,0.29850746268656714,0.08208269525267993,No,0
1.0,0.0,1.0,1.0,0.1111111111111111,1.0,1.0,0.0,1.0,1.0,0.0,1.0,0.0,1.0,1.0,1.0,0.3333333333333333,0.5761194029850747,0.794333843797856,No,3
0.0,0.0,1.0,1.0,0.986111111111111,1.0,1.0,0.0,1.0,1.0,1.0,1.0,0.0,0.0,1.0,0.0,1.0,0.5258706467661691,0.6704441041347626,No,0
1.0,0.0,0.0,0.0,0.06944444444444445,1.0,1.0,0.5,0.0,1.0,1.0,0.0,0.0,1.0,0.0,0.0,0.6666666666666666,0.7791044776119402,0.6488514548238897,No,3
0.0,0.0,0.0,0.0,0.41666666666666663,1.0,1.0,0.0,1.0,0.0,1.0,0.0,1.0,1.0,0.5,1.0,0.3333333333333333,0.6074626865671642,0.31776416539050534,No,0
1.0,0.0,0.0,0.0,0.5555555555555556,1.0,0.0,0.5,0.0,1.0,0.0,1.0,0.0,1.0,0.5,1.0,0.3333333333333333,0.7099502487562188,0.4629402756508422,No,3
0.0,0.0,0.0,0.0,0.75,1.0,0.0,1.0,0.5,0.5,0.5,0.5,0.5,0.5,1.0,1.0,1.0,0.02238805970149252,0.011332312404287902,No,0
1.0,0.0,1.0,0.0,1.0,1.0,1.0,0.5,0.0,1.0,1.0,0.0,1.0,1.0,1.0,1.0,0.0,0.8761194029850746,0.8895865237366003,No,3
1.0,0.0,1.0,1.0,0.38888888888888884,1.0,0.0,0.5,0.0,1.0,1.0,0.0,1.0,1.0,0.5,0.0,0.0,0.8169154228855721,0.37120980091883615,No,3
1.0,0.0,1.0,1.0,0.25,1.0,0.0,0.5,0.0,0.0,0.0,1.0,0.0,1.0,0.0,1.0,0.6666666666666666,0.6701492537313432,0.16263399693721287,No,3
0.0,0.0,0.0,0.0,0.027777777777777776,0.0,0.5,0.0,0.0,0.0,0.0,0.0,1.0,1.0,0.0,1.0,0.6666666666666666,0.26865671641791045,0.9511485451761102,Yes,0
0.0,0.0,1.0,1.0,0.8194444444444444,1.0,1.0,0.5,0.0,1.0,1.0,0.0,1.0,1.0,0.5,1.0,0.6666666666666666,0.8746268656716417,0.7767228177641654,No,0
1.0,0.0,1.0,1.0,0.3055555555555555,1.0,0.0,0.0,0.0,0.0,0.0,1.0,0.0,0.0,0.0,1.0,0.6666666666666666,0.32686567164179103,0.06493108728943338,No,3
0.0,0.0,0.0,0.0,0.013888888888888888,1.0,0.0,1.0,0.5,0.5,0.5,0.5,0.5,0.5,0.0,0.0,1.0,0.01641791044776117,0.22848392036753445,No,0
0.0,1.0,1.0,0.0,1.0,1.0,1.0,1.0,0.5,0.5,0.5,0.5,0.5,0.5,1.0,1.0,0.3333333333333333,0.07412935323383085,0.2355283307810107,No,0
0.0,1.0,0.0,0.0,0.19444444444444442,1.0,1.0,0.5,0.0,0.0,0.0,0.0,0.0,0.0,0.0,1.0,0.6666666666666666,0.5577114427860697,0.02924961715160796,Yes,0
1.0,0.0,1.0,0.0,0.6944444444444444,1.0,1.0,0.5,0.0,0.0,0.0,1.0,1.0,1.0,0.5,0.0,0.6666666666666666,0.8074626865671642,0.6552833078101071,No,3
0.0,0.0,1.0,1.0,0.6666666666666666,1.0,0.0,0.0,1.0,0.0,1.0,1.0,1.0,0.0,0.5,0.0,0.0,0.5119402985074627,0.4022970903522205,No,0
0.0,0.0,1.0,1.0,0.6805555555555555,1.0,1.0,0.5,0.0,1.0,0.0,0.0,1.0,1.0,0.0,1.0,0.6666666666666666,0.7970149253731342,0.6323124042879019,No,0
1.0,0.0,1.0,1.0,0.38888888888888884,1.0,0.0,0.5,0.0,0.0,1.0,0.0,1.0,0.0,0.0,0.0,0.6666666666666666,0.6686567164179105,0.29525267993874427,No,3
1.0,1.0,0.0,0.0,0.9444444444444444,1.0,1.0,0.5,0.0,1.0,1.0,0.0,0.0,1.0,0.0,1.0,0.6666666666666666,0.772636815920398,0.7977029096477795,No,3
1.0,0.0,0.0,0.0,0.18055555555555555,1.0,1.0,0.5,0.0,0.0,0.0,1.0,1.0,1.0,0.0,0.0,0.6666666666666666,0.8208955223880597,0.08805513016845329,No,3
0.0,0.0,0.0,0.0,0.15277777777777776,1.0,1.0,0.5,0.0,0.0,1.0,0.0,1.0,0.0,0.0,1.0,0.6666666666666666,0.7059701492537314,0.9973966309341501,No,0
0.0,0.0,1.0,0.0,0.041666666666666664,1.0,1.0,0.5,0.0,0.0,0.0,0.0,0.0,0.0,0.0,1.0,0.3333333333333333,0.5557213930348258,0.29356814701378253,Yes,0
1.0,1.0,1.0,0.0,0.7916666666666666,1.0,1.0,0.5,0.0,0.0,1.0,0.0,1.0,1.0,0.0,0.0,0.6666666666666666,0.8194029850746268,0.7266462480857581,Yes,3
1.0,0.0,0.0,0.0,0.041666666666666664,1.0,1.0,0.5,0.0,0.0,0.0,0.0,0.0,0.0,0.0,0.0,1.0,0.5646766169154228,0.263093415007657,Yes,3
1.0,0.0,1.0,0.0,1.0,1.0,1.0,1.0,0.5,0.5,0.5,0.5,0.5,0.5,1.0,0.0,0.3333333333333333,0.07462686567164178,0.21975497702909647,No,3
1.0,0.0,1.0,1.0,0.9722222222222222,1.0,1.0,0.0,0.0,1.0,1.0,1.0,1.0,1.0,1.0,1.0,0.6666666666666666,0.6552238805970149,0.7499234303215926,No,3
0.0,0.0,1.0,1.0,0.6805555555555555,1.0,1.0,0.0,0.0,1.0,0.0,1.0,1.0,1.0,1.0,0.0,0.0,0.6074626865671642,0.5124042879019908,No,0
0.0,1.0,1.0,0.0,0.9305555555555555,1.0,1.0,0.5,1.0,0.0,1.0,0.0,1.0,1.0,0.5,1.0,0.3333333333333333,0.8835820895522387,0.8575803981623277,No,0
1.0,0.0,0.0,0.0,0.6388888888888888,1.0,0.0,1.0,0.5,0.5,0.5,0.5,0.5,0.5,1.0,0.0,0.0,0.01791044776119402,0.9695252679938744,No,3
0.0,1.0,0.0,0.0,0.8888888888888888,1.0,0.0,0.0,1.0,1.0,0.0,1.0,1.0,0.0,1.0,1.0,0.3333333333333333,0.5169154228855721,0.58208269525268,Yes,0
0.0,0.0,1.0,0.0,0.5138888888888888,1.0,0.0,1.0,0.5,0.5,0.5,0.5,0.5,0.5,0.0,0.0,0.0,0.01243781094527363,0.925114854517611,No,0
0.0,1.0,0.0,0.0,0.027777777777777776,1.0,0.0,0.5,0.0,0.0,0.0,0.0,0.0,0.0,0.0,0.0,0.6666666666666666,0.5223880597014925,0.14946401225114855,Yes,0
0.0,1.0,1.0,0.0,0.18055555555555555,0.0,0.5,0.0,0.0,0.0,0.0,0.0,1.0,1.0,0.0,0.0,0.6666666666666666,0.2691542288557213,0.676416539050536,No,0
0.0,0.0,1.0,0.0,1.0,1.0,1.0,0.5,1.0,1.0,1.0,1.0,1.0,1.0,1.0,0.0,0.6666666666666666,0.9641791044776119,0.9431852986217457,No,0
1.0,0.0,1.0,1.0,0.9444444444444444,1.0,0.0,0.0,0.0,0.0,1.0,1.0,1.0,1.0,1.0,1.0,0.0,0.5442786069651742,0.6425727411944869,No,3
1.0,0.0,1.0,1.0,0.20833333333333331,1.0,0.0,1.0,0.5,0.5,0.5,0.5,0.5,0.5,0.5,0.0,1.0,0.013930348258706454,0.44150076569678404,No,3
0.0,0.0,0.0,0.0,0.3333333333333333,1.0,0.0,1.0,0.5,0.5,0.5,0.5,0.5,0.5,1.0,1.0,0.0,0.012935323383084563,0.6098009188361408,No,0
0.0,0.0,0.0,0.0,0.3333333333333333,1.0,1.0,0.5,0.0,0.0,0.0,1.0,0.0,1.0,0.0,1.0,0.6666666666666666,0.7094527363184079,0.2898928024502297,No,0
1.0,0.0,0.0,0.0,0.375,1.0,0.0,0.0,1.0,0.0,0.0,0.0,0.0,0.0,0.0,0.0,1.0,0.31940298507462683,0.11531393568147014,No,3
1.0,0.0,0.0,0.0,0.16666666666666666,1.0,0.0,0.0,0.0,0.0,0.0,1.0,0.0,0.0,0.0,0.0,0.0,0.31840796019900497,0.7450229709035222,Yes,3
0.0,0.0,1.0,1.0,0.986111111111111,1.0,0.0,0.0,1.0,1.0,1.0,1.0,1.0,1.0,1.0,0.0,0.3333333333333333,0.6865671641791045,0.7828483920367534,No,0
1.0,0.0,1.0,1.0,0.9305555555555555,1.0,0.0,1.0,0.5,0.5,0.5,0.5,0.5,0.5,1.0,1.0,1.0,0.025373134328358193,0.11562021439509954,No,3
0.0,0.0,1.0,0.0,0.875,1.0,1.0,0.5,0.0,1.0,1.0,1.0,1.0,1.0,1.0,1.0,0.0,0.9054726368159204,0.8275650842266462,No,0
1.0,0.0,0.0,0.0,0.013888888888888888,1.0,0.0,1.0,0.5,0.5,0.5,0.5,0.5,0.5,0.0,0.0,1.0,0.020895522388059695,0.2470137825421133,No,3
1.0,0.0,0.0,0.0,0.05555555555555555,1.0,0.0,0.0,0.0,0.0,0.0,0.0,0.0,1.0,0.0,1.0,0.6666666666666666,0.3746268656716417,0.30903522205206735,No,3
0.0,1.0,0.0,0.0,0.5555555555555556,1.0,0.0,0.5,1.0,1.0,0.0,0.0,0.0,0.0,0.0,1.0,0.3333333333333333,0.6064676616915423,0.4306278713629403,Yes,0
0.0,0.0,0.0,0.0,0.16666666666666666,1.0,0.0,0.5,0.0,0.0,1.0,0.0,1.0,1.0,0.0,1.0,0.6666666666666666,0.7736318407960199,0.01883614088820827,Yes,0
1.0,0.0,1.0,1.0,0.7222222222222222,1.0,0.0,0.0,1.0,1.0,1.0,0.0,1.0,1.0,1.0,0.0,0.6666666666666666,0.6064676616915423,0.5255742725880551,No,3
1.0,0.0,0.0,0.0,0.1388888888888889,1.0,1.0,1.0,0.5,0.5,0.5,0.5,0.5,0.5,0.0,1.0,0.6666666666666666,0.057213930348258696,0.29035222052067383,No,3
1.0,0.0,0.0,0.0,0.9444444444444444,1.0,1.0,0.5,1.0,1.0,1.0,0.0,1.0,0.0,0.5,0.0,0.0,0.8268656716417909,0.8545176110260336,No,3
0.0,0.0,0.0,0.0,0.75,1.0,1.0,0.5,0.0,0.0,0.0,1.0,1.0,1.0,0.0,1.0,0.6666666666666666,0.8144278606965173,0.6926493108728943,Yes,0
0.0,0.0,1.0,1.0,0.05555555555555555,1.0,0.0,0.0,0.0,1.0,0.0,1.0,0.0,0.0,0.0,0.0,1.0,0.3805970149253731,0.30444104134762634,Yes,0
0.0,0.0,1.0,0.0,0.7222222222222222,0.0,0.5,0.0,1.0,0.0,1.0,0.0,0.0,0.0,0.5,0.0,1.0,0.17114427860696518,0.23905053598774884,No,0
0.0,1.0,0.0,0.0,0.013888888888888888,1.0,0.0,0.5,0.0,0.0,1.0,0.0,0.0,1.0,0.0,1.0,0.6666666666666666,0.664179104477612,0.9503828483920367,Yes,0
1.0,0.0,1.0,0.0,0.9722222222222222,1.0,1.0,0.0,1.0,1.0,1.0,1.0,1.0,0.0,0.5,0.0,0.0,0.6084577114427862,0.7029096477794793,No,3
1.0,0.0,0.0,0.0,0.5972222222222222,0.0,0.5,0.0,1.0,0.0,1.0,0.0,0.0,0.0,0.5,1.0,0.3333333333333333,0.16865671641791047,0.1315467075038285,No,3
1.0,0.0,0.0,0.0,0.7222222222222222,1.0,0.0,1.0,0.5,0.5,0.5,0.5,0.5,0.5,1.0,0.0,1.0,0.013930348258706454,0.008269525267993873,No,3
0.0,0.0,0.0,0.0,0.16666666666666666,0.0,0.5,0.0,1.0,0.0,1.0,1.0,0.0,1.0,1.0,0.0,1.0,0.3144278606965174,0.7018376722817764,No,0
0.0,0.0,1.0,1.0,0.7777777777777777,1.0,1.0,0.0,1.0,1.0,0.0,0.0,0.0,1.0,0.5,0.0,0.0,0.5024875621890547,0.5007656967840735,No,0
1.0,0.0,0.0,1.0,0.0,1.0,1.0,0.0,1.0,1.0,0.0,1.0,0.0,0.0,1.0,1.0,0.0,0.4343283582089552,0.0,No,3
1.0,0.0,0.0,0.0,0.5833333333333333,1.0,1.0,0.5,0.0,0.0,1.0,0.0,0.0,0.0,0.0,0.0,0.6666666666666666,0.6134328358208956,0.4407350689127105,No,3
1.0,1.0,1.0,0.0,0.3055555555555555,1.0,0.0,0.5,0.0,0.0,0.0,0.0,1.0,1.0,0.0,1.0,0.0,0.7114427860696517,0.2358346094946401,No,3
1.0,0.0,1.0,1.0,0.7083333333333333,0.0,0.5,0.0,1.0,1.0,1.0,0.0,1.0,1.0,0.5,0.0,0.6666666666666666,0.408457711442786,0.39999999999999997,Yes,3
1.0,0.0,0.0,0.0,0.375,1.0,0.0,1.0,0.5,0.5,0.5,0.5,0.5,0.5,0.0,1.0,0.3333333333333333,0.011442786069651711,0.5987748851454824,No,3
1.0,1.0,1.0,0.0,0.7083333333333333,1.0,1.0,0.5,1.0,0.0,1.0,0.0,0.0,1.0,0.5,1.0,0.0,0.7502487562189055,0.6254211332312404,No,3
1.0,0.0,0.0,1.0,0.05555555555555555,1.0,0.0,0.0,1.0,0.0,0.0,0.0,0.0,0.0,0.0,1.0,0.6666666666666666,0.30995024875621885,0.2139356814701378,Yes,3
1.0,0.0,0.0,0.0,0.013888888888888888,1.0,0.0,1.0,0.5,0.5,0.5,0.5,0.5,0.5,0.0,1.0,1.0,0.01641791044776117,0.22848392036753445,No,3
1.0,0.0,0.0,0.0,0.4861111111111111,1.0,0.0,0.0,0.0,0.0,0.0,0.0,1.0,0.0,0.0,0.0,1.0,0.3656716417910447,0.2509954058192955,Yes,3
1.0,1.0,1.0,1.0,0.986111111111111,1.0,1.0,0.0,0.0,1.0,1.0,1.0,0.0,1.0,0.5,1.0,0.0,0.5437810945273632,0.6620214395099541,No,3
0.0,0.0,0.0,0.0,0.013888888888888888,1.0,0.0,0.5,0.0,0.0,0.0,0.0,0.0,0.0,0.0,1.0,0.6666666666666666,0.5069651741293533,0.8333843797856049,Yes,0
0.0,0.0,1.0,1.0,0.9583333333333333,1.0,1.0,1.0,0.5,0.5,0.5,0.5,0.5,0.5,1.0,1.0,0.0,0.07313432835820893,0.1776416539050536,No,0
1.0,0.0,1.0,1.0,0.19444444444444442,1.0,0.0,1.0,0.5,0.5,0.5,0.5,0.5,0.5,0.5,0.0,1.0,0.014925373134328346,0.4110260336906585,No,3
1.0,0.0,1.0,0.0,0.7916666666666666,1.0,0.0,0.0,1.0,0.0,0.0,1.0,0.0,0.0,0.0,0.0,0.6666666666666666,0.372636815920398,0.422052067381317,No,3
0.0,0.0,1.0,1.0,1.0,1.0,1.0,0.5,1.0,1.0,1.0,1.0,1.0,1.0,1.0,0.0,0.3333333333333333,0.9875621890547263,0.9588055130168452,No,0
1.0,0.0,0.0,0.0,0.6666666666666666,1.0,0.0,1.0,0.5,0.5,0.5,0.5,0.5,0.5,1.0,0.0,0.3333333333333333,0.015920398009950265,0.9733537519142419,No,3
0.0,0.0,1.0,1.0,0.05555555555555555,1.0,0.0,0.5,0.0,0.0,0.0,0.0,1.0,0.0,0.0,1.0,1.0,0.6034825870646766,0.3963246554364472,No,0
1.0,0.0,1.0,1.0,0.4305555555555555,1.0,0.0,1.0,0.5,0.5,0.5,0.5,0.5,0.5,0.0,1.0,0.6666666666666666,0.023880597014925342,0.8468606431852986,No,3
1.0,0.0,0.0,0.0,0.5277777777777778,1.0,0.0,0.0,0.0,0.0,1.0,1.0,0.0,1.0,0.5,1.0,1.0,0.4383084577114428,0.3055130168453292,Yes,3
1.0,1.0,1.0,0.0,0.5138888888888888,1.0,1.0,0.5,0.0,0.0,0.0,0.0,1.0,1.0,0.0,1.0,0.6666666666666666,0.7388059701492538,0.46049004594180704,Yes,3
0.0,0.0,0.0,0.0,0.013888888888888888,1.0,0.0,1.0,0.5,0.5,0.5,0.5,0.5,0.5,0.0,0.0,1.0,0.013930348258706454,0.22771822358346094,No,0
1.0,1.0,0.0,0.0,0.7916666666666666,1.0,1.0,0.0,0.0,1.0,1.0,0.0,1.0,1.0,1.0,1.0,0.0,0.6119402985074627,0.57687595712098,No,3
0.0,1.0,1.0,0.0,0.861111111111111,1.0,0.0,0.0,1.0,0.0,1.0,1.0,1.0,1.0,1.0,1.0,0.3333333333333333,0.6139303482587065,0.6232771822358346,No,0
1.0,0.0,1.0,0.0,0.041666666666666664,0.0,0.5,0.0,0.0,0.0,0.0,1.0,0.0,0.0,0.0,1.0,0.6666666666666666,0.11592039800995024,0.9750382848392036,No,3
0.0,0.0,0.0,1.0,1.0,1.0,0.0,1.0,0.5,0.5,0.5,0.5,0.5,0.5,1.0,1.0,1.0,0.014925373134328346,0.1557427258805513,No,0
1.0,0.0,0.0,1.0,0.40277777777777773,0.0,0.5,0.0,1.0,1.0,1.0,1.0,0.0,0.0,0.0,1.0,1.0,0.26616915422885573,0.0681470137825421,No,3
1.0,0.0,1.0,1.0,0.18055555555555555,1.0,0.0,0.0,0.0,0.0,0.0,0.0,0.0,0.0,0.0,0.0,0.0,0.2641791044776119,0.7087289433384379,No,3
1.0,0.0,0.0,1.0,0.041666666666666664,1.0,0.0,0.5,0.0,0.0,0.0,0.0,0.0,0.0,0.0,0.0,0.6666666666666666,0.5114427860696518,0.2790199081163859,Yes,3
0.0,0.0,0.0,0.0,0.15277777777777776,1.0,0.0,0.0,0.0,1.0,0.0,0.0,0.0,0.0,0.0,0.0,0.6666666666666666,0.32686567164179103,0.6800918836140888,No,0
0.0,0.0,0.0,1.0,0.29166666666666663,0.0,0.5,0.0,1.0,1.0,1.0,1.0,1.0,0.0,1.0,0.0,1.0,0.3472636815920398,0.05237366003062787,No,0
0.0,0.0,0.0,0.0,0.2638888888888889,1.0,1.0,1.0,0.5,0.5,0.5,0.5,0.5,0.5,0.0,0.0,0.0,0.06417910447761191,0.6029096477794793,No,0
1.0,0.0,0.0,0.0,0.8472222222222222,1.0,1.0,0.5,1.0,0.0,1.0,1.0,1.0,1.0,1.0,1.0,0.3333333333333333,0.9288557213930347,0.8306278713629403,Yes,3
0.0,0.0,0.0,0.0,0.15277777777777776,1.0,0.0,0.0,1.0,0.0,0.0,0.0,0.0,0.0,0.0,0.0,0.3333333333333333,0.3014925373134328,0.6493108728943339,Yes,0
1.0,0.0,1.0,1.0,0.4861111111111111,1.0,1.0,0.5,0.0,1.0,1.0,1.0,1.0,1.0,0.0,1.0,0.6666666666666666,0.9124378109452737,0.49739663093415004,No,3
1.0,0.0,0.0,1.0,0.3472222222222222,1.0,0.0,1.0,0.5,0.5,0.5,0.5,0.5,0.5,0.0,0.0,1.0,0.025373134328358193,0.5986217457886677,No,3
0.0,0.0,0.0,0.0,0.013888888888888888,1.0,0.0,1.0,0.5,0.5,0.5,0.5,0.5,0.5,0.0,1.0,1.0,0.019402985074626844,0.2465543644716692,Yes,0
0.0,0.0,0.0,0.0,0.9305555555555555,1.0,1.0,1.0,0.5,0.5,0.5,0.5,0.5,0.5,1.0,1.0,0.0,0.07313432835820893,0.20352220520673814,No,0
1.0,0.0,0.0,0.0,0.2638888888888889,0.0,0.5,0.0,0.0,0.0,1.0,0.0,1.0,0.0,0.0,1.0,0.6666666666666666,0.21293532338308457,0.8702909647779479,Yes,3
1.0,0.0,0.0,0.0,0.7777777777777777,1.0,1.0,1.0,0.5,0.5,0.5,0.5,0.5,0.5,0.5,0.0,0.6666666666666666,0.06616915422885569,0.09218989280245023,Yes,3
1.0,0.0,1.0,1.0,1.0,1.0,1.0,0.5,1.0,1.0,1.0,0.0,1.0,1.0,1.0,1.0,0.3333333333333333,0.8970149253731344,0.903062787136294,No,3
1.0,0.0,0.0,0.0,0.5972222222222222,1.0,0.0,1.0,0.5,0.5,0.5,0.5,0.5,0.5,1.0,0.0,1.0,0.012935323383084563,0.9612557427258805,No,3
0.0,0.0,1.0,1.0,0.7638888888888888,1.0,1.0,0.5,1.0,1.0,0.0,0.0,0.0,0.0,0.0,1.0,0.6666666666666666,0.6651741293532337,0.5990811638591118,No,0
1.0,0.0,1.0,1.0,0.027777777777777776,1.0,1.0,0.0,1.0,0.0,0.0,0.0,0.0,0.0,0.0,0.0,1.0,0.38258706467661696,0.03843797856049005,Yes,3
1.0,0.0,0.0,0.0,0.375,1.0,0.0,0.5,0.0,0.0,0.0,0.0,0.0,0.0,0.0,1.0,1.0,0.5054726368159204,0.20413476263399694,No,3
0.0,0.0,0.0,0.0,0.18055555555555555,1.0,0.0,0.5,0.0,0.0,0.0,0.0,0.0,0.0,0.0,1.0,1.0,0.5164179104477612,0.9630934150076569,No,0
0.0,0.0,0.0,0.0,0.9722222222222222,1.0,1.0,0.5,1.0,1.0,1.0,0.0,1.0,1.0,1.0,1.0,1.0,0.9243781094527362,0.9015313935681469,No,0
0.0,0.0,1.0,0.0,0.19444444444444442,1.0,0.0,0.5,1.0,1.0,0.0,1.0,1.0,1.0,0.5,0.0,1.0,0.872636815920398,0.09739663093415007,Yes,0
0.0,0.0,1.0,1.0,0.2638888888888889,1.0,1.0,0.5,0.0,0.0,0.0,1.0,0.0,1.0,0.5,1.0,0.0,0.707462686567164,0.181010719754977,No,0
0.0,0.0,0.0,0.0,0.2777777777777778,1.0,1.0,0.5,1.0,0.0,0.0,0.0,1.0,0.0,0.0,1.0,0.0,0.7049751243781094,0.2223583460949464,No,0
1.0,0.0,1.0,1.0,0.5972222222222222,1.0,1.0,0.5,1.0,0.0,1.0,1.0,0.0,0.0,0.5,1.0,0.3333333333333333,0.7263681592039801,0.5248085758039817,No,3
1.0,0.0,1.0,1.0,0.06944444444444445,1.0,0.0,0.5,1.0,0.0,1.0,0.0,0.0,1.0,0.0,1.0,1.0,0.717412935323383,0.565084226646248,No,3
0.0,1.0,1.0,0.0,0.9722222222222222,1.0,1.0,0.5,0.0,1.0,0.0,1.0,1.0,1.0,0.5,1.0,0.0,0.8686567164179103,0.8606431852986217,No,0
0.0,0.0,1.0,0.0,0.5555555555555556,1.0,0.0,1.0,0.5,0.5,0.5,0.5,0.5,0.5,1.0,0.0,1.0,0.008457711442786064,0.9058192955589586,No,0
1.0,0.0,1.0,1.0,0.08333333333333333,1.0,0.0,1.0,0.5,0.5,0.5,0.5,0.5,0.5,1.0,1.0,0.3333333333333333,0.021393034825870627,0.020826952526799388,No,3
1.0,0.0,0.0,0.0,0.5416666666666666,1.0,0.0,0.5,1.0,0.0,1.0,0.0,1.0,1.0,1.0,1.0,0.6666666666666666,0.817910447761194,0.4993874425727412,No,3
1.0,1.0,1.0,0.0,0.05555555555555555,1.0,1.0,0.5,0.0,0.0,0.0,0.0,0.0,0.0,0.0,0.0,0.6666666666666666,0.564179104477612,0.40949464012251147,Yes,3
1.0,0.0,0.0,0.0,0.20833333333333331,0.0,0.5,0.0,0.0,0.0,0.0,1.0,0.0,0.0,0.0,1.0,0.6666666666666666,0.11393034825870646,0.5696784073506891,Yes,3
1.0,0.0,1.0,0.0,0.013888888888888888,0.0,0.5,0.0,0.0,0.0,1.0,0.0,1.0,1.0,0.0,1.0,0.6666666666666666,0.31940298507462683,0.6473200612557427,Yes,3
0.0,1.0,0.0,0.0,0.625,1.0,0.0,0.5,1.0,1.0,0.0,1.0,0.0,0.0,0.0,1.0,0.0,0.6711442786069651,0.49663093415007653,No,0
0.0,0.0,1.0,0.0,0.8888888888888888,0.0,0.5,0.0,1.0,0.0,1.0,1.0,0.0,1.0,1.0,0.0,0.6666666666666666,0.2945273631840796,0.4191424196018377,Yes,0
0.0,1.0,1.0,0.0,0.7916666666666666,1.0,1.0,0.5,0.0,1.0,1.0,0.0,0.0,1.0,0.0,0.0,0.3333333333333333,0.753731343283582,0.692343032159265,No,0
1.0,0.0,1.0,1.0,1.0,1.0,1.0,0.0,1.0,1.0,1.0,1.0,0.0,0.0,1.0,0.0,0.0,0.5134328358208955,0.6592649310872895,No,3
1.0,0.0,0.0,0.0,0.013888888888888888,1.0,0.0,0.5,0.0,0.0,0.0,0.0,0.0,0.0,0.0,1.0,0.6666666666666666,0.517910447761194,0.8433384379785605,Yes,3
1.0,0.0,1.0,0.0,1.0,1.0,1.0,1.0,0.5,0.5,0.5,0.5,0.5,0.5,1.0,0.0,0.3333333333333333,0.0756218905472637,0.22143950995405817,No,3
0.0,0.0,0.0,0.0,0.041666666666666664,1.0,0.0,0.0,1.0,1.0,0.0,1.0,0.0,1.0,1.0,0.0,1.0,0.5258706467661691,0.26814701378254213,No,0
1.0,1.0,0.0,0.0,0.7638888888888888,1.0,1.0,0.5,1.0,0.0,0.0,0.0,1.0,1.0,0.0,1.0,0.6666666666666666,0.8014925373134327,0.7122511485451761,Yes,3
0.0,0.0,1.0,0.0,0.8194444444444444,1.0,1.0,0.5,0.0,0.0,1.0,1.0,1.0,0.0,0.0,0.0,0.6666666666666666,0.7472636815920397,0.6862174578866769,No,0
0.0,0.0,0.0,0.0,0.25,1.0,1.0,0.5,0.0,0.0,0.0,1.0,1.0,1.0,0.0,1.0,0.0,0.8119402985074626,0.1992343032159265,Yes,0
1.0,1.0,1.0,0.0,0.4444444444444444,1.0,0.0,0.5,0.0,0.0,0.0,0.0,0.0,1.0,0.0,1.0,0.3333333333333333,0.617412935323383,0.3261868300153139,Yes,3
0.0,0.0,0.0,0.0,0.05555555555555555,1.0,0.0,0.0,1.0,0.0,0.0,0.0,0.0,0.0,0.0,1.0,0.0,0.32139303482587056,0.3049004594180704,No,0
0.0,1.0,0.0,0.0,0.9166666666666666,1.0,1.0,0.5,0.0,1.0,0.0,0.0,0.0,0.0,0.0,1.0,0.3333333333333333,0.618905472636816,0.6701378254211332,Yes,0
1.0,0.0,0.0,0.0,0.375,1.0,1.0,0.5,0.0,0.0,1.0,0.0,0.0,0.0,0.0,1.0,0.6666666666666666,0.6273631840796019,0.2921898928024502,No,3
1.0,0.0,0.0,0.0,0.05555555555555555,1.0,0.0,1.0,0.5,0.5,0.5,0.5,0.5,0.5,0.0,1.0,0.3333333333333333,0.024378109452736302,0.9392036753445635,No,3
1.0,0.0,1.0,1.0,0.8333333333333333,1.0,0.0,0.0,1.0,1.0,0.0,1.0,1.0,1.0,0.0,1.0,0.3333333333333333,0.6049751243781094,0.6038284839203675,No,3
0.0,0.0,1.0,1.0,0.1111111111111111,1.0,0.0,1.0,0.5,0.5,0.5,0.5,0.5,0.5,1.0,0.0,1.0,0.007960199004975133,0.25068912710566615,No,0
1.0,0.0,1.0,1.0,0.1111111111111111,1.0,0.0,1.0,0.5,0.5,0.5,0.5,0.5,0.5,1.0,0.0,0.3333333333333333,0.013432835820895522,0.06952526799387443,No,3
1.0,0.0,0.0,0.0,0.4861111111111111,1.0,0.0,1.0,0.5,0.5,0.5,0.5,0.5,0.5,1.0,1.0,1.0,0.019402985074626844,0.8267993874425728,No,3
1.0,0.0,0.0,0.0,0.09722222222222221,1.0,1.0,0.5,0.0,0.0,0.0,0.0,0.0,1.0,0.0,1.0,0.6666666666666666,0.682089552238806,0.7724349157733538,Yes,3
0.0,0.0,1.0,1.0,0.736111111111111,1.0,0.0,1.0,0.5,0.5,0.5,0.5,0.5,0.5,1.0,0.0,1.0,0.026368159203980085,0.04257274119448698,No,0
0.0,1.0,0.0,0.0,0.25,1.0,1.0,0.5,0.0,1.0,0.0,1.0,1.0,1.0,0.0,1.0,0.3333333333333333,0.8492537313432834,0.20735068912710566,No,0
0.0,0.0,0.0,0.0,0.20833333333333331,0.0,0.5,0.0,0.0,1.0,0.0,0.0,0.0,1.0,1.0,1.0,1.0,0.20447761194029845,0.7555895865237365,No,0
1.0,0.0,1.0,0.0,0.9305555555555555,1.0,1.0,0.5,0.0,1.0,0.0,0.0,1.0,0.0,0.5,1.0,0.0,0.6980099502487562,0.7318529862174579,No,3
1.0,1.0,1.0,0.0,0.08333333333333333,1.0,0.0,0.5,0.0,1.0,0.0,0.0,0.0,1.0,0.0,1.0,0.6666666666666666,0.6562189054726368,0.6658499234303216,Yes,3
1.0,1.0,0.0,0.0,0.08333333333333333,1.0,0.0,0.5,0.0,0.0,0.0,0.0,1.0,0.0,0.0,1.0,0.6666666666666666,0.6114427860696517,0.644104134762634,No,3
1.0,0.0,0.0,0.0,0.18055555555555555,1.0,1.0,0.5,0.0,0.0,0.0,1.0,1.0,1.0,0.0,1.0,1.0,0.8034825870646766,0.08483920367534456,Yes,3
0.0,0.0,0.0,0.0,0.15277777777777776,1.0,1.0,0.5,0.0,0.0,1.0,0.0,1.0,1.0,0.0,1.0,0.6666666666666666,0.8208955223880597,0.037825421133231237,Yes,0
1.0,0.0,0.0,1.0,0.013888888888888888,1.0,0.0,1.0,0.5,0.5,0.5,0.5,0.5,0.5,0.0,1.0,1.0,0.010447761194029848,0.22679938744257275,No,3
1.0,0.0,0.0,0.0,0.06944444444444445,1.0,0.0,0.0,1.0,0.0,0.0,1.0,0.0,0.0,0.0,1.0,1.0,0.3731343283582089,0.3545176110260337,No,3
1.0,0.0,0.0,0.0,0.18055555555555555,1.0,0.0,1.0,0.5,0.5,0.5,0.5,0.5,0.5,0.5,1.0,1.0,0.01691542288557213,0.34073506891271055,No,3
0.0,0.0,1.0,0.0,0.125,1.0,1.0,0.5,1.0,1.0,1.0,0.0,0.0,0.0,0.0,0.0,0.0,0.7313432835820896,0.9578866768759571,Yes,0
1.0,0.0,0.0,0.0,0.40277777777777773,1.0,0.0,0.5,0.0,1.0,0.0,1.0,1.0,0.0,0.0,0.0,1.0,0.7104477611940299,0.34762633996937214,No,3
1.0,1.0,0.0,0.0,0.013888888888888888,1.0,0.0,0.0,0.0,0.0,0.0,0.0,0.0,0.0,0.0,1.0,1.0,0.2746268656716418,0.5857580398162328,No,3
0.0,0.0,0.0,0.0,0.013888888888888888,1.0,1.0,0.5,0.0,0.0,1.0,0.0,0.0,0.0,0.0,1.0,1.0,0.6099502487562188,0.9140888208269525,Yes,0
0.0,0.0,1.0,1.0,0.25,1.0,0.0,0.0,0.0,0.0,0.0,0.0,1.0,0.0,0.0,0.0,1.0,0.37512437810945276,0.025267993874425725,No,0
0.0,0.0,1.0,0.0,0.027777777777777776,1.0,0.0,0.0,0.0,0.0,1.0,0.0,1.0,1.0,0.0,0.0,0.3333333333333333,0.5049751243781094,0.1329249617151608,No,0
1.0,0.0,1.0,1.0,0.41666666666666663,1.0,1.0,0.5,0.0,1.0,0.0,1.0,0.0,0.0,0.0,1.0,0.0,0.6497512437810945,0.34134762633996935,No,3
1.0,0.0,0.0,1.0,0.9166666666666666,1.0,1.0,0.0,1.0,1.0,0.0,1.0,0.0,0.0,1.0,0.0,0.0,0.47213930348258704,0.5692189892802451,No,3
1.0,0.0,1.0,1.0,0.5277777777777778,1.0,1.0,0.5,0.0,0.0,1.0,1.0,1.0,0.0,1.0,1.0,0.0,0.7626865671641792,0.4785604900459418,No,3
1.0,0.0,1.0,1.0,0.611111111111111,1.0,0.0,0.0,0.0,1.0,1.0,1.0,0.0,0.0,0.0,1.0,1.0,0.4343283582089552,0.3869831546707504,No,3
0.0,0.0,0.0,0.0,0.75,1.0,1.0,0.5,0.0,1.0,1.0,1.0,1.0,1.0,0.0,0.0,0.6666666666666666,0.9238805970149252,0.7540581929555895,Yes,0
1.0,0.0,0.0,0.0,0.027777777777777776,1.0,0.0,1.0,0.5,0.5,0.5,0.5,0.5,0.5,0.0,0.0,1.0,0.01741293532338306,0.4257274119448698,No,3
0.0,0.0,0.0,0.0,0.5833333333333333,1.0,0.0,0.0,1.0,1.0,0.0,1.0,0.0,1.0,0.5,1.0,1.0,0.49203980099502487,0.3813169984686064,No,0
0.0,0.0,1.0,1.0,0.8055555555555555,1.0,1.0,1.0,0.5,0.5,0.5,0.5,0.5,0.5,1.0,0.0,0.3333333333333333,0.06865671641791044,0.14134762633996936,No,0
1.0,0.0,1.0,1.0,0.8055555555555555,1.0,0.0,0.5,0.0,1.0,0.0,0.0,1.0,1.0,0.0,1.0,0.6666666666666666,0.7422885572139303,0.67947932618683,No,3
0.0,0.0,1.0,1.0,0.3472222222222222,1.0,1.0,0.5,0.0,0.0,1.0,0.0,0.0,1.0,0.0,1.0,0.6666666666666666,0.7049751243781094,0.30658499234303216,Yes,0
0.0,0.0,0.0,0.0,0.986111111111111,1.0,1.0,0.5,1.0,1.0,1.0,1.0,1.0,1.0,1.0,0.0,1.0,0.9258706467661691,0.9197549770290965,No,0
0.0,0.0,0.0,0.0,0.5138888888888888,1.0,1.0,0.5,0.0,1.0,1.0,0.0,1.0,1.0,0.0,1.0,0.0,0.8323383084577115,0.4704441041347626,Yes,0
0.0,0.0,1.0,1.0,0.19444444444444442,1.0,1.0,0.5,0.0,0.0,0.0,1.0,1.0,0.0,0.0,1.0,0.6666666666666666,0.7303482587064677,0.08453292496171516,Yes,0
0.0,1.0,0.0,0.0,0.05555555555555555,1.0,1.0,0.5,0.0,0.0,1.0,0.0,0.0,1.0,0.0,1.0,0.6666666666666666,0.7024875621890546,0.4906584992343032,Yes,0
0.0,0.0,1.0,0.0,0.6666666666666666,1.0,1.0,0.0,1.0,0.0,0.0,1.0,0.0,0.0,0.5,1.0,0.0,0.42139303482587065,0.39525267993874424,No,0
0.0,1.0,0.0,0.0,0.041666666666666664,0.0,0.5,0.0,0.0,0.0,0.0,0.0,0.0,0.0,0.0,0.0,0.6666666666666666,0.07014925373134329,0.8986217457886677,Yes,0
0.0,0.0,1.0,0.0,0.1111111111111111,1.0,0.0,0.0,1.0,0.0,0.0,1.0,0.0,1.0,1.0,0.0,1.0,0.4701492537313433,0.7150076569678407,No,0
1.0,0.0,0.0,0.0,0.013888888888888888,1.0,1.0,0.5,0.0,0.0,0.0,0.0,1.0,1.0,0.0,1.0,0.6666666666666666,0.7681592039800995,0.986676875957121,Yes,3
1.0,0.0,0.0,0.0,0.9305555555555555,1.0,0.0,1.0,0.5,0.5,0.5,0.5,0.5,0.5,1.0,0.0,0.0,0.01691542288557213,0.08759571209800919,No,3
1.0,0.0,0.0,0.0,0.18055555555555555,1.0,0.0,0.5,0.0,0.0,0.0,0.0,1.0,1.0,0.0,1.0,0.6666666666666666,0.7248756218905472,0.04058192955589587,Yes,3
0.0,0.0,1.0,1.0,0.625,1.0,0.0,0.0,0.0,1.0,0.0,1.0,0.0,0.0,0.5,1.0,0.3333333333333333,0.35721393034825866,0.29908116385911176,Yes,0
1.0,0.0,0.0,0.0,0.6805555555555555,1.0,1.0,0.5,0.0,0.0,0.0,0.0,0.0,0.0,0.0,1.0,0.0,0.5606965174129352,0.4908116385911179,No,3
0.0,0.0,1.0,0.0,0.7222222222222222,1.0,1.0,0.5,0.0,1.0,1.0,0.0,1.0,0.0,0.0,0.0,0.0,0.7597014925373133,0.6516079632465543,No,0
0.0,0.0,1.0,0.0,0.875,1.0,0.0,0.5,1.0,0.0,1.0,0.0,0.0,0.0,0.5,1.0,0.3333333333333333,0.6258706467661692,0.6702909647779479,No,0
0.0,0.0,1.0,1.0,0.9444444444444444,1.0,1.0,0.0,1.0,1.0,1.0,1.0,1.0,1.0,1.0,1.0,0.0,0.7044776119402985,0.7713629402756508,No,0
0.0,0.0,1.0,0.0,0.4305555555555555,1.0,0.0,0.0,0.0,0.0,0.0,1.0,0.0,0.0,0.0,1.0,1.0,0.3079601990049751,0.13767228177641652,No,0
0.0,0.0,1.0,0.0,0.8888888888888888,1.0,0.0,1.0,0.5,0.5,0.5,0.5,0.5,0.5,1.0,0.0,0.3333333333333333,0.011940298507462671,0.05834609494640122,No,0
0.0,0.0,1.0,0.0,0.861111111111111,1.0,0.0,0.5,1.0,0.0,1.0,1.0,1.0,1.0,0.5,1.0,0.6666666666666666,0.8562189054726367,0.8078101071975498,No,0
0.0,0.0,0.0,0.0,0.013888888888888888,1.0,0.0,0.5,0.0,0.0,0.0,0.0,0.0,0.0,0.0,0.0,0.0,0.5119402985074627,0.8346094946401225,Yes,0
0.0,0.0,0.0,0.0,0.08333333333333333,1.0,0.0,0.5,0.0,0.0,0.0,0.0,1.0,1.0,0.0,1.0,0.6666666666666666,0.708955223880597,0.7243491577335375,Yes,0
0.0,0.0,1.0,0.0,0.29166666666666663,1.0,0.0,0.5,0.0,0.0,0.0,1.0,1.0,0.0,0.0,1.0,0.6666666666666666,0.6746268656716418,0.210260336906585,No,0
0.0,0.0,1.0,1.0,1.0,1.0,1.0,1.0,0.5,0.5,0.5,0.5,0.5,0.5,1.0,0.0,0.0,0.06915422885572137,0.20229709035222052,No,0
0.0,0.0,1.0,1.0,0.4444444444444444,0.0,0.5,0.0,1.0,1.0,0.0,0.0,0.0,0.0,0.0,1.0,0.6666666666666666,0.16815920398009948,0.015160796324655435,No,0
0.0,1.0,0.0,0.0,0.986111111111111,1.0,1.0,0.5,1.0,1.0,0.0,1.0,1.0,0.0,0.5,1.0,0.3333333333333333,0.8099502487562189,0.8601837672281776,No,0
0.0,0.0,0.0,1.0,0.4722222222222222,1.0,0.0,0.5,1.0,1.0,1.0,0.0,1.0,1.0,0.0,1.0,0.0,0.8666666666666666,0.48667687595712095,No,0
1.0,0.0,1.0,0.0,0.041666666666666664,0.0,0.5,0.0,0.0,0.0,0.0,0.0,0.0,1.0,0.0,1.0,0.6666666666666666,0.16815920398009948,0.9970903522205207,Yes,3
1.0,0.0,0.0,1.0,0.16666666666666666,1.0,1.0,0.5,0.0,0.0,0.0,0.0,0.0,0.0,0.0,1.0,0.3333333333333333,0.5522388059701492,0.9601837672281777,Yes,3
0.0,1.0,0.0,0.0,0.1111111111111111,1.0,1.0,0.5,0.0,0.0,1.0,0.0,1.0,1.0,0.0,0.0,0.6666666666666666,0.8268656716417909,0.9064318529862174,Yes,0
0.0,0.0,1.0,1.0,0.4861111111111111,1.0,1.0,1.0,0.5,0.5,0.5,0.5,0.5,0.5,1.0,0.0,0.0,0.06019900497512437,0.9349157733537519,No,0
0.0,0.0,1.0,1.0,0.041666666666666664,1.0,0.0,0.5,0.0,0.0,0.0,0.0,1.0,0.0,0.0,1.0,0.6666666666666666,0.6213930348258706,0.310260336906585,No,0
1.0,0.0,0.0,0.0,0.041666666666666664,1.0,0.0,0.5,0.0,0.0,1.0,1.0,1.0,0.0,0.0,1.0,1.0,0.7124378109452736,0.3196018376722818,No,3
1.0,0.0,0.0,0.0,0.736111111111111,1.0,0.0,0.0,0.0,0.0,1.0,0.0,0.0,1.0,0.5,1.0,0.6666666666666666,0.4263681592039801,0.4460949464012251,No,3
0.0,0.0,1.0,0.0,0.05555555555555555,0.0,0.5,0.0,1.0,0.0,0.0,0.0,0.0,0.0,0.0,1.0,0.6666666666666666,0.10746268656716418,0.08101071975497702,No,0
0.0,0.0,1.0,1.0,0.6666666666666666,1.0,0.0,0.5,1.0,0.0,1.0,0.0,1.0,1.0,0.5,1.0,0.0,0.8104477611940298,0.6447166921898928,No,0
0.0,0.0,1.0,1.0,0.08333333333333333,1.0,0.0,0.0,1.0,1.0,0.0,0.0,0.0,0.0,0.0,0.0,0.3333333333333333,0.3746268656716417,0.48269525267993874,Yes,0
1.0,1.0,1.0,0.0,0.041666666666666664,1.0,1.0,0.5,0.0,1.0,1.0,0.0,1.0,1.0,0.0,1.0,0.6666666666666666,0.8721393034825872,0.4434915773353752,Yes,3
1.0,0.0,1.0,1.0,0.75,0.0,0.5,0.0,0.0,0.0,1.0,1.0,0.0,1.0,1.0,0.0,0.3333333333333333,0.2761194029850746,0.31715160796324654,No,3
0.0,0.0,0.0,0.0,0.013888888888888888,1.0,0.0,0.0,0.0,0.0,0.0,0.0,0.0,0.0,0.0,0.0,1.0,0.2557213930348259,0.5606431852986218,Yes,0
1.0,0.0,0.0,0.0,0.861111111111111,1.0,0.0,0.0,0.0,1.0,1.0,1.0,1.0,1.0,0.0,1.0,0.0,0.618407960199005,0.6451761102603368,No,3
1.0,0.0,1.0,1.0,0.3055555555555555,1.0,0.0,0.5,0.0,1.0,1.0,0.0,1.0,1.0,0.5,1.0,1.0,0.8139303482587064,0.26339969372128635,No,3
1.0,0.0,0.0,0.0,0.013888888888888888,1.0,0.0,0.0,0.0,0.0,0.0,0.0,0.0,0.0,0.0,1.0,0.0,0.2671641791044776,0.5837672281776416,Yes,3
1.0,1.0,0.0,0.0,0.7083333333333333,1.0,0.0,0.5,0.0,0.0,1.0,0.0,1.0,1.0,0.5,1.0,0.0,0.753731343283582,0.6367534456355283,No,3
0.0,0.0,0.0,0.0,0.41666666666666663,1.0,1.0,0.0,0.0,1.0,1.0,0.0,1.0,0.0,0.5,1.0,0.3333333333333333,0.5044776119402985,0.255895865237366,No,0
0.0,1.0,1.0,0.0,0.7777777777777777,1.0,1.0,0.0,1.0,1.0,1.0,1.0,0.0,0.0,0.5,1.0,0.3333333333333333,0.49950248756218907,0.5249617151607963,No,0
1.0,0.0,1.0,0.0,0.4861111111111111,1.0,1.0,0.0,0.0,1.0,0.0,1.0,1.0,0.0,0.5,1.0,0.6666666666666666,0.5049751243781094,0.32067381316998467,No,3
0.0,1.0,0.0,0.0,0.8888888888888888,0.0,0.5,0.0,0.0,1.0,0.0,1.0,1.0,0.0,0.0,1.0,0.6666666666666666,0.25472636815920396,0.366156202143951,No,0
1.0,0.0,0.0,1.0,0.41666666666666663,0.0,0.5,0.0,0.0,0.0,0.0,0.0,1.0,1.0,0.0,1.0,0.6666666666666666,0.26119402985074625,0.08621745788667687,No,3
0.0,0.0,1.0,1.0,0.3472222222222222,1.0,0.0,1.0,0.5,0.5,0.5,0.5,0.5,0.5,1.0,1.0,1.0,0.004477611940298498,0.5021439509954058,No,0
0.0,0.0,0.0,0.0,0.5694444444444444,1.0,0.0,0.5,0.0,0.0,0.0,0.0,0.0,0.0,0.0,0.0,0.0,0.5174129353233831,0.3788667687595712,Yes,0
1.0,0.0,0.0,1.0,0.125,1.0,0.0,0.0,0.0,0.0,0.0,0.0,1.0,0.0,0.0,0.0,0.6666666666666666,0.36915422885572136,0.5828483920367534,Yes,3
0.0,0.0,1.0,0.0,0.013888888888888888,1.0,0.0,0.0,1.0,1.0,0.0,0.0,0.0,0.0,0.0,1.0,1.0,0.35124378109452736,0.6788667687595712,No,0
1.0,0.0,0.0,1.0,0.9722222222222222,1.0,1.0,0.5,1.0,1.0,1.0,1.0,1.0,1.0,1.0,1.0,0.6666666666666666,0.9587064676616915,0.9119448698315467,No,3
0.0,0.0,1.0,1.0,0.7916666666666666,1.0,0.0,1.0,0.5,0.5,0.5,0.5,0.5,0.5,1.0,1.0,0.0,0.01840796019900498,0.026186830015313935,No,0
1.0,0.0,0.0,0.0,0.125,1.0,1.0,0.5,0.0,0.0,0.0,0.0,1.0,0.0,0.0,1.0,0.6666666666666666,0.6691542288557214,0.9159264931087289,No,3
0.0,0.0,1.0,1.0,0.9583333333333333,1.0,1.0,0.5,0.0,1.0,1.0,1.0,1.0,1.0,0.5,1.0,0.0,0.9004975124378108,0.8830015313935681,No,0
1.0,1.0,1.0,0.0,0.5972222222222222,1.0,1.0,0.5,0.0,1.0,1.0,0.0,1.0,1.0,0.0,1.0,0.6666666666666666,0.8432835820895522,0.574885145482389,Yes,3
0.0,0.0,1.0,0.0,1.0,1.0,1.0,0.5,0.0,0.0,1.0,0.0,1.0,1.0,1.0,1.0,0.6666666666666666,0.7920398009950248,0.8274119448698315,No,0
1.0,0.0,0.0,1.0,0.611111111111111,1.0,0.0,1.0,0.5,0.5,0.5,0.5,0.5,0.5,1.0,0.0,0.0,0.012935323383084563,0.9335375191424196,No,3
0.0,0.0,1.0,0.0,1.0,1.0,1.0,0.5,1.0,1.0,0.0,0.0,0.0,0.0,1.0,1.0,0.0,0.6547263681592039,0.7578866768759571,No,0
0.0,0.0,1.0,0.0,0.4583333333333333,1.0,0.0,0.5,1.0,0.0,1.0,1.0,1.0,1.0,0.5,1.0,0.6666666666666666,0.8507462686567163,0.4467075038284839,Yes,0
1.0,0.0,0.0,0.0,0.75,1.0,1.0,0.5,0.0,0.0,1.0,0.0,0.0,1.0,0.0,0.0,0.3333333333333333,0.7079601990049752,0.6295558958652373,No,3
1.0,0.0,0.0,1.0,0.375,1.0,0.0,1.0,0.5,0.5,0.5,0.5,0.5,0.5,1.0,0.0,0.3333333333333333,0.014427860696517386,0.6581929555895865,No,3
1.0,0.0,0.0,0.0,0.75,1.0,1.0,0.5,0.0,1.0,0.0,0.0,0.0,0.0,0.0,1.0,0.0,0.6129353233830845,0.5617151607963247,No,3
1.0,0.0,0.0,0.0,0.041666666666666664,1.0,0.0,0.5,0.0,1.0,0.0,0.0,0.0,0.0,0.0,0.0,0.3333333333333333,0.5592039800995025,0.2820826952526799,No,3
0.0,0.0,1.0,0.0,0.736111111111111,1.0,1.0,0.0,1.0,1.0,1.0,0.0,0.0,1.0,0.5,0.0,0.0,0.5557213930348258,0.5022970903522205,No,0
1.0,0.0,0.0,0.0,0.013888888888888888,1.0,0.0,0.5,0.0,0.0,0.0,0.0,0.0,0.0,0.0,1.0,0.6666666666666666,0.508457711442786,0.8336906584992343,Yes,3
1.0,0.0,1.0,0.0,0.20833333333333331,1.0,0.0,1.0,0.5,0.5,0.5,0.5,0.5,0.5,0.5,0.0,1.0,0.00547263681592039,0.389739663093415,No,3
0.0,0.0,0.0,0.0,0.7777777777777777,1.0,0.0,0.5,0.0,1.0,0.0,0.0,0.0,0.0,0.0,1.0,0.6666666666666666,0.553233830845771,0.5343032159264931,Yes,0
1.0,0.0,1.0,1.0,0.06944444444444445,1.0,1.0,0.0,1.0,1.0,0.0,1.0,0.0,0.0,0.0,0.0,0.3333333333333333,0.4592039800995025,0.4199081163859112,No,3
1.0,0.0,1.0,1.0,0.6666666666666666,1.0,0.0,0.0,0.0,1.0,1.0,0.0,0.0,0.0,0.5,1.0,0.3333333333333333,0.37363184079601985,0.35222052067381315,No,3
0.0,0.0,0.0,1.0,0.3472222222222222,1.0,0.0,1.0,0.5,0.5,0.5,0.5,0.5,0.5,0.0,0.0,0.3333333333333333,0.01791044776119402,0.6108728943338437,No,0
0.0,0.0,1.0,0.0,0.041666666666666664,1.0,1.0,0.5,0.0,0.0,0.0,0.0,0.0,0.0,0.0,1.0,0.3333333333333333,0.5661691542288557,0.27197549770290963,Yes,0
1.0,0.0,0.0,0.0,0.8055555555555555,1.0,0.0,0.5,1.0,1.0,0.0,0.0,1.0,1.0,0.5,0.0,0.0,0.8049751243781095,0.7234303215926493,No,3
1.0,0.0,0.0,0.0,0.1388888888888889,1.0,0.0,0.0,0.0,0.0,0.0,0.0,0.0,1.0,0.0,1.0,0.0,0.3830845771144279,0.6522205206738132,No,3
1.0,0.0,0.0,0.0,0.013888888888888888,1.0,0.0,0.5,0.0,0.0,0.0,0.0,0.0,0.0,0.0,1.0,0.6666666666666666,0.5109452736318407,0.834303215926493,Yes,3
1.0,0.0,1.0,0.0,0.986111111111111,1.0,1.0,0.5,0.0,1.0,0.0,1.0,1.0,1.0,1.0,1.0,0.3333333333333333,0.854726368159204,0.8727411944869832,No,3
0.0,0.0,1.0,1.0,0.9027777777777777,1.0,1.0,0.5,0.0,1.0,1.0,1.0,1.0,1.0,1.0,1.0,0.3333333333333333,0.9208955223880596,0.8638591117917305,No,0
1.0,0.0,1.0,1.0,0.06944444444444445,1.0,1.0,0.5,0.0,1.0,0.0,0.0,0.0,0.0,0.0,1.0,0.6666666666666666,0.6159203980099502,0.5045941807044411,Yes,3
0.0,0.0,0.0,0.0,0.38888888888888884,0.0,0.5,0.0,0.0,0.0,1.0,1.0,0.0,0.0,0.0,1.0,1.0,0.17412935323383083,0.9908116385911179,No,0
0.0,0.0,1.0,1.0,0.9305555555555555,1.0,1.0,0.0,0.0,0.0,1.0,1.0,0.0,1.0,1.0,1.0,0.0,0.5139303482587065,0.6,No,0
1.0,0.0,0.0,0.0,0.4861111111111111,1.0,0.0,0.5,1.0,0.0,0.0,1.0,0.0,1.0,0.5,1.0,0.6666666666666666,0.7059701492537314,0.4333843797856049,No,3
0.0,0.0,1.0,1.0,1.0,0.0,0.5,0.0,1.0,1.0,1.0,1.0,0.0,1.0,1.0,0.0,0.3333333333333333,0.37213930348258706,0.5084226646248086,No,0
0.0,0.0,1.0,1.0,0.8472222222222222,0.0,0.5,0.0,1.0,1.0,0.0,1.0,0.0,1.0,0.5,1.0,0.0,0.32288557213930347,0.410260336906585,No,0
1.0,1.0,0.0,0.0,0.9444444444444444,1.0,0.0,1.0,0.5,0.5,0.5,0.5,0.5,0.5,1.0,1.0,0.3333333333333333,0.01741293532338306,0.11041347626339969,No,3
0.0,0.0,1.0,1.0,0.013888888888888888,0.0,0.5,0.0,1.0,0.0,0.0,0.0,0.0,0.0,0.0,0.0,0.0,0.12189054726368159,0.39709035222052064,Yes,0
1.0,0.0,0.0,0.0,0.041666666666666664,1.0,0.0,1.0,0.5,0.5,0.5,0.5,0.5,0.5,0.0,1.0,1.0,0.008457711442786064,0.678407350689127,No,3
1.0,0.0,1.0,1.0,0.9722222222222222,1.0,1.0,0.5,0.0,1.0,0.0,0.0,1.0,1.0,1.0,0.0,0.0,0.7965174129353233,0.8294027565084227,Yes,3
0.0,0.0,0.0,1.0,0.6666666666666666,0.0,0.5,0.0,0.0,1.0,1.0,0.0,0.0,1.0,0.0,0.0,0.3333333333333333,0.2716417910447761,0.26615620214395097,No,0
1.0,0.0,1.0,1.0,0.9444444444444444,1.0,1.0,0.5,0.0,1.0,0.0,0.0,1.0,1.0,0.5,1.0,0.3333333333333333,0.8238805970149253,0.82052067381317,No,3
0.0,0.0,0.0,0.0,0.6527777777777778,1.0,0.0,0.5,1.0,0.0,1.0,1.0,1.0,1.0,0.5,1.0,0.6666666666666666,0.8502487562189055,0.6125574272588055,No,0
1.0,0.0,1.0,1.0,0.4444444444444444,0.0,0.5,0.0,0.0,0.0,1.0,1.0,0.0,0.0,0.5,1.0,1.0,0.17910447761194026,0.043950995405819294,No,3
0.0,0.0,1.0,1.0,0.06944444444444445,1.0,0.0,0.0,1.0,0.0,0.0,0.0,0.0,0.0,0.0,1.0,1.0,0.30995024875621885,0.2998468606431853,No,0
1.0,0.0,0.0,0.0,0.6805555555555555,1.0,0.0,1.0,0.5,0.5,0.5,0.5,0.5,0.5,1.0,1.0,0.3333333333333333,0.01641791044776117,0.006891271056661562,No,3
0.0,0.0,0.0,0.0,0.6666666666666666,1.0,1.0,0.5,0.0,1.0,1.0,0.0,1.0,1.0,0.0,1.0,0.0,0.8870646766169153,0.6601837672281776,Yes,0
0.0,1.0,0.0,0.0,0.18055555555555555,1.0,1.0,0.5,0.0,0.0,0.0,0.0,0.0,1.0,0.0,1.0,0.6666666666666666,0.6343283582089552,0.03705972434915773,Yes,0
1.0,0.0,0.0,0.0,0.20833333333333331,1.0,0.0,1.0,0.5,0.5,0.5,0.5,0.5,0.5,0.0,1.0,1.0,0.015422885572139305,0.4111791730474732,No,3
0.0,0.0,0.0,0.0,0.16666666666666666,1.0,0.0,0.0,0.0,0.0,0.0,0.0,0.0,0.0,0.0,1.0,0.6666666666666666,0.2666666666666666,0.6709035222052068,No,0
1.0,1.0,0.0,0.0,0.9305555555555555,1.0,1.0,0.0,1.0,1.0,0.0,1.0,0.0,0.0,1.0,1.0,0.0,0.46069651741293527,0.5549770290964777,No,3
1.0,0.0,0.0,0.0,0.125,1.0,0.0,0.5,0.0,0.0,0.0,1.0,1.0,0.0,0.0,0.0,0.6666666666666666,0.6766169154228856,0.898928024502297,No,3
0.0,0.0,1.0,1.0,0.18055555555555555,1.0,0.0,1.0,0.5,0.5,0.5,0.5,0.5,0.5,1.0,1.0,0.0,0.014925373134328346,0.3232771822358346,No,0
0.0,0.0,0.0,0.0,0.5277777777777778,1.0,0.0,0.5,0.0,0.0,0.0,0.0,1.0,1.0,0.5,1.0,1.0,0.7049751243781094,0.4439509954058193,No,0
0.0,1.0,1.0,0.0,0.5833333333333333,1.0,1.0,0.5,0.0,1.0,1.0,0.0,1.0,0.0,0.0,1.0,0.6666666666666666,0.7691542288557214,0.5151607963246554,No,0
0.0,0.0,1.0,0.0,0.3333333333333333,1.0,1.0,0.5,0.0,0.0,0.0,0.0,0.0,0.0,0.0,1.0,0.3333333333333333,0.5686567164179105,0.19418070444104135,Yes,0
0.0,1.0,1.0,0.0,0.375,1.0,0.0,0.5,1.0,0.0,1.0,0.0,1.0,1.0,0.0,1.0,0.6666666666666666,0.8258706467661691,0.3666156202143951,Yes,0
1.0,0.0,1.0,1.0,0.125,1.0,1.0,0.5,0.0,1.0,1.0,0.0,1.0,1.0,0.0,1.0,0.3333333333333333,0.8393034825870646,0.9673813169984686,No,3
0.0,0.0,1.0,0.0,0.6805555555555555,0.0,0.5,0.0,0.0,1.0,0.0,1.0,1.0,1.0,0.5,1.0,0.3333333333333333,0.3786069651741293,0.36906584992343033,No,0
0.0,1.0,1.0,0.0,0.8472222222222222,1.0,1.0,0.5,1.0,1.0,1.0,1.0,0.0,0.0,0.0,1.0,0.3333333333333333,0.7557213930348259,0.7407350689127106,No,0
1.0,0.0,0.0,1.0,0.6944444444444444,0.0,0.5,0.0,1.0,1.0,0.0,0.0,1.0,0.0,0.5,1.0,0.0,0.24676616915422883,0.28147013782542113,No,3
1.0,1.0,0.0,0.0,0.3472222222222222,1.0,1.0,0.5,0.0,1.0,0.0,0.0,1.0,0.0,0.0,1.0,0.6666666666666666,0.708955223880597,0.2781010719754977,Yes,3
0.0,1.0,0.0,0.0,0.3055555555555555,1.0,1.0,0.5,0.0,0.0,0.0,0.0,0.0,0.0,0.0,1.0,0.0,0.5587064676616916,0.18254211332312403,Yes,0
1.0,0.0,0.0,0.0,0.013888888888888888,1.0,0.0,1.0,0.5,0.5,0.5,0.5,0.5,0.5,0.0,0.0,1.0,0.02238805970149252,0.24747320061255743,Yes,3
1.0,0.0,0.0,0.0,0.05555555555555555,1.0,1.0,0.5,0.0,0.0,0.0,0.0,0.0,0.0,0.0,1.0,0.6666666666666666,0.5582089552238805,0.35145482388973964,Yes,3
0.0,1.0,1.0,0.0,0.25,1.0,1.0,0.5,0.0,0.0,0.0,1.0,1.0,1.0,0.0,0.0,0.0,0.8109452736318408,0.2127105666156202,Yes,0
0.0,1.0,0.0,0.0,0.7777777777777777,1.0,1.0,0.5,0.0,1.0,1.0,1.0,1.0,1.0,0.5,1.0,0.6666666666666666,0.9323383084577114,0.7915773353751914,Yes,0
0.0,1.0,1.0,0.0,0.736111111111111,1.0,0.0,0.5,0.0,1.0,1.0,1.0,1.0,0.0,0.5,1.0,0.6666666666666666,0.753731343283582,0.6303215926493109,No,0
0.0,0.0,1.0,0.0,0.7083333333333333,1.0,1.0,0.5,0.0,0.0,1.0,0.0,1.0,1.0,0.5,1.0,0.6666666666666666,0.8019900497512437,0.6419601837672282,No,0
0.0,0.0,1.0,1.0,0.3333333333333333,1.0,1.0,0.0,1.0,1.0,1.0,0.0,0.0,0.0,1.0,0.0,0.6666666666666666,0.45870646766169143,0.15283307810107197,No,0
0.0,0.0,1.0,0.0,0.861111111111111,1.0,0.0,0.0,1.0,1.0,1.0,0.0,1.0,0.0,1.0,1.0,0.3333333333333333,0.5348258706467661,0.5580398162327718,No,0
1.0,0.0,0.0,0.0,0.3333333333333333,1.0,0.0,0.0,0.0,1.0,0.0,0.0,0.0,0.0,0.0,1.0,1.0,0.3129353233830846,0.061102603369065846,No,3
0.0,0.0,1.0,1.0,0.9722222222222222,1.0,1.0,0.0,1.0,1.0,1.0,1.0,1.0,0.0,1.0,0.0,0.6666666666666666,0.6213930348258706,0.7124042879019908,No,0
1.0,0.0,0.0,1.0,0.013888888888888888,0.0,0.5,0.0,0.0,0.0,0.0,0.0,0.0,0.0,0.0,0.0,1.0,0.05920398009950248,0.3119448698315467,No,3
1.0,1.0,0.0,0.0,0.2222222222222222,0.0,0.5,0.0,0.0,1.0,0.0,0.0,1.0,0.0,0.0,1.0,1.0,0.2064676616915423,0.8228177641653904,Yes,3
0.0,0.0,0.0,0.0,0.1111111111111111,1.0,0.0,0.0,0.0,1.0,0.0,1.0,1.0,0.0,0.0,1.0,0.6666666666666666,0.4696517412935324,0.7042879019908116,No,0
0.0,0.0,1.0,1.0,1.0,1.0,0.0,0.0,1.0,1.0,1.0,1.0,0.0,1.0,1.0,1.0,0.6666666666666666,0.5582089552238805,0.6722817764165391,No,0
0.0,0.0,0.0,0.0,0.3194444444444444,1.0,0.0,0.5,0.0,1.0,1.0,1.0,0.0,0.0,0.0,0.0,0.0,0.6462686567164179,0.2551301684532925,No,0
1.0,0.0,0.0,1.0,0.4305555555555555,0.0,0.5,0.0,0.0,0.0,0.0,0.0,0.0,0.0,0.0,0.0,0.3333333333333333,0.06716417910447761,0.9122511485451761,No,3
1.0,0.0,1.0,1.0,0.5138888888888888,0.0,0.5,0.0,1.0,0.0,1.0,1.0,0.0,0.0,0.5,1.0,0.6666666666666666,0.218407960199005,0.1453292496171516,No,3
0.0,0.0,1.0,0.0,0.41666666666666663,1.0,1.0,0.5,0.0,1.0,0.0,1.0,1.0,0.0,0.0,1.0,0.3333333333333333,0.7547263681592039,0.37243491577335375,Yes,0
0.0,1.0,0.0,0.0,0.4861111111111111,1.0,1.0,0.5,1.0,1.0,1.0,0.0,1.0,1.0,0.5,1.0,0.6666666666666666,0.8965174129353234,0.4914241960183767,No,0
0.0,0.0,1.0,1.0,0.3194444444444444,1.0,1.0,0.0,0.0,1.0,0.0,1.0,1.0,0.0,0.0,1.0,0.3333333333333333,0.5099502487562189,0.17335375191424196,No,0
0.0,0.0,1.0,1.0,0.2777777777777778,1.0,1.0,0.0,1.0,0.0,0.0,0.0,1.0,1.0,0.5,0.0,0.0,0.5746268656716418,0.15941807044410414,No,0
1.0,0.0,1.0,0.0,0.5,1.0,0.0,0.5,1.0,0.0,0.0,0.0,1.0,1.0,0.0,1.0,0.6666666666666666,0.7497512437810945,0.4474732006125574,No,3
0.0,0.0,0.0,0.0,0.1111111111111111,1.0,1.0,0.5,0.0,0.0,0.0,0.0,1.0,1.0,0.0,0.0,0.0,0.7701492537313434,0.9036753445635528,Yes,0
1.0,0.0,1.0,1.0,0.986111111111111,1.0,1.0,0.5,0.0,1.0,0.0,0.0,1.0,1.0,0.5,0.0,0.0,0.8189054726368158,0.8549770290964778,No,3
0.0,1.0,1.0,0.0,0.6944444444444444,1.0,1.0,0.5,0.0,1.0,0.0,0.0,1.0,0.0,0.0,1.0,0.6666666666666666,0.6945273631840796,0.5678407350689126,Yes,0
0.0,0.0,1.0,1.0,0.5972222222222222,1.0,1.0,1.0,0.5,0.5,0.5,0.5,0.5,0.5,0.5,1.0,0.0,0.061691542288557194,0.9981623277182236,No,0
1.0,0.0,0.0,1.0,0.7916666666666666,1.0,1.0,0.0,1.0,1.0,1.0,1.0,1.0,1.0,1.0,0.0,1.0,0.7094527363184079,0.6500765696784073,No,3
0.0,0.0,1.0,1.0,0.5694444444444444,1.0,0.0,0.0,0.0,1.0,0.0,1.0,0.0,1.0,0.5,1.0,0.0,0.48009950248756217,0.3632465543644717,Yes,0
0.0,0.0,1.0,0.0,0.375,1.0,0.0,0.5,0.0,1.0,0.0,0.0,0.0,0.0,0.0,1.0,0.6666666666666666,0.5756218905472636,0.2637059724349158,No,0
0.0,0.0,0.0,0.0,0.18055555555555555,1.0,0.0,0.5,0.0,0.0,0.0,0.0,0.0,1.0,0.0,1.0,0.6666666666666666,0.6194029850746269,0.004134762633996937,No,0
1.0,0.0,0.0,0.0,0.041666666666666664,0.0,0.5,0.0,1.0,1.0,0.0,0.0,0.0,0.0,0.0,1.0,1.0,0.17114427860696518,0.01807044410413476,Yes,3
0.0,0.0,0.0,0.0,0.9305555555555555,1.0,0.0,1.0,0.5,0.5,0.5,0.5,0.5,0.5,0.5,0.0,0.6666666666666666,0.02288557213930348,0.09571209800918835,No,0
1.0,0.0,0.0,0.0,0.041666666666666664,1.0,0.0,0.0,0.0,1.0,0.0,0.0,0.0,0.0,0.0,1.0,1.0,0.31492537313432833,0.08361408882082695,Yes,3
0.0,0.0,1.0,0.0,0.8888888888888888,1.0,1.0,0.5,0.0,1.0,0.0,1.0,1.0,1.0,1.0,1.0,0.0,0.8671641791044776,0.8231240428790199,No,0
1.0,0.0,0.0,0.0,0.3611111111111111,0.0,0.5,0.0,0.0,0.0,1.0,1.0,0.0,0.0,0.0,0.0,0.6666666666666666,0.17412935323383083,0.006738131699846861,No,3
1.0,0.0,0.0,0.0,0.5277777777777778,1.0,1.0,0.5,0.0,1.0,1.0,0.0,0.0,1.0,0.0,1.0,0.3333333333333333,0.7646766169154228,0.4877488514548239,No,3
1.0,0.0,1.0,0.0,0.3194444444444444,1.0,0.0,1.0,0.5,0.5,0.5,0.5,0.5,0.5,0.5,0.0,0.3333333333333333,0.010447761194029848,0.6280245022970903,No,3
1.0,0.0,0.0,0.0,0.5555555555555556,1.0,1.0,0.5,0.0,1.0,1.0,0.0,1.0,1.0,0.0,1.0,0.3333333333333333,0.8582089552238806,0.5283307810107197,Yes,3
1.0,1.0,1.0,0.0,1.0,0.0,0.5,0.0,1.0,1.0,1.0,1.0,1.0,1.0,1.0,1.0,0.0,0.4462686567164179,0.6070444104134762,No,3
0.0,1.0,0.0,0.0,0.041666666666666664,1.0,1.0,0.5,0.0,0.0,0.0,0.0,0.0,0.0,0.0,1.0,0.3333333333333333,0.5651741293532337,0.3392036753445635,Yes,0
1.0,0.0,0.0,0.0,0.3194444444444444,1.0,1.0,0.5,0.0,0.0,1.0,0.0,0.0,0.0,0.0,1.0,0.6666666666666666,0.6243781094527363,0.2327718223583461,Yes,3
0.0,1.0,1.0,0.0,0.013888888888888888,1.0,1.0,0.5,0.0,0.0,0.0,0.0,0.0,0.0,0.0,1.0,0.6666666666666666,0.5592039800995025,0.8759571209800918,Yes,0
0.0,0.0,0.0,0.0,0.05555555555555555,1.0,0.0,0.0,1.0,1.0,0.0,1.0,0.0,0.0,0.0,1.0,1.0,0.4194029850746268,0.3614088820826952,Yes,0
0.0,0.0,1.0,0.0,0.861111111111111,1.0,1.0,0.0,1.0,1.0,0.0,1.0,1.0,1.0,1.0,1.0,0.6666666666666666,0.663681592039801,0.663093415007657,No,0
0.0,0.0,0.0,0.0,0.5555555555555556,1.0,1.0,0.5,0.0,1.0,1.0,0.0,1.0,0.0,0.0,1.0,0.0,0.7477611940298508,0.4940275650842266,No,0
1.0,0.0,0.0,0.0,0.5694444444444444,1.0,1.0,0.5,0.0,1.0,0.0,0.0,1.0,0.0,0.0,1.0,0.6666666666666666,0.7059701492537314,0.48223583460949465,No,3
1.0,1.0,1.0,0.0,0.4722222222222222,1.0,0.0,0.5,0.0,0.0,1.0,0.0,1.0,0.0,0.0,1.0,0.3333333333333333,0.6661691542288557,0.3799387442572741,No,3
0.0,0.0,0.0,0.0,0.013888888888888888,1.0,0.0,0.0,0.0,1.0,0.0,0.0,0.0,0.0,0.0,0.0,0.6666666666666666,0.3154228855721393,0.6352220520673812,No,0
0.0,0.0,0.0,0.0,0.7083333333333333,1.0,0.0,1.0,0.5,0.5,0.5,0.5,0.5,0.5,1.0,0.0,0.0,0.023880597014925342,0.0061255742725880545,No,0
1.0,0.0,1.0,1.0,0.013888888888888888,1.0,0.0,0.5,0.0,0.0,0.0,0.0,0.0,0.0,0.0,1.0,1.0,0.5213930348258707,0.8444104134762633,Yes,3
0.0,0.0,0.0,0.0,0.5416666666666666,1.0,0.0,1.0,0.5,0.5,0.5,0.5,0.5,0.5,1.0,0.0,1.0,0.018905472636815884,0.9366003062787136,No,0
1.0,0.0,1.0,1.0,0.16666666666666666,1.0,0.0,1.0,0.5,0.5,0.5,0.5,0.5,0.5,0.0,1.0,0.6666666666666666,0.009452736318407956,0.3099540581929556,No,3
1.0,0.0,0.0,0.0,0.16666666666666666,1.0,0.0,0.0,0.0,0.0,0.0,1.0,1.0,0.0,0.5,1.0,0.6666666666666666,0.4134328358208955,0.8653905053598775,Yes,3
1.0,0.0,0.0,0.0,1.0,1.0,1.0,0.5,0.0,1.0,1.0,0.0,1.0,1.0,0.5,1.0,0.6666666666666666,0.8626865671641791,0.8875957120980091,No,3
0.0,1.0,1.0,0.0,0.875,1.0,1.0,0.5,0.0,1.0,1.0,0.0,1.0,1.0,0.0,1.0,0.6666666666666666,0.8482587064676618,0.7963246554364471,No,0
1.0,0.0,1.0,0.0,0.611111111111111,1.0,1.0,0.5,1.0,0.0,1.0,0.0,0.0,0.0,0.0,1.0,0.3333333333333333,0.6621890547263681,0.48009188361408883,No,3
0.0,0.0,0.0,0.0,0.25,1.0,1.0,0.5,0.0,0.0,1.0,1.0,0.0,1.0,0.0,1.0,0.0,0.7641791044776118,0.1785604900459418,No,0
0.0,0.0,0.0,0.0,0.125,1.0,0.0,0.0,0.0,0.0,0.0,0.0,0.0,0.0,0.0,1.0,0.0,0.2582089552238806,0.5280245022970903,Yes,0
1.0,0.0,0.0,0.0,0.18055555555555555,1.0,0.0,0.0,0.0,1.0,0.0,1.0,1.0,1.0,0.0,0.0,1.0,0.5482587064676616,0.9802450229709035,No,3
0.0,0.0,1.0,0.0,0.9444444444444444,1.0,0.0,0.0,0.0,1.0,0.0,1.0,1.0,0.0,1.0,0.0,0.0,0.45621890547263677,0.563552833078101,No,0
0.0,1.0,0.0,0.0,0.08333333333333333,0.0,0.5,0.0,0.0,0.0,0.0,0.0,1.0,1.0,0.0,1.0,0.6666666666666666,0.2601990049751243,0.34885145482388974,No,0
0.0,0.0,0.0,0.0,0.027777777777777776,1.0,0.0,1.0,0.5,0.5,0.5,0.5,0.5,0.5,0.0,1.0,1.0,0.01791044776119402,0.5111791730474732,No,0
1.0,1.0,1.0,0.0,0.7638888888888888,1.0,1.0,0.0,1.0,1.0,0.0,0.0,0.0,0.0,0.5,0.0,0.3333333333333333,0.41542288557213924,0.44104134762633995,No,3
1.0,1.0,0.0,0.0,0.013888888888888888,1.0,1.0,0.5,0.0,0.0,0.0,0.0,0.0,0.0,0.0,1.0,0.6666666666666666,0.572139303482587,0.8845329249617151,Yes,3
1.0,0.0,0.0,0.0,0.5277777777777778,1.0,0.0,0.5,0.0,0.0,0.0,0.0,0.0,0.0,0.0,1.0,0.3333333333333333,0.5099502487562189,0.3479326186830015,No,3
0.0,0.0,0.0,0.0,0.9305555555555555,1.0,1.0,0.5,1.0,1.0,1.0,0.0,1.0,0.0,0.0,1.0,0.3333333333333333,0.8427860696517412,0.8316998468606431,Yes,0
1.0,0.0,0.0,0.0,0.2638888888888889,1.0,0.0,0.5,0.0,0.0,0.0,0.0,1.0,0.0,0.0,1.0,0.0,0.6014925373134329,0.1366003062787136,No,3
0.0,0.0,0.0,0.0,0.16666666666666666,0.0,0.5,0.0,0.0,1.0,1.0,1.0,1.0,1.0,0.5,0.0,0.6666666666666666,0.4218905472636816,0.8791730474732006,No,0
0.0,0.0,0.0,0.0,1.0,1.0,0.0,1.0,0.5,0.5,0.5,0.5,0.5,0.5,1.0,1.0,0.0,0.0288557213930348,0.11791730474732005,No,0
1.0,0.0,1.0,1.0,0.3333333333333333,1.0,1.0,0.0,1.0,0.0,1.0,1.0,1.0,1.0,0.5,1.0,1.0,0.6621890547263681,0.2445635528330781,No,3
0.0,0.0,1.0,1.0,1.0,1.0,1.0,0.5,0.0,1.0,1.0,0.0,1.0,1.0,0.5,1.0,0.3333333333333333,0.845273631840796,0.8725880551301685,No,0
0.0,0.0,1.0,1.0,0.15277777777777776,0.0,0.5,0.0,1.0,0.0,0.0,0.0,0.0,0.0,0.0,1.0,0.6666666666666666,0.1129353233830846,0.45849923430321593,No,0
1.0,1.0,1.0,0.0,0.05555555555555555,1.0,1.0,0.5,0.0,0.0,0.0,0.0,0.0,0.0,0.0,1.0,1.0,0.5587064676616916,0.40735068912710565,Yes,3
1.0,0.0,0.0,0.0,0.9166666666666666,1.0,0.0,0.5,1.0,0.0,1.0,1.0,1.0,1.0,1.0,1.0,0.0,0.8696517412935324,0.8280245022970903,No,3
